-- MySQL dump 10.13  Distrib 8.0.26, for Linux (x86_64)
--
-- Host: localhost    Database: devurlco_zepomart
-- ------------------------------------------------------
-- Server version	8.0.26-0ubuntu0.20.04.2

/*!40101 SET @OLD_CHARACTER_SET_CLIENT=@@CHARACTER_SET_CLIENT */;
/*!40101 SET @OLD_CHARACTER_SET_RESULTS=@@CHARACTER_SET_RESULTS */;
/*!40101 SET @OLD_COLLATION_CONNECTION=@@COLLATION_CONNECTION */;
/*!50503 SET NAMES utf8mb4 */;
/*!40103 SET @OLD_TIME_ZONE=@@TIME_ZONE */;
/*!40103 SET TIME_ZONE='+00:00' */;
/*!40014 SET @OLD_UNIQUE_CHECKS=@@UNIQUE_CHECKS, UNIQUE_CHECKS=0 */;
/*!40014 SET @OLD_FOREIGN_KEY_CHECKS=@@FOREIGN_KEY_CHECKS, FOREIGN_KEY_CHECKS=0 */;
/*!40101 SET @OLD_SQL_MODE=@@SQL_MODE, SQL_MODE='NO_AUTO_VALUE_ON_ZERO' */;
/*!40111 SET @OLD_SQL_NOTES=@@SQL_NOTES, SQL_NOTES=0 */;

--
-- Table structure for table `addresses`
--

DROP TABLE IF EXISTS `addresses`;
/*!40101 SET @saved_cs_client     = @@character_set_client */;
/*!50503 SET character_set_client = utf8mb4 */;
CREATE TABLE `addresses` (
  `id` int unsigned NOT NULL AUTO_INCREMENT,
  `address_type` varchar(191) CHARACTER SET utf8mb4 COLLATE utf8mb4_unicode_ci NOT NULL,
  `customer_id` int unsigned DEFAULT NULL COMMENT 'null if guest checkout',
  `cart_id` int unsigned DEFAULT NULL COMMENT 'only for cart_addresses',
  `order_id` int unsigned DEFAULT NULL COMMENT 'only for order_addresses',
  `first_name` varchar(191) CHARACTER SET utf8mb4 COLLATE utf8mb4_unicode_ci NOT NULL,
  `last_name` varchar(191) CHARACTER SET utf8mb4 COLLATE utf8mb4_unicode_ci NOT NULL,
  `gst_number` varchar(191) CHARACTER SET utf8mb4 COLLATE utf8mb4_unicode_ci DEFAULT NULL,
  `gender` varchar(191) CHARACTER SET utf8mb4 COLLATE utf8mb4_unicode_ci DEFAULT NULL,
  `company_name` varchar(191) CHARACTER SET utf8mb4 COLLATE utf8mb4_unicode_ci DEFAULT NULL,
  `address1` varchar(191) CHARACTER SET utf8mb4 COLLATE utf8mb4_unicode_ci NOT NULL,
  `address2` varchar(191) CHARACTER SET utf8mb4 COLLATE utf8mb4_unicode_ci DEFAULT NULL,
  `postcode` varchar(191) CHARACTER SET utf8mb4 COLLATE utf8mb4_unicode_ci NOT NULL,
  `city` varchar(191) CHARACTER SET utf8mb4 COLLATE utf8mb4_unicode_ci NOT NULL,
  `state` varchar(191) CHARACTER SET utf8mb4 COLLATE utf8mb4_unicode_ci NOT NULL,
  `country` varchar(191) CHARACTER SET utf8mb4 COLLATE utf8mb4_unicode_ci NOT NULL,
  `email` varchar(191) CHARACTER SET utf8mb4 COLLATE utf8mb4_unicode_ci DEFAULT NULL,
  `phone` varchar(191) CHARACTER SET utf8mb4 COLLATE utf8mb4_unicode_ci DEFAULT NULL,
  `vat_id` varchar(191) CHARACTER SET utf8mb4 COLLATE utf8mb4_unicode_ci DEFAULT NULL,
  `default_address` tinyint(1) NOT NULL DEFAULT '0' COMMENT 'only for customer_addresses',
  `additional` longtext CHARACTER SET utf8mb4 COLLATE utf8mb4_bin,
  `created_at` timestamp NULL DEFAULT NULL,
  `updated_at` timestamp NULL DEFAULT NULL,
  PRIMARY KEY (`id`),
  KEY `addresses_customer_id_foreign` (`customer_id`),
  KEY `addresses_cart_id_foreign` (`cart_id`),
  KEY `addresses_order_id_foreign` (`order_id`),
  CONSTRAINT `addresses_cart_id_foreign` FOREIGN KEY (`cart_id`) REFERENCES `cart` (`id`) ON DELETE CASCADE,
  CONSTRAINT `addresses_customer_id_foreign` FOREIGN KEY (`customer_id`) REFERENCES `customers` (`id`) ON DELETE CASCADE,
  CONSTRAINT `addresses_order_id_foreign` FOREIGN KEY (`order_id`) REFERENCES `orders` (`id`) ON DELETE CASCADE
) ENGINE=InnoDB AUTO_INCREMENT=32 DEFAULT CHARSET=utf8mb4 COLLATE=utf8mb4_unicode_ci ROW_FORMAT=DYNAMIC;
/*!40101 SET character_set_client = @saved_cs_client */;

--
-- Dumping data for table `addresses`
--

LOCK TABLES `addresses` WRITE;
/*!40000 ALTER TABLE `addresses` DISABLE KEYS */;
INSERT INTO `addresses` VALUES (16,'cart_billing',NULL,18,NULL,'Ravindra','Radadiya',NULL,NULL,'Z Plus Disposable Private Limited ','Plot No.5,Road No.145,Kathwada GIDC,Kathwada',NULL,'396125','Ahmedabad','GJ','IN','zplusdisposable@gmail.com','08000673733',NULL,0,NULL,'2021-08-25 20:28:11','2021-08-25 20:28:11'),(17,'cart_shipping',NULL,18,NULL,'Ravindra','Radadiya',NULL,NULL,'Z Plus Disposable Private Limited ','Plot No.5,Road No.145,Kathwada GIDC,Kathwada',NULL,'396125','Ahmedabad','GJ','IN','zplusdisposable@gmail.com','08000673733',NULL,0,NULL,'2021-08-25 20:28:11','2021-08-25 20:28:11'),(18,'cart_billing',NULL,26,NULL,'Ravindra','Radadiya',NULL,NULL,'Z Plus Disposable Private Limited ','Plot No.5,Road No.145,Kathwada GIDC,Kathwada',NULL,'382430','Ahmedabad','GJ','IN','zplusdisposable@gmail.com','08000673733',NULL,0,NULL,'2021-08-27 12:59:04','2021-08-27 12:59:04'),(19,'cart_shipping',NULL,26,NULL,'Ravindra','Radadiya',NULL,NULL,'Z Plus Disposable Private Limited ','Plot No.5,Road No.145,Kathwada GIDC,Kathwada',NULL,'382430','Ahmedabad','GJ','IN','zplusdisposable@gmail.com','08000673733',NULL,0,NULL,'2021-08-27 12:59:04','2021-08-27 12:59:04'),(20,'order_shipping',NULL,NULL,1,'Ravindra','Radadiya',NULL,NULL,'Z Plus Disposable Private Limited ','Plot No.5,Road No.145,Kathwada GIDC,Kathwada',NULL,'382430','Ahmedabad','GJ','IN','zplusdisposable@gmail.com','08000673733',NULL,0,NULL,'2021-08-27 12:59:36','2021-08-27 12:59:36'),(21,'order_billing',NULL,NULL,1,'Ravindra','Radadiya',NULL,NULL,'Z Plus Disposable Private Limited ','Plot No.5,Road No.145,Kathwada GIDC,Kathwada',NULL,'382430','Ahmedabad','GJ','IN','zplusdisposable@gmail.com','08000673733',NULL,0,NULL,'2021-08-27 12:59:36','2021-08-27 12:59:36'),(30,'cart_billing',2,20,NULL,'keyur','patel','98989898989',NULL,'fghghg','rtrtrtrtrtrt',NULL,'396125','hhjhjh','GJ','IN','kpatel4707@gmail.com','98989898',NULL,0,NULL,'2021-08-27 15:01:16','2021-08-27 15:01:16'),(31,'cart_shipping',2,20,NULL,'keyur','patel','98989898989',NULL,'fghghg','rtrtrtrtrtrt',NULL,'396125','hhjhjh','GJ','IN','kpatel4707@gmail.com','98989898',NULL,0,NULL,'2021-08-27 15:01:16','2021-08-27 15:01:16');
/*!40000 ALTER TABLE `addresses` ENABLE KEYS */;
UNLOCK TABLES;

--
-- Table structure for table `admin_password_resets`
--

DROP TABLE IF EXISTS `admin_password_resets`;
/*!40101 SET @saved_cs_client     = @@character_set_client */;
/*!50503 SET character_set_client = utf8mb4 */;
CREATE TABLE `admin_password_resets` (
  `email` varchar(191) CHARACTER SET utf8mb4 COLLATE utf8mb4_unicode_ci NOT NULL,
  `token` varchar(191) CHARACTER SET utf8mb4 COLLATE utf8mb4_unicode_ci NOT NULL,
  `created_at` timestamp NULL DEFAULT NULL,
  KEY `admin_password_resets_email_index` (`email`)
) ENGINE=InnoDB DEFAULT CHARSET=utf8mb4 COLLATE=utf8mb4_unicode_ci ROW_FORMAT=DYNAMIC;
/*!40101 SET character_set_client = @saved_cs_client */;

--
-- Dumping data for table `admin_password_resets`
--

LOCK TABLES `admin_password_resets` WRITE;
/*!40000 ALTER TABLE `admin_password_resets` DISABLE KEYS */;
/*!40000 ALTER TABLE `admin_password_resets` ENABLE KEYS */;
UNLOCK TABLES;

--
-- Table structure for table `admins`
--

DROP TABLE IF EXISTS `admins`;
/*!40101 SET @saved_cs_client     = @@character_set_client */;
/*!50503 SET character_set_client = utf8mb4 */;
CREATE TABLE `admins` (
  `id` int unsigned NOT NULL AUTO_INCREMENT,
  `name` varchar(191) CHARACTER SET utf8mb4 COLLATE utf8mb4_unicode_ci NOT NULL,
  `email` varchar(191) CHARACTER SET utf8mb4 COLLATE utf8mb4_unicode_ci NOT NULL,
  `password` varchar(191) CHARACTER SET utf8mb4 COLLATE utf8mb4_unicode_ci DEFAULT NULL,
  `api_token` varchar(80) CHARACTER SET utf8mb4 COLLATE utf8mb4_unicode_ci DEFAULT NULL,
  `status` tinyint(1) NOT NULL DEFAULT '0',
  `role_id` int unsigned NOT NULL,
  `remember_token` varchar(100) CHARACTER SET utf8mb4 COLLATE utf8mb4_unicode_ci DEFAULT NULL,
  `created_at` timestamp NULL DEFAULT NULL,
  `updated_at` timestamp NULL DEFAULT NULL,
  PRIMARY KEY (`id`),
  UNIQUE KEY `admins_email_unique` (`email`),
  UNIQUE KEY `admins_api_token_unique` (`api_token`)
) ENGINE=InnoDB AUTO_INCREMENT=9 DEFAULT CHARSET=utf8mb4 COLLATE=utf8mb4_unicode_ci ROW_FORMAT=DYNAMIC;
/*!40101 SET character_set_client = @saved_cs_client */;

--
-- Dumping data for table `admins`
--

LOCK TABLES `admins` WRITE;
/*!40000 ALTER TABLE `admins` DISABLE KEYS */;
INSERT INTO `admins` VALUES (1,'ZEPOMART','admin@zepomart.com','$2y$10$1xSSnvRp0QK9en8AYeYgjuH5aq4flu7bAiyPydCvofCtZdk0VsnJm','OAOe4N25dArJjy8uYa6QPEHspkE4sTUhNPZPTCX22dmfFxmcTEwE77v1AroAadG0hfXvl0asxg7bm6B8',1,1,NULL,'2021-01-06 05:57:04','2021-08-10 14:10:45'),(6,'Mediclue ','mediclue@zepomart.com','$2y$10$Dwiri94v7WhpOgzxuXc6b.5sMqHI5RL62y10UQduVAa0xuVRXl9P6','okMTa0FKvc0IisuhMue1E9OaxaojTTdIuu1DqW8M5YmWczrITvHlcXYzVucPOnflCFpXsiqYpY3DRVdD',1,2,NULL,'2021-07-05 10:46:59','2021-07-05 10:46:59'),(7,'Cortex Products Solution Private Limited ','cortex@zepomart.com','$2y$10$W.konZylyys7Jbm.Fhai5OxS1Ml18IS7r8sQC0duY74ziSt2qo3bG','3j7sxJwhdaeKMzemFApL3DvITPmY4TvBW0lHh6EJpPbMY0XrrfW7C0bvNKRKGLh4GcrkVrUGXILG4Mu7',1,2,NULL,'2021-07-05 10:59:46','2021-07-05 10:59:46'),(8,'Z Plus Disposable Private Limited ','sales@zplusdisposable.com','$2y$10$QjpramYtMKLm/oosgShpheiy0T8dneA4Yf1wy4Cin8EUGaXEje59C','nlxGe41mSG3aKtbnstiN9WIC7fpJ17vE8CiUCBdbH5tlwXsV6OvA2PV3VseIWpit3M5Xo3KpjZDc9BEG',1,2,NULL,'2021-08-11 20:14:42','2021-08-14 11:18:39');
/*!40000 ALTER TABLE `admins` ENABLE KEYS */;
UNLOCK TABLES;

--
-- Table structure for table `attribute_families`
--

DROP TABLE IF EXISTS `attribute_families`;
/*!40101 SET @saved_cs_client     = @@character_set_client */;
/*!50503 SET character_set_client = utf8mb4 */;
CREATE TABLE `attribute_families` (
  `id` int unsigned NOT NULL AUTO_INCREMENT,
  `code` varchar(191) CHARACTER SET utf8mb4 COLLATE utf8mb4_unicode_ci NOT NULL,
  `name` varchar(191) CHARACTER SET utf8mb4 COLLATE utf8mb4_unicode_ci NOT NULL,
  `status` tinyint(1) NOT NULL DEFAULT '0',
  `is_user_defined` tinyint(1) NOT NULL DEFAULT '1',
  PRIMARY KEY (`id`)
) ENGINE=InnoDB AUTO_INCREMENT=16 DEFAULT CHARSET=utf8mb4 COLLATE=utf8mb4_unicode_ci ROW_FORMAT=DYNAMIC;
/*!40101 SET character_set_client = @saved_cs_client */;

--
-- Dumping data for table `attribute_families`
--

LOCK TABLES `attribute_families` WRITE;
/*!40000 ALTER TABLE `attribute_families` DISABLE KEYS */;
INSERT INTO `attribute_families` VALUES (1,'default','Default',0,1),(2,'TestFamily','Test Family',0,1),(3,'surgicalmask','3ply-mask',0,1),(4,'N95Mask','N95 Mask',0,1),(5,'disposiablecap','disposiable cap',0,1),(6,'MedDolo','Dolo 650',0,1),(7,'Container','Container',0,1),(8,'body_braces','Body Braces',0,1),(9,'cervicalaids','Cervical Aids',0,1),(10,'Fracture_Aids','Fracture Aids',0,1),(11,'Knee_and_ankle_suppot','KNEE AND ANKLE SUPPORT',0,1),(12,'wrist_and_forarm_products','Wrist & Forarm Products',0,1),(13,'silicone_range','Silicone Range',0,1),(14,'homehealthcare','Home Health Care',0,1),(15,'shoecover','Shoe Cover ',0,1);
/*!40000 ALTER TABLE `attribute_families` ENABLE KEYS */;
UNLOCK TABLES;

--
-- Table structure for table `attribute_group_mappings`
--

DROP TABLE IF EXISTS `attribute_group_mappings`;
/*!40101 SET @saved_cs_client     = @@character_set_client */;
/*!50503 SET character_set_client = utf8mb4 */;
CREATE TABLE `attribute_group_mappings` (
  `attribute_id` int unsigned NOT NULL,
  `attribute_group_id` int unsigned NOT NULL,
  `position` int DEFAULT NULL,
  PRIMARY KEY (`attribute_id`,`attribute_group_id`),
  KEY `attribute_group_mappings_attribute_group_id_foreign` (`attribute_group_id`),
  CONSTRAINT `attribute_group_mappings_attribute_group_id_foreign` FOREIGN KEY (`attribute_group_id`) REFERENCES `attribute_groups` (`id`) ON DELETE CASCADE,
  CONSTRAINT `attribute_group_mappings_attribute_id_foreign` FOREIGN KEY (`attribute_id`) REFERENCES `attributes` (`id`) ON DELETE CASCADE
) ENGINE=InnoDB DEFAULT CHARSET=utf8mb4 COLLATE=utf8mb4_unicode_ci ROW_FORMAT=DYNAMIC;
/*!40101 SET character_set_client = @saved_cs_client */;

--
-- Dumping data for table `attribute_group_mappings`
--

LOCK TABLES `attribute_group_mappings` WRITE;
/*!40000 ALTER TABLE `attribute_group_mappings` DISABLE KEYS */;
INSERT INTO `attribute_group_mappings` VALUES (1,1,1),(1,6,1),(1,12,1),(1,17,1),(1,22,1),(1,28,1),(1,33,1),(1,38,1),(1,43,1),(1,48,1),(1,53,1),(1,58,1),(1,63,1),(1,68,1),(1,73,1),(2,1,2),(2,6,2),(2,12,2),(2,17,2),(2,22,2),(2,28,2),(2,33,2),(2,38,2),(2,43,2),(2,48,2),(2,53,2),(2,58,2),(2,63,2),(2,68,2),(2,73,2),(3,1,3),(3,6,3),(3,12,3),(3,17,3),(3,22,3),(3,28,3),(3,33,3),(3,38,3),(3,43,3),(3,48,3),(3,53,3),(3,58,3),(3,63,3),(3,68,3),(3,73,3),(4,1,4),(4,6,4),(4,12,4),(4,17,4),(4,22,4),(4,28,4),(4,33,4),(4,38,4),(4,43,4),(4,48,4),(4,53,4),(4,58,4),(4,63,4),(4,68,4),(4,73,4),(5,1,5),(5,6,5),(5,12,5),(5,17,5),(5,22,5),(5,28,5),(5,33,5),(5,38,5),(5,43,5),(5,48,5),(5,53,5),(5,58,5),(5,63,5),(5,68,5),(5,73,5),(6,1,6),(6,6,6),(6,12,6),(6,17,6),(6,22,6),(6,28,6),(6,33,6),(6,38,6),(6,43,6),(6,48,6),(6,53,6),(6,58,6),(6,63,6),(6,68,6),(6,73,6),(7,1,7),(7,6,7),(7,12,7),(7,17,7),(7,22,7),(7,28,7),(7,33,7),(7,38,7),(7,43,7),(7,48,7),(7,53,7),(7,58,7),(7,63,7),(7,68,7),(7,73,7),(8,1,8),(8,6,8),(8,12,8),(8,17,8),(8,22,8),(8,28,8),(8,33,8),(8,38,8),(8,43,8),(8,48,8),(8,53,8),(8,58,8),(8,63,8),(8,68,8),(8,73,8),(9,2,1),(9,8,1),(9,13,1),(9,18,1),(9,24,1),(9,29,1),(9,34,1),(9,39,1),(9,44,1),(9,49,1),(9,54,1),(9,59,1),(9,64,1),(9,69,1),(9,74,1),(10,2,2),(10,8,2),(10,13,2),(10,18,2),(10,24,2),(10,29,2),(10,34,2),(10,39,2),(10,44,2),(10,49,2),(10,54,2),(10,59,2),(10,64,2),(10,69,2),(10,74,2),(11,4,1),(11,10,1),(11,14,1),(11,19,1),(11,25,1),(11,30,1),(11,35,1),(11,40,1),(11,45,1),(11,50,1),(11,55,1),(11,60,1),(11,65,1),(11,70,1),(11,75,1),(12,4,2),(12,10,2),(12,14,2),(12,19,2),(12,25,2),(12,30,2),(12,35,2),(12,40,2),(12,45,2),(12,50,2),(12,55,2),(12,60,2),(12,65,2),(12,70,2),(12,75,2),(13,4,3),(13,10,3),(13,14,3),(13,19,3),(13,25,3),(13,30,3),(13,35,3),(13,40,3),(13,45,3),(13,50,3),(13,55,3),(13,60,3),(13,65,3),(13,70,3),(13,75,3),(14,4,4),(14,10,4),(14,14,4),(14,19,4),(14,25,4),(14,30,4),(14,35,4),(14,40,4),(14,45,4),(14,50,4),(14,55,4),(14,60,4),(14,65,4),(14,70,4),(14,75,4),(15,4,5),(15,10,5),(15,14,5),(15,19,5),(15,25,5),(15,30,5),(15,35,5),(15,40,5),(15,45,5),(15,50,5),(15,55,5),(15,60,5),(15,65,5),(15,70,5),(15,75,5),(16,3,1),(16,9,1),(16,16,1),(16,21,1),(16,27,1),(16,32,1),(16,37,1),(16,42,1),(16,47,1),(16,52,1),(16,57,1),(16,62,1),(16,67,1),(16,72,1),(16,77,1),(17,3,2),(17,9,2),(17,16,2),(17,21,2),(17,27,2),(17,32,2),(17,37,2),(17,42,2),(17,47,2),(17,52,2),(17,57,2),(17,62,2),(17,67,2),(17,72,2),(17,77,2),(18,3,3),(18,9,3),(18,16,3),(18,21,3),(18,27,3),(18,32,3),(18,37,3),(18,42,3),(18,47,3),(18,52,3),(18,57,3),(18,62,3),(18,67,3),(18,72,3),(18,77,3),(19,5,1),(19,11,1),(19,15,1),(19,20,1),(19,26,1),(19,31,1),(19,36,1),(19,41,1),(19,46,1),(19,51,1),(19,56,1),(19,61,1),(19,66,1),(19,71,1),(19,76,1),(20,5,2),(20,11,2),(20,15,2),(20,20,2),(20,26,2),(20,31,2),(20,36,2),(20,41,2),(20,46,2),(20,51,2),(20,56,2),(20,61,2),(20,66,2),(20,71,2),(20,76,2),(21,5,3),(21,11,3),(21,15,3),(21,20,3),(21,26,3),(21,31,3),(21,36,3),(21,41,3),(21,46,3),(21,51,3),(21,56,3),(21,61,3),(21,66,3),(21,71,3),(21,76,3),(22,5,4),(22,11,4),(22,15,4),(22,20,4),(22,26,4),(22,31,4),(22,36,4),(22,41,4),(22,46,4),(22,51,4),(22,56,4),(22,61,4),(22,66,4),(22,71,4),(22,76,4),(23,1,10),(23,6,10),(23,12,13),(23,17,10),(23,22,10),(23,28,10),(23,33,10),(23,38,10),(23,43,10),(23,48,10),(23,53,10),(23,58,10),(23,63,10),(23,68,10),(24,1,11),(24,6,11),(24,17,11),(24,22,11),(24,28,11),(24,33,11),(24,38,11),(24,43,11),(24,48,11),(24,53,11),(24,58,11),(24,63,11),(24,68,11),(25,1,12),(25,6,12),(25,12,12),(25,17,12),(25,22,12),(25,28,12),(25,33,12),(25,38,12),(25,43,12),(25,48,12),(25,53,12),(25,58,12),(25,63,12),(25,68,12),(25,73,11),(26,1,9),(26,6,9),(26,12,9),(26,17,9),(26,22,9),(26,28,9),(26,33,9),(26,38,9),(26,43,9),(26,48,9),(26,53,9),(26,58,9),(26,63,9),(26,68,9),(26,73,9),(27,12,13),(28,7,1),(29,53,14),(29,73,12),(31,1,13),(31,6,13),(31,28,13),(31,33,13),(31,38,13),(31,43,13),(31,48,13),(31,53,13),(31,58,13),(31,63,13),(31,68,13),(31,73,12),(32,28,14),(33,33,14);
/*!40000 ALTER TABLE `attribute_group_mappings` ENABLE KEYS */;
UNLOCK TABLES;

--
-- Table structure for table `attribute_groups`
--

DROP TABLE IF EXISTS `attribute_groups`;
/*!40101 SET @saved_cs_client     = @@character_set_client */;
/*!50503 SET character_set_client = utf8mb4 */;
CREATE TABLE `attribute_groups` (
  `id` int unsigned NOT NULL AUTO_INCREMENT,
  `name` varchar(191) CHARACTER SET utf8mb4 COLLATE utf8mb4_unicode_ci NOT NULL,
  `position` int NOT NULL,
  `is_user_defined` tinyint(1) NOT NULL DEFAULT '1',
  `attribute_family_id` int unsigned NOT NULL,
  PRIMARY KEY (`id`),
  UNIQUE KEY `attribute_groups_attribute_family_id_name_unique` (`attribute_family_id`,`name`),
  CONSTRAINT `attribute_groups_attribute_family_id_foreign` FOREIGN KEY (`attribute_family_id`) REFERENCES `attribute_families` (`id`) ON DELETE CASCADE
) ENGINE=InnoDB AUTO_INCREMENT=78 DEFAULT CHARSET=utf8mb4 COLLATE=utf8mb4_unicode_ci ROW_FORMAT=DYNAMIC;
/*!40101 SET character_set_client = @saved_cs_client */;

--
-- Dumping data for table `attribute_groups`
--

LOCK TABLES `attribute_groups` WRITE;
/*!40000 ALTER TABLE `attribute_groups` DISABLE KEYS */;
INSERT INTO `attribute_groups` VALUES (1,'General',1,0,1),(2,'Description',2,0,1),(3,'SEO Meta Description',5,0,1),(4,'Price',3,0,1),(5,'Shipping',4,0,1),(6,'General',1,0,2),(7,'Test Group',1,1,2),(8,'Description',2,0,2),(9,'SEO Meta Description',5,0,2),(10,'Price',3,0,2),(11,'Shipping',4,0,2),(12,'General',1,0,3),(13,'Description',2,0,3),(14,'Price',3,0,3),(15,'Shipping',4,0,3),(16,'SEO Meta Description',5,0,3),(17,'General',1,0,4),(18,'Description',2,0,4),(19,'Price',3,0,4),(20,'Shipping',4,0,4),(21,'SEO Meta Description',5,0,4),(22,'General',1,0,5),(23,'disposiable cap',1,1,5),(24,'Description',2,0,5),(25,'Price',3,0,5),(26,'Shipping',4,0,5),(27,'SEO Meta Description',5,0,5),(28,'General',1,0,6),(29,'Description',2,0,6),(30,'Price',3,0,6),(31,'Shipping',4,0,6),(32,'SEO Meta Description',5,0,6),(33,'General',1,0,7),(34,'Description',2,0,7),(35,'Price',3,0,7),(36,'Shipping',4,0,7),(37,'SEO Meta Description',5,0,7),(38,'General',1,0,8),(39,'Description',2,0,8),(40,'Price',3,0,8),(41,'Shipping',4,0,8),(42,'SEO Meta Description',5,0,8),(43,'General',1,0,9),(44,'Description',2,0,9),(45,'Price',3,0,9),(46,'Shipping',4,0,9),(47,'SEO Meta Description',5,0,9),(48,'General',1,0,10),(49,'Description',2,0,10),(50,'Price',3,0,10),(51,'Shipping',4,0,10),(52,'SEO Meta Description',5,0,10),(53,'General',1,0,11),(54,'Description',2,0,11),(55,'Price',3,0,11),(56,'Shipping',4,0,11),(57,'SEO Meta Description',5,0,11),(58,'General',1,0,12),(59,'Description',2,0,12),(60,'Price',3,0,12),(61,'Shipping',4,0,12),(62,'SEO Meta Description',5,0,12),(63,'General',1,0,13),(64,'Description',2,0,13),(65,'Price',3,0,13),(66,'Shipping',4,0,13),(67,'SEO Meta Description',5,0,13),(68,'General',1,0,14),(69,'Description',2,0,14),(70,'Price',3,0,14),(71,'Shipping',4,0,14),(72,'SEO Meta Description',5,0,14),(73,'General',1,0,15),(74,'Description',2,0,15),(75,'Price',3,0,15),(76,'Shipping',4,0,15),(77,'SEO Meta Description',5,0,15);
/*!40000 ALTER TABLE `attribute_groups` ENABLE KEYS */;
UNLOCK TABLES;

--
-- Table structure for table `attribute_option_translations`
--

DROP TABLE IF EXISTS `attribute_option_translations`;
/*!40101 SET @saved_cs_client     = @@character_set_client */;
/*!50503 SET character_set_client = utf8mb4 */;
CREATE TABLE `attribute_option_translations` (
  `id` int unsigned NOT NULL AUTO_INCREMENT,
  `locale` varchar(191) CHARACTER SET utf8mb4 COLLATE utf8mb4_unicode_ci NOT NULL,
  `label` text CHARACTER SET utf8mb4 COLLATE utf8mb4_unicode_ci,
  `attribute_option_id` int unsigned NOT NULL,
  PRIMARY KEY (`id`),
  UNIQUE KEY `attribute_option_translations_attribute_option_id_locale_unique` (`attribute_option_id`,`locale`),
  CONSTRAINT `attribute_option_translations_attribute_option_id_foreign` FOREIGN KEY (`attribute_option_id`) REFERENCES `attribute_options` (`id`) ON DELETE CASCADE
) ENGINE=InnoDB AUTO_INCREMENT=72 DEFAULT CHARSET=utf8mb4 COLLATE=utf8mb4_unicode_ci ROW_FORMAT=DYNAMIC;
/*!40101 SET character_set_client = @saved_cs_client */;

--
-- Dumping data for table `attribute_option_translations`
--

LOCK TABLES `attribute_option_translations` WRITE;
/*!40000 ALTER TABLE `attribute_option_translations` DISABLE KEYS */;
INSERT INTO `attribute_option_translations` VALUES (1,'en','Red',1),(2,'en','Green',2),(3,'en','Yellow',3),(4,'en','Black',4),(5,'en','White',5),(6,'en','S',6),(7,'en','M',7),(8,'en','L',8),(9,'en','XL',9),(10,'en','Cotton',10),(11,'fr','',10),(12,'nl','',10),(13,'tr','',10),(14,'en','Silk',11),(15,'fr','',11),(16,'nl','',11),(17,'tr','',11),(38,'fr','',6),(39,'nl','',6),(40,'tr','',6),(41,'fr','',7),(42,'nl','',7),(43,'tr','',7),(44,'fr','',8),(45,'nl','',8),(46,'tr','',8),(47,'fr','',9),(48,'nl','',9),(49,'tr','',9),(50,'en','blue',17),(51,'fr','',17),(52,'nl','',17),(53,'tr','',17),(54,'en','Black',18),(55,'fr','',18),(56,'nl','',18),(57,'tr','',18),(58,'en','Green',19),(59,'fr','',19),(60,'nl','',19),(61,'tr','',19),(62,'en','MEDICLUE',20),(64,'en','Grey',22),(65,'en','XXL',23),(66,'en','Universal',24),(67,'en','Special',25),(68,'en','Child',26),(69,'en','Blue',27),(70,'en','C-CURE',28),(71,'en','Pink',29);
/*!40000 ALTER TABLE `attribute_option_translations` ENABLE KEYS */;
UNLOCK TABLES;

--
-- Table structure for table `attribute_options`
--

DROP TABLE IF EXISTS `attribute_options`;
/*!40101 SET @saved_cs_client     = @@character_set_client */;
/*!50503 SET character_set_client = utf8mb4 */;
CREATE TABLE `attribute_options` (
  `id` int unsigned NOT NULL AUTO_INCREMENT,
  `admin_name` varchar(191) CHARACTER SET utf8mb4 COLLATE utf8mb4_unicode_ci DEFAULT NULL,
  `sort_order` int DEFAULT NULL,
  `attribute_id` int unsigned NOT NULL,
  `brand_logo` varchar(255) CHARACTER SET utf8mb4 COLLATE utf8mb4_unicode_ci DEFAULT NULL,
  `swatch_value` varchar(191) CHARACTER SET utf8mb4 COLLATE utf8mb4_unicode_ci DEFAULT NULL,
  `option_slug` varchar(255) CHARACTER SET utf8mb4 COLLATE utf8mb4_unicode_ci DEFAULT NULL,
  PRIMARY KEY (`id`),
  KEY `attribute_options_attribute_id_foreign` (`attribute_id`),
  CONSTRAINT `attribute_options_attribute_id_foreign` FOREIGN KEY (`attribute_id`) REFERENCES `attributes` (`id`) ON DELETE CASCADE
) ENGINE=InnoDB AUTO_INCREMENT=30 DEFAULT CHARSET=utf8mb4 COLLATE=utf8mb4_unicode_ci ROW_FORMAT=DYNAMIC;
/*!40101 SET character_set_client = @saved_cs_client */;

--
-- Dumping data for table `attribute_options`
--

LOCK TABLES `attribute_options` WRITE;
/*!40000 ALTER TABLE `attribute_options` DISABLE KEYS */;
INSERT INTO `attribute_options` VALUES (1,'Red',1,23,NULL,NULL,'red'),(2,'Green',2,23,NULL,NULL,'green'),(3,'Yellow',3,23,NULL,NULL,'yellow'),(4,'Black',4,23,NULL,NULL,'black'),(5,'White',5,23,NULL,NULL,'white'),(6,'S',1,24,NULL,NULL,'s'),(7,'M',2,24,NULL,NULL,'m'),(8,'L',3,24,NULL,NULL,'l'),(9,'XL',4,24,NULL,NULL,'xl'),(10,'Cotton',1,28,NULL,NULL,NULL),(11,'Silk',2,28,NULL,NULL,NULL),(17,'blue',1,29,NULL,NULL,'blue'),(18,'Black',2,29,NULL,NULL,'black'),(19,'Green',3,29,NULL,NULL,'green'),(20,'MEDICLUE',2,25,NULL,'','mediclue'),(22,'Grey',6,23,NULL,NULL,'grey'),(23,'XXL',5,24,NULL,NULL,'xxl'),(24,'Universal',6,24,NULL,NULL,'universal'),(25,'Special',7,24,NULL,NULL,'special'),(26,'Child',8,24,NULL,NULL,'child'),(27,'Blue',7,23,NULL,NULL,'blue'),(28,'C-CURE',1,25,NULL,NULL,'c-cure'),(29,'Pink',8,23,NULL,NULL,'pink');
/*!40000 ALTER TABLE `attribute_options` ENABLE KEYS */;
UNLOCK TABLES;

--
-- Table structure for table `attribute_translations`
--

DROP TABLE IF EXISTS `attribute_translations`;
/*!40101 SET @saved_cs_client     = @@character_set_client */;
/*!50503 SET character_set_client = utf8mb4 */;
CREATE TABLE `attribute_translations` (
  `id` int unsigned NOT NULL AUTO_INCREMENT,
  `locale` varchar(191) CHARACTER SET utf8mb4 COLLATE utf8mb4_unicode_ci NOT NULL,
  `name` text CHARACTER SET utf8mb4 COLLATE utf8mb4_unicode_ci,
  `attribute_id` int unsigned NOT NULL,
  PRIMARY KEY (`id`),
  UNIQUE KEY `attribute_translations_attribute_id_locale_unique` (`attribute_id`,`locale`),
  CONSTRAINT `attribute_translations_attribute_id_foreign` FOREIGN KEY (`attribute_id`) REFERENCES `attributes` (`id`) ON DELETE CASCADE
) ENGINE=InnoDB AUTO_INCREMENT=53 DEFAULT CHARSET=utf8mb4 COLLATE=utf8mb4_unicode_ci ROW_FORMAT=DYNAMIC;
/*!40101 SET character_set_client = @saved_cs_client */;

--
-- Dumping data for table `attribute_translations`
--

LOCK TABLES `attribute_translations` WRITE;
/*!40000 ALTER TABLE `attribute_translations` DISABLE KEYS */;
INSERT INTO `attribute_translations` VALUES (1,'en','SKU',1),(2,'en','Name',2),(3,'en','URL Key',3),(4,'en','Tax Category',4),(5,'en','New',5),(6,'en','Featured',6),(7,'en','Visible Individually',7),(8,'en','Status',8),(9,'en','Short Description',9),(10,'en','Description',10),(11,'en','Price',11),(12,'en','Cost',12),(13,'en','Special Price',13),(14,'en','Special Price From',14),(15,'en','Special Price To',15),(16,'en','Meta Description',16),(17,'en','Meta Keywords',17),(18,'en','Meta Description',18),(19,'en','Width',19),(20,'en','Height',20),(21,'en','Depth',21),(22,'en','Weight',22),(23,'en','Color',23),(24,'en','Size',24),(25,'en','Brand',25),(26,'en','Allow Guest Checkout',26),(27,'en','',27),(28,'fr','',27),(29,'nl','',27),(30,'tr','',27),(31,'en','Material',28),(32,'fr','',28),(33,'nl','',28),(34,'tr','',28),(35,'fr','',25),(36,'nl','',25),(37,'tr','',25),(38,'fr','',24),(39,'nl','',24),(40,'tr','',24),(41,'en','',29),(42,'fr','',29),(43,'nl','',29),(44,'tr','',29),(49,'en','Bulk Buy Request',31),(50,'en','',32),(51,'en','Capacity',33),(52,'en','Packing',34);
/*!40000 ALTER TABLE `attribute_translations` ENABLE KEYS */;
UNLOCK TABLES;

--
-- Table structure for table `attributes`
--

DROP TABLE IF EXISTS `attributes`;
/*!40101 SET @saved_cs_client     = @@character_set_client */;
/*!50503 SET character_set_client = utf8mb4 */;
CREATE TABLE `attributes` (
  `id` int unsigned NOT NULL AUTO_INCREMENT,
  `code` varchar(191) CHARACTER SET utf8mb4 COLLATE utf8mb4_unicode_ci NOT NULL,
  `admin_name` varchar(191) CHARACTER SET utf8mb4 COLLATE utf8mb4_unicode_ci NOT NULL,
  `type` varchar(191) CHARACTER SET utf8mb4 COLLATE utf8mb4_unicode_ci NOT NULL,
  `validation` varchar(191) CHARACTER SET utf8mb4 COLLATE utf8mb4_unicode_ci DEFAULT NULL,
  `position` int DEFAULT NULL,
  `is_required` tinyint(1) NOT NULL DEFAULT '0',
  `is_unique` tinyint(1) NOT NULL DEFAULT '0',
  `value_per_locale` tinyint(1) NOT NULL DEFAULT '0',
  `value_per_channel` tinyint(1) NOT NULL DEFAULT '0',
  `is_filterable` tinyint(1) NOT NULL DEFAULT '0',
  `is_configurable` tinyint(1) NOT NULL DEFAULT '0',
  `is_user_defined` tinyint(1) NOT NULL DEFAULT '1',
  `is_visible_on_front` tinyint(1) NOT NULL DEFAULT '0',
  `created_at` timestamp NULL DEFAULT NULL,
  `updated_at` timestamp NULL DEFAULT NULL,
  `swatch_type` varchar(191) CHARACTER SET utf8mb4 COLLATE utf8mb4_unicode_ci DEFAULT NULL,
  `use_in_flat` tinyint(1) NOT NULL DEFAULT '1',
  `is_comparable` tinyint(1) NOT NULL DEFAULT '0',
  PRIMARY KEY (`id`),
  UNIQUE KEY `attributes_code_unique` (`code`)
) ENGINE=InnoDB AUTO_INCREMENT=35 DEFAULT CHARSET=utf8mb4 COLLATE=utf8mb4_unicode_ci ROW_FORMAT=DYNAMIC;
/*!40101 SET character_set_client = @saved_cs_client */;

--
-- Dumping data for table `attributes`
--

LOCK TABLES `attributes` WRITE;
/*!40000 ALTER TABLE `attributes` DISABLE KEYS */;
INSERT INTO `attributes` VALUES (1,'sku','SKU','text',NULL,1,1,1,0,0,0,0,0,0,'2021-01-06 05:57:03','2021-01-06 05:57:03',NULL,1,0),(2,'name','Name','text',NULL,2,1,0,1,1,0,0,0,0,'2021-01-06 05:57:03','2021-01-06 05:57:03',NULL,1,1),(3,'url_key','URL Key','text',NULL,3,1,1,0,0,0,0,0,0,'2021-01-06 05:57:03','2021-01-06 05:57:03',NULL,1,0),(4,'tax_category_id','Tax Category','select',NULL,4,0,0,0,1,0,0,0,0,'2021-01-06 05:57:03','2021-01-06 05:57:03',NULL,1,0),(5,'new','New Release','boolean',NULL,5,0,0,0,0,0,0,0,0,'2021-01-06 05:57:03','2021-01-06 05:57:03',NULL,1,0),(6,'featured','Most Popular','boolean',NULL,6,0,0,0,0,0,0,0,0,'2021-01-06 05:57:03','2021-01-06 05:57:03',NULL,1,0),(7,'visible_individually','Visible Individually','boolean',NULL,7,1,0,0,0,0,0,0,0,'2021-01-06 05:57:03','2021-01-06 05:57:03',NULL,1,0),(8,'status','Status','boolean',NULL,8,1,0,0,0,0,0,0,0,'2021-01-06 05:57:03','2021-01-06 05:57:03',NULL,1,0),(9,'short_description','Short Description','textarea',NULL,9,1,0,1,1,0,0,0,0,'2021-01-06 05:57:03','2021-01-06 05:57:03',NULL,1,0),(10,'description','Description','textarea',NULL,10,1,0,1,1,0,0,0,0,'2021-01-06 05:57:03','2021-01-06 05:57:03',NULL,1,1),(11,'price','Price','price','decimal',11,1,0,0,0,1,0,0,0,'2021-01-06 05:57:03','2021-04-19 09:41:45',NULL,1,1),(12,'cost','Cost','price','decimal',12,0,0,0,1,0,0,1,0,'2021-01-06 05:57:03','2021-01-06 05:57:03',NULL,1,0),(13,'special_price','Special Price','price','decimal',13,0,0,0,0,0,0,0,0,'2021-01-06 05:57:03','2021-01-06 05:57:03',NULL,1,0),(14,'special_price_from','Special Price From','date',NULL,14,0,0,0,1,0,0,0,0,'2021-01-06 05:57:03','2021-01-06 05:57:03',NULL,1,0),(15,'special_price_to','Special Price To','date',NULL,15,0,0,0,1,0,0,0,0,'2021-01-06 05:57:03','2021-01-06 05:57:03',NULL,1,0),(16,'meta_title','Meta Title','textarea',NULL,16,0,0,1,1,0,0,0,0,'2021-01-06 05:57:03','2021-01-06 05:57:03',NULL,1,0),(17,'meta_keywords','Meta Keywords','textarea',NULL,17,0,0,1,1,0,0,0,0,'2021-01-06 05:57:03','2021-01-06 05:57:03',NULL,1,0),(18,'meta_description','Meta Description','textarea',NULL,18,0,0,1,1,0,0,1,0,'2021-01-06 05:57:03','2021-01-06 05:57:03',NULL,1,0),(19,'width','Width','text','decimal',19,0,0,0,0,0,0,1,0,'2021-01-06 05:57:03','2021-01-06 05:57:03',NULL,1,0),(20,'height','Height','text','decimal',20,0,0,0,0,0,0,1,0,'2021-01-06 05:57:03','2021-01-06 05:57:03',NULL,1,0),(21,'depth','Depth','text','decimal',21,0,0,0,0,0,0,1,0,'2021-01-06 05:57:03','2021-01-06 05:57:03',NULL,1,0),(22,'weight','Weight','text','decimal',22,1,0,0,0,0,0,0,0,'2021-01-06 05:57:03','2021-01-06 05:57:03',NULL,1,0),(23,'color','Color','select','',23,0,0,0,0,1,1,1,0,'2021-01-06 05:57:03','2021-08-10 01:06:36','dropdown',1,0),(24,'size','Size','select','',24,0,0,0,0,1,1,1,0,'2021-01-06 05:57:03','2021-01-27 10:48:33','dropdown',1,0),(25,'brand','Brand','select','',25,0,0,0,0,1,0,0,0,'2021-01-06 05:57:03','2021-08-16 18:40:20','dropdown',1,0),(26,'guest_checkout','Guest Checkout','boolean',NULL,8,1,0,0,0,0,0,0,0,'2021-01-06 05:57:03','2021-01-06 05:57:03',NULL,1,0),(27,'RAM','RAM','text','',NULL,0,0,0,0,0,0,1,0,'2021-01-08 13:14:16','2021-08-27 17:26:37',NULL,0,0),(28,'Material','Material','select','',NULL,0,0,0,0,1,1,1,1,'2021-01-11 06:15:18','2021-01-11 06:15:18','dropdown',0,0),(29,'colors','colors','multiselect','',NULL,1,0,0,0,0,0,1,0,'2021-03-23 09:02:40','2021-03-23 09:02:40',NULL,0,0),(31,'bulk','Bulk Buy Request','boolean','',NULL,0,0,0,0,0,0,1,0,'2021-04-08 13:29:05','2021-04-08 13:29:05',NULL,1,0),(32,'expirydate','Expiry Date','date','',NULL,1,0,0,0,0,1,1,1,'2021-04-15 03:34:00','2021-04-15 03:34:00',NULL,1,1),(33,'Capacity','Capacity','text','numeric',NULL,1,0,1,0,0,0,1,1,'2021-04-19 08:33:21','2021-04-19 08:33:21',NULL,0,1),(34,'packing','Packing','text','numeric',NULL,0,0,0,0,0,1,1,1,'2021-07-03 08:28:24','2021-07-03 08:28:24',NULL,0,1);
/*!40000 ALTER TABLE `attributes` ENABLE KEYS */;
UNLOCK TABLES;

--
-- Table structure for table `booking_product_appointment_slots`
--

DROP TABLE IF EXISTS `booking_product_appointment_slots`;
/*!40101 SET @saved_cs_client     = @@character_set_client */;
/*!50503 SET character_set_client = utf8mb4 */;
CREATE TABLE `booking_product_appointment_slots` (
  `id` int unsigned NOT NULL AUTO_INCREMENT,
  `duration` int DEFAULT NULL,
  `break_time` int DEFAULT NULL,
  `same_slot_all_days` tinyint(1) DEFAULT NULL,
  `slots` longtext CHARACTER SET utf8mb4 COLLATE utf8mb4_bin,
  `booking_product_id` int unsigned NOT NULL,
  PRIMARY KEY (`id`),
  KEY `booking_product_appointment_slots_booking_product_id_foreign` (`booking_product_id`),
  CONSTRAINT `booking_product_appointment_slots_booking_product_id_foreign` FOREIGN KEY (`booking_product_id`) REFERENCES `booking_products` (`id`) ON DELETE CASCADE
) ENGINE=InnoDB DEFAULT CHARSET=utf8mb4 COLLATE=utf8mb4_unicode_ci ROW_FORMAT=DYNAMIC;
/*!40101 SET character_set_client = @saved_cs_client */;

--
-- Dumping data for table `booking_product_appointment_slots`
--

LOCK TABLES `booking_product_appointment_slots` WRITE;
/*!40000 ALTER TABLE `booking_product_appointment_slots` DISABLE KEYS */;
/*!40000 ALTER TABLE `booking_product_appointment_slots` ENABLE KEYS */;
UNLOCK TABLES;

--
-- Table structure for table `booking_product_default_slots`
--

DROP TABLE IF EXISTS `booking_product_default_slots`;
/*!40101 SET @saved_cs_client     = @@character_set_client */;
/*!50503 SET character_set_client = utf8mb4 */;
CREATE TABLE `booking_product_default_slots` (
  `id` int unsigned NOT NULL AUTO_INCREMENT,
  `booking_type` varchar(191) CHARACTER SET utf8mb4 COLLATE utf8mb4_unicode_ci NOT NULL,
  `duration` int DEFAULT NULL,
  `break_time` int DEFAULT NULL,
  `slots` longtext CHARACTER SET utf8mb4 COLLATE utf8mb4_bin,
  `booking_product_id` int unsigned NOT NULL,
  PRIMARY KEY (`id`),
  KEY `booking_product_default_slots_booking_product_id_foreign` (`booking_product_id`),
  CONSTRAINT `booking_product_default_slots_booking_product_id_foreign` FOREIGN KEY (`booking_product_id`) REFERENCES `booking_products` (`id`) ON DELETE CASCADE
) ENGINE=InnoDB DEFAULT CHARSET=utf8mb4 COLLATE=utf8mb4_unicode_ci ROW_FORMAT=DYNAMIC;
/*!40101 SET character_set_client = @saved_cs_client */;

--
-- Dumping data for table `booking_product_default_slots`
--

LOCK TABLES `booking_product_default_slots` WRITE;
/*!40000 ALTER TABLE `booking_product_default_slots` DISABLE KEYS */;
/*!40000 ALTER TABLE `booking_product_default_slots` ENABLE KEYS */;
UNLOCK TABLES;

--
-- Table structure for table `booking_product_event_ticket_translations`
--

DROP TABLE IF EXISTS `booking_product_event_ticket_translations`;
/*!40101 SET @saved_cs_client     = @@character_set_client */;
/*!50503 SET character_set_client = utf8mb4 */;
CREATE TABLE `booking_product_event_ticket_translations` (
  `id` bigint unsigned NOT NULL AUTO_INCREMENT,
  `locale` varchar(191) CHARACTER SET utf8mb4 COLLATE utf8mb4_unicode_ci NOT NULL,
  `name` text CHARACTER SET utf8mb4 COLLATE utf8mb4_unicode_ci,
  `description` text CHARACTER SET utf8mb4 COLLATE utf8mb4_unicode_ci,
  `booking_product_event_ticket_id` int unsigned NOT NULL,
  PRIMARY KEY (`id`),
  UNIQUE KEY `booking_product_event_ticket_translations_locale_unique` (`booking_product_event_ticket_id`,`locale`),
  CONSTRAINT `booking_product_event_ticket_translations_locale_foreign` FOREIGN KEY (`booking_product_event_ticket_id`) REFERENCES `booking_product_event_tickets` (`id`) ON DELETE CASCADE
) ENGINE=InnoDB DEFAULT CHARSET=utf8mb4 COLLATE=utf8mb4_unicode_ci ROW_FORMAT=DYNAMIC;
/*!40101 SET character_set_client = @saved_cs_client */;

--
-- Dumping data for table `booking_product_event_ticket_translations`
--

LOCK TABLES `booking_product_event_ticket_translations` WRITE;
/*!40000 ALTER TABLE `booking_product_event_ticket_translations` DISABLE KEYS */;
/*!40000 ALTER TABLE `booking_product_event_ticket_translations` ENABLE KEYS */;
UNLOCK TABLES;

--
-- Table structure for table `booking_product_event_tickets`
--

DROP TABLE IF EXISTS `booking_product_event_tickets`;
/*!40101 SET @saved_cs_client     = @@character_set_client */;
/*!50503 SET character_set_client = utf8mb4 */;
CREATE TABLE `booking_product_event_tickets` (
  `id` int unsigned NOT NULL AUTO_INCREMENT,
  `price` decimal(12,4) DEFAULT '0.0000',
  `qty` int DEFAULT '0',
  `special_price` decimal(12,4) DEFAULT NULL,
  `special_price_from` datetime DEFAULT NULL,
  `special_price_to` datetime DEFAULT NULL,
  `booking_product_id` int unsigned NOT NULL,
  PRIMARY KEY (`id`),
  KEY `booking_product_event_tickets_booking_product_id_foreign` (`booking_product_id`),
  CONSTRAINT `booking_product_event_tickets_booking_product_id_foreign` FOREIGN KEY (`booking_product_id`) REFERENCES `booking_products` (`id`) ON DELETE CASCADE
) ENGINE=InnoDB DEFAULT CHARSET=utf8mb4 COLLATE=utf8mb4_unicode_ci ROW_FORMAT=DYNAMIC;
/*!40101 SET character_set_client = @saved_cs_client */;

--
-- Dumping data for table `booking_product_event_tickets`
--

LOCK TABLES `booking_product_event_tickets` WRITE;
/*!40000 ALTER TABLE `booking_product_event_tickets` DISABLE KEYS */;
/*!40000 ALTER TABLE `booking_product_event_tickets` ENABLE KEYS */;
UNLOCK TABLES;

--
-- Table structure for table `booking_product_rental_slots`
--

DROP TABLE IF EXISTS `booking_product_rental_slots`;
/*!40101 SET @saved_cs_client     = @@character_set_client */;
/*!50503 SET character_set_client = utf8mb4 */;
CREATE TABLE `booking_product_rental_slots` (
  `id` int unsigned NOT NULL AUTO_INCREMENT,
  `renting_type` varchar(191) CHARACTER SET utf8mb4 COLLATE utf8mb4_unicode_ci NOT NULL,
  `daily_price` decimal(12,4) DEFAULT '0.0000',
  `hourly_price` decimal(12,4) DEFAULT '0.0000',
  `same_slot_all_days` tinyint(1) DEFAULT NULL,
  `slots` longtext CHARACTER SET utf8mb4 COLLATE utf8mb4_bin,
  `booking_product_id` int unsigned NOT NULL,
  PRIMARY KEY (`id`),
  KEY `booking_product_rental_slots_booking_product_id_foreign` (`booking_product_id`),
  CONSTRAINT `booking_product_rental_slots_booking_product_id_foreign` FOREIGN KEY (`booking_product_id`) REFERENCES `booking_products` (`id`) ON DELETE CASCADE
) ENGINE=InnoDB DEFAULT CHARSET=utf8mb4 COLLATE=utf8mb4_unicode_ci ROW_FORMAT=DYNAMIC;
/*!40101 SET character_set_client = @saved_cs_client */;

--
-- Dumping data for table `booking_product_rental_slots`
--

LOCK TABLES `booking_product_rental_slots` WRITE;
/*!40000 ALTER TABLE `booking_product_rental_slots` DISABLE KEYS */;
/*!40000 ALTER TABLE `booking_product_rental_slots` ENABLE KEYS */;
UNLOCK TABLES;

--
-- Table structure for table `booking_product_table_slots`
--

DROP TABLE IF EXISTS `booking_product_table_slots`;
/*!40101 SET @saved_cs_client     = @@character_set_client */;
/*!50503 SET character_set_client = utf8mb4 */;
CREATE TABLE `booking_product_table_slots` (
  `id` int unsigned NOT NULL AUTO_INCREMENT,
  `price_type` varchar(191) CHARACTER SET utf8mb4 COLLATE utf8mb4_unicode_ci NOT NULL,
  `guest_limit` int NOT NULL DEFAULT '0',
  `duration` int NOT NULL,
  `break_time` int NOT NULL,
  `prevent_scheduling_before` int NOT NULL,
  `same_slot_all_days` tinyint(1) DEFAULT NULL,
  `slots` longtext CHARACTER SET utf8mb4 COLLATE utf8mb4_bin,
  `booking_product_id` int unsigned NOT NULL,
  PRIMARY KEY (`id`),
  KEY `booking_product_table_slots_booking_product_id_foreign` (`booking_product_id`),
  CONSTRAINT `booking_product_table_slots_booking_product_id_foreign` FOREIGN KEY (`booking_product_id`) REFERENCES `booking_products` (`id`) ON DELETE CASCADE
) ENGINE=InnoDB DEFAULT CHARSET=utf8mb4 COLLATE=utf8mb4_unicode_ci ROW_FORMAT=DYNAMIC;
/*!40101 SET character_set_client = @saved_cs_client */;

--
-- Dumping data for table `booking_product_table_slots`
--

LOCK TABLES `booking_product_table_slots` WRITE;
/*!40000 ALTER TABLE `booking_product_table_slots` DISABLE KEYS */;
/*!40000 ALTER TABLE `booking_product_table_slots` ENABLE KEYS */;
UNLOCK TABLES;

--
-- Table structure for table `booking_products`
--

DROP TABLE IF EXISTS `booking_products`;
/*!40101 SET @saved_cs_client     = @@character_set_client */;
/*!50503 SET character_set_client = utf8mb4 */;
CREATE TABLE `booking_products` (
  `id` int unsigned NOT NULL AUTO_INCREMENT,
  `type` varchar(191) CHARACTER SET utf8mb4 COLLATE utf8mb4_unicode_ci NOT NULL,
  `qty` int DEFAULT '0',
  `location` varchar(191) CHARACTER SET utf8mb4 COLLATE utf8mb4_unicode_ci DEFAULT NULL,
  `show_location` tinyint(1) NOT NULL DEFAULT '0',
  `available_every_week` tinyint(1) DEFAULT NULL,
  `available_from` datetime DEFAULT NULL,
  `available_to` datetime DEFAULT NULL,
  `product_id` int unsigned NOT NULL,
  `created_at` timestamp NULL DEFAULT NULL,
  `updated_at` timestamp NULL DEFAULT NULL,
  PRIMARY KEY (`id`),
  KEY `booking_products_product_id_foreign` (`product_id`),
  CONSTRAINT `booking_products_product_id_foreign` FOREIGN KEY (`product_id`) REFERENCES `products` (`id`) ON DELETE CASCADE
) ENGINE=InnoDB DEFAULT CHARSET=utf8mb4 COLLATE=utf8mb4_unicode_ci ROW_FORMAT=DYNAMIC;
/*!40101 SET character_set_client = @saved_cs_client */;

--
-- Dumping data for table `booking_products`
--

LOCK TABLES `booking_products` WRITE;
/*!40000 ALTER TABLE `booking_products` DISABLE KEYS */;
/*!40000 ALTER TABLE `booking_products` ENABLE KEYS */;
UNLOCK TABLES;

--
-- Table structure for table `bookings`
--

DROP TABLE IF EXISTS `bookings`;
/*!40101 SET @saved_cs_client     = @@character_set_client */;
/*!50503 SET character_set_client = utf8mb4 */;
CREATE TABLE `bookings` (
  `id` bigint unsigned NOT NULL AUTO_INCREMENT,
  `qty` int DEFAULT '0',
  `from` int DEFAULT NULL,
  `to` int DEFAULT NULL,
  `order_item_id` int unsigned DEFAULT NULL,
  `booking_product_event_ticket_id` int unsigned DEFAULT NULL,
  `order_id` int unsigned DEFAULT NULL,
  `product_id` int unsigned DEFAULT NULL,
  PRIMARY KEY (`id`),
  KEY `bookings_order_id_foreign` (`order_id`),
  KEY `bookings_product_id_foreign` (`product_id`),
  CONSTRAINT `bookings_order_id_foreign` FOREIGN KEY (`order_id`) REFERENCES `orders` (`id`) ON DELETE CASCADE,
  CONSTRAINT `bookings_product_id_foreign` FOREIGN KEY (`product_id`) REFERENCES `products` (`id`) ON DELETE SET NULL
) ENGINE=InnoDB DEFAULT CHARSET=utf8mb4 COLLATE=utf8mb4_unicode_ci ROW_FORMAT=DYNAMIC;
/*!40101 SET character_set_client = @saved_cs_client */;

--
-- Dumping data for table `bookings`
--

LOCK TABLES `bookings` WRITE;
/*!40000 ALTER TABLE `bookings` DISABLE KEYS */;
/*!40000 ALTER TABLE `bookings` ENABLE KEYS */;
UNLOCK TABLES;

--
-- Table structure for table `cart`
--

DROP TABLE IF EXISTS `cart`;
/*!40101 SET @saved_cs_client     = @@character_set_client */;
/*!50503 SET character_set_client = utf8mb4 */;
CREATE TABLE `cart` (
  `id` int unsigned NOT NULL AUTO_INCREMENT,
  `customer_email` varchar(191) CHARACTER SET utf8mb4 COLLATE utf8mb4_unicode_ci DEFAULT NULL,
  `customer_first_name` varchar(191) CHARACTER SET utf8mb4 COLLATE utf8mb4_unicode_ci DEFAULT NULL,
  `customer_last_name` varchar(191) CHARACTER SET utf8mb4 COLLATE utf8mb4_unicode_ci DEFAULT NULL,
  `shipping_method` varchar(191) CHARACTER SET utf8mb4 COLLATE utf8mb4_unicode_ci DEFAULT NULL,
  `coupon_code` varchar(191) CHARACTER SET utf8mb4 COLLATE utf8mb4_unicode_ci DEFAULT NULL,
  `is_gift` tinyint(1) NOT NULL DEFAULT '0',
  `items_count` int DEFAULT NULL,
  `items_qty` decimal(12,4) DEFAULT NULL,
  `exchange_rate` decimal(12,4) DEFAULT NULL,
  `global_currency_code` varchar(191) CHARACTER SET utf8mb4 COLLATE utf8mb4_unicode_ci DEFAULT NULL,
  `base_currency_code` varchar(191) CHARACTER SET utf8mb4 COLLATE utf8mb4_unicode_ci DEFAULT NULL,
  `channel_currency_code` varchar(191) CHARACTER SET utf8mb4 COLLATE utf8mb4_unicode_ci DEFAULT NULL,
  `cart_currency_code` varchar(191) CHARACTER SET utf8mb4 COLLATE utf8mb4_unicode_ci DEFAULT NULL,
  `grand_total` decimal(12,4) DEFAULT '0.0000',
  `base_grand_total` decimal(12,4) DEFAULT '0.0000',
  `sub_total` decimal(12,4) DEFAULT '0.0000',
  `base_sub_total` decimal(12,4) DEFAULT '0.0000',
  `tax_total` decimal(12,4) DEFAULT '0.0000',
  `base_tax_total` decimal(12,4) DEFAULT '0.0000',
  `discount_amount` decimal(12,4) DEFAULT '0.0000',
  `base_discount_amount` decimal(12,4) DEFAULT '0.0000',
  `checkout_method` varchar(191) CHARACTER SET utf8mb4 COLLATE utf8mb4_unicode_ci DEFAULT NULL,
  `is_guest` tinyint(1) DEFAULT NULL,
  `is_active` tinyint(1) DEFAULT '1',
  `conversion_time` datetime DEFAULT NULL,
  `customer_id` int unsigned DEFAULT NULL,
  `channel_id` int unsigned NOT NULL,
  `status` tinyint DEFAULT '0',
  `created_at` timestamp NULL DEFAULT NULL,
  `updated_at` timestamp NULL DEFAULT NULL,
  `applied_cart_rule_ids` varchar(191) CHARACTER SET utf8mb4 COLLATE utf8mb4_unicode_ci DEFAULT NULL,
  PRIMARY KEY (`id`),
  KEY `cart_customer_id_foreign` (`customer_id`),
  KEY `cart_channel_id_foreign` (`channel_id`),
  CONSTRAINT `cart_channel_id_foreign` FOREIGN KEY (`channel_id`) REFERENCES `channels` (`id`) ON DELETE CASCADE,
  CONSTRAINT `cart_customer_id_foreign` FOREIGN KEY (`customer_id`) REFERENCES `customers` (`id`) ON DELETE CASCADE
) ENGINE=InnoDB AUTO_INCREMENT=36 DEFAULT CHARSET=utf8mb4 COLLATE=utf8mb4_unicode_ci ROW_FORMAT=DYNAMIC;
/*!40101 SET character_set_client = @saved_cs_client */;

--
-- Dumping data for table `cart`
--

LOCK TABLES `cart` WRITE;
/*!40000 ALTER TABLE `cart` DISABLE KEYS */;
INSERT INTO `cart` VALUES (2,NULL,NULL,NULL,NULL,NULL,0,1,1.0000,NULL,'INR','INR','INR','INR',669.0000,669.0000,669.0000,669.0000,0.0000,0.0000,0.0000,0.0000,NULL,1,1,NULL,NULL,1,0,'2021-08-10 18:21:34','2021-08-10 18:21:34',''),(10,NULL,NULL,NULL,NULL,NULL,0,1,1.0000,NULL,'INR','INR','INR','INR',1828.0000,1828.0000,1828.0000,1828.0000,0.0000,0.0000,0.0000,0.0000,NULL,1,1,NULL,NULL,1,0,'2021-08-23 19:55:21','2021-08-23 19:55:36',''),(18,'zplusdisposable@gmail.com','Ravindra','Radadiya',NULL,NULL,0,1,1.0000,NULL,'INR','INR','INR','INR',786.4500,786.4500,749.0000,749.0000,37.4500,37.4500,0.0000,0.0000,NULL,1,1,NULL,NULL,1,0,'2021-08-25 20:27:53','2021-08-25 20:28:11',''),(20,'kpatel4707@gmail.com','keyur','patel',NULL,NULL,0,4,13.0000,NULL,'INR','INR','INR','INR',7870.5400,7870.5400,7648.0000,7648.0000,382.4000,382.4000,159.8600,159.8600,NULL,0,1,NULL,2,1,0,'2021-08-26 13:52:45','2021-08-27 19:50:54','8'),(26,'zplusdisposable@gmail.com','Ravindra','Radadiya','fedex_fedex',NULL,0,1,4.0000,NULL,'INR','INR','INR','INR',1210.0000,1210.0000,1200.0000,1200.0000,0.0000,0.0000,0.0000,0.0000,NULL,1,0,NULL,NULL,1,0,'2021-08-27 12:58:52','2021-08-27 12:59:43',''),(32,NULL,NULL,NULL,NULL,NULL,0,2,2.0000,NULL,'INR','INR','INR','INR',1169.0000,1169.0000,1169.0000,1169.0000,0.0000,0.0000,0.0000,0.0000,NULL,1,1,NULL,NULL,1,0,'2021-08-27 19:48:25','2021-08-27 19:50:40',''),(33,NULL,NULL,NULL,NULL,NULL,0,1,1.0000,NULL,'INR','INR','INR','INR',669.0000,669.0000,669.0000,669.0000,0.0000,0.0000,0.0000,0.0000,NULL,1,1,NULL,NULL,1,0,'2021-08-31 11:38:04','2021-08-31 11:38:05',''),(34,NULL,NULL,NULL,NULL,NULL,0,1,1.0000,NULL,'INR','INR','INR','INR',3250.0000,3250.0000,3250.0000,3250.0000,0.0000,0.0000,0.0000,0.0000,NULL,1,1,NULL,NULL,1,0,'2021-08-31 12:43:44','2021-08-31 12:43:44','');
/*!40000 ALTER TABLE `cart` ENABLE KEYS */;
UNLOCK TABLES;

--
-- Table structure for table `cart_item_inventories`
--

DROP TABLE IF EXISTS `cart_item_inventories`;
/*!40101 SET @saved_cs_client     = @@character_set_client */;
/*!50503 SET character_set_client = utf8mb4 */;
CREATE TABLE `cart_item_inventories` (
  `id` int unsigned NOT NULL AUTO_INCREMENT,
  `qty` int unsigned NOT NULL DEFAULT '0',
  `inventory_source_id` int unsigned DEFAULT NULL,
  `cart_item_id` int unsigned DEFAULT NULL,
  `created_at` timestamp NULL DEFAULT NULL,
  `updated_at` timestamp NULL DEFAULT NULL,
  PRIMARY KEY (`id`)
) ENGINE=InnoDB DEFAULT CHARSET=utf8mb4 COLLATE=utf8mb4_unicode_ci ROW_FORMAT=DYNAMIC;
/*!40101 SET character_set_client = @saved_cs_client */;

--
-- Dumping data for table `cart_item_inventories`
--

LOCK TABLES `cart_item_inventories` WRITE;
/*!40000 ALTER TABLE `cart_item_inventories` DISABLE KEYS */;
/*!40000 ALTER TABLE `cart_item_inventories` ENABLE KEYS */;
UNLOCK TABLES;

--
-- Table structure for table `cart_items`
--

DROP TABLE IF EXISTS `cart_items`;
/*!40101 SET @saved_cs_client     = @@character_set_client */;
/*!50503 SET character_set_client = utf8mb4 */;
CREATE TABLE `cart_items` (
  `id` int unsigned NOT NULL AUTO_INCREMENT,
  `quantity` int unsigned NOT NULL DEFAULT '0',
  `sku` varchar(191) CHARACTER SET utf8mb4 COLLATE utf8mb4_unicode_ci DEFAULT NULL,
  `type` varchar(191) CHARACTER SET utf8mb4 COLLATE utf8mb4_unicode_ci DEFAULT NULL,
  `name` varchar(191) CHARACTER SET utf8mb4 COLLATE utf8mb4_unicode_ci DEFAULT NULL,
  `coupon_code` varchar(191) CHARACTER SET utf8mb4 COLLATE utf8mb4_unicode_ci DEFAULT NULL,
  `weight` decimal(12,4) NOT NULL DEFAULT '0.0000',
  `total_weight` decimal(12,4) NOT NULL DEFAULT '0.0000',
  `base_total_weight` decimal(12,4) NOT NULL DEFAULT '0.0000',
  `price` decimal(12,4) NOT NULL DEFAULT '1.0000',
  `base_price` decimal(12,4) NOT NULL DEFAULT '0.0000',
  `total` decimal(12,4) NOT NULL DEFAULT '0.0000',
  `base_total` decimal(12,4) NOT NULL DEFAULT '0.0000',
  `tax_percent` decimal(12,4) DEFAULT '0.0000',
  `tax_amount` decimal(12,4) DEFAULT '0.0000',
  `base_tax_amount` decimal(12,4) DEFAULT '0.0000',
  `discount_percent` decimal(12,4) NOT NULL DEFAULT '0.0000',
  `discount_amount` decimal(12,4) NOT NULL DEFAULT '0.0000',
  `base_discount_amount` decimal(12,4) NOT NULL DEFAULT '0.0000',
  `additional` longtext CHARACTER SET utf8mb4 COLLATE utf8mb4_bin,
  `parent_id` int unsigned DEFAULT NULL,
  `product_id` int unsigned NOT NULL,
  `cart_id` int unsigned NOT NULL,
  `tax_category_id` int unsigned DEFAULT NULL,
  `created_at` timestamp NULL DEFAULT NULL,
  `updated_at` timestamp NULL DEFAULT NULL,
  `custom_price` decimal(12,4) DEFAULT NULL,
  `applied_cart_rule_ids` varchar(191) CHARACTER SET utf8mb4 COLLATE utf8mb4_unicode_ci DEFAULT NULL,
  PRIMARY KEY (`id`),
  KEY `cart_items_product_id_foreign` (`product_id`),
  KEY `cart_items_cart_id_foreign` (`cart_id`),
  KEY `cart_items_tax_category_id_foreign` (`tax_category_id`),
  KEY `cart_items_parent_id_foreign` (`parent_id`),
  CONSTRAINT `cart_items_cart_id_foreign` FOREIGN KEY (`cart_id`) REFERENCES `cart` (`id`) ON DELETE CASCADE,
  CONSTRAINT `cart_items_parent_id_foreign` FOREIGN KEY (`parent_id`) REFERENCES `cart_items` (`id`) ON DELETE CASCADE,
  CONSTRAINT `cart_items_product_id_foreign` FOREIGN KEY (`product_id`) REFERENCES `products` (`id`) ON DELETE CASCADE,
  CONSTRAINT `cart_items_tax_category_id_foreign` FOREIGN KEY (`tax_category_id`) REFERENCES `tax_categories` (`id`)
) ENGINE=InnoDB AUTO_INCREMENT=59 DEFAULT CHARSET=utf8mb4 COLLATE=utf8mb4_unicode_ci ROW_FORMAT=DYNAMIC;
/*!40101 SET character_set_client = @saved_cs_client */;

--
-- Dumping data for table `cart_items`
--

LOCK TABLES `cart_items` WRITE;
/*!40000 ALTER TABLE `cart_items` DISABLE KEYS */;
INSERT INTO `cart_items` VALUES (1,1,'mo-1001','configurable','Abdominal Belt',NULL,0.0000,0.0000,0.0000,669.0000,669.0000,669.0000,669.0000,0.0000,0.0000,0.0000,0.0000,0.0000,0.0000,'{\"is_buy_now\":\"0\",\"_token\":\"ECcxR5otitfXNinNr0QsjX7eNoNWmCXJmRogUcaT\",\"product_id\":\"17\",\"zipcode\":\"\",\"quantity\":\"1\",\"selected_configurable_option\":\"19\",\"super_attribute\":{\"23\":\"22\",\"24\":\"7\"},\"status\":0,\"attributes\":{\"color\":{\"attribute_name\":\"Color\",\"option_id\":22,\"option_label\":\"Grey\"},\"size\":{\"attribute_name\":\"Size\",\"option_id\":7,\"option_label\":\"M\"}}}',NULL,17,2,NULL,'2021-08-10 18:21:34','2021-08-10 18:21:34',NULL,''),(2,0,'mo-1001-variant-22-7','simple','Abdominal Belt',NULL,0.0000,0.0000,0.0000,1.0000,0.0000,0.0000,0.0000,0.0000,0.0000,0.0000,0.0000,0.0000,0.0000,'{\"product_id\":19,\"parent_id\":17}',1,19,2,NULL,'2021-08-10 18:21:34','2021-08-10 18:21:34',NULL,NULL),(7,1,'mo-1007','configurable','Taylor Brace',NULL,0.0000,0.0000,0.0000,1828.0000,1828.0000,1828.0000,1828.0000,0.0000,0.0000,0.0000,0.0000,0.0000,0.0000,'{\"is_buy_now\":\"0\",\"_token\":\"nBiHFog0bhOlNWvAOqWBJqetOj63wlgvcZ6Lxn6m\",\"product_id\":\"92\",\"zipcode\":\"\",\"quantity\":\"1\",\"selected_configurable_option\":\"93\",\"super_attribute\":{\"23\":\"22\",\"24\":\"6\"},\"status\":0,\"attributes\":{\"color\":{\"attribute_name\":\"Color\",\"option_id\":22,\"option_label\":\"Grey\"},\"size\":{\"attribute_name\":\"Size\",\"option_id\":6,\"option_label\":\"S\"}}}',NULL,92,10,NULL,'2021-08-23 19:55:21','2021-08-23 19:55:36',NULL,''),(8,0,'mo-1007-variant-22-6','simple','Taylor Brace',NULL,0.0000,0.0000,0.0000,1.0000,0.0000,0.0000,0.0000,0.0000,0.0000,0.0000,0.0000,0.0000,0.0000,'{\"product_id\":93,\"parent_id\":92}',7,93,10,NULL,'2021-08-23 19:55:21','2021-08-23 19:55:21',NULL,NULL),(23,1,'mo-1003','configurable','Lumbo Sacral Comfort Belt',NULL,0.0000,0.0000,0.0000,749.0000,749.0000,749.0000,749.0000,5.0000,37.4500,37.4500,0.0000,0.0000,0.0000,'{\"is_buy_now\":\"0\",\"_token\":\"iCRp8hK7p5VhsjT0ZvPMaXfuUYqVwR9z0LzZ95Nt\",\"product_id\":\"68\",\"zipcode\":\"\",\"quantity\":\"1\",\"selected_configurable_option\":\"69\",\"super_attribute\":{\"23\":\"22\",\"24\":\"6\"},\"status\":0,\"attributes\":{\"color\":{\"attribute_name\":\"Color\",\"option_id\":22,\"option_label\":\"Grey\"},\"size\":{\"attribute_name\":\"Size\",\"option_id\":6,\"option_label\":\"S\"}}}',NULL,68,18,NULL,'2021-08-25 20:27:53','2021-08-25 20:28:11',NULL,''),(24,0,'mo-1003-variant-22-6','simple','Lumbo Sacral Comfort Belt',NULL,0.0000,0.0000,0.0000,1.0000,0.0000,0.0000,0.0000,0.0000,0.0000,0.0000,0.0000,0.0000,0.0000,'{\"product_id\":69,\"parent_id\":68}',23,69,18,NULL,'2021-08-25 20:27:53','2021-08-25 20:27:53',NULL,NULL),(25,9,'mo-1009','configurable','Pelvic Binder',NULL,0.0000,0.0000,0.0000,590.0000,590.0000,5310.0000,5310.0000,5.0000,265.5000,265.5000,2.0000,111.5100,111.5100,'{\"is_buy_now\":\"0\",\"_token\":\"XjKtrKfcATmzHKRaBWnRFmhdO3RI3hSVOySAGDuZ\",\"product_id\":\"104\",\"zipcode\":\"\",\"quantity\":\"2\",\"selected_configurable_option\":\"105\",\"super_attribute\":{\"23\":\"22\",\"24\":\"6\"},\"status\":0,\"attributes\":{\"color\":{\"attribute_name\":\"Color\",\"option_id\":22,\"option_label\":\"Grey\"},\"size\":{\"attribute_name\":\"Size\",\"option_id\":6,\"option_label\":\"S\"}}}',NULL,104,20,NULL,'2021-08-26 13:52:45','2021-08-27 19:50:54',NULL,'8'),(26,0,'mo-1009-variant-22-6','simple','Pelvic Binder',NULL,0.0000,0.0000,0.0000,1.0000,0.0000,0.0000,0.0000,0.0000,0.0000,0.0000,0.0000,0.0000,0.0000,'{\"product_id\":105,\"parent_id\":104}',25,105,20,NULL,'2021-08-26 13:52:45','2021-08-26 13:52:45',NULL,NULL),(31,1,'mo-1003','configurable','Lumbo Sacral Comfort Belt',NULL,0.0000,0.0000,0.0000,749.0000,749.0000,749.0000,749.0000,5.0000,37.4500,37.4500,2.0000,15.7290,15.7290,'{\"is_buy_now\":\"0\",\"_token\":\"HgPu5dSrM0wTdQjVbAHj7d1msdClAQXsYaoScNGR\",\"product_id\":\"68\",\"zipcode\":\"396125\",\"quantity\":\"1\",\"selected_configurable_option\":\"69\",\"super_attribute\":{\"23\":\"22\",\"24\":\"6\"},\"status\":0,\"attributes\":{\"color\":{\"attribute_name\":\"Color\",\"option_id\":22,\"option_label\":\"Grey\"},\"size\":{\"attribute_name\":\"Size\",\"option_id\":6,\"option_label\":\"S\"}}}',NULL,68,20,NULL,'2021-08-26 17:48:56','2021-08-27 19:50:54',NULL,'8'),(32,0,'mo-1003-variant-22-6','simple','Lumbo Sacral Comfort Belt',NULL,0.0000,0.0000,0.0000,1.0000,0.0000,0.0000,0.0000,0.0000,0.0000,0.0000,0.0000,0.0000,0.0000,'{\"product_id\":69,\"parent_id\":68}',31,69,20,NULL,'2021-08-26 17:48:56','2021-08-26 17:48:56',NULL,NULL),(33,4,'zpdfm3ec','configurable','C-Cure 3 Ply Elastic Mask for Child 50Pcs./Box ',NULL,0.0000,0.0000,0.0000,300.0000,300.0000,1200.0000,1200.0000,0.0000,0.0000,0.0000,0.0000,0.0000,0.0000,'{\"is_buy_now\":\"0\",\"_token\":\"dnf8Gq3QbGYp2DRThFZuFxP4ksSYO6FOSWMlTkTW\",\"product_id\":\"185\",\"zipcode\":\"\",\"quantity\":\"4\",\"selected_configurable_option\":\"186\",\"super_attribute\":{\"23\":\"5\"},\"status\":0,\"attributes\":{\"color\":{\"attribute_name\":\"Color\",\"option_id\":5,\"option_label\":\"White\"}}}',NULL,185,26,NULL,'2021-08-27 12:58:52','2021-08-27 12:59:36',NULL,''),(34,0,'zpdfm3ec-variant-5','simple','C-Cure 3 Ply Elastic Mask for Child 50Pcs./Box ',NULL,0.0000,0.0000,0.0000,1.0000,0.0000,0.0000,0.0000,0.0000,0.0000,0.0000,0.0000,0.0000,0.0000,'{\"product_id\":186,\"parent_id\":185}',33,186,26,NULL,'2021-08-27 12:58:52','2021-08-27 12:58:52',NULL,NULL),(47,3,'mo-4002','configurable','Hinged knee brace with Open Patella',NULL,0.0000,0.0000,0.0000,420.0000,420.0000,1260.0000,1260.0000,5.0000,42.0000,42.0000,2.0000,17.6400,17.6400,'{\"is_buy_now\":\"0\",\"_token\":\"Nq60CZl4EHnlDK5RdmAk1oh8HaTWvY7jDq7oLsSE\",\"product_id\":\"175\",\"zipcode\":\"\",\"quantity\":3,\"selected_configurable_option\":\"177\",\"super_attribute\":{\"23\":\"22\",\"24\":\"7\"},\"status\":0,\"attributes\":{\"color\":{\"attribute_name\":\"Color\",\"option_id\":22,\"option_label\":\"Grey\"},\"size\":{\"attribute_name\":\"Size\",\"option_id\":7,\"option_label\":\"M\"}}}',NULL,175,20,NULL,'2021-08-27 14:59:56','2021-08-27 19:50:54',NULL,'8'),(48,0,'mo-4002-variant-22-7','simple','Hinged knee brace with Open Patella',NULL,0.0000,0.0000,0.0000,1.0000,0.0000,0.0000,0.0000,0.0000,0.0000,0.0000,0.0000,0.0000,0.0000,'{\"product_id\":177,\"parent_id\":175}',47,177,20,NULL,'2021-08-27 14:59:56','2021-08-27 14:59:56',NULL,NULL),(49,1,'mo-1002','configurable','Lumbo Sacral Support Belt with Double Strapping',NULL,0.0000,0.0000,0.0000,749.0000,749.0000,749.0000,749.0000,0.0000,0.0000,0.0000,0.0000,0.0000,0.0000,'{\"is_buy_now\":\"0\",\"_token\":\"Nq60CZl4EHnlDK5RdmAk1oh8HaTWvY7jDq7oLsSE\",\"product_id\":\"62\",\"zipcode\":\"\",\"quantity\":\"1\",\"selected_configurable_option\":\"63\",\"super_attribute\":{\"23\":\"22\",\"24\":\"6\"},\"status\":0,\"attributes\":{\"color\":{\"attribute_name\":\"Color\",\"option_id\":22,\"option_label\":\"Grey\"},\"size\":{\"attribute_name\":\"Size\",\"option_id\":6,\"option_label\":\"S\"}}}',NULL,62,32,NULL,'2021-08-27 19:48:25','2021-08-27 19:50:40',NULL,''),(50,0,'mo-1002-variant-22-6','simple','Lumbo Sacral Support Belt with Double Strapping',NULL,0.0000,0.0000,0.0000,1.0000,0.0000,0.0000,0.0000,0.0000,0.0000,0.0000,0.0000,0.0000,0.0000,'{\"product_id\":63,\"parent_id\":62}',49,63,32,NULL,'2021-08-27 19:48:25','2021-08-27 19:48:25',NULL,NULL),(51,1,'mo-4002','configurable','Hinged knee brace with Open Patella',NULL,0.0000,0.0000,0.0000,420.0000,420.0000,420.0000,420.0000,0.0000,0.0000,0.0000,0.0000,0.0000,0.0000,'{\"is_buy_now\":\"0\",\"_token\":\"Nq60CZl4EHnlDK5RdmAk1oh8HaTWvY7jDq7oLsSE\",\"product_id\":\"175\",\"zipcode\":\"\",\"quantity\":\"1\",\"selected_configurable_option\":\"177\",\"super_attribute\":{\"23\":\"22\",\"24\":\"7\"},\"status\":0,\"attributes\":{\"color\":{\"attribute_name\":\"Color\",\"option_id\":22,\"option_label\":\"Grey\"},\"size\":{\"attribute_name\":\"Size\",\"option_id\":7,\"option_label\":\"M\"}}}',NULL,175,32,NULL,'2021-08-27 19:50:40','2021-08-27 19:50:40',NULL,''),(52,0,'mo-4002-variant-22-7','simple','Hinged knee brace with Open Patella',NULL,0.0000,0.0000,0.0000,1.0000,0.0000,0.0000,0.0000,0.0000,0.0000,0.0000,0.0000,0.0000,0.0000,'{\"product_id\":177,\"parent_id\":175}',51,177,32,NULL,'2021-08-27 19:50:40','2021-08-27 19:50:40',NULL,NULL),(53,1,'mo-1002','configurable','Lumbo Sacral Support Belt with Double Strapping',NULL,0.0000,0.0000,0.0000,749.0000,749.0000,749.0000,749.0000,5.0000,37.4500,37.4500,2.0000,14.9800,14.9800,'{\"is_buy_now\":\"0\",\"_token\":\"Nq60CZl4EHnlDK5RdmAk1oh8HaTWvY7jDq7oLsSE\",\"product_id\":\"62\",\"zipcode\":\"\",\"quantity\":\"1\",\"selected_configurable_option\":\"63\",\"super_attribute\":{\"23\":\"22\",\"24\":\"6\"},\"status\":0,\"attributes\":{\"color\":{\"attribute_name\":\"Color\",\"option_id\":22,\"option_label\":\"Grey\"},\"size\":{\"attribute_name\":\"Size\",\"option_id\":6,\"option_label\":\"S\"}}}',NULL,62,20,NULL,'2021-08-27 19:50:53','2021-08-27 19:50:54',NULL,'8'),(54,0,'mo-1002-variant-22-6','simple','Lumbo Sacral Support Belt with Double Strapping',NULL,0.0000,0.0000,0.0000,1.0000,0.0000,0.0000,0.0000,0.0000,0.0000,0.0000,0.0000,0.0000,0.0000,'{\"product_id\":63,\"parent_id\":62}',53,63,20,NULL,'2021-08-27 19:50:53','2021-08-27 19:50:53',NULL,NULL),(55,1,'mo-1001','configurable','Abdominal Belt',NULL,0.0000,0.0000,0.0000,669.0000,669.0000,669.0000,669.0000,0.0000,0.0000,0.0000,0.0000,0.0000,0.0000,'{\"is_buy_now\":\"0\",\"_token\":\"p5T2CmrVNQq05SdEtCc8JX24AENciqpZpWgI19h5\",\"product_id\":\"17\",\"zipcode\":\"\",\"quantity\":\"1\",\"selected_configurable_option\":\"18\",\"super_attribute\":{\"23\":\"22\",\"24\":\"6\"},\"status\":0,\"attributes\":{\"color\":{\"attribute_name\":\"Color\",\"option_id\":22,\"option_label\":\"Grey\"},\"size\":{\"attribute_name\":\"Size\",\"option_id\":6,\"option_label\":\"S\"}}}',NULL,17,33,NULL,'2021-08-31 11:38:05','2021-08-31 11:38:05',NULL,''),(56,0,'mo-1001-variant-22-6','simple','Abdominal Belt',NULL,0.0000,0.0000,0.0000,1.0000,0.0000,0.0000,0.0000,0.0000,0.0000,0.0000,0.0000,0.0000,0.0000,'{\"product_id\":18,\"parent_id\":17}',55,18,33,NULL,'2021-08-31 11:38:05','2021-08-31 11:38:05',NULL,NULL),(57,1,'zpdfmn95','configurable','C-Cure ISI marked N95 Respirator Disposable Face Mask (Pack of 50Pcs.)',NULL,0.0000,0.0000,0.0000,3250.0000,3250.0000,3250.0000,3250.0000,0.0000,0.0000,0.0000,0.0000,0.0000,0.0000,'{\"is_buy_now\":\"0\",\"_token\":\"9yo0nkp1H6TM24QUFvATF9ZeHPYZ7YKPZwOnczeW\",\"product_id\":\"188\",\"zipcode\":\"\",\"quantity\":\"1\",\"selected_configurable_option\":\"189\",\"super_attribute\":{\"23\":\"5\"},\"status\":0,\"attributes\":{\"color\":{\"attribute_name\":\"Color\",\"option_id\":5,\"option_label\":\"White\"}}}',NULL,188,34,NULL,'2021-08-31 12:43:44','2021-08-31 12:43:44',NULL,''),(58,0,'zpdfmn95-variant-5','simple','C-Cure ISI marked N95 Respirator Disposable Face Mask (Pack of 50Pcs.)',NULL,0.0000,0.0000,0.0000,1.0000,0.0000,0.0000,0.0000,0.0000,0.0000,0.0000,0.0000,0.0000,0.0000,'{\"product_id\":189,\"parent_id\":188}',57,189,34,NULL,'2021-08-31 12:43:44','2021-08-31 12:43:44',NULL,NULL);
/*!40000 ALTER TABLE `cart_items` ENABLE KEYS */;
UNLOCK TABLES;

--
-- Table structure for table `cart_payment`
--

DROP TABLE IF EXISTS `cart_payment`;
/*!40101 SET @saved_cs_client     = @@character_set_client */;
/*!50503 SET character_set_client = utf8mb4 */;
CREATE TABLE `cart_payment` (
  `id` int unsigned NOT NULL AUTO_INCREMENT,
  `method` varchar(191) CHARACTER SET utf8mb4 COLLATE utf8mb4_unicode_ci NOT NULL,
  `method_title` varchar(191) CHARACTER SET utf8mb4 COLLATE utf8mb4_unicode_ci DEFAULT NULL,
  `cart_id` int unsigned DEFAULT NULL,
  `created_at` timestamp NULL DEFAULT NULL,
  `updated_at` timestamp NULL DEFAULT NULL,
  PRIMARY KEY (`id`),
  KEY `cart_payment_cart_id_foreign` (`cart_id`),
  CONSTRAINT `cart_payment_cart_id_foreign` FOREIGN KEY (`cart_id`) REFERENCES `cart` (`id`) ON DELETE CASCADE
) ENGINE=InnoDB AUTO_INCREMENT=119 DEFAULT CHARSET=utf8mb4 COLLATE=utf8mb4_unicode_ci ROW_FORMAT=DYNAMIC;
/*!40101 SET character_set_client = @saved_cs_client */;

--
-- Dumping data for table `cart_payment`
--

LOCK TABLES `cart_payment` WRITE;
/*!40000 ALTER TABLE `cart_payment` DISABLE KEYS */;
INSERT INTO `cart_payment` VALUES (118,'cashondelivery',NULL,26,'2021-08-27 12:59:23','2021-08-27 12:59:23');
/*!40000 ALTER TABLE `cart_payment` ENABLE KEYS */;
UNLOCK TABLES;

--
-- Table structure for table `cart_rule_channels`
--

DROP TABLE IF EXISTS `cart_rule_channels`;
/*!40101 SET @saved_cs_client     = @@character_set_client */;
/*!50503 SET character_set_client = utf8mb4 */;
CREATE TABLE `cart_rule_channels` (
  `cart_rule_id` int unsigned NOT NULL,
  `channel_id` int unsigned NOT NULL,
  PRIMARY KEY (`cart_rule_id`,`channel_id`),
  KEY `cart_rule_channels_channel_id_foreign` (`channel_id`),
  CONSTRAINT `cart_rule_channels_cart_rule_id_foreign` FOREIGN KEY (`cart_rule_id`) REFERENCES `cart_rules` (`id`) ON DELETE CASCADE,
  CONSTRAINT `cart_rule_channels_channel_id_foreign` FOREIGN KEY (`channel_id`) REFERENCES `channels` (`id`) ON DELETE CASCADE
) ENGINE=InnoDB DEFAULT CHARSET=utf8mb4 COLLATE=utf8mb4_unicode_ci ROW_FORMAT=DYNAMIC;
/*!40101 SET character_set_client = @saved_cs_client */;

--
-- Dumping data for table `cart_rule_channels`
--

LOCK TABLES `cart_rule_channels` WRITE;
/*!40000 ALTER TABLE `cart_rule_channels` DISABLE KEYS */;
INSERT INTO `cart_rule_channels` VALUES (1,1),(2,1),(3,1),(4,1),(5,1),(6,1),(7,1),(8,1);
/*!40000 ALTER TABLE `cart_rule_channels` ENABLE KEYS */;
UNLOCK TABLES;

--
-- Table structure for table `cart_rule_coupon_usage`
--

DROP TABLE IF EXISTS `cart_rule_coupon_usage`;
/*!40101 SET @saved_cs_client     = @@character_set_client */;
/*!50503 SET character_set_client = utf8mb4 */;
CREATE TABLE `cart_rule_coupon_usage` (
  `id` int unsigned NOT NULL AUTO_INCREMENT,
  `times_used` int NOT NULL DEFAULT '0',
  `cart_rule_coupon_id` int unsigned NOT NULL,
  `customer_id` int unsigned NOT NULL,
  PRIMARY KEY (`id`),
  KEY `cart_rule_coupon_usage_cart_rule_coupon_id_foreign` (`cart_rule_coupon_id`),
  KEY `cart_rule_coupon_usage_customer_id_foreign` (`customer_id`),
  CONSTRAINT `cart_rule_coupon_usage_cart_rule_coupon_id_foreign` FOREIGN KEY (`cart_rule_coupon_id`) REFERENCES `cart_rule_coupons` (`id`) ON DELETE CASCADE,
  CONSTRAINT `cart_rule_coupon_usage_customer_id_foreign` FOREIGN KEY (`customer_id`) REFERENCES `customers` (`id`) ON DELETE CASCADE
) ENGINE=InnoDB DEFAULT CHARSET=utf8mb4 COLLATE=utf8mb4_unicode_ci ROW_FORMAT=DYNAMIC;
/*!40101 SET character_set_client = @saved_cs_client */;

--
-- Dumping data for table `cart_rule_coupon_usage`
--

LOCK TABLES `cart_rule_coupon_usage` WRITE;
/*!40000 ALTER TABLE `cart_rule_coupon_usage` DISABLE KEYS */;
/*!40000 ALTER TABLE `cart_rule_coupon_usage` ENABLE KEYS */;
UNLOCK TABLES;

--
-- Table structure for table `cart_rule_coupons`
--

DROP TABLE IF EXISTS `cart_rule_coupons`;
/*!40101 SET @saved_cs_client     = @@character_set_client */;
/*!50503 SET character_set_client = utf8mb4 */;
CREATE TABLE `cart_rule_coupons` (
  `id` int unsigned NOT NULL AUTO_INCREMENT,
  `code` varchar(191) CHARACTER SET utf8mb4 COLLATE utf8mb4_unicode_ci DEFAULT NULL,
  `usage_limit` int unsigned NOT NULL DEFAULT '0',
  `usage_per_customer` int unsigned NOT NULL DEFAULT '0',
  `times_used` int unsigned NOT NULL DEFAULT '0',
  `type` int unsigned NOT NULL DEFAULT '0',
  `is_primary` tinyint(1) NOT NULL DEFAULT '0',
  `expired_at` date DEFAULT NULL,
  `cart_rule_id` int unsigned NOT NULL,
  `created_at` timestamp NULL DEFAULT NULL,
  `updated_at` timestamp NULL DEFAULT NULL,
  PRIMARY KEY (`id`),
  KEY `cart_rule_coupons_cart_rule_id_foreign` (`cart_rule_id`),
  CONSTRAINT `cart_rule_coupons_cart_rule_id_foreign` FOREIGN KEY (`cart_rule_id`) REFERENCES `cart_rules` (`id`) ON DELETE CASCADE
) ENGINE=InnoDB DEFAULT CHARSET=utf8mb4 COLLATE=utf8mb4_unicode_ci ROW_FORMAT=DYNAMIC;
/*!40101 SET character_set_client = @saved_cs_client */;

--
-- Dumping data for table `cart_rule_coupons`
--

LOCK TABLES `cart_rule_coupons` WRITE;
/*!40000 ALTER TABLE `cart_rule_coupons` DISABLE KEYS */;
/*!40000 ALTER TABLE `cart_rule_coupons` ENABLE KEYS */;
UNLOCK TABLES;

--
-- Table structure for table `cart_rule_customer_groups`
--

DROP TABLE IF EXISTS `cart_rule_customer_groups`;
/*!40101 SET @saved_cs_client     = @@character_set_client */;
/*!50503 SET character_set_client = utf8mb4 */;
CREATE TABLE `cart_rule_customer_groups` (
  `cart_rule_id` int unsigned NOT NULL,
  `customer_group_id` int unsigned NOT NULL,
  PRIMARY KEY (`cart_rule_id`,`customer_group_id`),
  KEY `cart_rule_customer_groups_customer_group_id_foreign` (`customer_group_id`),
  CONSTRAINT `cart_rule_customer_groups_cart_rule_id_foreign` FOREIGN KEY (`cart_rule_id`) REFERENCES `cart_rules` (`id`) ON DELETE CASCADE,
  CONSTRAINT `cart_rule_customer_groups_customer_group_id_foreign` FOREIGN KEY (`customer_group_id`) REFERENCES `customer_groups` (`id`) ON DELETE CASCADE
) ENGINE=InnoDB DEFAULT CHARSET=utf8mb4 COLLATE=utf8mb4_unicode_ci ROW_FORMAT=DYNAMIC;
/*!40101 SET character_set_client = @saved_cs_client */;

--
-- Dumping data for table `cart_rule_customer_groups`
--

LOCK TABLES `cart_rule_customer_groups` WRITE;
/*!40000 ALTER TABLE `cart_rule_customer_groups` DISABLE KEYS */;
INSERT INTO `cart_rule_customer_groups` VALUES (7,1),(1,2),(2,2),(3,2),(4,2),(5,2),(6,2),(7,2),(8,2),(1,3),(2,3),(3,3),(4,3),(5,3),(6,3),(7,3);
/*!40000 ALTER TABLE `cart_rule_customer_groups` ENABLE KEYS */;
UNLOCK TABLES;

--
-- Table structure for table `cart_rule_customers`
--

DROP TABLE IF EXISTS `cart_rule_customers`;
/*!40101 SET @saved_cs_client     = @@character_set_client */;
/*!50503 SET character_set_client = utf8mb4 */;
CREATE TABLE `cart_rule_customers` (
  `id` int unsigned NOT NULL AUTO_INCREMENT,
  `times_used` bigint unsigned NOT NULL DEFAULT '0',
  `cart_rule_id` int unsigned NOT NULL,
  `customer_id` int unsigned NOT NULL,
  PRIMARY KEY (`id`),
  KEY `cart_rule_customers_cart_rule_id_foreign` (`cart_rule_id`),
  KEY `cart_rule_customers_customer_id_foreign` (`customer_id`),
  CONSTRAINT `cart_rule_customers_cart_rule_id_foreign` FOREIGN KEY (`cart_rule_id`) REFERENCES `cart_rules` (`id`) ON DELETE CASCADE,
  CONSTRAINT `cart_rule_customers_customer_id_foreign` FOREIGN KEY (`customer_id`) REFERENCES `customers` (`id`) ON DELETE CASCADE
) ENGINE=InnoDB DEFAULT CHARSET=utf8mb4 COLLATE=utf8mb4_unicode_ci ROW_FORMAT=DYNAMIC;
/*!40101 SET character_set_client = @saved_cs_client */;

--
-- Dumping data for table `cart_rule_customers`
--

LOCK TABLES `cart_rule_customers` WRITE;
/*!40000 ALTER TABLE `cart_rule_customers` DISABLE KEYS */;
/*!40000 ALTER TABLE `cart_rule_customers` ENABLE KEYS */;
UNLOCK TABLES;

--
-- Table structure for table `cart_rule_translations`
--

DROP TABLE IF EXISTS `cart_rule_translations`;
/*!40101 SET @saved_cs_client     = @@character_set_client */;
/*!50503 SET character_set_client = utf8mb4 */;
CREATE TABLE `cart_rule_translations` (
  `id` int unsigned NOT NULL AUTO_INCREMENT,
  `locale` varchar(191) CHARACTER SET utf8mb4 COLLATE utf8mb4_unicode_ci NOT NULL,
  `label` text CHARACTER SET utf8mb4 COLLATE utf8mb4_unicode_ci,
  `cart_rule_id` int unsigned NOT NULL,
  PRIMARY KEY (`id`),
  UNIQUE KEY `cart_rule_translations_cart_rule_id_locale_unique` (`cart_rule_id`,`locale`),
  CONSTRAINT `cart_rule_translations_cart_rule_id_foreign` FOREIGN KEY (`cart_rule_id`) REFERENCES `cart_rules` (`id`) ON DELETE CASCADE
) ENGINE=InnoDB DEFAULT CHARSET=utf8mb4 COLLATE=utf8mb4_unicode_ci ROW_FORMAT=DYNAMIC;
/*!40101 SET character_set_client = @saved_cs_client */;

--
-- Dumping data for table `cart_rule_translations`
--

LOCK TABLES `cart_rule_translations` WRITE;
/*!40000 ALTER TABLE `cart_rule_translations` DISABLE KEYS */;
/*!40000 ALTER TABLE `cart_rule_translations` ENABLE KEYS */;
UNLOCK TABLES;

--
-- Table structure for table `cart_rules`
--

DROP TABLE IF EXISTS `cart_rules`;
/*!40101 SET @saved_cs_client     = @@character_set_client */;
/*!50503 SET character_set_client = utf8mb4 */;
CREATE TABLE `cart_rules` (
  `id` int unsigned NOT NULL AUTO_INCREMENT,
  `name` varchar(191) CHARACTER SET utf8mb4 COLLATE utf8mb4_unicode_ci DEFAULT NULL,
  `description` varchar(191) CHARACTER SET utf8mb4 COLLATE utf8mb4_unicode_ci DEFAULT NULL,
  `starts_from` datetime DEFAULT NULL,
  `ends_till` datetime DEFAULT NULL,
  `status` tinyint(1) NOT NULL DEFAULT '0',
  `coupon_type` int NOT NULL DEFAULT '1',
  `use_auto_generation` tinyint(1) NOT NULL DEFAULT '0',
  `usage_per_customer` int NOT NULL DEFAULT '0',
  `uses_per_coupon` int NOT NULL DEFAULT '0',
  `times_used` int unsigned NOT NULL DEFAULT '0',
  `condition_type` tinyint(1) NOT NULL DEFAULT '1',
  `conditions` longtext CHARACTER SET utf8mb4 COLLATE utf8mb4_bin,
  `end_other_rules` tinyint(1) NOT NULL DEFAULT '0',
  `uses_attribute_conditions` tinyint(1) NOT NULL DEFAULT '0',
  `action_type` varchar(191) CHARACTER SET utf8mb4 COLLATE utf8mb4_unicode_ci DEFAULT NULL,
  `discount_amount` decimal(12,4) NOT NULL DEFAULT '0.0000',
  `discount_quantity` int NOT NULL DEFAULT '1',
  `discount_step` varchar(191) CHARACTER SET utf8mb4 COLLATE utf8mb4_unicode_ci NOT NULL DEFAULT '1',
  `apply_to_shipping` tinyint(1) NOT NULL DEFAULT '0',
  `free_shipping` tinyint(1) NOT NULL DEFAULT '0',
  `sort_order` int unsigned NOT NULL DEFAULT '0',
  `created_at` timestamp NULL DEFAULT NULL,
  `updated_at` timestamp NULL DEFAULT NULL,
  PRIMARY KEY (`id`)
) ENGINE=InnoDB AUTO_INCREMENT=9 DEFAULT CHARSET=utf8mb4 COLLATE=utf8mb4_unicode_ci ROW_FORMAT=DYNAMIC;
/*!40101 SET character_set_client = @saved_cs_client */;

--
-- Dumping data for table `cart_rules`
--

LOCK TABLES `cart_rules` WRITE;
/*!40000 ALTER TABLE `cart_rules` DISABLE KEYS */;
INSERT INTO `cart_rules` VALUES (1,'2%  if Qty >= 3500 Piece','2%  if Qty >= 3500 Piece',NULL,NULL,1,0,0,0,0,0,1,'[{\"attribute\":\"cart_item|quantity\",\"operator\":\">=\",\"attribute_type\":\"integer\",\"value\":\"3500\"},{\"attribute\":\"cart_item|quantity\",\"operator\":\"<=\",\"attribute_type\":\"integer\",\"value\":\"7999\"}]',0,0,'by_percent',2.0000,7999,'0',0,0,1,'2021-04-08 22:56:56','2021-04-12 06:33:59'),(2,'3%  if Qty >= 8000 Piece','3%  if Qty >= 8000 Piece',NULL,NULL,1,0,0,0,0,0,1,'[{\"attribute\":\"cart_item|quantity\",\"operator\":\">=\",\"attribute_type\":\"integer\",\"value\":\"8000\"},{\"attribute\":\"cart_item|quantity\",\"operator\":\"<=\",\"attribute_type\":\"integer\",\"value\":\"12999\"}]',0,0,'by_percent',3.0000,12999,'0',0,0,1,'2021-04-08 22:59:07','2021-04-12 06:33:19'),(3,'4% if Qty >= 13000 Piece','4% if Qty >= 13000 Piece',NULL,NULL,1,0,0,0,0,0,1,'[{\"attribute\":\"cart_item|quantity\",\"operator\":\">=\",\"attribute_type\":\"integer\",\"value\":\"13000\"}]',0,0,'by_percent',4.0000,0,'0',0,0,1,'2021-04-08 23:01:33','2021-04-08 23:01:33'),(4,'2% if Purchase >= 25,000.00','2% if Purchase >= 25,000.00',NULL,NULL,1,0,0,0,0,0,1,'[{\"attribute\":\"cart_item|base_total\",\"operator\":\">=\",\"attribute_type\":\"price\",\"value\":\"25000\"},{\"attribute\":\"cart_item|base_total\",\"operator\":\"<=\",\"attribute_type\":\"price\",\"value\":\"49999\"}]',0,0,'by_percent',2.0000,0,'0',0,0,1,'2021-04-08 23:05:40','2021-04-12 04:40:17'),(5,'3% if Purchase >= 50,000.00','3% if Purchase >= 50,000.00',NULL,NULL,1,0,0,0,0,0,1,'[{\"attribute\":\"cart_item|base_total\",\"operator\":\">=\",\"attribute_type\":\"price\",\"value\":\"50000\"},{\"attribute\":\"cart_item|base_total\",\"operator\":\"<=\",\"attribute_type\":\"price\",\"value\":\"74999\"}]',0,0,'by_percent',3.0000,0,'0',0,0,1,'2021-04-08 23:07:55','2021-04-12 04:40:04'),(6,'4% if Purchase >= 150000','4% if Purchase >= 150000',NULL,NULL,1,0,0,0,0,0,1,'[{\"attribute\":\"cart_item|base_total\",\"operator\":\">=\",\"attribute_type\":\"price\",\"value\":\"150000\"}]',0,0,'by_percent',4.0000,0,'0',0,0,1,'2021-04-08 23:10:46','2021-08-27 12:04:14'),(7,'Free Delivery','Free Delivery',NULL,NULL,0,0,0,0,0,0,1,'[{\"attribute\":\"cart_item|base_total\",\"operator\":\">=\",\"attribute_type\":\"price\",\"value\":\"500\"}]',0,0,'by_percent',0.0000,0,'0',0,1,1,'2021-04-19 11:08:12','2021-06-12 03:01:35'),(8,'10%','face mask ',NULL,NULL,0,0,0,0,0,0,1,'[]',0,0,'by_percent',2.0000,100,'0',0,0,1,'2021-08-26 20:37:52','2021-08-27 20:02:25');
/*!40000 ALTER TABLE `cart_rules` ENABLE KEYS */;
UNLOCK TABLES;

--
-- Table structure for table `cart_shipping_rates`
--

DROP TABLE IF EXISTS `cart_shipping_rates`;
/*!40101 SET @saved_cs_client     = @@character_set_client */;
/*!50503 SET character_set_client = utf8mb4 */;
CREATE TABLE `cart_shipping_rates` (
  `id` int unsigned NOT NULL AUTO_INCREMENT,
  `carrier` varchar(191) CHARACTER SET utf8mb4 COLLATE utf8mb4_unicode_ci NOT NULL,
  `carrier_title` varchar(191) CHARACTER SET utf8mb4 COLLATE utf8mb4_unicode_ci NOT NULL,
  `method` varchar(191) CHARACTER SET utf8mb4 COLLATE utf8mb4_unicode_ci NOT NULL,
  `method_title` varchar(191) CHARACTER SET utf8mb4 COLLATE utf8mb4_unicode_ci NOT NULL,
  `method_description` varchar(191) CHARACTER SET utf8mb4 COLLATE utf8mb4_unicode_ci DEFAULT NULL,
  `price` double DEFAULT '0',
  `base_price` double DEFAULT '0',
  `cart_address_id` int unsigned DEFAULT NULL,
  `created_at` timestamp NULL DEFAULT NULL,
  `updated_at` timestamp NULL DEFAULT NULL,
  `discount_amount` decimal(12,4) NOT NULL DEFAULT '0.0000',
  `base_discount_amount` decimal(12,4) NOT NULL DEFAULT '0.0000',
  PRIMARY KEY (`id`),
  KEY `cart_shipping_rates_cart_address_id_foreign` (`cart_address_id`),
  CONSTRAINT `cart_shipping_rates_cart_address_id_foreign` FOREIGN KEY (`cart_address_id`) REFERENCES `addresses` (`id`) ON DELETE CASCADE
) ENGINE=InnoDB AUTO_INCREMENT=34 DEFAULT CHARSET=utf8mb4 COLLATE=utf8mb4_unicode_ci ROW_FORMAT=DYNAMIC;
/*!40101 SET character_set_client = @saved_cs_client */;

--
-- Dumping data for table `cart_shipping_rates`
--

LOCK TABLES `cart_shipping_rates` WRITE;
/*!40000 ALTER TABLE `cart_shipping_rates` DISABLE KEYS */;
INSERT INTO `cart_shipping_rates` VALUES (15,'fedex','FedEx','fedex_fedex','FedEx','FedEx',10,10,17,'2021-08-25 20:28:11','2021-08-25 20:28:11',0.0000,0.0000),(22,'fedex','FedEx','fedex_fedex','FedEx','FedEx',10,10,19,'2021-08-27 12:59:05','2021-08-27 12:59:35',0.0000,0.0000),(33,'fedex','FedEx','fedex_fedex','FedEx','FedEx',10,10,31,'2021-08-27 15:01:17','2021-08-27 15:01:17',0.0000,0.0000);
/*!40000 ALTER TABLE `cart_shipping_rates` ENABLE KEYS */;
UNLOCK TABLES;

--
-- Table structure for table `catalog_rule_channels`
--

DROP TABLE IF EXISTS `catalog_rule_channels`;
/*!40101 SET @saved_cs_client     = @@character_set_client */;
/*!50503 SET character_set_client = utf8mb4 */;
CREATE TABLE `catalog_rule_channels` (
  `catalog_rule_id` int unsigned NOT NULL,
  `channel_id` int unsigned NOT NULL,
  PRIMARY KEY (`catalog_rule_id`,`channel_id`),
  KEY `catalog_rule_channels_channel_id_foreign` (`channel_id`),
  CONSTRAINT `catalog_rule_channels_catalog_rule_id_foreign` FOREIGN KEY (`catalog_rule_id`) REFERENCES `catalog_rules` (`id`) ON DELETE CASCADE,
  CONSTRAINT `catalog_rule_channels_channel_id_foreign` FOREIGN KEY (`channel_id`) REFERENCES `channels` (`id`) ON DELETE CASCADE
) ENGINE=InnoDB DEFAULT CHARSET=utf8mb4 COLLATE=utf8mb4_unicode_ci ROW_FORMAT=DYNAMIC;
/*!40101 SET character_set_client = @saved_cs_client */;

--
-- Dumping data for table `catalog_rule_channels`
--

LOCK TABLES `catalog_rule_channels` WRITE;
/*!40000 ALTER TABLE `catalog_rule_channels` DISABLE KEYS */;
INSERT INTO `catalog_rule_channels` VALUES (1,1),(2,1);
/*!40000 ALTER TABLE `catalog_rule_channels` ENABLE KEYS */;
UNLOCK TABLES;

--
-- Table structure for table `catalog_rule_customer_groups`
--

DROP TABLE IF EXISTS `catalog_rule_customer_groups`;
/*!40101 SET @saved_cs_client     = @@character_set_client */;
/*!50503 SET character_set_client = utf8mb4 */;
CREATE TABLE `catalog_rule_customer_groups` (
  `catalog_rule_id` int unsigned NOT NULL,
  `customer_group_id` int unsigned NOT NULL,
  PRIMARY KEY (`catalog_rule_id`,`customer_group_id`),
  KEY `catalog_rule_customer_groups_customer_group_id_foreign` (`customer_group_id`),
  CONSTRAINT `catalog_rule_customer_groups_catalog_rule_id_foreign` FOREIGN KEY (`catalog_rule_id`) REFERENCES `catalog_rules` (`id`) ON DELETE CASCADE,
  CONSTRAINT `catalog_rule_customer_groups_customer_group_id_foreign` FOREIGN KEY (`customer_group_id`) REFERENCES `customer_groups` (`id`) ON DELETE CASCADE
) ENGINE=InnoDB DEFAULT CHARSET=utf8mb4 COLLATE=utf8mb4_unicode_ci ROW_FORMAT=DYNAMIC;
/*!40101 SET character_set_client = @saved_cs_client */;

--
-- Dumping data for table `catalog_rule_customer_groups`
--

LOCK TABLES `catalog_rule_customer_groups` WRITE;
/*!40000 ALTER TABLE `catalog_rule_customer_groups` DISABLE KEYS */;
INSERT INTO `catalog_rule_customer_groups` VALUES (1,1),(2,1),(1,2),(2,2),(1,3),(2,3);
/*!40000 ALTER TABLE `catalog_rule_customer_groups` ENABLE KEYS */;
UNLOCK TABLES;

--
-- Table structure for table `catalog_rule_product_prices`
--

DROP TABLE IF EXISTS `catalog_rule_product_prices`;
/*!40101 SET @saved_cs_client     = @@character_set_client */;
/*!50503 SET character_set_client = utf8mb4 */;
CREATE TABLE `catalog_rule_product_prices` (
  `id` int unsigned NOT NULL AUTO_INCREMENT,
  `price` decimal(12,4) NOT NULL DEFAULT '0.0000',
  `rule_date` date NOT NULL,
  `starts_from` datetime DEFAULT NULL,
  `ends_till` datetime DEFAULT NULL,
  `product_id` int unsigned NOT NULL,
  `customer_group_id` int unsigned NOT NULL,
  `catalog_rule_id` int unsigned NOT NULL,
  `channel_id` int unsigned NOT NULL,
  PRIMARY KEY (`id`),
  KEY `catalog_rule_product_prices_product_id_foreign` (`product_id`),
  KEY `catalog_rule_product_prices_customer_group_id_foreign` (`customer_group_id`),
  KEY `catalog_rule_product_prices_catalog_rule_id_foreign` (`catalog_rule_id`),
  KEY `catalog_rule_product_prices_channel_id_foreign` (`channel_id`),
  CONSTRAINT `catalog_rule_product_prices_catalog_rule_id_foreign` FOREIGN KEY (`catalog_rule_id`) REFERENCES `catalog_rules` (`id`) ON DELETE CASCADE,
  CONSTRAINT `catalog_rule_product_prices_channel_id_foreign` FOREIGN KEY (`channel_id`) REFERENCES `channels` (`id`) ON DELETE CASCADE,
  CONSTRAINT `catalog_rule_product_prices_customer_group_id_foreign` FOREIGN KEY (`customer_group_id`) REFERENCES `customer_groups` (`id`) ON DELETE CASCADE,
  CONSTRAINT `catalog_rule_product_prices_product_id_foreign` FOREIGN KEY (`product_id`) REFERENCES `products` (`id`) ON DELETE CASCADE
) ENGINE=InnoDB DEFAULT CHARSET=utf8mb4 COLLATE=utf8mb4_unicode_ci ROW_FORMAT=DYNAMIC;
/*!40101 SET character_set_client = @saved_cs_client */;

--
-- Dumping data for table `catalog_rule_product_prices`
--

LOCK TABLES `catalog_rule_product_prices` WRITE;
/*!40000 ALTER TABLE `catalog_rule_product_prices` DISABLE KEYS */;
/*!40000 ALTER TABLE `catalog_rule_product_prices` ENABLE KEYS */;
UNLOCK TABLES;

--
-- Table structure for table `catalog_rule_products`
--

DROP TABLE IF EXISTS `catalog_rule_products`;
/*!40101 SET @saved_cs_client     = @@character_set_client */;
/*!50503 SET character_set_client = utf8mb4 */;
CREATE TABLE `catalog_rule_products` (
  `id` int unsigned NOT NULL AUTO_INCREMENT,
  `starts_from` datetime DEFAULT NULL,
  `ends_till` datetime DEFAULT NULL,
  `end_other_rules` tinyint(1) NOT NULL DEFAULT '0',
  `action_type` varchar(191) CHARACTER SET utf8mb4 COLLATE utf8mb4_unicode_ci DEFAULT NULL,
  `discount_amount` decimal(12,4) NOT NULL DEFAULT '0.0000',
  `sort_order` int unsigned NOT NULL DEFAULT '0',
  `product_id` int unsigned NOT NULL,
  `customer_group_id` int unsigned NOT NULL,
  `catalog_rule_id` int unsigned NOT NULL,
  `channel_id` int unsigned NOT NULL,
  PRIMARY KEY (`id`),
  KEY `catalog_rule_products_product_id_foreign` (`product_id`),
  KEY `catalog_rule_products_customer_group_id_foreign` (`customer_group_id`),
  KEY `catalog_rule_products_catalog_rule_id_foreign` (`catalog_rule_id`),
  KEY `catalog_rule_products_channel_id_foreign` (`channel_id`),
  CONSTRAINT `catalog_rule_products_catalog_rule_id_foreign` FOREIGN KEY (`catalog_rule_id`) REFERENCES `catalog_rules` (`id`) ON DELETE CASCADE,
  CONSTRAINT `catalog_rule_products_channel_id_foreign` FOREIGN KEY (`channel_id`) REFERENCES `channels` (`id`) ON DELETE CASCADE,
  CONSTRAINT `catalog_rule_products_customer_group_id_foreign` FOREIGN KEY (`customer_group_id`) REFERENCES `customer_groups` (`id`) ON DELETE CASCADE,
  CONSTRAINT `catalog_rule_products_product_id_foreign` FOREIGN KEY (`product_id`) REFERENCES `products` (`id`) ON DELETE CASCADE
) ENGINE=InnoDB DEFAULT CHARSET=utf8mb4 COLLATE=utf8mb4_unicode_ci ROW_FORMAT=DYNAMIC;
/*!40101 SET character_set_client = @saved_cs_client */;

--
-- Dumping data for table `catalog_rule_products`
--

LOCK TABLES `catalog_rule_products` WRITE;
/*!40000 ALTER TABLE `catalog_rule_products` DISABLE KEYS */;
/*!40000 ALTER TABLE `catalog_rule_products` ENABLE KEYS */;
UNLOCK TABLES;

--
-- Table structure for table `catalog_rules`
--

DROP TABLE IF EXISTS `catalog_rules`;
/*!40101 SET @saved_cs_client     = @@character_set_client */;
/*!50503 SET character_set_client = utf8mb4 */;
CREATE TABLE `catalog_rules` (
  `id` int unsigned NOT NULL AUTO_INCREMENT,
  `name` varchar(191) CHARACTER SET utf8mb4 COLLATE utf8mb4_unicode_ci DEFAULT NULL,
  `description` varchar(191) CHARACTER SET utf8mb4 COLLATE utf8mb4_unicode_ci DEFAULT NULL,
  `starts_from` date DEFAULT NULL,
  `ends_till` date DEFAULT NULL,
  `status` tinyint(1) NOT NULL DEFAULT '0',
  `condition_type` tinyint(1) NOT NULL DEFAULT '1',
  `conditions` longtext CHARACTER SET utf8mb4 COLLATE utf8mb4_bin,
  `end_other_rules` tinyint(1) NOT NULL DEFAULT '0',
  `action_type` varchar(191) CHARACTER SET utf8mb4 COLLATE utf8mb4_unicode_ci DEFAULT NULL,
  `discount_amount` decimal(12,4) NOT NULL DEFAULT '0.0000',
  `sort_order` int unsigned NOT NULL DEFAULT '0',
  `created_at` timestamp NULL DEFAULT NULL,
  `updated_at` timestamp NULL DEFAULT NULL,
  PRIMARY KEY (`id`)
) ENGINE=InnoDB AUTO_INCREMENT=3 DEFAULT CHARSET=utf8mb4 COLLATE=utf8mb4_unicode_ci ROW_FORMAT=DYNAMIC;
/*!40101 SET character_set_client = @saved_cs_client */;

--
-- Dumping data for table `catalog_rules`
--

LOCK TABLES `catalog_rules` WRITE;
/*!40000 ALTER TABLE `catalog_rules` DISABLE KEYS */;
INSERT INTO `catalog_rules` VALUES (1,'12 % off on rs 500','12 % off on rs 500','2021-01-21','2021-01-31',1,2,'[{\"attribute\":\"product|price\",\"operator\":\"==\",\"attribute_type\":\"price\",\"value\":\"500\"}]',0,'by_percent',12.0000,1,'2021-01-13 08:53:46','2021-01-29 02:49:39'),(2,'5 % off','5 % off which having price less than 100','2021-01-27','2021-02-28',1,1,'[{\"attribute\":\"product|price\",\"operator\":\"<=\",\"attribute_type\":\"price\",\"value\":\"100\"}]',0,'by_percent',5.0000,0,'2021-01-27 04:11:22','2021-01-29 02:47:07');
/*!40000 ALTER TABLE `catalog_rules` ENABLE KEYS */;
UNLOCK TABLES;

--
-- Table structure for table `categories`
--

DROP TABLE IF EXISTS `categories`;
/*!40101 SET @saved_cs_client     = @@character_set_client */;
/*!50503 SET character_set_client = utf8mb4 */;
CREATE TABLE `categories` (
  `id` int unsigned NOT NULL AUTO_INCREMENT,
  `position` int NOT NULL DEFAULT '0',
  `image` varchar(191) CHARACTER SET utf8mb4 COLLATE utf8mb4_unicode_ci DEFAULT NULL,
  `status` tinyint(1) NOT NULL DEFAULT '0',
  `_lft` int unsigned NOT NULL DEFAULT '0',
  `_rgt` int unsigned NOT NULL DEFAULT '0',
  `parent_id` int unsigned DEFAULT NULL,
  `created_at` timestamp NULL DEFAULT NULL,
  `updated_at` timestamp NULL DEFAULT NULL,
  `display_mode` varchar(191) CHARACTER SET utf8mb4 COLLATE utf8mb4_unicode_ci DEFAULT 'products_and_description',
  `category_icon_path` text CHARACTER SET utf8mb4 COLLATE utf8mb4_unicode_ci,
  `additional` longtext CHARACTER SET utf8mb4 COLLATE utf8mb4_unicode_ci,
  PRIMARY KEY (`id`),
  KEY `categories__lft__rgt_parent_id_index` (`_lft`,`_rgt`,`parent_id`)
) ENGINE=InnoDB AUTO_INCREMENT=5 DEFAULT CHARSET=utf8mb4 COLLATE=utf8mb4_unicode_ci ROW_FORMAT=DYNAMIC;
/*!40101 SET character_set_client = @saved_cs_client */;

--
-- Dumping data for table `categories`
--

LOCK TABLES `categories` WRITE;
/*!40000 ALTER TABLE `categories` DISABLE KEYS */;
INSERT INTO `categories` VALUES (1,1,NULL,1,1,8,NULL,'2021-08-14 16:12:27','2021-08-14 16:12:27','products_and_description',NULL,NULL),(2,4,NULL,1,4,5,4,'2021-08-14 16:12:58','2021-08-16 11:11:15','products_only',NULL,NULL),(3,2,NULL,1,2,7,1,'2021-08-14 23:45:17','2021-08-16 11:11:15','products_only',NULL,NULL),(4,3,NULL,1,3,6,3,'2021-08-14 23:46:23','2021-08-16 11:11:15','products_only',NULL,NULL);
/*!40000 ALTER TABLE `categories` ENABLE KEYS */;
UNLOCK TABLES;
/*!50003 SET @saved_cs_client      = @@character_set_client */ ;
/*!50003 SET @saved_cs_results     = @@character_set_results */ ;
/*!50003 SET @saved_col_connection = @@collation_connection */ ;
/*!50003 SET character_set_client  = utf8mb4 */ ;
/*!50003 SET character_set_results = utf8mb4 */ ;
/*!50003 SET collation_connection  = utf8mb4_unicode_ci */ ;
/*!50003 SET @saved_sql_mode       = @@sql_mode */ ;
/*!50003 SET sql_mode              = 'NO_AUTO_VALUE_ON_ZERO' */ ;
DELIMITER ;;
/*!50003 CREATE*/ /*!50017 DEFINER=`root`@`localhost`*/ /*!50003 TRIGGER `trig_categories_insert` AFTER INSERT ON `categories` FOR EACH ROW BEGIN
                            DECLARE urlPath VARCHAR(255);
            DECLARE localeCode VARCHAR(255);
            DECLARE done INT;
            DECLARE curs CURSOR FOR (SELECT category_translations.locale
                    FROM category_translations
                    WHERE category_id = NEW.id);
            DECLARE CONTINUE HANDLER FOR NOT FOUND SET done = 1;


            IF EXISTS (
                SELECT *
                FROM category_translations
                WHERE category_id = NEW.id
            )
            THEN

                OPEN curs;

            	SET done = 0;
                REPEAT
                	FETCH curs INTO localeCode;

                    SELECT get_url_path_of_category(NEW.id, localeCode) INTO urlPath;

                    IF NEW.parent_id IS NULL
                    THEN
                        SET urlPath = '';
                    END IF;

                    UPDATE category_translations
                    SET url_path = urlPath
                    WHERE
                        category_translations.category_id = NEW.id
                        AND category_translations.locale = localeCode;

                UNTIL done END REPEAT;

                CLOSE curs;

            END IF;
            END */;;
DELIMITER ;
/*!50003 SET sql_mode              = @saved_sql_mode */ ;
/*!50003 SET character_set_client  = @saved_cs_client */ ;
/*!50003 SET character_set_results = @saved_cs_results */ ;
/*!50003 SET collation_connection  = @saved_col_connection */ ;
/*!50003 SET @saved_cs_client      = @@character_set_client */ ;
/*!50003 SET @saved_cs_results     = @@character_set_results */ ;
/*!50003 SET @saved_col_connection = @@collation_connection */ ;
/*!50003 SET character_set_client  = utf8mb4 */ ;
/*!50003 SET character_set_results = utf8mb4 */ ;
/*!50003 SET collation_connection  = utf8mb4_unicode_ci */ ;
/*!50003 SET @saved_sql_mode       = @@sql_mode */ ;
/*!50003 SET sql_mode              = 'NO_AUTO_VALUE_ON_ZERO' */ ;
DELIMITER ;;
/*!50003 CREATE*/ /*!50017 DEFINER=`root`@`localhost`*/ /*!50003 TRIGGER `trig_categories_update` AFTER UPDATE ON `categories` FOR EACH ROW BEGIN
                            DECLARE urlPath VARCHAR(255);
            DECLARE localeCode VARCHAR(255);
            DECLARE done INT;
            DECLARE curs CURSOR FOR (SELECT category_translations.locale
                    FROM category_translations
                    WHERE category_id = NEW.id);
            DECLARE CONTINUE HANDLER FOR NOT FOUND SET done = 1;


            IF EXISTS (
                SELECT *
                FROM category_translations
                WHERE category_id = NEW.id
            )
            THEN

                OPEN curs;

            	SET done = 0;
                REPEAT
                	FETCH curs INTO localeCode;

                    SELECT get_url_path_of_category(NEW.id, localeCode) INTO urlPath;

                    IF NEW.parent_id IS NULL
                    THEN
                        SET urlPath = '';
                    END IF;

                    UPDATE category_translations
                    SET url_path = urlPath
                    WHERE
                        category_translations.category_id = NEW.id
                        AND category_translations.locale = localeCode;

                UNTIL done END REPEAT;

                CLOSE curs;

            END IF;
            END */;;
DELIMITER ;
/*!50003 SET sql_mode              = @saved_sql_mode */ ;
/*!50003 SET character_set_client  = @saved_cs_client */ ;
/*!50003 SET character_set_results = @saved_cs_results */ ;
/*!50003 SET collation_connection  = @saved_col_connection */ ;

--
-- Table structure for table `category_filterable_attributes`
--

DROP TABLE IF EXISTS `category_filterable_attributes`;
/*!40101 SET @saved_cs_client     = @@character_set_client */;
/*!50503 SET character_set_client = utf8mb4 */;
CREATE TABLE `category_filterable_attributes` (
  `category_id` int unsigned NOT NULL,
  `attribute_id` int unsigned NOT NULL,
  KEY `category_filterable_attributes_category_id_foreign` (`category_id`),
  KEY `category_filterable_attributes_attribute_id_foreign` (`attribute_id`),
  CONSTRAINT `category_filterable_attributes_attribute_id_foreign` FOREIGN KEY (`attribute_id`) REFERENCES `attributes` (`id`) ON DELETE CASCADE,
  CONSTRAINT `category_filterable_attributes_category_id_foreign` FOREIGN KEY (`category_id`) REFERENCES `categories` (`id`) ON DELETE CASCADE
) ENGINE=InnoDB DEFAULT CHARSET=utf8mb4 COLLATE=utf8mb4_unicode_ci ROW_FORMAT=DYNAMIC;
/*!40101 SET character_set_client = @saved_cs_client */;

--
-- Dumping data for table `category_filterable_attributes`
--

LOCK TABLES `category_filterable_attributes` WRITE;
/*!40000 ALTER TABLE `category_filterable_attributes` DISABLE KEYS */;
INSERT INTO `category_filterable_attributes` VALUES (1,11),(2,11),(3,11),(4,11),(2,23),(2,24),(2,25),(2,28);
/*!40000 ALTER TABLE `category_filterable_attributes` ENABLE KEYS */;
UNLOCK TABLES;

--
-- Table structure for table `category_translations`
--

DROP TABLE IF EXISTS `category_translations`;
/*!40101 SET @saved_cs_client     = @@character_set_client */;
/*!50503 SET character_set_client = utf8mb4 */;
CREATE TABLE `category_translations` (
  `id` int unsigned NOT NULL AUTO_INCREMENT,
  `name` text CHARACTER SET utf8mb4 COLLATE utf8mb4_unicode_ci NOT NULL,
  `slug` varchar(191) CHARACTER SET utf8mb4 COLLATE utf8mb4_unicode_ci NOT NULL,
  `description` text CHARACTER SET utf8mb4 COLLATE utf8mb4_unicode_ci,
  `meta_title` text CHARACTER SET utf8mb4 COLLATE utf8mb4_unicode_ci,
  `meta_description` text CHARACTER SET utf8mb4 COLLATE utf8mb4_unicode_ci,
  `meta_keywords` text CHARACTER SET utf8mb4 COLLATE utf8mb4_unicode_ci,
  `category_id` int unsigned NOT NULL,
  `locale` varchar(191) CHARACTER SET utf8mb4 COLLATE utf8mb4_unicode_ci NOT NULL,
  `locale_id` int unsigned DEFAULT NULL,
  `url_path` varchar(2048) CHARACTER SET utf8mb4 COLLATE utf8mb4_unicode_ci NOT NULL COMMENT 'maintained by database triggers',
  PRIMARY KEY (`id`),
  UNIQUE KEY `category_translations_category_id_slug_locale_unique` (`category_id`,`slug`,`locale`),
  KEY `category_translations_locale_id_foreign` (`locale_id`),
  CONSTRAINT `category_translations_category_id_foreign` FOREIGN KEY (`category_id`) REFERENCES `categories` (`id`) ON DELETE CASCADE,
  CONSTRAINT `category_translations_locale_id_foreign` FOREIGN KEY (`locale_id`) REFERENCES `locales` (`id`) ON DELETE CASCADE
) ENGINE=InnoDB AUTO_INCREMENT=5 DEFAULT CHARSET=utf8mb4 COLLATE=utf8mb4_unicode_ci ROW_FORMAT=DYNAMIC;
/*!40101 SET character_set_client = @saved_cs_client */;

--
-- Dumping data for table `category_translations`
--

LOCK TABLES `category_translations` WRITE;
/*!40000 ALTER TABLE `category_translations` DISABLE KEYS */;
INSERT INTO `category_translations` VALUES (1,'Root','root','<p>Root</p>','','','',1,'en',1,''),(2,'Support Braces and Splints','support-braces-and-splints','','Support Braces and Splints','','',2,'en',1,'health-personal-care/home-medical-supplies-equipment/support-braces-and-splints'),(3,'Health & Personal Care','health-personal-care','','','','',3,'en',1,'health-personal-care'),(4,'Home Medical Supplies & Equipment','home-medical-supplies-equipment','','','','',4,'en',1,'health-personal-care/home-medical-supplies-equipment');
/*!40000 ALTER TABLE `category_translations` ENABLE KEYS */;
UNLOCK TABLES;
/*!50003 SET @saved_cs_client      = @@character_set_client */ ;
/*!50003 SET @saved_cs_results     = @@character_set_results */ ;
/*!50003 SET @saved_col_connection = @@collation_connection */ ;
/*!50003 SET character_set_client  = utf8mb4 */ ;
/*!50003 SET character_set_results = utf8mb4 */ ;
/*!50003 SET collation_connection  = utf8mb4_unicode_ci */ ;
/*!50003 SET @saved_sql_mode       = @@sql_mode */ ;
/*!50003 SET sql_mode              = 'NO_AUTO_VALUE_ON_ZERO' */ ;
DELIMITER ;;
/*!50003 CREATE*/ /*!50017 DEFINER=`root`@`localhost`*/ /*!50003 TRIGGER `trig_category_translations_insert` BEFORE INSERT ON `category_translations` FOR EACH ROW BEGIN
                            DECLARE parentUrlPath varchar(255);
            DECLARE urlPath varchar(255);

            IF NOT EXISTS (
                SELECT id
                FROM categories
                WHERE
                    id = NEW.category_id
                    AND parent_id IS NULL
            )
            THEN

                SELECT
                    GROUP_CONCAT(parent_translations.slug SEPARATOR '/') INTO parentUrlPath
                FROM
                    categories AS node,
                    categories AS parent
                    JOIN category_translations AS parent_translations ON parent.id = parent_translations.category_id
                WHERE
                    node._lft >= parent._lft
                    AND node._rgt <= parent._rgt
                    AND node.id = (SELECT parent_id FROM categories WHERE id = NEW.category_id)
                    AND node.parent_id IS NOT NULL
                    AND parent.parent_id IS NOT NULL
                    AND parent_translations.locale = NEW.locale
                GROUP BY
                    node.id;

                IF parentUrlPath IS NULL
                THEN
                    SET urlPath = NEW.slug;
                ELSE
                    SET urlPath = concat(parentUrlPath, '/', NEW.slug);
                END IF;

                SET NEW.url_path = urlPath;

            END IF;
            END */;;
DELIMITER ;
/*!50003 SET sql_mode              = @saved_sql_mode */ ;
/*!50003 SET character_set_client  = @saved_cs_client */ ;
/*!50003 SET character_set_results = @saved_cs_results */ ;
/*!50003 SET collation_connection  = @saved_col_connection */ ;
/*!50003 SET @saved_cs_client      = @@character_set_client */ ;
/*!50003 SET @saved_cs_results     = @@character_set_results */ ;
/*!50003 SET @saved_col_connection = @@collation_connection */ ;
/*!50003 SET character_set_client  = utf8mb4 */ ;
/*!50003 SET character_set_results = utf8mb4 */ ;
/*!50003 SET collation_connection  = utf8mb4_unicode_ci */ ;
/*!50003 SET @saved_sql_mode       = @@sql_mode */ ;
/*!50003 SET sql_mode              = 'NO_AUTO_VALUE_ON_ZERO' */ ;
DELIMITER ;;
/*!50003 CREATE*/ /*!50017 DEFINER=`root`@`localhost`*/ /*!50003 TRIGGER `trig_category_translations_update` BEFORE UPDATE ON `category_translations` FOR EACH ROW BEGIN
                            DECLARE parentUrlPath varchar(255);
            DECLARE urlPath varchar(255);

            IF NOT EXISTS (
                SELECT id
                FROM categories
                WHERE
                    id = NEW.category_id
                    AND parent_id IS NULL
            )
            THEN

                SELECT
                    GROUP_CONCAT(parent_translations.slug SEPARATOR '/') INTO parentUrlPath
                FROM
                    categories AS node,
                    categories AS parent
                    JOIN category_translations AS parent_translations ON parent.id = parent_translations.category_id
                WHERE
                    node._lft >= parent._lft
                    AND node._rgt <= parent._rgt
                    AND node.id = (SELECT parent_id FROM categories WHERE id = NEW.category_id)
                    AND node.parent_id IS NOT NULL
                    AND parent.parent_id IS NOT NULL
                    AND parent_translations.locale = NEW.locale
                GROUP BY
                    node.id;

                IF parentUrlPath IS NULL
                THEN
                    SET urlPath = NEW.slug;
                ELSE
                    SET urlPath = concat(parentUrlPath, '/', NEW.slug);
                END IF;

                SET NEW.url_path = urlPath;

            END IF;
            END */;;
DELIMITER ;
/*!50003 SET sql_mode              = @saved_sql_mode */ ;
/*!50003 SET character_set_client  = @saved_cs_client */ ;
/*!50003 SET character_set_results = @saved_cs_results */ ;
/*!50003 SET collation_connection  = @saved_col_connection */ ;

--
-- Table structure for table `channel_currencies`
--

DROP TABLE IF EXISTS `channel_currencies`;
/*!40101 SET @saved_cs_client     = @@character_set_client */;
/*!50503 SET character_set_client = utf8mb4 */;
CREATE TABLE `channel_currencies` (
  `channel_id` int unsigned NOT NULL,
  `currency_id` int unsigned NOT NULL,
  PRIMARY KEY (`channel_id`,`currency_id`),
  KEY `channel_currencies_currency_id_foreign` (`currency_id`),
  CONSTRAINT `channel_currencies_channel_id_foreign` FOREIGN KEY (`channel_id`) REFERENCES `channels` (`id`) ON DELETE CASCADE,
  CONSTRAINT `channel_currencies_currency_id_foreign` FOREIGN KEY (`currency_id`) REFERENCES `currencies` (`id`) ON DELETE CASCADE
) ENGINE=InnoDB DEFAULT CHARSET=utf8mb4 COLLATE=utf8mb4_unicode_ci ROW_FORMAT=DYNAMIC;
/*!40101 SET character_set_client = @saved_cs_client */;

--
-- Dumping data for table `channel_currencies`
--

LOCK TABLES `channel_currencies` WRITE;
/*!40000 ALTER TABLE `channel_currencies` DISABLE KEYS */;
INSERT INTO `channel_currencies` VALUES (1,1),(1,2),(1,3);
/*!40000 ALTER TABLE `channel_currencies` ENABLE KEYS */;
UNLOCK TABLES;

--
-- Table structure for table `channel_inventory_sources`
--

DROP TABLE IF EXISTS `channel_inventory_sources`;
/*!40101 SET @saved_cs_client     = @@character_set_client */;
/*!50503 SET character_set_client = utf8mb4 */;
CREATE TABLE `channel_inventory_sources` (
  `channel_id` int unsigned NOT NULL,
  `inventory_source_id` int unsigned NOT NULL,
  UNIQUE KEY `channel_inventory_sources_channel_id_inventory_source_id_unique` (`channel_id`,`inventory_source_id`),
  KEY `channel_inventory_sources_inventory_source_id_foreign` (`inventory_source_id`),
  CONSTRAINT `channel_inventory_sources_channel_id_foreign` FOREIGN KEY (`channel_id`) REFERENCES `channels` (`id`) ON DELETE CASCADE,
  CONSTRAINT `channel_inventory_sources_inventory_source_id_foreign` FOREIGN KEY (`inventory_source_id`) REFERENCES `inventory_sources` (`id`) ON DELETE CASCADE
) ENGINE=InnoDB DEFAULT CHARSET=utf8mb4 COLLATE=utf8mb4_unicode_ci ROW_FORMAT=DYNAMIC;
/*!40101 SET character_set_client = @saved_cs_client */;

--
-- Dumping data for table `channel_inventory_sources`
--

LOCK TABLES `channel_inventory_sources` WRITE;
/*!40000 ALTER TABLE `channel_inventory_sources` DISABLE KEYS */;
INSERT INTO `channel_inventory_sources` VALUES (1,1),(1,2);
/*!40000 ALTER TABLE `channel_inventory_sources` ENABLE KEYS */;
UNLOCK TABLES;

--
-- Table structure for table `channel_locales`
--

DROP TABLE IF EXISTS `channel_locales`;
/*!40101 SET @saved_cs_client     = @@character_set_client */;
/*!50503 SET character_set_client = utf8mb4 */;
CREATE TABLE `channel_locales` (
  `channel_id` int unsigned NOT NULL,
  `locale_id` int unsigned NOT NULL,
  PRIMARY KEY (`channel_id`,`locale_id`),
  KEY `channel_locales_locale_id_foreign` (`locale_id`),
  CONSTRAINT `channel_locales_channel_id_foreign` FOREIGN KEY (`channel_id`) REFERENCES `channels` (`id`) ON DELETE CASCADE,
  CONSTRAINT `channel_locales_locale_id_foreign` FOREIGN KEY (`locale_id`) REFERENCES `locales` (`id`) ON DELETE CASCADE
) ENGINE=InnoDB DEFAULT CHARSET=utf8mb4 COLLATE=utf8mb4_unicode_ci ROW_FORMAT=DYNAMIC;
/*!40101 SET character_set_client = @saved_cs_client */;

--
-- Dumping data for table `channel_locales`
--

LOCK TABLES `channel_locales` WRITE;
/*!40000 ALTER TABLE `channel_locales` DISABLE KEYS */;
INSERT INTO `channel_locales` VALUES (1,1);
/*!40000 ALTER TABLE `channel_locales` ENABLE KEYS */;
UNLOCK TABLES;

--
-- Table structure for table `channels`
--

DROP TABLE IF EXISTS `channels`;
/*!40101 SET @saved_cs_client     = @@character_set_client */;
/*!50503 SET character_set_client = utf8mb4 */;
CREATE TABLE `channels` (
  `id` int unsigned NOT NULL AUTO_INCREMENT,
  `code` varchar(191) CHARACTER SET utf8mb4 COLLATE utf8mb4_unicode_ci NOT NULL,
  `name` varchar(191) CHARACTER SET utf8mb4 COLLATE utf8mb4_unicode_ci NOT NULL,
  `description` text CHARACTER SET utf8mb4 COLLATE utf8mb4_unicode_ci,
  `timezone` varchar(191) CHARACTER SET utf8mb4 COLLATE utf8mb4_unicode_ci DEFAULT NULL,
  `theme` varchar(191) CHARACTER SET utf8mb4 COLLATE utf8mb4_unicode_ci DEFAULT NULL,
  `hostname` varchar(191) CHARACTER SET utf8mb4 COLLATE utf8mb4_unicode_ci DEFAULT NULL,
  `logo` varchar(191) CHARACTER SET utf8mb4 COLLATE utf8mb4_unicode_ci DEFAULT NULL,
  `favicon` varchar(191) CHARACTER SET utf8mb4 COLLATE utf8mb4_unicode_ci DEFAULT NULL,
  `home_page_content` text CHARACTER SET utf8mb4 COLLATE utf8mb4_unicode_ci,
  `footer_content` text CHARACTER SET utf8mb4 COLLATE utf8mb4_unicode_ci,
  `default_locale_id` int unsigned NOT NULL,
  `base_currency_id` int unsigned NOT NULL,
  `created_at` timestamp NULL DEFAULT NULL,
  `updated_at` timestamp NULL DEFAULT NULL,
  `root_category_id` int unsigned DEFAULT NULL,
  `home_seo` longtext CHARACTER SET utf8mb4 COLLATE utf8mb4_bin,
  PRIMARY KEY (`id`),
  KEY `channels_default_locale_id_foreign` (`default_locale_id`),
  KEY `channels_base_currency_id_foreign` (`base_currency_id`),
  KEY `channels_root_category_id_foreign` (`root_category_id`),
  CONSTRAINT `channels_base_currency_id_foreign` FOREIGN KEY (`base_currency_id`) REFERENCES `currencies` (`id`),
  CONSTRAINT `channels_default_locale_id_foreign` FOREIGN KEY (`default_locale_id`) REFERENCES `locales` (`id`),
  CONSTRAINT `channels_root_category_id_foreign` FOREIGN KEY (`root_category_id`) REFERENCES `categories` (`id`) ON DELETE SET NULL
) ENGINE=InnoDB AUTO_INCREMENT=2 DEFAULT CHARSET=utf8mb4 COLLATE=utf8mb4_unicode_ci ROW_FORMAT=DYNAMIC;
/*!40101 SET character_set_client = @saved_cs_client */;

--
-- Dumping data for table `channels`
--

LOCK TABLES `channels` WRITE;
/*!40000 ALTER TABLE `channels` DISABLE KEYS */;
INSERT INTO `channels` VALUES (1,'default','Default','',NULL,'zmart','',NULL,NULL,'<p>@include(\"shop::home.slider\") @include(\"shop::home.featured-products\") @include(\"shop::home.new-products\")</p>\r\n<div class=\"banner-container\">\r\n<div class=\"left-banner\"><img src=\"https://s3-ap-southeast-1.amazonaws.com/cdn.uvdesk.com/website/1/201902045c581f9494b8a1.png\" /></div>\r\n<div class=\"right-banner\"><img src=\"https://s3-ap-southeast-1.amazonaws.com/cdn.uvdesk.com/website/1/201902045c581fb045cf02.png\" /> <img src=\"https://s3-ap-southeast-1.amazonaws.com/cdn.uvdesk.com/website/1/201902045c581fc352d803.png\" /></div>\r\n</div>','<div class=\"list-container\"><span class=\"list-heading\">Quick Links</span>\r\n<ul class=\"list-group\">\r\n<li><a href=\"@php echo route(\'shop.cms.page\', \'about-us\') @endphp\">About Us</a></li>\r\n<li><a href=\"@php echo route(\'shop.cms.page\', \'return-policy\') @endphp\">Return Policy</a></li>\r\n<li><a href=\"@php echo route(\'shop.cms.page\', \'refund-policy\') @endphp\">Refund Policy</a></li>\r\n<li><a href=\"@php echo route(\'shop.cms.page\', \'terms-conditions\') @endphp\">Terms and conditions</a></li>\r\n<li><a href=\"@php echo route(\'shop.cms.page\', \'terms-of-use\') @endphp\">Terms of Use</a></li>\r\n<li><a href=\"@php echo route(\'shop.cms.page\', \'contact-us\') @endphp\">Contact Us</a></li>\r\n</ul>\r\n</div>\r\n<div class=\"list-container\"><span class=\"list-heading\">Connect With Us</span>\r\n<ul class=\"list-group\">\r\n<li><a href=\"#\"><span class=\"icon icon-facebook\"></span>Facebook </a></li>\r\n<li><a href=\"#\"><span class=\"icon icon-twitter\"></span> Twitter </a></li>\r\n<li><a href=\"#\"><span class=\"icon icon-instagram\"></span> Instagram </a></li>\r\n<li><a href=\"#\"> <span class=\"icon icon-google-plus\"></span>Google+ </a></li>\r\n<li><a href=\"#\"> <span class=\"icon icon-linkedin\"></span>LinkedIn </a></li>\r\n</ul>\r\n</div>',1,3,NULL,'2021-03-11 09:33:54',1,'{\"meta_title\":\"Zepomart\",\"meta_description\":\"Zepomart meta description\",\"meta_keywords\":\"Zepomart meta keyword\"}');
/*!40000 ALTER TABLE `channels` ENABLE KEYS */;
UNLOCK TABLES;

--
-- Table structure for table `cms_page_channels`
--

DROP TABLE IF EXISTS `cms_page_channels`;
/*!40101 SET @saved_cs_client     = @@character_set_client */;
/*!50503 SET character_set_client = utf8mb4 */;
CREATE TABLE `cms_page_channels` (
  `cms_page_id` int unsigned NOT NULL,
  `channel_id` int unsigned NOT NULL,
  UNIQUE KEY `cms_page_channels_cms_page_id_channel_id_unique` (`cms_page_id`,`channel_id`),
  KEY `cms_page_channels_channel_id_foreign` (`channel_id`),
  CONSTRAINT `cms_page_channels_channel_id_foreign` FOREIGN KEY (`channel_id`) REFERENCES `channels` (`id`) ON DELETE CASCADE,
  CONSTRAINT `cms_page_channels_cms_page_id_foreign` FOREIGN KEY (`cms_page_id`) REFERENCES `cms_pages` (`id`) ON DELETE CASCADE
) ENGINE=InnoDB DEFAULT CHARSET=utf8mb4 COLLATE=utf8mb4_unicode_ci ROW_FORMAT=DYNAMIC;
/*!40101 SET character_set_client = @saved_cs_client */;

--
-- Dumping data for table `cms_page_channels`
--

LOCK TABLES `cms_page_channels` WRITE;
/*!40000 ALTER TABLE `cms_page_channels` DISABLE KEYS */;
INSERT INTO `cms_page_channels` VALUES (1,1),(3,1),(4,1),(11,1),(12,1),(13,1),(14,1),(15,1),(16,1),(17,1),(18,1),(19,1);
/*!40000 ALTER TABLE `cms_page_channels` ENABLE KEYS */;
UNLOCK TABLES;

--
-- Table structure for table `cms_page_translations`
--

DROP TABLE IF EXISTS `cms_page_translations`;
/*!40101 SET @saved_cs_client     = @@character_set_client */;
/*!50503 SET character_set_client = utf8mb4 */;
CREATE TABLE `cms_page_translations` (
  `id` int unsigned NOT NULL AUTO_INCREMENT,
  `page_title` varchar(191) CHARACTER SET utf8mb4 COLLATE utf8mb4_unicode_ci NOT NULL,
  `url_key` varchar(191) CHARACTER SET utf8mb4 COLLATE utf8mb4_unicode_ci NOT NULL,
  `html_content` longtext CHARACTER SET utf8mb4 COLLATE utf8mb4_unicode_ci,
  `meta_title` text CHARACTER SET utf8mb4 COLLATE utf8mb4_unicode_ci,
  `meta_description` text CHARACTER SET utf8mb4 COLLATE utf8mb4_unicode_ci,
  `meta_keywords` text CHARACTER SET utf8mb4 COLLATE utf8mb4_unicode_ci,
  `locale` varchar(191) CHARACTER SET utf8mb4 COLLATE utf8mb4_unicode_ci NOT NULL,
  `cms_page_id` int unsigned NOT NULL,
  PRIMARY KEY (`id`),
  UNIQUE KEY `cms_page_translations_cms_page_id_url_key_locale_unique` (`cms_page_id`,`url_key`,`locale`),
  CONSTRAINT `cms_page_translations_cms_page_id_foreign` FOREIGN KEY (`cms_page_id`) REFERENCES `cms_pages` (`id`) ON DELETE CASCADE
) ENGINE=InnoDB AUTO_INCREMENT=41 DEFAULT CHARSET=utf8mb4 COLLATE=utf8mb4_unicode_ci ROW_FORMAT=DYNAMIC;
/*!40101 SET character_set_client = @saved_cs_client */;

--
-- Dumping data for table `cms_page_translations`
--

LOCK TABLES `cms_page_translations` WRITE;
/*!40000 ALTER TABLE `cms_page_translations` DISABLE KEYS */;
INSERT INTO `cms_page_translations` VALUES (1,'About Us','about-us','<div class=\"static-container\">\r\n<p>zepomart.com (A Division of zepomart technologies Private limited) is one of the leading medical device treading and distribution company. Our customers include Doctors, Hospitals, medical professionals, purchase managers; and end users such as patients, expecting mothers, etc. We serve our customers through direct mail, Mobile, Service support staff, field customer support engineers and use of internet and mobile technologies.</p>\r\n<p>We support medical professionals by providing products and services in an efficient and transparent way. Our customers are connected, informed and adapt in using technology to their advantage.zepomart is the best online Hospitals and Medical Equipment store in India medical equipment industry. We supply all kinds of medical supply and medical equipment for home, hospital, health, surgical, retail, physician, medical office, surgical shop, local medical, enema, healthcare, paramedic, medical furniture and many more medical supplies store. zepomart is one of the leading medical instruments online Store in India which can provide medical supply from store available nearby you instantly and best service will be provided to you that cannot find in local medical supply store near you.</p>\r\n<p>We have all India Service network to service our valuable customers. We understand the value of service for Medical equipment.</p>\r\n<p>zepomart that sell medical equipment and supplies at very low and reasonable cost with the best sale price available at <a href=\"../../../\">www.zepomart.com</a> . Our Products Services are available round the clock 24x7 hours online and our team work on Saturday and Sunday also.</p>\r\n<h3>Our Mission</h3>\r\n<p>To provide world-class, innovative Medical equipment, health care products and services; digitally to our customers - enabling them to deliver the best quality patient care in most efficient and cost effective way.</p>\r\n<h3>Why do we use it?</h3>\r\n<p>It is a long established fact that a reader will be distracted by the readable content of a page when looking at its layout. The point of using Lorem Ipsum is that it has a more-or-less normal distribution of letters, as opposed to using \'Content here, content here\', making it look like readable English. Many desktop publishing packages and web page editors now use Lorem Ipsum as their default model text, and a search for \'lorem ipsum\' will uncover many web sites still in their infancy. Various versions have evolved over the years, sometimes by accident, sometimes on purpose (injected humour and the like).</p>\r\n<h3>Our Vision</h3>\r\n<p>To be the top medical equipment company with all equipment and services under one roof.</p>\r\n<h3>Our Values</h3>\r\n<ul>\r\n<li>We believe digital technologies can help delivery the highest supply chain efficiency</li>\r\n<li>We believe in providing transparency in pricing and features to enable customer manage their costs</li>\r\n<li>We believe is minimizing complexity in sourcing and using medical products</li>\r\n<li>We believe in offering the widest variety to our customer so that they can opt for what fits them best</li>\r\n<li>We believe in high integrity in all aspects of our business.</li>\r\n<li>We believe in delivering high quality products and service and continuously enhance quality levels.</li>\r\n<li>We believe in continuous innovation and believe everything can be improved</li>\r\n</ul>\r\n<div class=\"sincenerly\" style=\"text-align: right;\"><b>Team,</b><br /><b>ZEPOMART</b></div>\r\n</div>','about us','','aboutus','en',1),(2,'Return Policy','return-policy','<div class=\"static-container\"><div class=\"mb-5\">Return policy page content</div></div>','return policy','','return, policy','en',2),(3,'Refund Policy','refund-policy','<div class=\"static-container\">\r\n<h3>Returns</h3>\r\n<p>Our policy change products wise. We put return or exchange period for particular products mention at product page. If mention days have gone by since your purchase, unfortunately we can&rsquo;t offer you a refund or exchange.</p>\r\n<p>To be eligible for a return, your item must be unused and in the same condition that you received it. It must also be in the original packaging.</p>\r\n<p>Several types of goods are exempt from being returned. Perishable goods such as food, flowers, newspapers or magazines, disposable products cannot be returned. We also do not accept products that are intimate or sanitary goods, hazardous materials, or flammable liquids or gases.</p>\r\n<p>Additional non-returnable items:</p>\r\n<ul>\r\n<li>Gift cards</li>\r\n<li>Downloadable software products</li>\r\n<li>Some health and personal care items</li>\r\n<li>Disposable Products</li>\r\n<li>Sterile products</li>\r\n</ul>\r\n<p>To complete your return, we require a receipt or proof of purchase.</p>\r\n<p>Please do not send your purchase back to the manufacturer.</p>\r\n<p>There are certain situations where only partial refunds are granted: (if applicable) Book with obvious signs of use CD, DVD, VHS tape, software, video game, cassette tape, or vinyl record that has been opened.</p>\r\n<p>Any item not in its original condition, is damaged or missing parts for reasons not due to our error.</p>\r\n<p>Any item that is returned more than 30 days after delivery</p>\r\n<h3>Refunds (if applicable)</h3>\r\n<p>Once your return is received and inspected, we will send you an email to notify you that we have received your returned item. We will also notify you of the approval or rejection of your refund.</p>\r\n<p>If you are approved, then your refund will be processed, and a credit will automatically be applied to your credit card or original method of payment, within a certain amount of days.</p>\r\n<h3>Late or missing refunds (if applicable)</h3>\r\n<p>If you haven&rsquo;t received a refund yet, first check your bank account again.</p>\r\n<p>Then contact your credit card company, it may take some time before your refund is officially posted.</p>\r\n<p>Next contact your bank. There is often some processing time before a refund is posted. If you&rsquo;ve done all of this and you still have not received your refund yet, please contact us at <a href=\"mailto:support@zepomart.com\">support@zepomart.com</a></p>\r\n<h3>Sale items (if applicable)</h3>\r\n<p>Only regular priced items may be refunded, unfortunately sale items cannot be refunded.</p>\r\n<h3>Exchanges (if applicable)</h3>\r\n<p>We only replace items if they are defective or damaged. If you need to exchange it for the same item, send us an email at support@zepomart.com and send your item to our company address which mention to our website.</p>\r\n<h3>Gifts</h3>\r\n<p>If the item was marked as a gift when purchased and shipped directly to you, you&rsquo;ll receive a gift credit for the value of your return. Once the returned item is received, a gift certificate will be mailed to you.</p>\r\n<p>If the item wasn&rsquo;t marked as a gift when purchased, or the gift giver had the order shipped to themselves to give to you later, we will send a refund to the gift giver and he will find out about your return.</p>\r\n<h3>Shipping</h3>\r\n<p>To return your product, you should mail your product to our company address which mention to our website.</p>\r\n<p>You will be responsible for paying for your own shipping costs for returning your item. Shipping costs are non-refundable. If you receive a refund, the cost of return shipping will be deducted from your refund.</p>\r\n<p>Depending on where you live, the time it may take for your exchanged product to reach you, may vary.</p>\r\n<p>If you are shipping an item over $75, you should consider using a trackable shipping service or purchasing shipping insurance. We don&rsquo;t guarantee that we will receive your returned item.</p>\r\n</div>','Refund policy','','refund, policy','en',3),(4,'Terms & Conditions','terms-conditions','<div class=\"static-container\">\r\n<h3>OVERVIEW</h3>\r\n<p>This website is operated by <b>zepomart technologies private limited.</b> Throughout the site, the terms &ldquo;we&rdquo;, &ldquo;us&rdquo; and &ldquo;our&rdquo; refer to <b>zepomart technologies private limited.</b></p>\r\n<p><b>Zepomart technologies private limited</b> offers this website, including all information, tools and services available from this site to you, the user, conditioned upon your acceptance of all terms, conditions, policies and notices stated here.</p>\r\n<p>By visiting our site and/ or purchasing something from us, you engage in our &ldquo;Service&rdquo; and agree to be bound by the following terms and conditions (&ldquo;Terms of Service&rdquo;, &ldquo;Terms&rdquo;), including those additional terms and conditions and policies referenced herein and/or available by hyperlink. These Terms of Service apply to all users of the site, including without limitation users who are browsers, vendors, customers, merchants, and/ or contributors of content.Please read these Terms of Service carefully before accessing or using our website. By accessing or using any part of the site, you agree to be bound by these Terms of Service. If you do not agree to all the terms and conditions of this agreement, then you may not access the website or use any services. If these Terms of Service are considered an offer, acceptance is expressly limited to these Terms of Service.</p>\r\n<p>Any new features or tools which are added to the current store shall also be subject to the Terms of Service. You can review the most current version of the Terms of Service at any time on this page. We reserve the right to update, change or replace any part of these Terms of Service by posting updates and/or changes to our website. It is your responsibility to check this page periodically for changes. Your continued use of or access to the website following the posting of any changes constitutes acceptance of those changes.</p>\r\n<h3>SECTION 1 - ONLINE STORE TERMS</h3>\r\n<p>By agreeing to these Terms of Service, you represent that you are at least the age of majority in your state or province of residence, or that you are the age of majority in your state or province of residence and you have given us your consent to allow any of your minor dependents to use this site.</p>\r\n<p>You may not use our products for any illegal or unauthorized purpose nor may you, in the use of the Service, violate any laws in your jurisdiction (including but not limited to copyright laws).You must not transmit any worms or viruses or any code of a destructive nature.</p>\r\n<p>A breach or violation of any of the Terms will result in an immediate termination of your Services.</p>\r\n<h3>SECTION 2 - GENERAL CONDITIONS</h3>\r\n<p>We reserve the right to refuse service to anyone for any reason at any time.</p>\r\n<p>You understand that your content (not including credit card information), may be transferred unencrypted and involve (a) transmissions over various networks; and (b) changes to conform and adapt to technical requirements of connecting networks or devices. Credit card information is always encrypted during transfer over networks.</p>\r\n<p>You agree not to reproduce, duplicate, copy, sell, resell or exploit any portion of the Service, use of the Service, or access to the Service or any contact on the website through which the service is provided, without express written permission by us.</p>\r\n<p>The headings used in this agreement are included for convenience only and will not limit or otherwise affect these Terms.</p>\r\n<h3>SECTION 3 - ACCURACY, COMPLETENESS AND TIMELINESS OF INFORMATION</h3>\r\n<p>We are not responsible if information made available on this site is not accurate, complete or current. The material on this site is provided for general information only and should not be relied upon or used as the sole basis for making decisions without consulting primary, more accurate, more complete or more timely sources of information. Any reliance on the material on this site is at your own risk.</p>\r\n<p>This site may contain certain historical information. Historical information, necessarily, is not current and is provided for your reference only. We reserve the right to modify the contents of this site at any time, but we have no obligation to update any information on our site. You agree that it is your responsibility to monitor changes to our site.</p>\r\n<h3>SECTION 4 - MODIFICATIONS TO THE SERVICE AND PRICES</h3>\r\n<p>Prices for our products are subject to change without notice.</p>\r\n<p>We reserve the right at any time to modify or discontinue the Service (or any part or content thereof) without notice at any time.</p>\r\n<p>We shall not be liable to you or to any third-party for any modification, price change, suspension or discontinuance of the Service.</p>\r\n<h3>SECTION 5 - PRODUCTS OR SERVICES</h3>\r\n<p>Certain products or services may be available exclusively online through the website. These products or services may have limited quantities and are subject to return or exchange only according to our Return Policy.</p>\r\n<p>We have made every effort to display as accurately as possible the colors and images of our products that appear at the store. We cannot guarantee that your computer monitor\'s display of any color will be accurate.</p>\r\n<p>We reserve the right, but are not obligated, to limit the sales of our products or Services to any person, geographic region or jurisdiction. We may exercise this right on a case-by-case basis. We reserve the right to limit the quantities of any products or services that we offer. All descriptions of products or product pricing are subject to change at anytime without notice, at the sole discretion of us. We reserve the right to discontinue any product at any time. Any offer for any product or service made on this site is void where prohibited.</p>\r\n<p>We do not warrant that the quality of any products, services, information, or other material purchased or obtained by you will meet your expectations, or that any errors in the Service will be corrected.</p>\r\n<h3>SECTION 6 - ACCURACY OF BILLING AND ACCOUNT INFORMATION</h3>\r\n<p>We reserve the right to refuse any order you place with us. We may, in our sole discretion, limit or cancel quantities purchased per person, per household or per order. These restrictions may include orders placed by or under the same customer account, the same credit card, and/or orders that use the same billing and/or shipping address. In the event that we make a change to or cancel an order, we may attempt to notify you by contacting the e-mail and/or billing address/phone number provided at the time the order was made. We reserve the right to limit or prohibit orders that, in our sole judgment, appear to be placed by dealers, resellers or distributors.</p>\r\n<p>You agree to provide current, complete and accurate purchase and account information for all purchases made at our store. You agree to promptly update your account and other information, including your email address and credit card numbers and expiration dates, so that we can complete your transactions and contact you as needed.</p>\r\n<p>For more detail, please review our Returns Policy.</p>\r\n<h3>SECTION 7 - OPTIONAL TOOLS</h3>\r\n<p>We may provide you with access to third-party tools over which we neither monitor nor have any control nor input.</p>\r\n<p>You acknowledge and agree that we provide access to such tools &rdquo;as is&rdquo; and &ldquo;as available&rdquo; without any warranties, representations or conditions of any kind and without any endorsement. We shall have no liability whatsoever arising from or relating to your use of optional third-party tools.</p>\r\n<p>Any use by you of optional tools offered through the site is entirely at your own risk and discretion and you should ensure that you are familiar with and approve of the terms on which tools are provided by the relevant third-party provider(s).</p>\r\n<p>We may also, in the future, offer new services and/or features through the website (including, the release of new tools and resources). Such new features and/or services shall also be subject to these Terms of Service.</p>\r\n<h3>SECTION 8 - THIRD-PARTY LINKS</h3>\r\n<p>Certain content, products and services available via our Service may include materials from third-parties.</p>\r\n<p>Third-party links on this site may direct you to third-party websites that are not affiliated with us. We are not responsible for examining or evaluating the content or accuracy and we do not warrant and will not have any liability or responsibility for any third-party materials or websites, or for any other materials, products, or services of third-parties.</p>\r\n<p>We are not liable for any harm or damages related to the purchase or use of goods, services, resources, content, or any other transactions made in connection with any third-party websites. Please review carefully the third-party\'s policies and practices and make sure you understand them before you engage in any transaction. Complaints, claims, concerns, or questions regarding third-party products should be directed to the third-party.</p>\r\n<h3>SECTION 9 - USER COMMENTS, FEEDBACK AND OTHER SUBMISSIONS</h3>\r\n<p>If, at our request, you send certain specific submissions (for example contest entries) or without a request from us you send creative ideas, suggestions, proposals, plans, or other materials, whether online, by email, by postal mail, or otherwise (collectively, \'comments\'), you agree that we may, at any time, without restriction, edit, copy, publish, distribute, translate and otherwise use in any medium any comments that you forward to us. We are and shall be under no obligation (1) to maintain any comments in confidence; (2) to pay compensation for any comments; or (3) to respond to any comments.</p>\r\n<p>We may, but have no obligation to, monitor, edit or remove content that we determine in our sole discretion are unlawful, offensive, threatening, libelous, defamatory, pornographic, obscene or otherwise objectionable or violates any party&rsquo;s intellectual property or these Terms of Service.</p>\r\n<p>You agree that your comments will not violate any right of any third-party, including copyright, trademark, privacy, personality or other personal or proprietary right. You further agree that your comments will not contain libelous or otherwise unlawful, abusive or obscene material, or contain any computer virus or other malware that could in any way affect the operation of the Service or any related website. You may not use a false e-mail address, pretend to be someone other than yourself, or otherwise mislead us or third-parties as to the origin of any comments. You are solely responsible for any comments you make and their accuracy. We take no responsibility and assume no liability for any comments posted by you or any third-party.</p>\r\n<h3>SECTION 10 - PERSONAL INFORMATION</h3>\r\n<p>Your submission of personal information through the store is governed by our Privacy Policy.</p>\r\n<h3>SECTION 11 - ERRORS, INACCURACIES AND OMISSIONS</h3>\r\n<p>Occasionally there may be information on our site or in the Service that contains typographical errors, inaccuracies or omissions that may relate to product descriptions, pricing, promotions, offers, product shipping charges, transit times and availability. We reserve the right to correct any errors, inaccuracies or omissions, and to change or update information or cancel orders if any information in the Service or on any related website is inaccurate at any time without prior notice (including after you have submitted your order).</p>\r\n<p>We undertake no obligation to update, amend or clarify information in the Service or on any related website, including without limitation, pricing information, except as required by law. No specified update or refresh date applied in the Service or on any related website, should be taken to indicate that all information in the Service or on any related website has been modified or updated.</p>\r\n<h3>SECTION 12 - PROHIBITED USES</h3>\r\n<p>In addition to other prohibitions as set forth in the Terms of Service, you are prohibited from using the site or its content: (a) for any unlawful purpose; (b) to solicit others to perform or participate in any unlawful acts; (c) to violate any international, federal, provincial or state regulations, rules, laws, or local ordinances; (d) to infringe upon or violate our intellectual property rights or the intellectual property rights of others; (e) to harass, abuse, insult, harm, defame, slander, disparage, intimidate, or discriminate based on gender, sexual orientation, religion, ethnicity, race, age, national origin, or disability; (f) to submit false or misleading information; (g) to upload or transmit viruses or any other type of malicious code that will or may be used in any way that will affect the functionality or operation of the Service or of any related website, other websites, or the Internet; (h) to collect or track the personal information of others; (i) to spam, phish, pharm, pretext, spider, crawl, or scrape; (j) for any obscene or immoral purpose; or (k) to interfere with or circumvent the security features of the Service or any related website, other websites, or the Internet. We reserve the right to terminate your use of the Service or any related website for violating any of the prohibited uses.</p>\r\n<h3>SECTION 13 - DISCLAIMER OF WARRANTIES; LIMITATION OF LIABILITY</h3>\r\n<p>We do not guarantee, represent or warrant that your use of our service will be uninterrupted, timely, secure or error-free.</p>\r\n<p>We do not warrant that the results that may be obtained from the use of the service will be accurate or reliable.</p>\r\n<p>You agree that from time to time we may remove the service for indefinite periods of time or cancel the service at any time, without notice to you.</p>\r\n<p>You expressly agree that your use of, or inability to use, the service is at your sole risk. The service and all products and services delivered to you through the service are (except as expressly stated by us) provided \'as is\' and \'as available\' for your use, without any representation, warranties or conditions of any kind, either express or implied, including all implied warranties or conditions of merchantability, merchantable quality, fitness for a particular purpose, durability, title, and non-infringement.</p>\r\n<p>In no case shall <b>zepomart technologies private limited</b> our directors, officers, employees, affiliates, agents, contractors, interns, suppliers, service providers or licensors be liable for any injury, loss, claim, or any direct, indirect, incidental, punitive, special, or consequential damages of any kind, including, without limitation lost profits, lost revenue, lost savings, loss of data, replacement costs, or any similar damages, whether based in contract, tort (including negligence), strict liability or otherwise, arising from your use of any of the service or any products procured using the service, or for any other claim related in any way to your use of the service or any product, including, but not limited to, any errors or omissions in any content, or any loss or damage of any kind incurred as a result of the use of the service or any content (or product) posted, transmitted, or otherwise made available via the service, even if advised of their possibility. Because some states or jurisdictions do not allow the exclusion or the limitation of liability for consequential or incidental damages, in such states or jurisdictions, our liability shall be limited to the maximum extent permitted by law.</p>\r\n<h3>SECTION 14 - INDEMNIFICATION</h3>\r\n<p>You agree to indemnify, defend and hold harmless <b>zepomart technologies private limited</b> and our parent, subsidiaries, affiliates, partners, officers, directors, agents, contractors, licensors, service providers, subcontractors, suppliers, interns and employees, harmless from any claim or demand, including reasonable attorneys&rsquo; fees, made by any third-party due to or arising out of your breach of these Terms of Service or the documents they incorporate by reference, or your violation of any law or the rights of a third-party.</p>\r\n<h3>SECTION 15 - SEVERABILITY</h3>\r\n<p>In the event that any provision of these Terms of Service is determined to be unlawful, void or unenforceable, such provision shall nonetheless be enforceable to the fullest extent permitted by applicable law, and the unenforceable portion shall be deemed to be severed from these Terms of Service, such determination shall not affect the validity and enforceability of any other remaining provisions.</p>\r\n<h3>SECTION 16 - TERMINATION</h3>\r\n<p>The obligations and liabilities of the parties incurred prior to the termination date shall survive the termination of this agreement for all purposes.</p>\r\n<p>These Terms of Service are effective unless and until terminated by either you or us. You may terminate these Terms of Service at any time by notifying us that you no longer wish to use our Services, or when you cease using our site.</p>\r\n<p>If in our sole judgment you fail, or we suspect that you have failed, to comply with any term or provision of these Terms of Service, we also may terminate this agreement at any time without notice and you will remain liable for all amounts due up to and including the date of termination; and/or accordingly may deny you access to our Services (or any part thereof).</p>\r\n<h3>SECTION 17 - ENTIRE AGREEMENT</h3>\r\n<p>The failure of us to exercise or enforce any right or provision of these Terms of Service shall not constitute a waiver of such right or provision.</p>\r\n<p>These Terms of Service and any policies or operating rules posted by us on this site or in respect to The Service constitutes the entire agreement and understanding between you and us and govern your use of the Service, superseding any prior or contemporaneous agreements, communications and proposals, whether oral or written, between you and us (including, but not limited to, any prior versions of the Terms of Service).</p>\r\n<p>Any ambiguities in the interpretation of these Terms of Service shall not be construed against the drafting party.</p>\r\n<h3>SECTION 18 - GOVERNING LAW</h3>\r\n<p>These Terms of Service and any separate agreements whereby we provide you Services shall be governed by and construed in accordance with the laws of India and jurisdiction of Ahmedabad,Gujarat.</p>\r\n<h3>SECTION 19 - CHANGES TO TERMS OF SERVICE</h3>\r\n<p>You can review the most current version of the Terms of Service at any time at this page. We reserve the right, at our sole discretion, to update, change or replace any part of these Terms of Service by posting updates and changes to our website. It is your responsibility to check our website periodically for changes. Your continued use of or access to our website or the Service following the posting of any changes to these Terms of Service constitutes acceptance of those changes.</p>\r\n<h3>SECTION 20 - CONTACT INFORMATION</h3>\r\n<p>Questions about the Terms of Service should be sent to us at <a href=\"mailto:support@zepomart.com\">support@zepomart.com</a> <br /> --------------------------------</p>\r\n</div>','Terms & Conditions','','term, conditions','en',4),(5,'Terms of use','terms-of-use','<div class=\"static-container\"><div class=\"mb-5\">Terms of use page content</div></div>','Terms of use','','term, use','en',5),(6,'Contact Us','contact-us','<div class=\"static-container\"><div class=\"mb-5\">Contact us page content</div></div>','Contact Us','','contact, us','en',6),(7,'Customer Service','cutomer-service','<div class=\"static-container\"><div class=\"mb-5\">Customer service  page content</div></div>','Customer Service','','customer, service','en',7),(8,'What\'s New','whats-new','<div class=\"static-container\"><div class=\"mb-5\">What\'s New page content</div></div>','What\'s New','','new','en',8),(9,'Payment Policy','payment-policy','<div class=\"static-container\"><div class=\"mb-5\">Payment Policy page content</div></div>','Payment Policy','','payment, policy','en',9),(10,'Shipping Policy','shipping-policy','<div class=\"static-container\"><div class=\"mb-5\">Shipping Policy  page content</div></div>','Shipping Policy','','shipping, policy','en',10),(11,'Privacy Policy','privacy-policy','<div class=\"static-container\">\r\n<h3>GENERAL</h3>\r\n<ol>\r\n<li>This document is an electronic record in terms of Information Technology Act, 2000 and rules there under as applicable and the amended provisions pertaining to electronic records in various statutes as amended by the Information Technology Act, 2000. This electronic record is generated by a computer system and does not require any physical or digital signatures.</li>\r\n<li>This document is published in accordance with the provisions of Rule 3 (1) of the Information Technology (Intermediaries guidelines) Rules, 2011 that require publishing the rules and regulations, privacy policy and Terms of Use for access or usage of www.smartmedicalbuyer.com.</li>\r\n<li>The domain name www.zepomart.com (\"Website\"), is owned and operated by Zepomart Technologies Private Limited (\"Company\"), incorporated under the provisions of the Companies Act, 2013, and having its registered office at Ahmedabad, Gujarat , where such expression shall, unless repugnant to the context thereof, be deemed to include its respective representatives, administrators, employees, directors, officers, agents and their successors and assigns.</li>\r\n<li>For the purpose of this Privacy Policy (\"Policy\"), wherever the context so requires,</li>\r\n<ol>\r\n<li>The term \'You\' &amp; \'User\' shall mean any legal person or entity accessing or using the services provided on this Website, who is competent to enter into binding contracts, as per the provisions of the Indian Contract Act, 1872;</li>\r\n<li>The terms \'We\', \'Us\' &amp; \'Our\' shall mean the Website and/or the Company, as the context so requires.</li>\r\n<li>The terms \'Party\' &amp; \'Parties\' shall respectively be used to refer to the User and the Company individually and collectively, as the context so requires.</li>\r\n</ol>\r\n<li>The headings of each section in this Policy are only for the purpose of organizing the various provisions under this Policy in an orderly manner, and shall not be used by either Party to interpret the provisions contained herein in any manner. Further, it is specifically agreed to by the Parties that the headings shall have no legal or contractual value.</li>\r\n<li>The use of the Website by the User is solely governed by this Policy as well as the Terms of Use of the Website (\"Terms\", available at www.zepomart.com), and any modifications or amendments made thereto by the Company from time to time, at its sole discretion. Visiting the home page of the Website and/or using any of the services provided on the Website shall be deemed to signify the User\'s unequivocal acceptance of this Policy and the aforementioned Terms, and the User expressly agrees to be bound by the same. The User expressly agrees and acknowledges that the Terms and Policy are co-terminus, and that expiry / termination of either one will lead to the termination of the other.</li>\r\n<li>The User unequivocally agrees that this Policy and the aforementioned Terms constitute a legally binding agreement between the User and the Company, and that the User shall be subject to the rules, guidelines, policies, terms, and conditions applicable to any service that is provided by the Website, and that the same shall be deemed to be incorporated into the Terms, and shall be treated as part and parcel of the same. The User acknowledges and agrees that no signature or express act is required to make these Terms and the Policy binding on the User, and that the User\'s act of visiting the any part of the Website constitutes the User\'s full and final acceptance of the Policy and the aforementioned Terms.</li>\r\n<li>The Parties expressly agree that the Company retains the sole and exclusive right to amend or modify the Policy and the aforementioned Terms without any prior permission or intimation to the User, and the User expressly agrees that any such amendments or modifications shall come into effect immediately. The User has a duty to periodically check the Policy and Terms, and stay updated on their provisions and requirements. If the User continues to use the Website following such a change, the User will be deemed to have consented to any and all amendments / modifications made to the Policy and Terms. In so far as the User complies with the Policy and Terms, he/she is granted a personal, non-exclusive, non-transferable, revocable, limited privilege to enter, access and use the Website.</li>\r\n</ol>\r\n<h3>COLLECTION OF PERSONAL AND OTHER INFORMATION</h3>\r\n<ol>\r\n<li>The User expressly agrees and acknowledges that the Company collects and stores the User\'s personal information, which is provided by the User from time to time on the Website, including but not limited to the User\'s user name, passwords, email address, name, address, age, date of birth, sex, nationality, shopping preferences, browsing history, etc., as well as any images or other information uploaded/published by the User on the Website. The User is aware that this information will be used by the Company/Website to provide services and features targeted at the User, that are most likely to meet the User\'s needs, and also to customize and improve the Website to make its users\' experiences safer and easier.</li>\r\n<li>The User is aware that the Company/Website may automatically track certain information about the User based upon the User\'s IP address and the User\'s behaviour on the Website, and the User expressly consents to the same. The User is aware that this information is used to do internal research on user demographics, interests, and behaviour, to enable the Company/Website to better understand, and cater to the interests of its users. The User is expressly made aware that such information may include the URL that the User visited prior to accessing the Website, the URL which the User subsequently visits (whether or not these URLs form a part of the Website), the User\'s computer &amp; web browser information, the User\'s IP address, etc.</li>\r\n<li>If the User chooses to purchase products / services from the Website, the User consents to allowing the Company/Website to collect information about the User\'s buying behaviour and trends.</li>\r\n<li>If the User chooses to post messages / reviews / feedback anywhere on the Website, including but not limited to message boards, chat rooms, other message areas, etc., the User is aware that any and all such information provided / uploaded will be collected and stored by the Company indefinitely, and that such retained information may be used to resolve disputes, provide customer support, troubleshoot problems, etc., and that such information, if requested, may be provided to judicial or governmental authorities of requisite jurisdiction, or otherwise used by the Company/Website as permitted by applicable laws.</li>\r\n<li>The User is aware that any and all information pertaining to the User collected by the Company, whether or not directly provided by the User to the Company/Website, including but not limited to personal correspondence such as emails or letters, feedback from other users or third parties regarding the User\'s activities or postings on the Website, etc., may be collected and complied by the Company/Website into a a file/folder specifically created for / allotted to the User, and the User hereby expressly consents to the same.</li>\r\n<li>The User is aware that while he/she can browse some sections of the Website without being a registered user, certain activities (such as placing an order) require the User to provide valid personal information to the Company/Website for the purpose of registration. The User is aware that the contact information provided to the Company/Website may be used to send the User offers and promotions, whether or not based on the User\'s previous orders and interests, and the User hereby expressly consents to receiving the same.</li>\r\n<li>The User is aware that the Company/Website may occasionally request the User to complete optional online surveys. These surveys may require the User to provide contact information and demographic information (like zip code, age, income bracket, sex, etc.). The User is aware that this data to is used to customise the Website for the benefit of the User, and providing all users of the Website with products/services/content that the Company/Website believes they might be interested in availing of, and also to display content according to the User\'s preferences.</li>\r\n<li>The User is further aware that the Company/Website may occasionally request the User to write reviews for products/services purchased/availed of by the User from the Website, and also reviews for the various sellers listing their products/services on the Website. The User is aware that such reviews will help other users of the website make prudent and correct purchases, and also help the Company/Website remove sellers whose products are unsatisfactory in any way, and the User hereby expressly authorises the Company/Website to publish any and all reviews written by the User on the Website, along with the User\'s name and certain contact details, for the benefit and use of other Users of the Website.</li>\r\ni) Nothing contained herein shall be deemed to compel the Website/Company to store, upload, publish, or display in any manner content/reviews/surveys/feedback submitted by the User, and the User hereby expressly authorises the Website/Company to remove from the Website any such content, review, survey, or feedback submitted by the User, without cause or being required to notify the User of the same.</ol>\r\n<h3>COOKIES</h3>\r\n<ol>\r\n<li>The User is aware that a \'Cookie\' is a small piece of information stored by a web server on a web browser so it can later be traced back from that particular browser, and that cookies are useful for enabling the browser to remember information specific to a given user, including but not limited to a User\'s login identification, password, etc. The User is aware that the Website places both permanent and temporary cookies in the User\'s computer\'s hard drive and web browser, and does hereby expressly consent to the same.</li>\r\n<li>The User is further aware that the Website uses data collection devices such as cookies on certain pages of the Website to help analyse web page flow, measure promotional effectiveness, and promote trust and safety, and that certain features of the Website are only available through the use of such cookies. While the User is free to decline the Website\'s cookies if the User\'s browser permits, the User may consequently be unable to use certain features on the Website.</li>\r\n<li>Additionally, the User is aware that he/she might encounter \'cookies\' or other similar devices on certain pages of the Website that are placed by third parties or affiliates of the Company/Website. The User expressly agrees and acknowledges that the Company/Website does not control the use of such cookies/other devices by third parties, that the Company/Website is in no way responsible for the same, and that the User assumes any and all risks in this regard.</li>\r\n</ol>\r\n<h3>DIVULGING/SHARING OF PERSONAL INFORMATION</h3>\r\n<ol>\r\n<li>The User is aware that the Website/Company may share the User\'s personal information with other corporate entities and affiliates to help detect and prevent identity theft, fraud and other potentially illegal acts; correlate related or multiple accounts to prevent abuse of the Website\'s services; and to facilitate joint or co-branded services, where such services are provided by more than one corporate entity.</li>\r\n<li>The User is aware that the Website/Company may disclose personal information if required to do so by law or if the Website/Company in good faith believes that such disclosure is reasonably necessary to respond to subpoenas, court orders, or other legal processes. The Website/Company may also disclose the User\'s personal information to law enforcement offices, third party rights owners, or other third parties if it believes that such disclosure is reasonably necessary to enforce the Terms or Policy; respond to claims that an advertisement, posting or other content violates the rights of a third party; or protect the rights, property or personal safety of its users, or the general public.</li>\r\n<li>The User is further aware that the Website/Company and its affiliates may share / sell some or all of the User\'s personal information with other business entities should the Company/Website (or its assets) plan to merge with, or be acquired by such business entity, or in the event of re-organization, amalgamation, or restructuring of the Company\'s business. Such business entity or new entity will continue to be bound be the Terms and Policy, as may be amended from time to time.</li>\r\n</ol>\r\n<h3>SECURITY</h3>\r\n<p>Transactions on the Website are secure and protected. Any information entered by the User when transacting on the Website is encrypted to protect the User against unintentional disclosure to third parties. The User\'s credit and debit card information is not received, stored by or retained by the Company / Website in any manner. This information is supplied by the User directly to the relevant payment gateway which is authorized to handle the information provided, and is compliant with the regulations and requirements of various banks and institutions and payment franchisees that it is associated with.</p>\r\n<h3>THIRD PARTY ADVERTISEMENTS / PROMOTIONS</h3>\r\n<p>The User is aware that the Company/Website uses third-party advertising companies to serve ads to the users of the Website. The User is aware that these companies may use information relating to the User\'s visits to the Website and other websites in order to provide customised advertisements to the User. Furthermore, the Website may contain links to other websites that may collect personally identifiable information about the User. The Company/Website is not responsible for the privacy practices or the content of any of the aforementioned linked websites, and the User expressly acknowledges the same and agrees that any and all risks associated will be borne entirely by the User.</p>\r\n<h3>USER\'S CONSENT</h3>\r\n<p>By using the Website and/ or by providing information to the Company through the Website, the User consents to the collection and use of the information disclosed by the User on the Website in accordance with this Policy, including but not limited to the User\'s consent the Company/Website sharing/divulging the User\'s information, as per the terms contained hereinabove in Section 4 of the Policy.</p>\r\n<h3>GRIEVANCE OFFICER</h3>\r\n<p>In accordance with Information Technology Act, 2000 and rules made there under, the name and contact details of the Grievance Officer are provided below:</p>\r\n<p><b>Kayur Patel</b><br /> <b>Co-founder</b><br /> <b>Phone:</b> <a href=\"tel:+91-9925114707\">+91 - 9925114707</a><br /> <b>Email ID:</b> <a href=\"mailto:support@zepomart.com\">support@zepomart.com </a></p>\r\n<h3>DISPUTE RESOLUTION AND JURISDICTION</h3>\r\n<p>It is expressly agreed to by the Parties hereto that the formation, interpretation and performance of this Policy and any disputes arising herefrom will be resolved through a two-step Alternate Dispute Resolution (\"ADR\") mechanism. It is further agreed to by the Parties that the contents of this Section shall survive even after the termination or expiry of the Policy and/or Terms.</p>\r\n<ol>\r\n<ol>\r\n<li><b>Mediation:</b> In case of any dispute between the parties, the Parties will attempt to resolve the same amicably amongst themselves, to the mutual satisfaction of both Parties. In the event that the Parties are unable to reach such an amicable solution within thirty (30) days of one Party communicating the existence of a dispute to the other Party, the dispute will be resolved by arbitration, as detailed hereinbelow;</li>\r\n<li><b>Arbitration:</b> In the event that the Parties are unable to amicably resolve a dispute by mediation, said dispute will be referred to arbitration by a sole arbitrator to be appointed by the Company, and the award passed by such sole arbitrator will be valid and binding on both Parties. The Parties shall bear their own costs for the proceedings, although the sole arbitrator may, in his/her sole discretion, direct either Party to bear the entire cost of the proceedings. The arbitration shall be conducted in English, and the seat of Arbitration shall be the city of Gujarat, India.</li>\r\n</ol>\r\n</ol>\r\n<p>The Parties expressly agree that the Terms, Policy and any other agreements entered into between the Parties are governed by the laws, rules and regulations of India, and that the Courts at New Delhi shall have exclusive jurisdiction over any disputes arising between the Parties.</p>\r\n</div>','Privacy Policy','','privacy, policy','en',11),(12,' Self Definition','self-definition','<p>Self Definition</p>','Self Definition','','','en',12),(13,' Self Definition','self-definition','<p>Self Definition</p>','Self Definition','','','fr',12),(14,' Self Definition','self-definition','<p>Self Definition</p>','Self Definition','','','nl',12),(15,' Self Definition','self-definition','<p>Self Definition</p>','Self Definition','','','tr',12),(16,'Procedure','procedure','<p>Procedure</p>','procedure','','','en',13),(17,'Procedure','procedure','<p>Procedure</p>','procedure','','','fr',13),(18,'Procedure','procedure','<p>Procedure</p>','procedure','','','nl',13),(19,'Procedure','procedure','<p>Procedure</p>','procedure','','','tr',13),(20,'Offline Stores','offline-stores','<p>Offline Stores</p>','Offline Stores','','','en',14),(21,'Offline Stores','offline-stores','<p>Offline Stores</p>','Offline Stores','','','fr',14),(22,'Offline Stores','offline-stores','<p>Offline Stores</p>','Offline Stores','','','nl',14),(23,'Offline Stores','offline-stores','<p>Offline Stores</p>','Offline Stores','','','tr',14),(24,'Our Valued Customer','our-valued-customer','<p>Our Valued Customer</p>','Our Valued Customer','','','en',15),(25,'Our Valued Customer','our-valued-customer','<p>Our Valued Customer</p>','Our Valued Customer','','','fr',15),(26,'Our Valued Customer','our-valued-customer','<p>Our Valued Customer</p>','Our Valued Customer','','','nl',15),(27,'Our Valued Customer','our-valued-customer','<p>Our Valued Customer</p>','Our Valued Customer','','','tr',15),(28,'FAQ','faq','<p>FAQ</p>','FAQ','','','en',16),(29,'FAQ','faq','<p>FAQ</p>','FAQ','','','fr',16),(30,'FAQ','faq','<p>FAQ</p>','FAQ','','','nl',16),(31,'FAQ','faq','<p>FAQ</p>','FAQ','','','tr',16),(32,'Measurement Process','measurement-process','<p>Measurement Process</p>','Measurement Process','','','en',17),(33,'Measurement Process','measurement-process','<p>Measurement Process</p>','Measurement Process','','','fr',17),(34,'Measurement Process','measurement-process','<p>Measurement Process</p>','Measurement Process','','','nl',17),(35,'Measurement Process','measurement-process','<p>Measurement Process</p>','Measurement Process','','','tr',17),(36,'Work with Us','work-with-us','<p>Work with Us</p>','Work with Us','','','en',18),(37,'Work with Us','work-with-us','<p>Work with Us</p>','Work with Us','','','fr',18),(38,'Work with Us','work-with-us','<p>Work with Us</p>','Work with Us','','','nl',18),(39,'Work with Us','work-with-us','<p>Work with Us</p>','Work with Us','','','tr',18),(40,'Terms and Conditions for Vendor/Seller','terms-and-conditions-for-vendorseller','<div class=\"static-container\">\r\n<p>This document is an electronic agreement in terms of Information Technology Act, 2000 (&ldquo;IT Act, 2000&rdquo;), the applicable rules there under and the provisions pertaining to electronic records in various statutes as amended by the Information Technology Act, 2000. This electronic record is generated by a computer system and does not require any physical or digital signatures.</p>\r\n<p>The domain name <a href=\"mailto:www.zepomart.com\">www.zepomart.com</a> including the related mobile site and mobile application as well as the seller portal https://www.zepomart.com/vendor.php (hereinafter referred to as &ldquo; Online Platform&rdquo;) is owned and operated by Zepomart , zepomart technologies private limited (hereinafter referred to as zepomart\' ), a registered a Partnership firm under with its registered office at Ahmedabad,india.</p>\r\n<p>For the purpose of the Terms of Use (hereinafter referred to as &ldquo;TOU&rdquo;), wherever the context so requires, &lsquo;you&rsquo; and &lsquo;your&rsquo; shall relate to any natural or legal person who has agreed to become a seller on the Platform by providing registration data while registering on the Platform using computer systems. The word &lsquo;user&rsquo; shall collectively imply a seller, a buyer, and any visitor on the Platform and the terms &lsquo;we&rsquo;, &lsquo;us&rsquo; and &lsquo;our&rsquo; shall mean Zepomart.</p>\r\n<p>When you use any current or future services provided by us through the Online Platform you will be subject to the rules, guidelines, policies, terms and conditions applicable to such services and they shall be deemed incorporated into the TOU and considered a part and parcel of the TOU. We reserve the right, at our sole discretion, to change, modify, add, or remove portions of the TOU at any time.</p>\r\n<p>ACCESSING, BROWSING, OR OTHERWISE USING THE PLATFORM INDICATES YOUR AGREEMENT WITH ALL THE TERMS AND CONDITIONS UNDER THE TOU. PLEASE READ THE TOU CAREFULLY BEFORE PROCEEDING.</p>\r\n<h3>Vendor/ Seller Eligibility</h3>\r\n<p>The use of the Platform is available only to persons who can form legally binding contracts under the Indian Contract Act, 1872. Persons who are \"incompetent to contract\" within the meaning of the Indian Contract Act, 1872 including minors, un-discharged insolvents etc. are not eligible to use the Platform. If you are a minor i.e. under the age of 18 years, you shall not register as a seller on the Platform, transact or use the Platform. &ldquo;ZEPOMART&rdquo; reserves the right to terminate your registration and/or refuse you access to the Platform if it is brought to ZEPOMART&rsquo;s notice or discovered that you are under the age of 18 years.</p>\r\n<h3>Your Account and Registration Obligations</h3>\r\n<p>In the course of your use of the our Online Platform, you agree to furnish your details and information as requested by us from time to time. You shall remain responsible for maintaining confidentiality of this information, as well as your display Name, login and password details. You agree that if you provide any information which is untrue, inaccurate, not current, or incomplete or we have reasonable grounds to suspect that such information is untrue, inaccurate, not current, incomplete, or not in accordance with the ToU, we shall have the right to suspend or terminate your account on the Platform or indefinitely block you from accessing the Platform.</p>\r\n<h3>SETTING UP YOUR ACCOUNT</h3>\r\n<ul>\r\n<li>Vendor admin ( www.zepomart.com/vendor.php ) is where you can find the tools to list and Manage your <b>Products</b> on Zepomart. Manage Your Customers, Orders, Inventory, Receive Payments, View Transactions, Create shipments, Contact customers, Contact seller support, Access sales report about your business .</li>\r\n<li>As we Identify Selling opportunities for you, We will notify you through Phone /Email Notification .</li>\r\n<li>For the Ongoing support after your account is launched on zepomart.com, You can use the &ldquo;Help Pages and Videos&rdquo; and Contact the Vendor Support team via Email/Phone. Or call our account Manager for Any business related issues, if allotted one.</li>\r\n<li>You can sell New Products and Refurbished Products both on zepomart.com, It is strictly recommended define Your Product Type &ldquo; Refurbished&rdquo; or &ldquo; New&rdquo; in Description .</li>\r\n</ul>\r\n<h3>LISTING YOUR PRODUCTS</h3>\r\n<ul>\r\n<li>Listing Products in right categories and with the correct information is critical for buyers to be able to find your products easily .</li>\r\n<li>Setup your Sales Price, Shipping charges, List Price ( MRP) , Taxes , Minimum Order Qty. , Stock/Inventory , Product Variations( if Any),Promotions, Product Images , Product Description.</li>\r\n<li>Without deleting your Product Listing, You can Disable or Activate or Hide your products from the Store Front any time whenever required.</li>\r\n<li>Product Selling Price , Listing Price (MRP) and Qty. Can be modify direct from the Listing Page .</li>\r\n<li>For All New product, there must be &ldquo;Manufacturer warranty&rdquo; supported by Seller. And Invoice should mention the warranty on it. Warranty Terms should be Defined Cleary in the Product Features .</li>\r\n<li>Product Type: Brand New or Refurbished</li>\r\n<li>Brand Name :</li>\r\n<li>Warranty Period :</li>\r\n<li>Warranty Type : On Site or Off Site</li>\r\n<li>Installation Charges : Free or Extra</li>\r\n<li>Country of Origin :</li>\r\n<li>Delivery Time :</li>\r\n</ul>\r\n<h3>CUSTOMER ORDERS</h3>\r\n<ul>\r\n<li>It is advisable to check your Vendor account at least daily for orders . You can check for new orders through Order Notifications Email, Manage Order Section in Vendor Admin Panel or Dashboard .</li>\r\n<li>Review You Default Shipping Settings and customize it fit to your fulfillment Model. Our Buyers expect their purchases to be well packed and to arrive on time . The Default Lead Time to ship / Fulfillment legacy is 2-3 Business Days .</li>\r\n<li>Octroi Charges if any will be borne by the seller /Vendor .</li>\r\n<li>The Orders that are not shipped and Confirmed as Shipped within 72 Hours of the last shipping date will be cancelled.</li>\r\n<li>2.5% of order Value will be charged as cancellation charges if the order is cancelled by the seller for any reason other then the buyer requested cancellation or if the order is auto cancelled by the zepomart as explained above .</li>\r\n<li>If your want to create a &ldquo;buy one and Get One &rdquo;promotion for two products , It is necessary to create a live listing for both Products .</li>\r\n<li>If an order is in Open / Pending State for More than 3 days , You should contact Seller/ Vendor Support .</li>\r\n<li>It is not advisable to include any marketing or promotional material with packing material.</li>\r\n</ul>\r\n<h3>CUSTOMER SERVICE</h3>\r\n<ul>\r\n<li>You should respond to the buyer quires within 24 Hours to maintain Good performance on customer Contact response time .</li>\r\n<li>If buyer provide a negative feedback , You can eighter resolve the issue by contacting the buyer through zepomart &ldquo;Customer Message Centre&rdquo;and request removal of the feedback , or post a response to the negative feedback on the website .</li>\r\n<li>Buy can Claim A-Z guarantee if a seller fail to deliver the product within</li>\r\n<li>3 days from the date of Maximum estimated delivery date , If the buyer receive the defective , Damaged or not the item depicted in the description, or if the buyer does not receive the refund or replacement as per policy .</li>\r\n<li>You should respond A-Z Claim Notification from &ldquo; zepomart&rdquo; within 7 calendar days</li>\r\n<li>You are required to take return or provide refund up-to 7Days from the date of delivery in accordance with &ldquo; zepomart&rdquo; Refund and return policy .</li>\r\n<li>Generally , zepomart.com pays the proceeds of your sales to your bank account 14 days after you register with our vendor Panel . Subsequently , the settlement process repeats every 7 days.</li>\r\n<li>If you don&rsquo;t meet your performance target you will receive a warning notifications by the &ldquo;Vendor&rsquo;s Performance Team&rdquo; to improve your performance on priority. Your account may get suspended immediately, If you miss your performance target by a large margin. You will get 90 days time for improving the performance to avoid suspension.</li>\r\n<li>It is prohibited to bribe buyers for positive feedback .</li>\r\n<li>It is prohibited to use buyer information for online and offline marketing purpose .</li>\r\n</ul>\r\n<h3>Communications</h3>\r\n<p>When you use the Platform or send emails, other data, information, or communication to us, you agree and understand that you are communicating with us through electronic records and you consent to receive communications via electronic records from us periodically or as and when required. We may communicate with you by email or any other mode of communication, electronic or otherwise.</p>\r\n<h3>Zepomart Platform for Transaction and Communication</h3>\r\n<p>The Platform is a platform that users utilize to independently meet and interact with one another for their transactions. Zepomart is not and cannot be a party to any transaction or dispute between users on the Platform.</p>\r\n<h3>Consequently:</h3>\r\n<ol>\r\n<li>All commercial/contractual terms are offered by you and agreed upon between you and buyers alone. The commercial/contractual terms include (without limitation) price, shipping costs, payment methods and terms, date, period, and mode of delivery, and warranties and after-sales services related to products and services. Zepomart does not determine, advice, have any control, or in any way involve itself in the offering or acceptance of such commercial/contractual terms between you and buyers.</li>\r\n<li>Zepomart does not make any representations or warranties regarding specifics (such as quality, value, and salability ) of the products or services proposed to be sold, offered to be sold or purchased on the Platform. Zepomart does not implicitly or explicitly support or endorse the sale or purchase of any products and services on the Platform. Zepomart accepts no liability for any errors or omissions of third parties in relation to the products and services.</li>\r\n<li>Zepomart is not responsible for any non-performance or breach of any contract between you and buyers. Zepomart cannot and does not guarantee that you and buyers concerned will perform transaction(s) concluded on the Platform. Zepomart shall not and is not required to mediate or resolve disputes or disagreements between you and buyers.</li>\r\n<li>Zepomart does not make any representations or warranties regarding item-specifics (such as legal title, creditworthiness, identity, etc.) of any of its users. You are advised to independently verify the bona fides of any particular buyer you choose to deal with on the Platform and use your best judgment in that regard.</li>\r\n<li>Zepomart does not at any point in time during a transaction between you and a buyer on the Platform come into or take possession of any of the products or services offered by you, gain title to or have any rights or claims over the products or services offered by you to the buyer.</li>\r\n<li>At no time shall Zepomart hold any right/title to or interest in the items nor have any obligations or liabilities with respect to such a contract. Zepomart is not responsible for unsatisfactory or delayed performance of services, damages, or delays as a result of items which are out of stock, unavailable, or back-ordered.</li>\r\n<li>The Platform is only a platform that can be utilized by you to reach a larger customer base to sell items or services. Zepomart only provides a platform for communication and it is agreed that the contract for sale of any products or services shall be a strictly bipartite contract between you and the buyer.</li>\r\n<li>You release and indemnify Zepomart and/or any of its officers and representatives from any cost, damage, liability or other consequence of any of the actions of the users on the Platform and specifically waive any claims that you may have in this behalf under any applicable law. Notwithstanding its reasonable efforts in that behalf, Zepomart cannot control the information provided by other users which is made available on the Platform. You may find other user\'s information to be offensive, harmful, inaccurate or deceptive. Please use caution and practice safe trading when using the Platform.</li>\r\n</ol>\r\n<h3>Use of the Zepomart Platform</h3>\r\n<p>You agree and understand that Zepomart and the Platform merely provide hosting services to its registered users and persons browsing/visiting the Platform. All items advertised / listed and the contents therein are advertised and listed by registered users and are third party user generated contents. Zepomart shall bear no responsibility or liability in relation to or arising out of third party user generated content. Zepomart neither originates nor initiates the transmission nor selects the sender and receiver of the transmission nor selects nor modifies the information contained in the transmission.</p>\r\n<p>Zepomart is merely an intermediary and does not interfere in the transaction between buyers and sellers.</p>\r\n<p>You agree, undertake and confirm that your use of the Platform shall be strictly governed by the following binding principles:</p>\r\n<ol>\r\n<li>You shall not host, display, upload, modify, publish, transmit, update or share any information which:</li>\r\n<ol class=\"lower-alpha\">\r\n<li>) belongs to another person and over which you have no right;</li>\r\n<li>) is grossly harmful, harassing, blasphemous, defamatory, bigotry, obscene, pornographic, paedophilic, libellous, invasive of another&rsquo;s privacy, hateful, or racially, ethnically objectionable, disparaging, relating to or encouraging money laundering or gambling, or otherwise unlawful in any manner whatever, or unlawfully threatening or harassing, including but not limited to &lsquo;indecent representation of women&rsquo; within the meaning of the Indecent Representation of Women (Prohibition) Act, 1986;</li>\r\n<li>) is false, inaccurate or misleading in any way;</li>\r\n<li>) is patently offensive to the online community, such as sexually explicit content or content that promotes obscenity, paedophilia, racism, bigotry, hatred, or physical harm of any kind against any group or individual;</li>\r\n<li>) harasses or advocates harassment of another person;</li>\r\n<li>) involves the transmission of &lsquo;junk mail&rsquo;, &lsquo;chain letters&rsquo;, unsolicited mass mailing, or &lsquo;spamming&rsquo;;</li>\r\n<li>) promotes illegal activity or conduct that is abusive, threatening, obscene, defamatory, or libelous;</li>\r\n<li>) infringes upon or violates any third party\'s rights [including but not limited to intellectual property rights, rights of privacy (including without limitation unauthorized disclosure of a person\'s name, email address, physical address, or phone number) or rights of publicity];</li>\r\n<li>) promotes an illegal or unauthorized copy of another person\'s copyrighted work (see &ldquo;Copyright complaint\" below for instructions on how to lodge a complaint about uploaded copyrighted material) such as providing pirated computer programs or links, information to circumvent manufacturer-installed copy-protect devices, or pirated music or links to pirated music files;</li>\r\n<li>) contains restricted or password-only access pages, hidden pages or images or URLs leading to any other pages (those not linked to or from another accessible page);</li>\r\n<li>) provides material that exploits people in a sexual, violent or otherwise inappropriate manner or solicits personal information from anyone;</li>\r\n<li>) provides instructional information about illegal activities such as making or buying illegal weapons, violating someone\'s privacy, providing or creating computer viruses;</li>\r\n<li>) contains unauthorized videos, photographs or images of another person (whether a minor or an adult);</li>\r\n<li>) tries to gain unauthorized access or exceeds the scope of authorized access to the Platform, profiles, blogs, communities, account information, bulletins, friend requests, or other areas of the Platform, or solicits passwords or personal identifying information for commercial or unlawful purposes from other users on the Platform;</li>\r\n<li>)\r\n<p>engages in commercial activities and/or sales such as contests, sweepstakes, barter, advertising, pyramid schemes, or the buying or selling of &lsquo;virtual&rsquo; items related to the Platform without our prior written consent.</p>\r\n<p>Throughout the Agreement, Zepomart&rsquo;s prior written consent means a communication coming from Zepomart&rsquo;s Legal Team in response to your request and specifically addressing the activities or conduct for which you have sought authorization;</p>\r\n</li>\r\n<li>) solicits gambling or engages in any gambling activity which we, at our sole discretion, believe is or could be construed as being illegal;</li>\r\n<li>) interferes with another&rsquo;s use and enjoyment of the Platform;</li>\r\n<li>) refers to any website/URL which, at our sole discretion, contains material that is inappropriate for the Platform or any other website and content that is prohibited or violates the letter and spirit of ToU;</li>\r\n<li>) harms minors in any way;</li>\r\n<li>) infringes any patent, trademark, copyright, proprietary rights, third-party&rsquo;s trade secrets, rights of publicity, or privacy, is fraudulent, or involves the sale of counterfeit or stolen items;</li>\r\n<li>) violates any law for the time being in force;</li>\r\n<li>) deceives or misleads the addressee/ users about the origin of messages or communicates any information which is grossly offensive or menacing in nature;</li>\r\n<li>) impersonates another person;</li>\r\n<li>) contains software viruses or any other computer codes, files, or programs designed to interrupt, destroy, or limit the functionality of any computer resource; or contains any trojan horses, worms, time bombs, cancelbots, easter eggs, or other computer programming routines that may damage, detrimentally interfere with, diminish value of, surreptitiously intercept, or expropriate any system, data, or personal information;</li>\r\n<li>) threatens the unity, integrity, defense, security or sovereignty of India, friendly relations with foreign states, or public order or causes incitement to the commission of any offence or prevents investigation of any offence or is insulting any other nation;</li>\r\n<li>) shall, directly or indirectly, offer or attempt to offer trade or attempt to trade in any item which is prohibited or restricted in any manner under the provisions of any applicable law, rule, regulation or guideline for the time being in force;</li>\r\n</ol>\r\n<li>You shall not use any &lsquo;deep-link&rsquo;, &lsquo;page-scrape&rsquo;, &lsquo;robot&rsquo;, &lsquo;spider&rsquo;, automatic device, program, algorithm, methodology, or any similar or equivalent manual process to access, acquire, copy, monitor any portion of the Platform or content or in any way reproduce, or circumvent the navigational structure, presentation of the Platform, or any content to obtain or attempt to obtain any material, documents, or information through any means not purposely made available through the Platform. We reserve our right to bar any such activities.</li>\r\n<li>You shall not attempt to gain unauthorized access to any portion or feature of the Platform, other systems, networks connected to the Platform, server, computer, network, or the services offered on or through the Platform by hacking, password &lsquo;mining&rsquo;, or any other illegitimate means.</li>\r\n<li>You shall not probe, scan or test the vulnerability of the Platform or any network connected to the Platform or breach the security, authentication measures on the Platform or any network connected to the Platform. You may not reverse look-up, trace or seek to trace information on any other user of or visitor to Platform (including any account on the Platform that is not owned by you) or to its source or exploit the Platform, any service, information made available, or offered by or through the Platform in any way where the purpose is to reveal any information (including but not limited to personal identification or information other than your own information) provided by the Platform.</li>\r\n<li>You shall not make any negative, denigrating, or defamatory statement(s)/comment(s) about us, the brand name or domain name used by us, including the terms Zepomart , zepomart.com or otherwise engage in any conduct or action that might tarnish the image or reputation of Zepomart or sellers on the platform or otherwise tarnish or dilute any Zepomart trade mark, service marks, trade name and/or goodwill associated with such trade, service marks or trade name as may be owned or used by us. You agree that you will not take any action that imposes an unreasonable or disproportionately large load on the infrastructure of the Platform or Zepomart&rsquo;s systems, networks , or any systems or networks connected to Zepomart .</li>\r\n<li>You agree not to use any device, software or routine to interfere or attempt to interfere with the proper working of the Platform, any transaction being conducted on the Platform or any other person&rsquo;s use of the Platform.</li>\r\n<li>You shall not forge headers or otherwise manipulate identifiers in order to disguise the origin of any message, transmittal you send to us on or through the Platform, or any service offered on or through the Platform. You may not pretend that you are or represent someone else or impersonate any other individual or entity.</li>\r\n<li>You may not use the Platform or any content for any purpose that is unlawful or prohibited by the ToU or to solicit the performance of any illegal activity or other activity which infringes the rights of Zepomart and/or others.</li>\r\n<li>You shall at all times ensure full compliance with the applicable provisions of the Information Technology Act, 2000, and the rules there under as applicable and amended from time to time and also all applicable domestic laws, rules and regulations (including the provisions of any applicable Exchange Control Laws or Regulations in force) and International Laws, Foreign Exchange Laws, Statutes, Ordinances and Regulations (including, but not limited to Integrated Goods and Services Tax Act, Central Goods and Services Tax Act, relevant State Goods and Services Tax Act or Union Territories Goods and Services Tax Act and Custom Duty, Local Levies as may be applicable) and obtain the necessary licences and permits regarding your use of our Platform, service and/or tools and your listing, purchase, solicitation of offers to purchase, and sale of items or services. You shall not engage in any transaction in an item or service, which is prohibited by the provisions of any applicable law including exchange control laws or regulations for the time being in force. In particular you shall ensure that if any of your items listed on the Platform qualifies as an \"Antiquity\" or \"Art treasure\" as defined in the Act (\"Artwork\"), you shall indicate that such Artwork is \"non-exportable\" and sold subject to the provisions of the Antiquities and Art Treasures Act, 1972, and shall ensure that it is not delivered to any buyer at any place outside India.</li>\r\n<li>Solely to enable us to use the information you provide us with and so that we do not violate any rights you might have in your information, you agree to grant us a non-exclusive, worldwide, perpetual, irrevocable, royalty-free, and sub-licensable (through multiple-tiers) right to exercise the copyright, publicity or database rights or any other rights you have in your information for any current or future promotional or advertising related activities and any business purposes of Zepomart. We will only use your information in accordance with this ToU and our Privacy Policy .</li>\r\n<li>From time to time you shall be responsible for providing information relating to the items or services proposed to be sold by you. In this connection, you undertake that all such information shall be accurate in all respects. You shall not exaggerate or over emphasize the attributes of such items or services so as to mislead other users on the Platform in any manner.</li>\r\n<li>You shall not engage in advertising of other sellers on the Platform to buy or sell any products or services, including but not limited to products or services related to what is displayed on the Platform. You may not transmit any chain letters or unsolicited commercial or junk email to other users acquired/via the Platform. It shall be a violation of the ToU to use any information obtained from the Platform in order to harass, abuse, or harm others or contact, advertise and sell to or solicit persons other than those who have chosen to buy from you. You understand that we have the right at all times to disclose any information (including the identity of the persons who have provided information or material on the Platform) as necessary to satisfy any law, regulation, or valid governmental request. This may include, without limitation, disclosure of the information in connection with the investigation of an alleged illegal activity or its solicitation and/or response to a lawful court order or subpoena. In addition, we can (and you hereby expressly authorized us to) disclose any information about you to law enforcement or other government officials as we, at our sole discretion, deem necessary or appropriate in connection with the investigation and/or resolution of possible crimes, especially those that may involve personal injury. We reserve the right, but have no obligation, to monitor the material posted on the Platform. Zepomart shall have the right, at its sole discretion, to remove any content that violates or is alleged to violate any applicable law or either the spirit or letter of the ToU. Notwithstanding this right, YOU REMAIN SOLELY RESPONSIBLE FOR THE CONTENT OF THE MATERIAL YOU POST ON THE WEBSITE AND YOUR INDEPENDENT COMMUNICATION WITH THE BUYERS AND OTHER SELLERS, REGARDLESS OF FORM. Please be advised that such content posted does not reflect our views. In no event shall Zepomart assume or have any responsibility or liability for any content posted on the Platform or claims, damages, or losses resulting from its use and/or appearance of it on the Platform. You hereby represent and warrant that you have necessary rights to all the content you provide and all information it contains and that such content shall not infringe any proprietary or other rights of third parties or contain any misleading, libellous, tortious, or otherwise unlawful information.</li>\r\n<li>Your correspondence or business dealings with or participation in the promotion of advertisers on or through the Platform (including payment and delivery of related products or services, any other terms, conditions, warranties, or representations associated with such dealings) are solely between you and such advertisers. We shall not be responsible or liable for any loss or damage of any sort incurred as a result of such dealings or the presence of such advertisers on the Platform.</li>\r\n<li>It is possible that other users (including unauthorized persons or &lsquo;hackers&rsquo;) may post or transmit offensive or obscene material on the Platform and that you may be involuntarily exposed to such material. It is also possible for others to obtain personal information about you due to your use of the Platform and use such information to harass or injure you. We do not approve of such unauthorized uses but by using the Platform, you acknowledge and agree that we are not responsible for the use of any personal information that you publicly disclose or share with others on the Platform. Please carefully select the type of information that you publicly disclose or share with others on the Platform.</li>\r\n<li>Zepomart shall have all the rights to take necessary action and claim damages that may occur due to your involvement/participation in any way on your own or through group(s) of people, intentionally or unintentionally, in DoS (denial of service)</li>\r\n</ol>\r\n<h3>Selling</h3>\r\n<p>As a registered seller, you shall list item(s) for sale on the Platform in accordance with the policies which are incorporated by way of reference in this ToU. You must be legally able to sell the item(s) you list for sale on our Platform and must have all the necessary licences and permits required for such sale. You must ensure that the listed items do not infringe upon the intellectual property, trade secret or other proprietary rights or rights of publicity or privacy rights of third parties. Listings may only include text descriptions, graphics, pictures or videos that describe your item for sale. All items must be listed in an appropriate category on the Platform. All listed items must be kept in stock for successful fulfilment of sales. The listing description of the item must not be misleading and must describe actual condition of the product. If the item description does not match the actual condition of the item, you agree to refund any amount that you may have received from the buyer. You agree not to list a single product in multiple quantities across various categories on the Platform. Zepomart reserves the right to delete such multiple listings of the same product listed by you in various categories.</p>\r\n<h3>Compliance on selling of goods/services</h3>\r\n<p>You shall also ensure full compliance with the provisions of Integrated Goods and Services Tax (IGST), Central Goods and Services Tax (CGST) and Union Territory Goods and Services Tax (UTGST) or State Goods and Services Tax (SGST) in respect of the goods/services supplied by you.</p>\r\n<p>It is your responsibility to charge appropriate goods and services taxes on the supplies effected and remittance of the same to the Government. Zepomart shall not be responsible for any deficiency and/ or omission on your part.</p>\r\n<p>Pursuant to the tax collection at source provisions under IGST, CGST and/UTGST or SGST, the portal would collect tax collection at source at applicable rates on net value of taxable supplies made through the portal and remit to the appropriate Government.</p>\r\n<p>In case of any mismatches on account of tax collection at source, you shall be required to provide all relevant information to Zepomart to correspond with the relevant authorities and also in case of any liability accruing on account of omission shall be your obligation to pay such deficit.</p>\r\n<p>You shall be required to provide the corresponding Harmonised System Nomenclature (HSN) code number for every product listing . In the event that you do not provide the HSN code number that particular product will be de-listed and you will no longer be able to sell the product on our platform. You have to select the appropriate GST rate during the product listing . We will not responsible for any incorrect GST selection .</p>\r\n<p>You shall also be required to provide your GSTIN , without which we will not be able to raise an invoice on you. In the event that you do not provide your GSTIN number, transaction on your account will be blocked and orders will not be processed on your account.</p>\r\n<p>In the event of you providing your Input Service Distributor Registration Number, Zepomart would be issuing an invoice to the ISD GST registration number as furnished by you. It is your responsibility to undertake the necessary compliance required in respect of the said ISD registration number.</p>\r\n<p>In the event of any conflict between the terms of this clause and any other clause in these terms of use, the provisions of this clause will prevail.</p>\r\n<h3>Content Posted on the Store .</h3>\r\n<p>All text, graphics, seller interfaces, visual interfaces, photographs, trademarks, logos, sounds, music and artwork, notes, messages, emails, billboard postings, drawings, profiles, opinions, ideas, images, videos, audio files, other material or information (collectively &lsquo;Content&rsquo;) are third-party generated Content and Zepomart has no responsibility or liability over such third-party generated Content as Zepomart is merely an intermediary for the purposes of this ToU. Except as expressly provided in the ToU, no part of the Platform including the Content may be copied, reproduced, republished, uploaded, posted, publicly displayed, encoded, translated, transmitted or distributed in any way (including &lsquo;mirroring&rsquo;) to any other computer, server, website or other medium for publication, distribution or any commercial enterprise without Zepomart&rsquo;s prior written consent.</p>\r\n<p>You may use the information on the products and services made available on the Platform for downloading provided you:</p>\r\n<ul>\r\n<li>do not remove any proprietary notice language in all copies of such Content;</li>\r\n<li>use such Content only for your personal, non-commercial informational purpose and do not copy or post such information on any networked computer or broadcast it to any media;</li>\r\n<li>make no modifications to any Content; and</li>\r\n<li>do not make any additional representations or warranties relating to the Content.</li>\r\n<li>You shall be responsible for the Content posted or transmitted on the Platform by You. The Content will become our property and you grant us the worldwide, perpetual, royalty free and transferable rights in such content. We shall be entitled to, consistent with our privacy policy as adopted in accordance with applicable law, use the Content or any of its elements for any type of purpose forever, including, but not limited to, promotional and advertising purposes in any media, whether now known or hereafter devised or the creation of derivative work. You agree that any content you post may be used by us, consistent with this TOU, and you are not entitled to any payment or other compensation for such use.</li>\r\n</ul>\r\n<h3>Limited License</h3>\r\n<p>Zepomart grants seller a limited, non-transferable, non-exclusive, non-sub licensable, non-assignable and personal license to use name and/or logo on seller&rsquo;s invoice for transactions concluded on the Platform.</p>\r\n<h3>Types of Sellers</h3>\r\n<p>All registered sellers are categorized into following tiers:</p>\r\n<ul>\r\n<li>Gold</li>\r\n<li>Silver</li>\r\n<li>Bronze</li>\r\n<li>Exclusive</li>\r\n</ul>\r\n<p>Zepomart reserves the right to revise the categories, criteria, and benefits to promote healthy competition amongst the sellers so that their performance lead to better customer experience on the Platform.</p>\r\n<h3>Payment</h3>\r\n<ol>\r\n<ol>\r\n<li>Transactions, transaction price and all commercial terms such as delivery, dispatch of products and/or services are as per principal to principal bipartite contractual obligations between sellers and buyers and the payment facility is merely used by sellers and buyers to facilitate the completion of transactions. Use of the payment facility shall not render Zepomart liable or responsible for non&ndash;delivery, non-receipt, non-payment, damage, breach of representations and warranties, non-provision of after-sales or warranty services or fraud as regards the products and/or services listed on the Platform.</li>\r\n<li>You have specifically authorized Zepomart or its service providers to collect, process, facilitate, and remit payments and/or the transaction price electronically or through cash on delivery (CoD) to and from buyers in respect of transactions through payment facility. Your relationship with Zepomart is on a principal to principal basis and by accepting the ToU, you agree that Zepomart is an independent contractor for all purposes and does not have control of or liability for the products or services that are listed on the Platform and paid for by using the payment facility. Zepomart does not guarantee the identity of any User nor does it ensure that a buyer or a seller will complete a transaction.</li>\r\n<li>You understand, accept, and agree that the payment facility provided by Zepomart is neither a banking nor financial service, but merely a facilitator providing an electronic, automated online electronic payment facility for receiving payment, or cash on delivery (COD) payment, collection and remittance for transactions on the Platform using the existing authorized banking infrastructure and credit card payment gateway (PG) network. Further, by providing payment facility, Zepomart neither acts as a trustee nor fiduciary with respect to transaction or transaction price.</li>\r\n</ol>\r\n</ol>\r\n<b>It is hereby clarified that cash on delivery (COD) option may not be available for select products or categories or Locations .</b>\r\n<ol>\r\n<li>All online bank transfers from valid bank accounts are processed using the gateway provided by the respective issuing bank that supports payment facility to provide these services to the users. All such online bank transfers on payment facility are also governed by the terms and conditions agreed to between a seller buyer and the respective issuing bank.</li>\r\n</ol>\r\n<h3>Dispatch of products and/or services</h3>\r\n<ol>\r\n<li>You, as a seller, shall be required to dispatch the products and/or services for every transaction to the buyer within the time period as provided in the TOU to ensure that the products and/or services are delivered in a timely manner. Further, you will solely be responsible for undertaking transit insurance for products sold by You on the Platform. For avoidance of doubt, Zepomart will not be responsible for undertaking any insurance(s) for products sold by sellers on the Platform</li>\r\n<li>Seller shall provide dispatch details and details of after-sales services related to products and services listed by it on the Platform to Zepomart in such a manner and within a time period as provided in the policies, failing which the transaction shall stand cancelled.</li>\r\n<li>Seller shall dispatch the products and/or services using only an approved delivery channel which provides appropriate &lsquo;proof of dispatch&rsquo; &amp; &lsquo;proof of delivery&rsquo; (PoDs) documentation. Such PoD documentation relating to delivery should be maintained by a seller for a period of 4 (four) years from the date of dispatch. The PoDs should be furnished to Zepomart on demand within the time frame as notified from time to time.</li>\r\n<li>Seller agrees that the dispatch details shall be true, correct, and duly authorized and shall not be misleading, fraudulent, false, unauthorized, illegal and shall not contain any misrepresentation of facts.</li>\r\n<li>In case a seller fails to provide dispatch details or provides dispatch details not complying with policies, it shall result in consequences as more specifically stated in the TOU and may lead to suspension and/or termination of seller account.</li>\r\n<li>Seller agrees that the transaction price paid by a buyer will be remitted to a seller&rsquo;s bank account contingent upon the following events:</li>\r\n<ol class=\"lower-alpha\">\r\n<li>) Buyer confirms the delivery of products and/or services in the transaction;</li>\r\n<li>) Buyer does not take any action on payment facility to confirm delivery within such a time period as provided in the policies despite confirmation of dispatch of products and/or services by a seller to the buyer;</li>\r\n<li>) Buyer&rsquo;s refund claim is rejected by Zepomart due to any breach of the ToU, policies, and any applicable law;</li>\r\n</ol>\r\n</ol>\r\n<p>Once the transaction is completed by the Seller, the remittance to seller shall be made in accordance with RBI Intermediary Guidelines.</p>\r\n<h3>Prepaid Payment Instruments</h3>\r\n<p>Zepomart may, either itself or through third-party service providers, offer prepaid instruments as a payment option for transactions on the Platform to users. Any purchases by buyers on the Platform using the prepaid instruments shall be governed by the following terms and conditions:</p>\r\n<ol>\r\n<li>Such prepaid instruments may be used to make payments for the products and/or services purchased on the Platform</li>\r\n<li>Such prepaid instruments can be redeemed by buyers by selecting the payment mode as may be provided on the Platform.</li>\r\n<li>Such prepaid instruments cannot be used to purchase other prepaid instruments or gift vouchers.</li>\r\n<li>If the order value exceeds the amount of such prepaid instruments, the balance must be paid by the respective buyer via Credit Card/Debit Card /Internet Banking. COD shall not be available as payment option for such transactions.</li>\r\n<li>If the order value is less than the amount of such prepaid instruments, the outstanding balance (after deduction of order value) will reflect as credit balance for such prepaid instruments.</li>\r\n<li>Prepaid instruments and any unused balance of such prepaid instruments shall expire 1 year from the date of their issue.</li>\r\n<li>Prepaid instruments cannot be redeemed for cash.</li>\r\n<li>Zepomart is not responsible if prepaid instruments are lost, stolen, or used without permission.</li>\r\n<li>Buyers can combine and use a maximum of 3 prepaid instruments per order. They can be combined with promotional codes.</li>\r\n<li>Purchases of prepaid instruments are not eligible for cashback offers.</li>\r\n<li>All sellers on the Platform will accept this prepaid instrument as a payment instrument.</li>\r\n<li>Zepomart will make payments to sellers whose products and/or services have been purchased by buyers redeeming electronic gift vouchers (EGV) as per the guidelines issued by the Reserve Bank of India from time to time.</li>\r\n</ol>\r\n<h3>GST / Taxes</h3>\r\n<p>You are responsible for paying all fees associated with the use of the Platform and charges collected in respect of such usage. You agree to bear any and all applicable taxes, charges, cesses levied thereon (including CGST+SGST/IGST/CGST+UGST and GST cess as may be applicable to the transaction).</p>\r\n<ol>\r\n<li>A seller agrees that Zepomart may offer to provide express remittance to eligible sellers as per payments settlement policy. Express Remittance shall be subject to RBI Intermediary Guidelines and arrangements/directions of the nodal bank..</li>\r\n<li>\r\n<p>Invoice generation: A seller expressly agrees that issuing correct and complete invoice is the sole and primary responsibility of a seller. We will assist you with this process by generating an invoice on your behalf. The seller shall be required to physically sign the invoice, print the invoice and affix the same on the consignment. The invoice generated by Zepomart shall be affixed by the seller on the consignment. Notwithstanding anything else contained in these terms of use, the seller shall be solely liable for any liability which may be imposed by taxation authorities for any discrepancy in the invoices.</p>\r\n<p>A seller expressly agrees that issuing correct and complete invoice is the sole and primary responsibility of a seller. Furthermore, seller shall ensure that invoices state &lsquo;Powered by Zepomart&rsquo; and failing to do so a seller shall be liable to charge backs (as applicable).</p>\r\n</li>\r\n<li>case of any charge backs levied by the bank, Zepomart shall have the right to deduct such chargebacks from seller remittances, present and future, and a seller&rsquo;s only remedy will be to discuss and resolve the same with the bank. A seller hereby agrees to extend full co-operation in resolving the chargeback disputes raised by a buyer through the bank and shall provide necessary documentation regarding the transaction to the complete satisfaction of the bank. In case the chargeback is ruled against a seller,</li>\r\n<li>Zepomart may delay notifying the payment confirmation, i.e. informing seller to dispatch if Zepomart deems suspicious or a buyer conducts high transaction volumes to ensure safety of the transaction and transaction price. In addition, Zepomart may hold transaction price and not inform seller to dispatch or remit transaction price to law enforcement officials (instead of refunding the same to a buyer) at the request of law enforcement officials or in the event of a buyer being engaged in any form of illegal activity.</li>\r\n<li>Sellers acknowledge that Zepomart will not be liable for any damages, interests, claims etc. resulting from not processing a transaction/transaction price or any delay in processing a transaction/transaction price that is beyond the control of Zepomart.</li>\r\n<li>Zepomart shall make payments into the bank account provided by a seller during the seller registration process. Once Zepomart has made payments into such a bank account number, Zepomart shall be discharged of any/all liabilities towards the seller and the seller shall not be eligible for any claims whatsoever.</li>\r\n</ol>\r\n<h3>Compliance with Laws:</h3>\r\n<p>Seller shall comply with all the applicable laws and obtain all necessary licences and permits applicable to them.</p>\r\n<h3>Product Description</h3>\r\n<p>Zepomart does not warrant that product description or other content on the Platform is accurate, complete, reliable, current, or error-free and assumes no liability in this regard. Audits</p>\r\n<p>Zepomart shall have the right to inspect and audit seller&rsquo;s records and premises / place of business through itself or through Zepomart approved third party testing agencies. Cost of such audit shall solely be borne by Zepomart unless audit reflects discrepancy in seller accounts / non-compliance with Zepomart&rsquo;s seller policies, in which case cost of audit shall be borne by the seller.</p>\r\n<h3>Breach</h3>\r\n<p>Without limiting other remedies, we may limit your activity, immediately remove your information, warn other users of your actions immediately, temporarily/indefinitely suspend/terminate/block your account and/or refuse you access to the Platform in the event of, including but not limited to, the following:</p>\r\n<ol>\r\n<li>if you breach the ToU, privacy policy or other policies (if any);</li>\r\n<li>if we are unable to verify or authenticate any information you provide; or</li>\r\n<li>if it is believed that your actions may cause legal liability for you, other users, or us;</li>\r\n</ol>\r\n<h3>Indemnity</h3>\r\n<p>You shall indemnify and hold harmless Zepomart its owner, licensee, affiliates, subsidiaries, group companies (as applicable) and their respective officers, directors, agents, and employees from any claim, demand, or actions including reasonable attorneys\' fees made by any third party or penalty imposed due to or arising out of your breach of the ToU, privacy policy and other policies or your violation of any law, rules, regulations or the rights (including infringement of intellectual property rights) of a third party.</p>\r\n<h3>Trademark and Copyright complaint</h3>\r\n<p>Zepomart respects the intellectual property of others. In case you feel that your trademark has been infringed, you can write to <a href=\"mailto:support@zepomart.com\">support@zepomart.com</a></p>\r\n<p>Zepomart respect the intellectual property of others. In case you feel that your work has been copied in any way that constitutes copyright infringement you can write to Zepomart at <a href=\"mailto:support@zepomart.com\">support@zepomart.com</a></p>\r\n<h3>Store Limitation of Liability</h3>\r\n<p>IN NO EVENT SHALL ZEPOMART BE LIABLE FOR ANY SPECIAL, INCIDENTAL, INDIRECT, OR CONSEQUENTIAL DAMAGES OF ANY KIND IN CONNECTION WITH THE TOU, EVEN IF ZEPOMART HAS BEEN INFORMED IN ADVANCE OF THE POSSIBILITY OF SUCH DAMAGES.</p>\r\n<h3>Applicable Law</h3>\r\n<p>The ToU shall be governed, interpreted, and construed in accordance with the laws of India. The place of jurisdiction shall exclusively be Delhi .</p>\r\n<h3>Contact Us</h3>\r\n<p><b>Zepomart</b><br /> Office 430, Suvas Scala,<br /> Near nikol police Station,<br /> Ahmedabad-382350</p>\r\n</div>','Terms and Conditions for Vendor/Seller','','','en',19);
/*!40000 ALTER TABLE `cms_page_translations` ENABLE KEYS */;
UNLOCK TABLES;

--
-- Table structure for table `cms_pages`
--

DROP TABLE IF EXISTS `cms_pages`;
/*!40101 SET @saved_cs_client     = @@character_set_client */;
/*!50503 SET character_set_client = utf8mb4 */;
CREATE TABLE `cms_pages` (
  `id` int unsigned NOT NULL AUTO_INCREMENT,
  `layout` varchar(191) CHARACTER SET utf8mb4 COLLATE utf8mb4_unicode_ci DEFAULT NULL,
  `created_at` timestamp NULL DEFAULT NULL,
  `updated_at` timestamp NULL DEFAULT NULL,
  PRIMARY KEY (`id`)
) ENGINE=InnoDB AUTO_INCREMENT=20 DEFAULT CHARSET=utf8mb4 COLLATE=utf8mb4_unicode_ci ROW_FORMAT=DYNAMIC;
/*!40101 SET character_set_client = @saved_cs_client */;

--
-- Dumping data for table `cms_pages`
--

LOCK TABLES `cms_pages` WRITE;
/*!40000 ALTER TABLE `cms_pages` DISABLE KEYS */;
INSERT INTO `cms_pages` VALUES (1,NULL,'2021-01-06 05:57:05','2021-01-06 05:57:05'),(2,NULL,'2021-01-06 05:57:05','2021-01-06 05:57:05'),(3,NULL,'2021-01-06 05:57:05','2021-01-06 05:57:05'),(4,NULL,'2021-01-06 05:57:05','2021-01-06 05:57:05'),(5,NULL,'2021-01-06 05:57:05','2021-01-06 05:57:05'),(6,NULL,'2021-01-06 05:57:05','2021-01-06 05:57:05'),(7,NULL,'2021-01-06 05:57:05','2021-01-06 05:57:05'),(8,NULL,'2021-01-06 05:57:05','2021-01-06 05:57:05'),(9,NULL,'2021-01-06 05:57:05','2021-01-06 05:57:05'),(10,NULL,'2021-01-06 05:57:05','2021-01-06 05:57:05'),(11,NULL,'2021-01-06 05:57:05','2021-01-06 05:57:05'),(12,NULL,'2021-02-10 03:33:00','2021-02-10 03:33:00'),(13,NULL,'2021-02-10 03:33:27','2021-02-10 03:33:27'),(14,NULL,'2021-02-10 03:34:06','2021-02-10 03:34:06'),(15,NULL,'2021-02-10 03:34:42','2021-02-10 03:34:42'),(16,NULL,'2021-02-10 03:35:34','2021-02-10 03:35:34'),(17,NULL,'2021-02-10 03:36:10','2021-02-10 03:36:10'),(18,NULL,'2021-02-10 03:36:52','2021-02-10 03:36:52'),(19,NULL,'2021-04-23 08:47:53','2021-04-23 08:47:53');
/*!40000 ALTER TABLE `cms_pages` ENABLE KEYS */;
UNLOCK TABLES;

--
-- Table structure for table `core_config`
--

DROP TABLE IF EXISTS `core_config`;
/*!40101 SET @saved_cs_client     = @@character_set_client */;
/*!50503 SET character_set_client = utf8mb4 */;
CREATE TABLE `core_config` (
  `id` int unsigned NOT NULL AUTO_INCREMENT,
  `code` varchar(191) CHARACTER SET utf8mb4 COLLATE utf8mb4_unicode_ci NOT NULL,
  `value` text CHARACTER SET utf8mb4 COLLATE utf8mb4_unicode_ci NOT NULL,
  `channel_code` varchar(191) CHARACTER SET utf8mb4 COLLATE utf8mb4_unicode_ci DEFAULT NULL,
  `locale_code` varchar(191) CHARACTER SET utf8mb4 COLLATE utf8mb4_unicode_ci DEFAULT NULL,
  `created_at` timestamp NULL DEFAULT NULL,
  `updated_at` timestamp NULL DEFAULT NULL,
  PRIMARY KEY (`id`),
  KEY `core_config_channel_id_foreign` (`channel_code`)
) ENGINE=InnoDB AUTO_INCREMENT=94 DEFAULT CHARSET=utf8mb4 COLLATE=utf8mb4_unicode_ci ROW_FORMAT=DYNAMIC;
/*!40101 SET character_set_client = @saved_cs_client */;

--
-- Dumping data for table `core_config`
--

LOCK TABLES `core_config` WRITE;
/*!40000 ALTER TABLE `core_config` DISABLE KEYS */;
INSERT INTO `core_config` VALUES (1,'catalog.products.guest-checkout.allow-guest-checkout','1',NULL,NULL,'2021-01-06 05:57:01','2021-01-06 05:57:01'),(2,'emails.general.notifications.emails.general.notifications.verification','1',NULL,NULL,'2021-01-06 05:57:01','2021-01-06 05:57:01'),(3,'emails.general.notifications.emails.general.notifications.registration','1',NULL,NULL,'2021-01-06 05:57:01','2021-01-06 05:57:01'),(4,'emails.general.notifications.emails.general.notifications.customer','1',NULL,NULL,'2021-01-06 05:57:01','2021-01-06 05:57:01'),(5,'emails.general.notifications.emails.general.notifications.new-order','1',NULL,NULL,'2021-01-06 05:57:01','2021-01-06 05:57:01'),(6,'emails.general.notifications.emails.general.notifications.new-admin','1',NULL,NULL,'2021-01-06 05:57:01','2021-01-06 05:57:01'),(7,'emails.general.notifications.emails.general.notifications.new-invoice','1',NULL,NULL,'2021-01-06 05:57:01','2021-01-06 05:57:01'),(8,'emails.general.notifications.emails.general.notifications.new-refund','1',NULL,NULL,'2021-01-06 05:57:01','2021-01-06 05:57:01'),(9,'emails.general.notifications.emails.general.notifications.new-shipment','1',NULL,NULL,'2021-01-06 05:57:01','2021-01-06 05:57:01'),(10,'emails.general.notifications.emails.general.notifications.new-inventory-source','1',NULL,NULL,'2021-01-06 05:57:01','2021-01-06 05:57:01'),(11,'emails.general.notifications.emails.general.notifications.cancel-order','1',NULL,NULL,'2021-01-06 05:57:01','2021-01-06 05:57:01'),(12,'customer.settings.social_login.enable_facebook','1','default',NULL,'2021-01-06 05:57:06','2021-01-06 05:57:06'),(13,'customer.settings.social_login.enable_twitter','1','default',NULL,'2021-01-06 05:57:06','2021-01-06 05:57:06'),(14,'customer.settings.social_login.enable_google','1','default',NULL,'2021-01-06 05:57:06','2021-01-06 05:57:06'),(15,'customer.settings.social_login.enable_linkedin','1','default',NULL,'2021-01-06 05:57:06','2021-01-06 05:57:06'),(16,'customer.settings.social_login.enable_github','1','default',NULL,'2021-01-06 05:57:06','2021-01-06 05:57:06'),(17,'general.content.shop.compare_option','1','default','en','2021-01-06 05:57:07','2021-01-06 05:57:07'),(18,'general.content.shop.compare_option','1','default','fr','2021-01-06 05:57:07','2021-01-06 05:57:07'),(19,'general.content.shop.compare_option','1','default','ar','2021-01-06 05:57:07','2021-01-06 05:57:07'),(20,'general.content.shop.compare_option','1','default','de','2021-01-06 05:57:07','2021-01-06 05:57:07'),(21,'general.content.shop.compare_option','1','default','es','2021-01-06 05:57:07','2021-01-06 05:57:07'),(22,'general.content.shop.compare_option','1','default','fa','2021-01-06 05:57:07','2021-01-06 05:57:07'),(23,'general.content.shop.compare_option','1','default','it','2021-01-06 05:57:07','2021-01-06 05:57:07'),(24,'general.content.shop.compare_option','1','default','ja','2021-01-06 05:57:07','2021-01-06 05:57:07'),(25,'general.content.shop.compare_option','1','default','nl','2021-01-06 05:57:07','2021-01-06 05:57:07'),(26,'general.content.shop.compare_option','1','default','pl','2021-01-06 05:57:07','2021-01-06 05:57:07'),(27,'general.content.shop.compare_option','1','default','pt_BR','2021-01-06 05:57:07','2021-01-06 05:57:07'),(28,'general.content.shop.compare_option','1','default','tr','2021-01-06 05:57:07','2021-01-06 05:57:07'),(29,'catalog.products.storefront.mode','grid','default',NULL,'2021-01-21 12:26:57','2021-04-05 08:52:46'),(30,'catalog.products.storefront.products_per_page','','default',NULL,'2021-01-21 12:26:58','2021-01-21 12:26:58'),(31,'catalog.products.storefront.sort_by','name-desc','default',NULL,'2021-01-21 12:26:58','2021-01-21 12:26:58'),(32,'catalog.products.review.guest_review','1',NULL,NULL,'2021-01-21 12:26:58','2021-01-21 12:26:58'),(33,'catalog.products.attribute.image_attribute_upload_size','',NULL,NULL,'2021-01-21 12:26:58','2021-01-21 12:26:58'),(34,'catalog.products.attribute.file_attribute_upload_size','',NULL,NULL,'2021-01-21 12:26:58','2021-01-21 12:26:58'),(35,'catalog.products.social_share.enabled','0',NULL,NULL,'2021-01-21 12:26:58','2021-01-21 12:26:58'),(36,'catalog.products.social_share.facebook','0',NULL,NULL,'2021-01-21 12:26:58','2021-01-21 12:26:58'),(37,'catalog.products.social_share.twitter','0',NULL,NULL,'2021-01-21 12:26:58','2021-01-21 12:26:58'),(38,'catalog.products.social_share.pinterest','0',NULL,NULL,'2021-01-21 12:26:58','2021-01-21 12:26:58'),(39,'catalog.products.social_share.whatsapp','0',NULL,NULL,'2021-01-21 12:26:58','2021-01-21 12:26:58'),(40,'catalog.products.social_share.linkedin','0',NULL,NULL,'2021-01-21 12:26:58','2021-01-21 12:26:58'),(41,'catalog.products.social_share.email','0',NULL,NULL,'2021-01-21 12:26:58','2021-01-21 12:26:58'),(42,'catalog.products.social_share.share_message','',NULL,NULL,'2021-01-21 12:26:58','2021-01-21 12:26:58'),(43,'catalog.rich_snippets.products.enable','0',NULL,NULL,'2021-01-21 12:28:36','2021-02-18 05:07:55'),(44,'catalog.rich_snippets.products.show_sku','0',NULL,NULL,'2021-01-21 12:28:36','2021-07-20 03:29:51'),(45,'catalog.rich_snippets.products.show_weight','0',NULL,NULL,'2021-01-21 12:28:36','2021-01-21 12:28:36'),(46,'catalog.rich_snippets.products.show_categories','0',NULL,NULL,'2021-01-21 12:28:36','2021-01-21 12:28:36'),(47,'catalog.rich_snippets.products.show_images','1',NULL,NULL,'2021-01-21 12:28:36','2021-01-21 12:28:36'),(48,'catalog.rich_snippets.products.show_reviews','1',NULL,NULL,'2021-01-21 12:28:36','2021-01-21 12:28:36'),(49,'catalog.rich_snippets.products.show_ratings','1',NULL,NULL,'2021-01-21 12:28:37','2021-01-21 12:28:37'),(50,'catalog.rich_snippets.products.show_offers','1',NULL,NULL,'2021-01-21 12:28:37','2021-01-21 12:28:37'),(51,'catalog.rich_snippets.categories.enable','0',NULL,NULL,'2021-01-21 12:28:37','2021-07-20 03:29:51'),(52,'catalog.rich_snippets.categories.show_search_input_field','0',NULL,NULL,'2021-01-21 12:28:37','2021-01-21 12:28:37'),(53,'general.general.locale_options.weight_unit','lbs','default',NULL,'2021-02-10 03:14:01','2021-02-10 03:14:01'),(54,'general.general.email_settings.sender_name','Zepomart','default',NULL,'2021-02-10 03:14:01','2021-02-10 03:14:01'),(55,'general.general.email_settings.shop_email_from','noreply@zepomart.com','default',NULL,'2021-02-10 03:14:01','2021-08-26 18:44:06'),(56,'general.general.email_settings.admin_name','Admin','default',NULL,'2021-02-10 03:14:01','2021-02-10 03:14:01'),(57,'general.general.email_settings.admin_email','kuldeep310797@gmail.com','default',NULL,'2021-02-10 03:14:01','2021-02-24 03:19:08'),(58,'sales.paymentmethods.cashondelivery.title','Cash On Delivery',NULL,'en','2021-02-11 03:43:51','2021-02-11 03:43:51'),(59,'sales.paymentmethods.cashondelivery.description','Cash On Delivery',NULL,'en','2021-02-11 03:43:51','2021-02-11 03:43:51'),(60,'sales.paymentmethods.cashondelivery.active','1',NULL,'en','2021-02-11 03:43:51','2021-02-11 03:43:51'),(61,'sales.paymentmethods.cashondelivery.instructions','',NULL,'en','2021-02-11 03:43:51','2021-02-11 03:43:51'),(62,'sales.paymentmethods.cashondelivery.sort','1',NULL,NULL,'2021-02-11 03:43:51','2021-02-11 03:43:51'),(63,'sales.paymentmethods.moneytransfer.title','Money Transfer',NULL,'en','2021-02-11 03:43:51','2021-02-11 03:43:51'),(64,'sales.paymentmethods.moneytransfer.description','Money Transfer',NULL,'en','2021-02-11 03:43:51','2021-02-11 03:43:51'),(65,'sales.paymentmethods.moneytransfer.active','0',NULL,'en','2021-02-11 03:43:51','2021-03-17 08:13:23'),(66,'sales.paymentmethods.moneytransfer.mailing_address','',NULL,'en','2021-02-11 03:43:51','2021-02-11 03:43:51'),(67,'sales.paymentmethods.moneytransfer.sort','2',NULL,NULL,'2021-02-11 03:43:51','2021-02-11 03:43:51'),(68,'sales.paymentmethods.paypal_standard.title','Paypal Standard',NULL,'en','2021-02-11 03:43:51','2021-02-11 03:43:51'),(69,'sales.paymentmethods.paypal_standard.description','Paypal Standard',NULL,'en','2021-02-11 03:43:51','2021-02-11 03:43:51'),(70,'sales.paymentmethods.paypal_standard.business_account','test@zepomart.com',NULL,NULL,'2021-02-11 03:43:51','2021-02-11 03:43:51'),(71,'sales.paymentmethods.paypal_standard.active','0',NULL,'en','2021-02-11 03:43:51','2021-03-17 08:13:23'),(72,'sales.paymentmethods.paypal_standard.sandbox','1',NULL,'en','2021-02-11 03:43:51','2021-02-11 03:43:51'),(73,'sales.paymentmethods.paypal_standard.sort','3',NULL,NULL,'2021-02-11 03:43:51','2021-02-11 03:43:51'),(74,'sales.paymentmethods.razorpay.title','RazorPay',NULL,'en','2021-02-13 10:29:45','2021-02-13 10:29:45'),(75,'sales.paymentmethods.razorpay.description','RazorPay',NULL,'en','2021-02-13 10:29:45','2021-02-13 10:29:45'),(76,'sales.paymentmethods.razorpay.active','1',NULL,'en','2021-02-13 10:29:45','2021-02-13 10:29:45'),(77,'sales.paymentmethods.razorpay.sandbox','1',NULL,'en','2021-02-13 10:29:45','2021-02-13 10:29:45'),(78,'sales.paymentmethods.razorpay.sort','1',NULL,NULL,'2021-02-13 10:29:45','2021-02-13 10:29:45'),(79,'customer.settings.address.street_lines','','default',NULL,'2021-02-27 08:48:09','2021-02-27 08:48:09'),(80,'customer.settings.newsletter.subscription','0',NULL,NULL,'2021-02-27 08:48:09','2021-02-27 08:48:09'),(81,'customer.settings.email.verification','1',NULL,NULL,'2021-02-27 08:48:09','2021-02-27 08:48:09'),(82,'sales.carriers.fedex.title','FedEx',NULL,'en','2021-03-18 03:53:48','2021-03-18 03:53:48'),(83,'sales.carriers.fedex.description','FedEx',NULL,'en','2021-03-18 03:53:48','2021-03-18 03:53:48'),(84,'sales.carriers.fedex.default_rate','10','default',NULL,'2021-03-18 03:53:48','2021-03-18 03:53:48'),(85,'sales.carriers.fedex.active','1',NULL,'en','2021-03-18 03:53:48','2021-03-18 03:53:48'),(86,'sales.carriers.free.title','Free Shipping',NULL,'en','2021-03-18 03:53:48','2021-03-18 03:53:48'),(87,'sales.carriers.free.description','Free Shipping',NULL,'en','2021-03-18 03:53:48','2021-03-18 03:53:48'),(88,'sales.carriers.free.active','0',NULL,'en','2021-03-18 03:53:48','2021-03-18 03:53:48'),(89,'sales.carriers.flatrate.title','Flat Rate','default','en','2021-03-18 03:53:48','2021-03-18 03:53:48'),(90,'sales.carriers.flatrate.description','Flat Rate Shipping','default',NULL,'2021-03-18 03:53:48','2021-03-18 03:53:48'),(91,'sales.carriers.flatrate.default_rate','10','default',NULL,'2021-03-18 03:53:48','2021-03-18 03:53:48'),(92,'sales.carriers.flatrate.type','per_unit',NULL,NULL,'2021-03-18 03:53:48','2021-03-18 03:53:48'),(93,'sales.carriers.flatrate.active','0',NULL,'en','2021-03-18 03:53:48','2021-03-18 03:53:48');
/*!40000 ALTER TABLE `core_config` ENABLE KEYS */;
UNLOCK TABLES;

--
-- Table structure for table `countries`
--

DROP TABLE IF EXISTS `countries`;
/*!40101 SET @saved_cs_client     = @@character_set_client */;
/*!50503 SET character_set_client = utf8mb4 */;
CREATE TABLE `countries` (
  `id` int unsigned NOT NULL AUTO_INCREMENT,
  `code` varchar(191) CHARACTER SET utf8mb4 COLLATE utf8mb4_unicode_ci NOT NULL,
  `name` varchar(191) CHARACTER SET utf8mb4 COLLATE utf8mb4_unicode_ci NOT NULL,
  PRIMARY KEY (`id`)
) ENGINE=InnoDB AUTO_INCREMENT=256 DEFAULT CHARSET=utf8mb4 COLLATE=utf8mb4_unicode_ci ROW_FORMAT=DYNAMIC;
/*!40101 SET character_set_client = @saved_cs_client */;

--
-- Dumping data for table `countries`
--

LOCK TABLES `countries` WRITE;
/*!40000 ALTER TABLE `countries` DISABLE KEYS */;
INSERT INTO `countries` VALUES (1,'AF','Afghanistan'),(2,'AX','land Islands'),(3,'AL','Albania'),(4,'DZ','Algeria'),(5,'AS','American Samoa'),(6,'AD','Andorra'),(7,'AO','Angola'),(8,'AI','Anguilla'),(9,'AQ','Antarctica'),(10,'AG','Antigua & Barbuda'),(11,'AR','Argentina'),(12,'AM','Armenia'),(13,'AW','Aruba'),(14,'AC','Ascension Island'),(15,'AU','Australia'),(16,'AT','Austria'),(17,'AZ','Azerbaijan'),(18,'BS','Bahamas'),(19,'BH','Bahrain'),(20,'BD','Bangladesh'),(21,'BB','Barbados'),(22,'BY','Belarus'),(23,'BE','Belgium'),(24,'BZ','Belize'),(25,'BJ','Benin'),(26,'BM','Bermuda'),(27,'BT','Bhutan'),(28,'BO','Bolivia'),(29,'BA','Bosnia & Herzegovina'),(30,'BW','Botswana'),(31,'BR','Brazil'),(32,'IO','British Indian Ocean Territory'),(33,'VG','British Virgin Islands'),(34,'BN','Brunei'),(35,'BG','Bulgaria'),(36,'BF','Burkina Faso'),(37,'BI','Burundi'),(38,'KH','Cambodia'),(39,'CM','Cameroon'),(40,'CA','Canada'),(41,'IC','Canary Islands'),(42,'CV','Cape Verde'),(43,'BQ','Caribbean Netherlands'),(44,'KY','Cayman Islands'),(45,'CF','Central African Republic'),(46,'EA','Ceuta & Melilla'),(47,'TD','Chad'),(48,'CL','Chile'),(49,'CN','China'),(50,'CX','Christmas Island'),(51,'CC','Cocos (Keeling) Islands'),(52,'CO','Colombia'),(53,'KM','Comoros'),(54,'CG','Congo - Brazzaville'),(55,'CD','Congo - Kinshasa'),(56,'CK','Cook Islands'),(57,'CR','Costa Rica'),(58,'CI','Cte dIvoire'),(59,'HR','Croatia'),(60,'CU','Cuba'),(61,'CW','Curaao'),(62,'CY','Cyprus'),(63,'CZ','Czechia'),(64,'DK','Denmark'),(65,'DG','Diego Garcia'),(66,'DJ','Djibouti'),(67,'DM','Dominica'),(68,'DO','Dominican Republic'),(69,'EC','Ecuador'),(70,'EG','Egypt'),(71,'SV','El Salvador'),(72,'GQ','Equatorial Guinea'),(73,'ER','Eritrea'),(74,'EE','Estonia'),(75,'ET','Ethiopia'),(76,'EZ','Eurozone'),(77,'FK','Falkland Islands'),(78,'FO','Faroe Islands'),(79,'FJ','Fiji'),(80,'FI','Finland'),(81,'FR','France'),(82,'GF','French Guiana'),(83,'PF','French Polynesia'),(84,'TF','French Southern Territories'),(85,'GA','Gabon'),(86,'GM','Gambia'),(87,'GE','Georgia'),(88,'DE','Germany'),(89,'GH','Ghana'),(90,'GI','Gibraltar'),(91,'GR','Greece'),(92,'GL','Greenland'),(93,'GD','Grenada'),(94,'GP','Guadeloupe'),(95,'GU','Guam'),(96,'GT','Guatemala'),(97,'GG','Guernsey'),(98,'GN','Guinea'),(99,'GW','Guinea-Bissau'),(100,'GY','Guyana'),(101,'HT','Haiti'),(102,'HN','Honduras'),(103,'HK','Hong Kong SAR China'),(104,'HU','Hungary'),(105,'IS','Iceland'),(106,'IN','India'),(107,'ID','Indonesia'),(108,'IR','Iran'),(109,'IQ','Iraq'),(110,'IE','Ireland'),(111,'IM','Isle of Man'),(112,'IL','Israel'),(113,'IT','Italy'),(114,'JM','Jamaica'),(115,'JP','Japan'),(116,'JE','Jersey'),(117,'JO','Jordan'),(118,'KZ','Kazakhstan'),(119,'KE','Kenya'),(120,'KI','Kiribati'),(121,'XK','Kosovo'),(122,'KW','Kuwait'),(123,'KG','Kyrgyzstan'),(124,'LA','Laos'),(125,'LV','Latvia'),(126,'LB','Lebanon'),(127,'LS','Lesotho'),(128,'LR','Liberia'),(129,'LY','Libya'),(130,'LI','Liechtenstein'),(131,'LT','Lithuania'),(132,'LU','Luxembourg'),(133,'MO','Macau SAR China'),(134,'MK','Macedonia'),(135,'MG','Madagascar'),(136,'MW','Malawi'),(137,'MY','Malaysia'),(138,'MV','Maldives'),(139,'ML','Mali'),(140,'MT','Malta'),(141,'MH','Marshall Islands'),(142,'MQ','Martinique'),(143,'MR','Mauritania'),(144,'MU','Mauritius'),(145,'YT','Mayotte'),(146,'MX','Mexico'),(147,'FM','Micronesia'),(148,'MD','Moldova'),(149,'MC','Monaco'),(150,'MN','Mongolia'),(151,'ME','Montenegro'),(152,'MS','Montserrat'),(153,'MA','Morocco'),(154,'MZ','Mozambique'),(155,'MM','Myanmar (Burma)'),(156,'NA','Namibia'),(157,'NR','Nauru'),(158,'NP','Nepal'),(159,'NL','Netherlands'),(160,'NC','New Caledonia'),(161,'NZ','New Zealand'),(162,'NI','Nicaragua'),(163,'NE','Niger'),(164,'NG','Nigeria'),(165,'NU','Niue'),(166,'NF','Norfolk Island'),(167,'KP','North Korea'),(168,'MP','Northern Mariana Islands'),(169,'NO','Norway'),(170,'OM','Oman'),(171,'PK','Pakistan'),(172,'PW','Palau'),(173,'PS','Palestinian Territories'),(174,'PA','Panama'),(175,'PG','Papua New Guinea'),(176,'PY','Paraguay'),(177,'PE','Peru'),(178,'PH','Philippines'),(179,'PN','Pitcairn Islands'),(180,'PL','Poland'),(181,'PT','Portugal'),(182,'PR','Puerto Rico'),(183,'QA','Qatar'),(184,'RE','Runion'),(185,'RO','Romania'),(186,'RU','Russia'),(187,'RW','Rwanda'),(188,'WS','Samoa'),(189,'SM','San Marino'),(190,'ST','So Tom & Prncipe'),(191,'SA','Saudi Arabia'),(192,'SN','Senegal'),(193,'RS','Serbia'),(194,'SC','Seychelles'),(195,'SL','Sierra Leone'),(196,'SG','Singapore'),(197,'SX','Sint Maarten'),(198,'SK','Slovakia'),(199,'SI','Slovenia'),(200,'SB','Solomon Islands'),(201,'SO','Somalia'),(202,'ZA','South Africa'),(203,'GS','South Georgia & South Sandwich Islands'),(204,'KR','South Korea'),(205,'SS','South Sudan'),(206,'ES','Spain'),(207,'LK','Sri Lanka'),(208,'BL','St. Barthlemy'),(209,'SH','St. Helena'),(210,'KN','St. Kitts & Nevis'),(211,'LC','St. Lucia'),(212,'MF','St. Martin'),(213,'PM','St. Pierre & Miquelon'),(214,'VC','St. Vincent & Grenadines'),(215,'SD','Sudan'),(216,'SR','Suriname'),(217,'SJ','Svalbard & Jan Mayen'),(218,'SZ','Swaziland'),(219,'SE','Sweden'),(220,'CH','Switzerland'),(221,'SY','Syria'),(222,'TW','Taiwan'),(223,'TJ','Tajikistan'),(224,'TZ','Tanzania'),(225,'TH','Thailand'),(226,'TL','Timor-Leste'),(227,'TG','Togo'),(228,'TK','Tokelau'),(229,'TO','Tonga'),(230,'TT','Trinidad & Tobago'),(231,'TA','Tristan da Cunha'),(232,'TN','Tunisia'),(233,'TR','Turkey'),(234,'TM','Turkmenistan'),(235,'TC','Turks & Caicos Islands'),(236,'TV','Tuvalu'),(237,'UM','U.S. Outlying Islands'),(238,'VI','U.S. Virgin Islands'),(239,'UG','Uganda'),(240,'UA','Ukraine'),(241,'AE','United Arab Emirates'),(242,'GB','United Kingdom'),(243,'UN','United Nations'),(244,'US','United States'),(245,'UY','Uruguay'),(246,'UZ','Uzbekistan'),(247,'VU','Vanuatu'),(248,'VA','Vatican City'),(249,'VE','Venezuela'),(250,'VN','Vietnam'),(251,'WF','Wallis & Futuna'),(252,'EH','Western Sahara'),(253,'YE','Yemen'),(254,'ZM','Zambia'),(255,'ZW','Zimbabwe');
/*!40000 ALTER TABLE `countries` ENABLE KEYS */;
UNLOCK TABLES;

--
-- Table structure for table `country_state_translations`
--

DROP TABLE IF EXISTS `country_state_translations`;
/*!40101 SET @saved_cs_client     = @@character_set_client */;
/*!50503 SET character_set_client = utf8mb4 */;
CREATE TABLE `country_state_translations` (
  `id` int unsigned NOT NULL AUTO_INCREMENT,
  `locale` varchar(191) CHARACTER SET utf8mb4 COLLATE utf8mb4_unicode_ci NOT NULL,
  `default_name` text CHARACTER SET utf8mb4 COLLATE utf8mb4_unicode_ci,
  `country_state_id` int unsigned NOT NULL,
  PRIMARY KEY (`id`),
  KEY `country_state_translations_country_state_id_foreign` (`country_state_id`),
  CONSTRAINT `country_state_translations_country_state_id_foreign` FOREIGN KEY (`country_state_id`) REFERENCES `country_states` (`id`) ON DELETE CASCADE
) ENGINE=InnoDB AUTO_INCREMENT=1705 DEFAULT CHARSET=utf8mb4 COLLATE=utf8mb4_unicode_ci ROW_FORMAT=DYNAMIC;
/*!40101 SET character_set_client = @saved_cs_client */;

--
-- Dumping data for table `country_state_translations`
--

LOCK TABLES `country_state_translations` WRITE;
/*!40000 ALTER TABLE `country_state_translations` DISABLE KEYS */;
INSERT INTO `country_state_translations` VALUES (1,'ar','',1),(2,'ar','',2),(3,'ar',' ',3),(4,'ar','',4),(5,'ar','',5),(6,'ar','  ',6),(7,'ar','  ',7),(8,'ar','  ',8),(9,'ar','  ',9),(10,'ar','   ',10),(11,'ar','    ',11),(12,'ar','',12),(13,'ar','',13),(14,'ar','',14),(15,'ar','',15),(16,'ar',' ',16),(17,'ar','  ',17),(18,'ar','',18),(19,'ar','',19),(20,'ar','',20),(21,'ar','',21),(22,'ar','',22),(23,'ar','',23),(24,'ar','',24),(25,'ar','',25),(26,'ar','',26),(27,'ar','',27),(28,'ar','',28),(29,'ar','',29),(30,'ar',' ',30),(31,'ar','',31),(32,'ar','',32),(33,'ar','',33),(34,'ar','',34),(35,'ar','',35),(36,'ar','',36),(37,'ar','',37),(38,'ar','',38),(39,'ar','',39),(40,'ar',' ',40),(41,'ar',' ',41),(42,'ar',' ',42),(43,'ar','',43),(44,'ar',' ',44),(45,'ar',' ',45),(46,'ar','  ',46),(47,'ar','',47),(48,'ar','',48),(49,'ar',' ',49),(50,'ar','',50),(51,'ar','',51),(52,'ar','',52),(53,'ar',' ',53),(54,'ar',' ',54),(55,'ar',' ',55),(56,'ar','',56),(57,'ar','',57),(58,'ar','',58),(59,'ar','',59),(60,'ar',' ',60),(61,'ar','',61),(62,'ar','',62),(63,'ar',' ',63),(64,'ar',' ',64),(65,'ar','',65),(66,'ar','',66),(67,'ar',' ',67),(68,'ar','',68),(69,'ar',' ',69),(70,'ar',' ',70),(71,'ar','  ',71),(72,'ar','  ',72),(73,'ar','',73),(74,'ar','',74),(75,'ar','  ',75),(76,'ar','',76),(77,'ar','',77),(78,'ar',' ',78),(79,'ar','Niedersachsen',79),(80,'ar',' ',80),(81,'ar',' ',81),(82,'ar','',82),(83,'ar','',83),(84,'ar','',84),(85,'ar','',85),(86,'ar','',86),(87,'ar','-',87),(88,'ar',' ',88),(89,'ar','-',89),(90,'ar','',90),(91,'ar','',91),(92,'ar',' ',92),(93,'ar',' ',93),(94,'ar','',94),(95,'ar','',95),(96,'ar',' ',96),(97,'ar',' ',97),(98,'ar','',98),(99,'ar','',99),(100,'ar','STEIERMARK',100),(101,'ar','',101),(102,'ar','',102),(103,'ar','',103),(104,'ar','',104),(105,'ar','Appenzell Innerrhoden',105),(106,'ar',' ',106),(107,'ar','',107),(108,'ar','  ',108),(109,'ar',' ',109),(110,'ar','',110),(111,'ar','Genf',111),(112,'ar','',112),(113,'ar','',113),(114,'ar','   ',114),(115,'ar','',115),(116,'ar',' Neuenburg',116),(117,'ar','',117),(118,'ar','',118),(119,'ar',' ',119),(120,'ar','',120),(121,'ar','',121),(122,'ar','',122),(123,'ar','',123),(124,'ar','',124),(125,'ar','',125),(126,'ar','',126),(127,'ar','',127),(128,'ar','',128),(129,'ar','',129),(130,'ar','Corunha',130),(131,'ar','',131),(132,'ar','',132),(133,'ar','',133),(134,'ar','',134),(135,'ar','',135),(136,'ar','',136),(137,'ar','',137),(138,'ar','',138),(139,'ar','',139),(140,'ar','',140),(141,'ar','',141),(142,'ar','',142),(143,'ar','',143),(144,'ar','',144),(145,'ar','',145),(146,'ar',' ',146),(147,'ar','',147),(148,'ar','',148),(149,'ar','',149),(150,'ar','',150),(151,'ar','',151),(152,'ar','',152),(153,'ar','',153),(154,'ar','',154),(155,'ar','',155),(156,'ar','',156),(157,'ar',' ',157),(158,'ar','',158),(159,'ar','',159),(160,'ar','',160),(161,'ar','',161),(162,'ar','',162),(163,'ar','',163),(164,'ar','',164),(165,'ar','',165),(166,'ar','',166),(167,'ar','',167),(168,'ar','',168),(169,'ar','',169),(170,'ar','   ',170),(171,'ar','',171),(172,'ar','',172),(173,'ar','',173),(174,'ar','',174),(175,'ar','',175),(176,'ar','',176),(177,'ar','',177),(178,'ar',' ',178),(179,'ar','',179),(180,'ar','',180),(181,'ar','',181),(182,'ar','',182),(183,'ar','',183),(184,'ar','',184),(185,'ar','  ',185),(186,'ar',' ',186),(187,'ar',' ',187),(188,'ar','ARDECHE',188),(189,'ar','Ardennes',189),(190,'ar','',190),(191,'ar','',191),(192,'ar','',192),(193,'ar','',193),(194,'ar','  ',194),(195,'ar','',195),(196,'ar','',196),(197,'ar','',197),(198,'ar','  ',198),(199,'ar','',199),(200,'ar','',200),(201,'ar',' --',201),(202,'ar',' ',202),(203,'ar',' ',203),(204,'ar',' ',204),(205,'ar','',205),(206,'ar','',206),(207,'ar','',207),(208,'ar','DrmeFinistre',208),(209,'ar','',209),(210,'ar',' ',210),(211,'ar','',211),(212,'ar','',212),(213,'ar',' ',213),(214,'ar','',214),(215,'ar','',215),(216,'ar','',216),(217,'ar',' ',217),(218,'ar','',218),(219,'ar',' ',219),(220,'ar','',220),(221,'ar','   ',221),(222,'ar','',222),(223,'ar',' ',223),(224,'ar','',224),(225,'ar','-',225),(226,'ar',' ',226),(227,'ar','',227),(228,'ar','',228),(229,'ar',' ',229),(230,'ar','',230),(231,'ar','--',231),(232,'ar','',232),(233,'ar','',233),(234,'ar',' ',234),(235,'ar','',235),(236,'ar',' ',236),(237,'ar','',237),(238,'ar','',238),(239,'ar','',239),(240,'ar','',240),(241,'ar','',241),(242,'ar','  ',242),(243,'ar','',243),(244,'ar','--',244),(245,'ar','  ',245),(246,'ar',' ',246),(247,'ar','-s',247),(248,'ar','-',248),(249,'ar',' ',249),(250,'ar',' ',250),(251,'ar',' [3]',251),(252,'ar','-',252),(253,'ar',' ',253),(254,'ar','',254),(255,'ar','',255),(256,'ar',' ',256),(257,'ar','',257),(258,'ar',' ',258),(259,'ar','  ',259),(260,'ar','',260),(261,'ar',' ',261),(262,'ar','',262),(263,'ar','',263),(264,'ar',' ',264),(265,'ar','',265),(266,'ar','',266),(267,'ar','',267),(268,'ar','',268),(269,'ar',' ',269),(270,'ar','',270),(271,'ar','',271),(272,'ar','--',272),(273,'ar','',273),(274,'ar','  ',274),(275,'ar','  ',275),(276,'ar','  ',276),(277,'ar',' ',277),(278,'ar','',278),(279,'ar','',279),(280,'ar','ARGES',280),(281,'ar','',281),(282,'ar','',282),(283,'ar',' ',283),(284,'ar','',284),(285,'ar','',285),(286,'ar','',286),(287,'ar','',287),(288,'ar','',288),(289,'ar',' ',289),(290,'ar','',290),(291,'ar','',291),(292,'ar','',292),(293,'ar','',293),(294,'ar','',294),(295,'ar','',295),(296,'ar','',296),(297,'ar','Giurgiu',297),(298,'ar','',298),(299,'ar','',299),(300,'ar','',300),(301,'ar','',301),(302,'ar','',302),(303,'ar','',303),(304,'ar','',304),(305,'ar','MEHEDINTI',305),(306,'ar','',306),(307,'ar','',307),(308,'ar','',308),(309,'ar','',309),(310,'ar',' ',310),(311,'ar','',311),(312,'ar','',312),(313,'ar','',313),(314,'ar','',314),(315,'ar',' ',315),(316,'ar','',316),(317,'ar','',317),(318,'ar','',318),(319,'ar','',319),(320,'ar','Lappi',320),(321,'ar','Pohjois-Pohjanmaa',321),(322,'ar','',322),(323,'ar','Pohjois-',323),(324,'ar','Pohjois-',324),(325,'ar','Etel-',325),(326,'ar','Etel-Pohjanmaa',326),(327,'ar','Pohjanmaa',327),(328,'ar','',328),(329,'ar',' ',329),(330,'ar','-Pohjanmaa',330),(331,'ar','-',331),(332,'ar','Varsinais-',332),(333,'ar','Etel-',333),(334,'ar','Pijt-Hme',334),(335,'ar','-HAME',335),(336,'ar','',336),(337,'ar','',337),(338,'ar','',338),(339,'ar','Ahvenanmaa',339),(340,'ar','Harjumaa',340),(341,'ar','',341),(342,'ar','   ',342),(343,'ar','',343),(344,'ar','',344),(345,'ar','',345),(346,'ar',' ',346),(347,'ar','',347),(348,'ar','',348),(349,'ar','Raplamaa',349),(350,'ar','Saaremaa',350),(351,'ar','Tartumaa',351),(352,'ar','Valgamaa',352),(353,'ar','Viljandimaa',353),(354,'ar',' Salacgr novvas',354),(355,'ar','',355),(356,'ar','',356),(357,'ar','',357),(358,'ar','',358),(359,'ar','',359),(360,'ar',' ',360),(361,'ar','',361),(362,'ar','',362),(363,'ar',' ',363),(364,'ar','',364),(365,'ar','',365),(366,'ar',' Aglonas',366),(367,'ar','Aizkraukles novads',367),(368,'ar','Aizkraukles novads',368),(369,'ar','Aknstes novads',369),(370,'ar','Alojas novads',370),(371,'ar',' Alsungas',371),(372,'ar',' ',372),(373,'ar',' ',373),(374,'ar',' ',374),(375,'ar',' ',375),(376,'ar',' ',376),(377,'ar','Baldones ',377),(378,'ar',' ',378),(379,'ar',' ',379),(380,'ar','Bauskas ',380),(381,'ar','Bevernas novads',381),(382,'ar','Novads Brocnu',382),(383,'ar','Novads Burtnieku',383),(384,'ar','Carnikavas novads',384),(385,'ar','Cesvaines novads',385),(386,'ar','Ciblas novads',386),(387,'ar',' ',387),(388,'ar','Dagdas novads',388),(389,'ar','Daugavpils novads',389),(390,'ar',' ',390),(391,'ar',' ',391),(392,'ar',' ',392),(393,'ar',' ',393),(394,'ar','Garkalnes novads',394),(395,'ar','Grobias novads',395),(396,'ar',' ',396),(397,'ar',' ',397),(398,'ar','Ikkiles novads',398),(399,'ar','Ilkstes novads',399),(400,'ar',' Inukalna',400),(401,'ar','Jaunjelgavas novads',401),(402,'ar','Jaunpiebalgas novads',402),(403,'ar',' Jaunpiebalgas',403),(404,'ar','Jelgavas novads',404),(405,'ar',' ',405),(406,'ar',' ',406),(407,'ar','Kokneses ',407),(408,'ar','Krimuldas novads',408),(409,'ar','Krustpils ',409),(410,'ar','Krslavas Apriis',410),(411,'ar',' ',411),(412,'ar','Krsavas novads',412),(413,'ar',' ',413),(414,'ar',' ',414),(415,'ar',' ',415),(416,'ar',' ',416),(417,'ar',' ',417),(418,'ar',' ',418),(419,'ar',' ',419),(420,'ar','Mazsalacas novads',420),(421,'ar',' ',421),(422,'ar','Mrupes novads',422),(423,'ar',' ',423),(424,'ar',' ',424),(425,'ar',' ',425),(426,'ar',' ',426),(427,'ar',' ',427),(428,'ar',' Ozolnieku',428),(429,'ar',' ',429),(430,'ar','Priekules ',430),(431,'ar','  ',431),(432,'ar','Prgaujas novads',432),(433,'ar',' ',433),(434,'ar',' ',434),(435,'ar',' ',435),(436,'ar','Riebiu novads',436),(437,'ar',' ',437),(438,'ar','Novads ',438),(439,'ar',' ',439),(440,'ar',' ',440),(441,'ar',' ',441),(442,'ar','Radzeknes novads',442),(443,'ar','Rjienas novads',443),(444,'ar',' ',444),(445,'ar',' ',445),(446,'ar','Salaspils novads',446),(447,'ar',' ',447),(448,'ar','Novuls Saulkrastu',448),(449,'ar',' ',449),(450,'ar','Skrundas novads',450),(451,'ar',' Skrveri',451),(452,'ar',' ',452),(453,'ar',' Stopiu',453),(454,'ar',' Stren novu',454),(455,'ar',' ',455),(456,'ar',' ',456),(457,'ar',' ',457),(458,'ar','Trvetes novads',458),(459,'ar','Vaiodes novads',459),(460,'ar',' ',460),(461,'ar',' ',461),(462,'ar',' ',462),(463,'ar','Vecpiebalgas novads',463),(464,'ar',' Vecumnieku',464),(465,'ar',' ',465),(466,'ar','Viestes Novads',466),(467,'ar','Viakas novads',467),(468,'ar',' ',468),(469,'ar','Vrkavas novads',469),(470,'ar',' ',470),(471,'ar',' ',471),(472,'ar',' Erglu',472),(473,'ar',' ',473),(474,'ar',' ',474),(475,'ar','Alytaus Apskritis',475),(476,'ar',' ',476),(477,'ar','Klaipdos apskritis',477),(478,'ar','Marijampol\'s apskritis',478),(479,'ar','Panevio apskritis',479),(480,'ar','uliauli apskritis',480),(481,'ar','Taurag\'s apskritis',481),(482,'ar','Teli apskritis',482),(483,'ar','Utenos apskritis',483),(484,'ar',' ',484),(485,'ar','',485),(486,'ar','',486),(487,'ar','',487),(488,'ar','',488),(489,'ar','',489),(490,'ar','',490),(491,'ar',' ',491),(492,'ar','',492),(493,'ar','',493),(494,'ar',' ',494),(495,'ar','   ',495),(496,'ar',' ',496),(497,'ar','',497),(498,'ar','',498),(499,'ar','',499),(500,'ar','',500),(501,'ar','',501),(502,'ar','  ',502),(503,'ar','   ',503),(504,'ar','   ',504),(505,'ar','',505),(506,'ar','',506),(507,'ar',' ',507),(508,'ar',' ',508),(509,'ar','',509),(510,'ar','',510),(511,'ar','  ',511),(512,'ar','Zagrebaka ',512),(513,'ar','Krapinsko-zagorska ',513),(514,'ar','Sisako-moslavaka ',514),(515,'ar',' ',515),(516,'ar',' ',516),(517,'ar','Koprivniko-krievaka ',517),(518,'ar','-',518),(519,'ar','  ',519),(520,'ar','  ',520),(521,'ar','Virovitiko-podravska ',521),(522,'ar','Poeko-slavonska upanija',522),(523,'ar','Brodsko-posavska upanija',523),(524,'ar',' ',524),(525,'ar','Osjeko-baranjska upanija',525),(526,'ar','- ',526),(527,'ar','Virovitiko-podravska ',527),(528,'ar','Splitsko-dalmatinska ',528),(529,'ar','Istarska ',529),(530,'ar','Dubrovako-neretvanska ',530),(531,'ar','Meimurska ',531),(532,'ar',' ',532),(533,'ar','  ',533),(534,'ar','  ',534),(535,'ar',' ',535),(536,'ar','',536),(537,'ar','',537),(538,'ar','',538),(539,'ar','',539),(540,'ar','  ',540),(541,'ar',' ',541),(542,'ar','',542),(543,'ar','',543),(544,'ar','',544),(545,'ar','',545),(546,'ar',' ',546),(547,'ar',' ',547),(548,'ar','',548),(549,'ar','',549),(550,'ar',' ',550),(551,'ar','',551),(552,'ar',' ',552),(553,'ar','',553),(554,'ar','',554),(555,'ar','',555),(556,'ar','',556),(557,'ar','',557),(558,'ar','',558),(559,'ar','',559),(560,'ar','',560),(561,'ar','',561),(562,'ar','',562),(563,'ar',' ',563),(564,'ar','',564),(565,'ar','',565),(566,'ar','  ',566),(567,'ar','',567),(568,'ar',' ',568),(569,'fa','',1),(570,'fa','',2),(571,'fa',' ',3),(572,'fa','',4),(573,'fa','',5),(574,'fa','  ',6),(575,'fa','Armed Forces America',7),(576,'fa','  ',8),(577,'fa','  ',9),(578,'fa','  ',10),(579,'fa','   ',11),(580,'fa','',12),(581,'fa','',13),(582,'fa','',14),(583,'fa','',15),(584,'fa',' ',16),(585,'fa','  ',17),(586,'fa','',18),(587,'fa','',19),(588,'fa','',20),(589,'fa','',21),(590,'fa','',22),(591,'fa','',23),(592,'fa','',24),(593,'fa','',25),(594,'fa','',26),(595,'fa','',27),(596,'fa','',28),(597,'fa','',29),(598,'fa','',30),(599,'fa','',31),(600,'fa',' ',32),(601,'fa','',33),(602,'fa',' ',34),(603,'fa','   ',35),(604,'fa','',36),(605,'fa','',37),(606,'fa','',38),(607,'fa','',39),(608,'fa','',40),(609,'fa','',41),(610,'fa','',42),(611,'fa','',43),(612,'fa',' ',44),(613,'fa',' ',45),(614,'fa','  ',46),(615,'fa','',47),(616,'fa','',48),(617,'fa','',49),(618,'fa','',50),(619,'fa','',51),(620,'fa','',52),(621,'fa',' ',53),(622,'fa',' ',54),(623,'fa',' ',55),(624,'fa','',56),(625,'fa','',57),(626,'fa','',58),(627,'fa','',59),(628,'fa',' ',60),(629,'fa','',61),(630,'fa','',62),(631,'fa',' ',63),(632,'fa','',64),(633,'fa','',65),(634,'fa','',66),(635,'fa',' ',67),(636,'fa','',68),(637,'fa','  ',69),(638,'fa','',70),(639,'fa',' ',71),(640,'fa','  ',72),(641,'fa','',73),(642,'fa','',74),(643,'fa','  ',75),(644,'fa','',76),(645,'fa','',77),(646,'fa',' ',78),(647,'fa','',79),(648,'fa','-',80),(649,'fa','',81),(650,'fa','',82),(651,'fa','',83),(652,'fa','',84),(653,'fa','',85),(654,'fa','',86),(655,'fa','-',87),(656,'fa','-',88),(657,'fa','-',89),(658,'fa','',90),(659,'fa','',91),(660,'fa','-',92),(661,'fa','-',93),(662,'fa','',94),(663,'fa','',95),(664,'fa',' ',96),(665,'fa',' ',97),(666,'fa','',98),(667,'fa','',99),(668,'fa','Steiermar',100),(669,'fa','',101),(670,'fa','',102),(671,'fa','Vorarlber',103),(672,'fa','',104),(673,'fa','',105),(674,'fa','',106),(675,'fa','',107),(676,'fa','-',108),(677,'fa',' ',109),(678,'fa','',110),(679,'fa','',111),(680,'fa','',112),(681,'fa','Graubnde',113),(682,'fa','',114),(683,'fa','',115),(684,'fa','',116),(685,'fa','',117),(686,'fa','',118),(687,'fa',' ',119),(688,'fa','',120),(689,'fa','',121),(690,'fa','',122),(691,'fa','',123),(692,'fa','',124),(693,'fa','',125),(694,'fa','',126),(695,'fa','',127),(696,'fa','',128),(697,'fa','',129),(698,'fa','',130),(699,'fa','',131),(700,'fa','',132),(701,'fa','',133),(702,'fa','',134),(703,'fa','',135),(704,'fa','',136),(705,'fa','',137),(706,'fa','  ',138),(707,'fa','',139),(708,'fa','',140),(709,'fa','',141),(710,'fa','',142),(711,'fa','',143),(712,'fa','',144),(713,'fa','',145),(714,'fa',' ',146),(715,'fa','',147),(716,'fa','Cuenc',148),(717,'fa','',149),(718,'fa','',150),(719,'fa','',151),(720,'fa','Guipuzcoa',152),(721,'fa','',153),(722,'fa','',154),(723,'fa','',155),(724,'fa',' ',156),(725,'fa',' ',157),(726,'fa','',158),(727,'fa','Lleid',159),(728,'fa','',160),(729,'fa','',161),(730,'fa','',162),(731,'fa','',163),(732,'fa','',164),(733,'fa','',165),(734,'fa','',166),(735,'fa','',167),(736,'fa','',168),(737,'fa','',169),(738,'fa','   ',170),(739,'fa','',171),(740,'fa','',172),(741,'fa','',173),(742,'fa','',174),(743,'fa','',175),(744,'fa','',176),(745,'fa','',177),(746,'fa','',178),(747,'fa','',179),(748,'fa','',180),(749,'fa','',181),(750,'fa','',182),(751,'fa','',183),(752,'fa','',184),(753,'fa','---',185),(754,'fa',' ',186),(755,'fa','Alpes-Maritime',187),(756,'fa','',188),(757,'fa','',189),(758,'fa','',190),(759,'fa','',191),(760,'fa','Aud',192),(761,'fa','',193),(762,'fa','BOCAS DO Rhne',194),(763,'fa',' ',195),(764,'fa','',196),(765,'fa','',197),(766,'fa','-',198),(767,'fa','',199),(768,'fa','',200),(769,'fa','  ',201),(770,'fa',' ',202),(771,'fa',' ',203),(772,'fa',' ',204),(773,'fa','',205),(774,'fa','',206),(775,'fa','',207),(776,'fa',' ',208),(777,'fa','',209),(778,'fa','Eure-et-Loi',210),(779,'fa','',211),(780,'fa','',212),(781,'fa','-',213),(782,'fa','',214),(783,'fa','',215),(784,'fa','',216),(785,'fa','   ',217),(786,'fa','',218),(787,'fa','Indre-et-Loir',219),(788,'fa','',220),(789,'fa','',221),(790,'fa','',222),(791,'fa','Loir-et-Che',223),(792,'fa',' ',224),(793,'fa','Haute-Loir',225),(794,'fa','Loire-Atlantiqu',226),(795,'fa','',227),(796,'fa','',228),(797,'fa','  ',229),(798,'fa','',230),(799,'fa',' et-Loire',231),(800,'fa','',232),(801,'fa','',233),(802,'fa','-',234),(803,'fa','',235),(804,'fa','-et-Moselle',236),(805,'fa',' ',237),(806,'fa','',238),(807,'fa','',239),(808,'fa','Nivr',240),(809,'fa','',241),(810,'fa','',242),(811,'fa','',243),(812,'fa','-',244),(813,'fa','Puy-de-Dm',245),(814,'fa','Pyrnes-Atlantiques',246),(815,'fa','Hautes-Pyrne',247),(816,'fa','Pyrnes-Orientales',248),(817,'fa',' ',249),(818,'fa','-',250),(819,'fa','',251),(820,'fa','Haute-Sane',252),(821,'fa','Sane-et-Loire',253),(822,'fa','',254),(823,'fa','',255),(824,'fa','-',256),(825,'fa','',257),(826,'fa','Seine-Maritime',258),(827,'fa','Seine-et-Marn',259),(828,'fa','',260),(829,'fa','Deux-Svres',261),(830,'fa','',262),(831,'fa','',263),(832,'fa','Tarn-et-Garonne',264),(833,'fa','',265),(834,'fa','',266),(835,'fa','',267),(836,'fa','',268),(837,'fa','-',269),(838,'fa',' ',270),(839,'fa','',271),(840,'fa','--',272),(841,'fa','',273),(842,'fa','  ',274),(843,'fa','Seine-Saint-Deni',275),(844,'fa',' ',276),(845,'fa','Val-d\'Ois',277),(846,'fa','',278),(847,'fa','',279),(848,'fa','Arge',280),(849,'fa','',281),(850,'fa','',282),(851,'fa','-',283),(852,'fa','',284),(853,'fa','',285),(854,'fa','Brila',286),(855,'fa','Bucureti',287),(856,'fa','',288),(857,'fa','- Severin',289),(858,'fa','',290),(859,'fa','',291),(860,'fa','',292),(861,'fa','',293),(862,'fa','Dmbovia',294),(863,'fa','',295),(864,'fa','',296),(865,'fa','',297),(866,'fa','',298),(867,'fa','',299),(868,'fa','',300),(869,'fa','',301),(870,'fa','Iai',302),(871,'fa','Ilfo',303),(872,'fa','Maramure',304),(873,'fa','Mehedini',305),(874,'fa','Mure',306),(875,'fa','Neam',307),(876,'fa','',308),(877,'fa','',309),(878,'fa',' ',310),(879,'fa','',311),(880,'fa','',312),(881,'fa','',313),(882,'fa','',314),(883,'fa','',315),(884,'fa','',316),(885,'fa','',317),(886,'fa','Vlcea',318),(887,'fa','',319),(888,'fa','',320),(889,'fa','Pohjois-Pohjanmaa',321),(890,'fa','',322),(891,'fa','Pohjois-Karjala',323),(892,'fa','Pohjois-Savo',324),(893,'fa','-',325),(894,'fa','-',326),(895,'fa','Pohjanmaa',327),(896,'fa','',328),(897,'fa','',329),(898,'fa','-',330),(899,'fa','-',331),(900,'fa','Varsinais-Suomi',332),(901,'fa',' ',333),(902,'fa','Pijt-HAM',334),(903,'fa','-',335),(904,'fa','',336),(905,'fa','',337),(906,'fa','',338),(907,'fa','',339),(908,'fa','',340),(909,'fa','',341),(910,'fa','-',342),(911,'fa','Jgevamaa',343),(912,'fa','',344),(913,'fa','',345),(914,'fa','-',346),(915,'fa','',347),(916,'fa','',348),(917,'fa','Raplama',349),(918,'fa','',350),(919,'fa','',351),(920,'fa','',352),(921,'fa','',353),(922,'fa','Vrumaa',354),(923,'fa','',355),(924,'fa','',356),(925,'fa','',357),(926,'fa','',358),(927,'fa','',359),(928,'fa',' ',360),(929,'fa','',361),(930,'fa','',362),(931,'fa',' ',363),(932,'fa','',364),(933,'fa','Ventspils',365),(934,'fa',' ',366),(935,'fa','  ',367),(936,'fa',' ',368),(937,'fa','',369),(938,'fa',' ',370),(939,'fa','  ',371),(940,'fa',' ',372),(941,'fa','  ',373),(942,'fa','  ',374),(943,'fa','    ',375),(944,'fa',' ',376),(945,'fa','Baldones novad',377),(946,'fa','  ',378),(947,'fa','Balvu novad',379),(948,'fa',' ',380),(949,'fa',' ',381),(950,'fa',' ',382),(951,'fa',' ',383),(952,'fa',' ',384),(953,'fa',' ',385),(954,'fa',' Cibla',386),(955,'fa',' Cesis',387),(956,'fa','  ',388),(957,'fa',' ',389),(958,'fa',' ',390),(959,'fa','  ',391),(960,'fa',' ',392),(961,'fa','   ',393),(962,'fa',' ',394),(963,'fa','  ',395),(964,'fa','  ',396),(965,'fa','Iecavas novads',397),(966,'fa',' ',398),(967,'fa',' ',399),(968,'fa','  ',400),(969,'fa',' Jaunjelgavas',401),(970,'fa','  Jaunpiebalgas',402),(971,'fa',' ',403),(972,'fa',' ',404),(973,'fa',' ',405),(974,'fa',' ',406),(975,'fa',' ',407),(976,'fa',' ',408),(977,'fa',' ',409),(978,'fa',' ',410),(979,'fa','  ',411),(980,'fa','  ',412),(981,'fa',' ',413),(982,'fa',' ',414),(983,'fa','  ',415),(984,'fa',' ',416),(985,'fa',' ',417),(986,'fa',' ',418),(987,'fa',' ',419),(988,'fa',' ',420),(989,'fa',' ',421),(990,'fa',' Mrupe',422),(991,'fa','   ',423),(992,'fa','  ',424),(993,'fa',' ',425),(994,'fa',' ',426),(995,'fa',' ',427),(996,'fa',' ',428),(997,'fa',' ',429),(998,'fa',' Priekule',430),(999,'fa','Condado de Priekui',431),(1000,'fa','   ',432),(1001,'fa',' ',433),(1002,'fa',' Plavinas',4),(1003,'fa',' ',435),(1004,'fa',' ',436),(1005,'fa',' ',437),(1006,'fa',' ',438),(1007,'fa',' ',439),(1008,'fa',' ',440),(1009,'fa',' ',441),(1010,'fa',' ',442),(1011,'fa',' ',443),(1012,'fa',' Salacgriva',444),(1013,'fa',' ',445),(1014,'fa',' Salaspils',446),(1015,'fa',' ',447),(1016,'fa',' ',448),(1017,'fa',' ',449),(1018,'fa',' Skrunda',450),(1019,'fa',' Skrveri',451),(1020,'fa',' Smiltene',452),(1021,'fa',' ',453),(1022,'fa',' ',454),(1023,'fa',' ',455),(1024,'fa',' ',456),(1025,'fa','',457),(1026,'fa',' ',458),(1027,'fa','  ',459),(1028,'fa',' ',460),(1029,'fa',' Valmiera',461),(1030,'fa',' ',462),(1031,'fa',' Vecpiebalga',463),(1032,'fa',' ',464),(1033,'fa',' ',465),(1034,'fa','  ',466),(1035,'fa',' ',467),(1036,'fa',' ',468),(1037,'fa',' ',469),(1038,'fa',' ',470),(1039,'fa',' ',471),(1040,'fa',' ',472),(1041,'fa',' ',473),(1042,'fa',' ',474),(1043,'fa',' Alytus',475),(1044,'fa',' Kaunas',476),(1045,'fa',' ',477),(1046,'fa',' ',478),(1047,'fa',' ',479),(1048,'fa',' ',480),(1049,'fa',' ',481),(1050,'fa',' ',482),(1051,'fa',' ',483),(1052,'fa',' ',484),(1053,'fa','',485),(1054,'fa','',486),(1055,'fa','',487),(1056,'fa','',488),(1057,'fa','',489),(1058,'fa','',490),(1059,'fa',' ',491),(1060,'fa','',492),(1061,'fa','',493),(1062,'fa',' ',494),(1063,'fa','Mato Grosso do Sul',495),(1064,'fa','  ',496),(1065,'fa','',497),(1066,'fa','',498),(1067,'fa','',499),(1068,'fa','',500),(1069,'fa','',501),(1070,'fa',' ',502),(1071,'fa','   ',503),(1072,'fa','   ',504),(1073,'fa','Rondni',505),(1074,'fa','Roraim',506),(1075,'fa',' ',507),(1076,'fa','',508),(1077,'fa','Sergip',509),(1078,'fa','',510),(1079,'fa',' ',511),(1080,'fa',' ',512),(1081,'fa','Condado de Krapina-Zagorj',513),(1082,'fa',' -',514),(1083,'fa',' ',515),(1084,'fa',' ',516),(1085,'fa','Condo de Koprivnica-Krievci',517),(1086,'fa','   -',518),(1087,'fa','Condado de Primorje-Gorski kotar',519),(1088,'fa',' -',520),(1089,'fa','Condado de Virovitica-Podravina',521),(1090,'fa',' -',522),(1091,'fa','Condado de Brod-Posavina',523),(1092,'fa',' ',524),(1093,'fa','Condado de Osijek-Baranja',525),(1094,'fa','Condo de Sibenik-Knin',526),(1095,'fa','Condado de Vukovar-Srijem',527),(1096,'fa',' -Dalmatia',528),(1097,'fa',' ',529),(1098,'fa','Condado de Dubrovnik-Neretva',530),(1099,'fa',' Meimurje',531),(1100,'fa',' ',532),(1101,'fa','   ',533),(1102,'fa',' ',534),(1103,'fa',' ',535),(1104,'fa','',536),(1105,'fa','Biha',537),(1106,'fa','',538),(1107,'fa','',539),(1108,'fa','   ',540),(1109,'fa','  ',541),(1110,'fa','',542),(1111,'fa','',543),(1112,'fa','',544),(1113,'fa','',545),(1114,'fa',' ',546),(1115,'fa','  ',547),(1116,'fa','',548),(1117,'fa','',549),(1118,'fa','',550),(1119,'fa','',551),(1120,'fa',' ',552),(1121,'fa','',553),(1122,'fa',' ',554),(1123,'fa','',555),(1124,'fa','',556),(1125,'fa','',557),(1126,'fa','',558),(1127,'fa','',559),(1128,'fa','',560),(1129,'fa','',561),(1130,'fa','',562),(1131,'fa',' ',563),(1132,'fa','',564),(1133,'fa','',565),(1134,'fa',' ',566),(1135,'fa','',567),(1136,'fa',' ',568),(1137,'pt_BR','Alabama',1),(1138,'pt_BR','Alaska',2),(1139,'pt_BR','Samoa Americana',3),(1140,'pt_BR','Arizona',4),(1141,'pt_BR','Arkansas',5),(1142,'pt_BR','Foras Armadas da frica',6),(1143,'pt_BR','Foras Armadas das Amricas',7),(1144,'pt_BR','Foras Armadas do Canad',8),(1145,'pt_BR','Foras Armadas da Europa',9),(1146,'pt_BR','Foras Armadas do Oriente Mdio',10),(1147,'pt_BR','Foras Armadas do Pacfico',11),(1148,'pt_BR','California',12),(1149,'pt_BR','Colorado',13),(1150,'pt_BR','Connecticut',14),(1151,'pt_BR','Delaware',15),(1152,'pt_BR','Distrito de Columbia',16),(1153,'pt_BR','Estados Federados da Micronsia',17),(1154,'pt_BR','Florida',18),(1155,'pt_BR','Gergia',19),(1156,'pt_BR','Guam',20),(1157,'pt_BR','Hava',21),(1158,'pt_BR','Idaho',22),(1159,'pt_BR','Illinois',23),(1160,'pt_BR','Indiana',24),(1161,'pt_BR','Iowa',25),(1162,'pt_BR','Kansas',26),(1163,'pt_BR','Kentucky',27),(1164,'pt_BR','Louisiana',28),(1165,'pt_BR','Maine',29),(1166,'pt_BR','Ilhas Marshall',30),(1167,'pt_BR','Maryland',31),(1168,'pt_BR','Massachusetts',32),(1169,'pt_BR','Michigan',33),(1170,'pt_BR','Minnesota',34),(1171,'pt_BR','Mississippi',35),(1172,'pt_BR','Missouri',36),(1173,'pt_BR','Montana',37),(1174,'pt_BR','Nebraska',38),(1175,'pt_BR','Nevada',39),(1176,'pt_BR','New Hampshire',40),(1177,'pt_BR','Nova Jersey',41),(1178,'pt_BR','Novo Mxico',42),(1179,'pt_BR','Nova York',43),(1180,'pt_BR','Carolina do Norte',44),(1181,'pt_BR','Dakota do Norte',45),(1182,'pt_BR','Ilhas Marianas do Norte',46),(1183,'pt_BR','Ohio',47),(1184,'pt_BR','Oklahoma',48),(1185,'pt_BR','Oregon',4),(1186,'pt_BR','Palau',50),(1187,'pt_BR','Pensilvnia',51),(1188,'pt_BR','Porto Rico',52),(1189,'pt_BR','Rhode Island',53),(1190,'pt_BR','Carolina do Sul',54),(1191,'pt_BR','Dakota do Sul',55),(1192,'pt_BR','Tennessee',56),(1193,'pt_BR','Texas',57),(1194,'pt_BR','Utah',58),(1195,'pt_BR','Vermont',59),(1196,'pt_BR','Ilhas Virgens',60),(1197,'pt_BR','Virginia',61),(1198,'pt_BR','Washington',62),(1199,'pt_BR','West Virginia',63),(1200,'pt_BR','Wisconsin',64),(1201,'pt_BR','Wyoming',65),(1202,'pt_BR','Alberta',66),(1203,'pt_BR','Colmbia Britnica',67),(1204,'pt_BR','Manitoba',68),(1205,'pt_BR','Terra Nova e Labrador',69),(1206,'pt_BR','New Brunswick',70),(1207,'pt_BR','Nova Esccia',7),(1208,'pt_BR','Territrios do Noroeste',72),(1209,'pt_BR','Nunavut',73),(1210,'pt_BR','Ontario',74),(1211,'pt_BR','Ilha do Prncipe Eduardo',75),(1212,'pt_BR','Quebec',76),(1213,'pt_BR','Saskatchewan',77),(1214,'pt_BR','Territrio yukon',78),(1215,'pt_BR','Niedersachsen',79),(1216,'pt_BR','Baden-Wurttemberg',80),(1217,'pt_BR','Bayern',81),(1218,'pt_BR','Berlim',82),(1219,'pt_BR','Brandenburg',83),(1220,'pt_BR','Bremen',84),(1221,'pt_BR','Hamburgo',85),(1222,'pt_BR','Hessen',86),(1223,'pt_BR','Mecklenburg-Vorpommern',87),(1224,'pt_BR','Nordrhein-Westfalen',88),(1225,'pt_BR','Rennia-Palatinado',8),(1226,'pt_BR','Sarre',90),(1227,'pt_BR','Sachsen',91),(1228,'pt_BR','Sachsen-Anhalt',92),(1229,'pt_BR','Schleswig-Holstein',93),(1230,'pt_BR','Turngia',94),(1231,'pt_BR','Viena',95),(1232,'pt_BR','Baixa ustria',96),(1233,'pt_BR','Obersterreich',97),(1234,'pt_BR','Salzburg',98),(1235,'pt_BR','Carntia',99),(1236,'pt_BR','Steiermark',100),(1237,'pt_BR','Tirol',101),(1238,'pt_BR','Burgenland',102),(1239,'pt_BR','Vorarlberg',103),(1240,'pt_BR','Aargau',104),(1241,'pt_BR','Appenzell Innerrhoden',105),(1242,'pt_BR','Appenzell Ausserrhoden',106),(1243,'pt_BR','Bern',107),(1244,'pt_BR','Basel-Landschaft',108),(1245,'pt_BR','Basel-Stadt',109),(1246,'pt_BR','Freiburg',110),(1247,'pt_BR','Genf',111),(1248,'pt_BR','Glarus',112),(1249,'pt_BR','Grisons',113),(1250,'pt_BR','Jura',114),(1251,'pt_BR','Luzern',115),(1252,'pt_BR','Neuenburg',116),(1253,'pt_BR','Nidwalden',117),(1254,'pt_BR','Obwalden',118),(1255,'pt_BR','St. Gallen',119),(1256,'pt_BR','Schaffhausen',120),(1257,'pt_BR','Solothurn',121),(1258,'pt_BR','Schwyz',122),(1259,'pt_BR','Thurgau',123),(1260,'pt_BR','Tessin',124),(1261,'pt_BR','Uri',125),(1262,'pt_BR','Waadt',126),(1263,'pt_BR','Wallis',127),(1264,'pt_BR','Zug',128),(1265,'pt_BR','Zurique',129),(1266,'pt_BR','Corunha',130),(1267,'pt_BR','lava',131),(1268,'pt_BR','Albacete',132),(1269,'pt_BR','Alicante',133),(1270,'pt_BR','Almeria',134),(1271,'pt_BR','Astrias',135),(1272,'pt_BR','Avila',136),(1273,'pt_BR','Badajoz',137),(1274,'pt_BR','Baleares',138),(1275,'pt_BR','Barcelona',139),(1276,'pt_BR','Burgos',140),(1277,'pt_BR','Caceres',141),(1278,'pt_BR','Cadiz',142),(1279,'pt_BR','Cantbria',143),(1280,'pt_BR','Castellon',144),(1281,'pt_BR','Ceuta',145),(1282,'pt_BR','Ciudad Real',146),(1283,'pt_BR','Cordoba',147),(1284,'pt_BR','Cuenca',148),(1285,'pt_BR','Girona',149),(1286,'pt_BR','Granada',150),(1287,'pt_BR','Guadalajara',151),(1288,'pt_BR','Guipuzcoa',152),(1289,'pt_BR','Huelva',153),(1290,'pt_BR','Huesca',154),(1291,'pt_BR','Jaen',155),(1292,'pt_BR','La Rioja',156),(1293,'pt_BR','Las Palmas',157),(1294,'pt_BR','Leon',158),(1295,'pt_BR','Lleida',159),(1296,'pt_BR','Lugo',160),(1297,'pt_BR','Madri',161),(1298,'pt_BR','Mlaga',162),(1299,'pt_BR','Melilla',163),(1300,'pt_BR','Murcia',164),(1301,'pt_BR','Navarra',165),(1302,'pt_BR','Ourense',166),(1303,'pt_BR','Palencia',167),(1304,'pt_BR','Pontevedra',168),(1305,'pt_BR','Salamanca',169),(1306,'pt_BR','Santa Cruz de Tenerife',170),(1307,'pt_BR','Segovia',171),(1308,'pt_BR','Sevilla',172),(1309,'pt_BR','Soria',173),(1310,'pt_BR','Tarragona',174),(1311,'pt_BR','Teruel',175),(1312,'pt_BR','Toledo',176),(1313,'pt_BR','Valencia',177),(1314,'pt_BR','Valladolid',178),(1315,'pt_BR','Vizcaya',179),(1316,'pt_BR','Zamora',180),(1317,'pt_BR','Zaragoza',181),(1318,'pt_BR','Ain',182),(1319,'pt_BR','Aisne',183),(1320,'pt_BR','Allier',184),(1321,'pt_BR','Alpes da Alta Provena',185),(1322,'pt_BR','Altos Alpes',186),(1323,'pt_BR','Alpes-Maritimes',187),(1324,'pt_BR','Ardche',188),(1325,'pt_BR','Ardennes',189),(1326,'pt_BR','Ariege',190),(1327,'pt_BR','Aube',191),(1328,'pt_BR','Aude',192),(1329,'pt_BR','Aveyron',193),(1330,'pt_BR','BOCAS DO Rhne',194),(1331,'pt_BR','Calvados',195),(1332,'pt_BR','Cantal',196),(1333,'pt_BR','Charente',197),(1334,'pt_BR','Charente-Maritime',198),(1335,'pt_BR','Cher',199),(1336,'pt_BR','Corrze',200),(1337,'pt_BR','Corse-du-Sud',201),(1338,'pt_BR','Alta Crsega',202),(1339,'pt_BR','Costa d\'OrCorrze',203),(1340,'pt_BR','Cotes d\'Armor',204),(1341,'pt_BR','Creuse',205),(1342,'pt_BR','Dordogne',206),(1343,'pt_BR','Doubs',207),(1344,'pt_BR','DrmeFinistre',208),(1345,'pt_BR','Eure',209),(1346,'pt_BR','Eure-et-Loir',210),(1347,'pt_BR','Finistre',211),(1348,'pt_BR','Gard',212),(1349,'pt_BR','Haute-Garonne',213),(1350,'pt_BR','Gers',214),(1351,'pt_BR','Gironde',215),(1352,'pt_BR','Hrault',216),(1353,'pt_BR','Ille-et-Vilaine',217),(1354,'pt_BR','Indre',218),(1355,'pt_BR','Indre-et-Loire',219),(1356,'pt_BR','Isre',220),(1357,'pt_BR','Jura',221),(1358,'pt_BR','Landes',222),(1359,'pt_BR','Loir-et-Cher',223),(1360,'pt_BR','Loire',224),(1361,'pt_BR','Haute-Loire',22),(1362,'pt_BR','Loire-Atlantique',226),(1363,'pt_BR','Loiret',227),(1364,'pt_BR','Lot',228),(1365,'pt_BR','Lot e Garona',229),(1366,'pt_BR','Lozre',230),(1367,'pt_BR','Maine-et-Loire',231),(1368,'pt_BR','Manche',232),(1369,'pt_BR','Marne',233),(1370,'pt_BR','Haute-Marne',234),(1371,'pt_BR','Mayenne',235),(1372,'pt_BR','Meurthe-et-Moselle',236),(1373,'pt_BR','Meuse',237),(1374,'pt_BR','Morbihan',238),(1375,'pt_BR','Moselle',239),(1376,'pt_BR','Nivre',240),(1377,'pt_BR','Nord',241),(1378,'pt_BR','Oise',242),(1379,'pt_BR','Orne',243),(1380,'pt_BR','Pas-de-Calais',244),(1381,'pt_BR','Puy-de-Dme',24),(1382,'pt_BR','Pirineus Atlnticos',246),(1383,'pt_BR','Hautes-Pyrnes',247),(1384,'pt_BR','Pirineus Orientais',248),(1385,'pt_BR','Bas-Rhin',249),(1386,'pt_BR','Alto Reno',250),(1387,'pt_BR','Rhne',251),(1388,'pt_BR','Haute-Sane',252),(1389,'pt_BR','Sane-et-Loire',253),(1390,'pt_BR','Sarthe',25),(1391,'pt_BR','Savoie',255),(1392,'pt_BR','Alta Sabia',256),(1393,'pt_BR','Paris',257),(1394,'pt_BR','Seine-Maritime',258),(1395,'pt_BR','Seine-et-Marne',259),(1396,'pt_BR','Yvelines',260),(1397,'pt_BR','Deux-Svres',261),(1398,'pt_BR','Somme',262),(1399,'pt_BR','Tarn',263),(1400,'pt_BR','Tarn-et-Garonne',264),(1401,'pt_BR','Var',265),(1402,'pt_BR','Vaucluse',266),(1403,'pt_BR','Compradora',267),(1404,'pt_BR','Vienne',268),(1405,'pt_BR','Haute-Vienne',269),(1406,'pt_BR','Vosges',270),(1407,'pt_BR','Yonne',271),(1408,'pt_BR','Territrio de Belfort',272),(1409,'pt_BR','Essonne',273),(1410,'pt_BR','Altos do Sena',274),(1411,'pt_BR','Seine-Saint-Denis',275),(1412,'pt_BR','Val-de-Marne',276),(1413,'pt_BR','Val-d\'Oise',277),(1414,'pt_BR','Alba',278),(1415,'pt_BR','Arad',279),(1416,'pt_BR','Arges',280),(1417,'pt_BR','Bacau',281),(1418,'pt_BR','Bihor',282),(1419,'pt_BR','Bistrita-Nasaud',283),(1420,'pt_BR','Botosani',284),(1421,'pt_BR','Braov',285),(1422,'pt_BR','Braila',286),(1423,'pt_BR','Bucareste',287),(1424,'pt_BR','Buzau',288),(1425,'pt_BR','Caras-Severin',289),(1426,'pt_BR','Clrai',290),(1427,'pt_BR','Cluj',291),(1428,'pt_BR','Constanta',292),(1429,'pt_BR','Covasna',29),(1430,'pt_BR','Dambovita',294),(1431,'pt_BR','Dolj',295),(1432,'pt_BR','Galati',296),(1433,'pt_BR','Giurgiu',297),(1434,'pt_BR','Gorj',298),(1435,'pt_BR','Harghita',299),(1436,'pt_BR','Hunedoara',300),(1437,'pt_BR','Ialomita',301),(1438,'pt_BR','Iasi',302),(1439,'pt_BR','Ilfov',303),(1440,'pt_BR','Maramures',304),(1441,'pt_BR','Maramures',305),(1442,'pt_BR','Mures',306),(1443,'pt_BR','alemo',307),(1444,'pt_BR','Olt',308),(1445,'pt_BR','Prahova',309),(1446,'pt_BR','Satu-Mare',310),(1447,'pt_BR','Salaj',311),(1448,'pt_BR','Sibiu',312),(1449,'pt_BR','Suceava',313),(1450,'pt_BR','Teleorman',314),(1451,'pt_BR','Timis',315),(1452,'pt_BR','Tulcea',316),(1453,'pt_BR','Vaslui',317),(1454,'pt_BR','dale',318),(1455,'pt_BR','Vrancea',319),(1456,'pt_BR','Lappi',320),(1457,'pt_BR','Pohjois-Pohjanmaa',321),(1458,'pt_BR','Kainuu',322),(1459,'pt_BR','Pohjois-Karjala',323),(1460,'pt_BR','Pohjois-Savo',324),(1461,'pt_BR','Sul Savo',325),(1462,'pt_BR','Ostrobothnia do sul',326),(1463,'pt_BR','Pohjanmaa',327),(1464,'pt_BR','Pirkanmaa',328),(1465,'pt_BR','Satakunta',329),(1466,'pt_BR','Keski-Pohjanmaa',330),(1467,'pt_BR','Keski-Suomi',331),(1468,'pt_BR','Varsinais-Suomi',332),(1469,'pt_BR','Carlia do Sul',333),(1470,'pt_BR','Pijt-Hme',334),(1471,'pt_BR','Kanta-Hme',335),(1472,'pt_BR','Uusimaa',336),(1473,'pt_BR','Uusimaa',337),(1474,'pt_BR','Kymenlaakso',338),(1475,'pt_BR','Ahvenanmaa',339),(1476,'pt_BR','Harjumaa',340),(1477,'pt_BR','Hiiumaa',341),(1478,'pt_BR','Ida-Virumaa',342),(1479,'pt_BR','Condado de Jgeva',343),(1480,'pt_BR','Condado de Jrva',344),(1481,'pt_BR','Lnemaa',345),(1482,'pt_BR','Condado de Lne-Viru',346),(1483,'pt_BR','Condado de Plva',347),(1484,'pt_BR','Condado de Prnu',348),(1485,'pt_BR','Raplamaa',349),(1486,'pt_BR','Saaremaa',350),(1487,'pt_BR','Tartumaa',351),(1488,'pt_BR','Valgamaa',352),(1489,'pt_BR','Viljandimaa',353),(1490,'pt_BR','Vrumaa',354),(1491,'pt_BR','Daugavpils',355),(1492,'pt_BR','Jelgava',356),(1493,'pt_BR','Jekabpils',357),(1494,'pt_BR','Jurmala',358),(1495,'pt_BR','Liepaja',359),(1496,'pt_BR','Liepaja County',360),(1497,'pt_BR','Rezekne',361),(1498,'pt_BR','Riga',362),(1499,'pt_BR','Condado de Riga',363),(1500,'pt_BR','Valmiera',364),(1501,'pt_BR','Ventspils',365),(1502,'pt_BR','Aglonas novads',366),(1503,'pt_BR','Aizkraukles novads',367),(1504,'pt_BR','Aizputes novads',368),(1505,'pt_BR','Condado de Akniste',369),(1506,'pt_BR','Alojas novads',370),(1507,'pt_BR','Alsungas novads',371),(1508,'pt_BR','Aluksne County',372),(1509,'pt_BR','Amatas novads',373),(1510,'pt_BR','Macacos novads',374),(1511,'pt_BR','Auces novads',375),(1512,'pt_BR','Babtes novads',376),(1513,'pt_BR','Baldones novads',377),(1514,'pt_BR','Baltinavas novads',378),(1515,'pt_BR','Balvu novads',379),(1516,'pt_BR','Bauskas novads',380),(1517,'pt_BR','Condado de Beverina',381),(1518,'pt_BR','Condado de Broceni',382),(1519,'pt_BR','Burtnieku novads',383),(1520,'pt_BR','Carnikavas novads',384),(1521,'pt_BR','Cesvaines novads',385),(1522,'pt_BR','Ciblas novads',386),(1523,'pt_BR','Cesis county',387),(1524,'pt_BR','Dagdas novads',388),(1525,'pt_BR','Daugavpils novads',389),(1526,'pt_BR','Dobeles novads',390),(1527,'pt_BR','Dundagas novads',391),(1528,'pt_BR','Durbes novads',392),(1529,'pt_BR','Engad novads',393),(1530,'pt_BR','Garkalnes novads',394),(1531,'pt_BR','O condado de Grobia',395),(1532,'pt_BR','Gulbenes novads',396),(1533,'pt_BR','Iecavas novads',397),(1534,'pt_BR','Ikskile county',398),(1535,'pt_BR','Ilkste county',399),(1536,'pt_BR','Condado de Inukalns',400),(1537,'pt_BR','Jaunjelgavas novads',401),(1538,'pt_BR','Jaunpiebalgas novads',402),(1539,'pt_BR','Jaunpils novads',403),(1540,'pt_BR','Jelgavas novads',404),(1541,'pt_BR','Jekabpils county',405),(1542,'pt_BR','Kandavas novads',406),(1543,'pt_BR','Kokneses novads',407),(1544,'pt_BR','Krimuldas novads',408),(1545,'pt_BR','Krustpils novads',409),(1546,'pt_BR','Condado de Kraslava',410),(1547,'pt_BR','Condado de Kuldga',411),(1548,'pt_BR','Condado de Krsava',412),(1549,'pt_BR','Condado de Lielvarde',413),(1550,'pt_BR','Condado de Limbai',414),(1551,'pt_BR','O distrito de Lubna',415),(1552,'pt_BR','Ludzas novads',416),(1553,'pt_BR','Ligatne county',417),(1554,'pt_BR','Livani county',418),(1555,'pt_BR','Madonas novads',419),(1556,'pt_BR','Mazsalacas novads',420),(1557,'pt_BR','Mlpils county',421),(1558,'pt_BR','Mrupe county',422),(1559,'pt_BR','O condado de Naukni',423),(1560,'pt_BR','Neretas novads',424),(1561,'pt_BR','Nca county',425),(1562,'pt_BR','Ogres novads',426),(1563,'pt_BR','Olaines novads',427),(1564,'pt_BR','Ozolnieku novads',428),(1565,'pt_BR','Preii county',429),(1566,'pt_BR','Priekules novads',430),(1567,'pt_BR','Condado de Priekui',431),(1568,'pt_BR','Moving county',432),(1569,'pt_BR','Condado de Pavilosta',433),(1570,'pt_BR','Condado de Plavinas',434),(1571,'pt_BR','Raunas novads',435),(1572,'pt_BR','Condado de Riebii',436),(1573,'pt_BR','Rojas novads',437),(1574,'pt_BR','Ropazi county',438),(1575,'pt_BR','Rucavas novads',439),(1576,'pt_BR','Rugji county',440),(1577,'pt_BR','Rundle county',441),(1578,'pt_BR','Rezekne county',442),(1579,'pt_BR','Rjiena county',443),(1580,'pt_BR','O municpio de Salacgriva',444),(1581,'pt_BR','Salas novads',445),(1582,'pt_BR','Salaspils novads',446),(1583,'pt_BR','Saldus novads',447),(1584,'pt_BR','Saulkrastu novads',448),(1585,'pt_BR','Siguldas novads',449),(1586,'pt_BR','Skrundas novads',450),(1587,'pt_BR','Skrveri county',451),(1588,'pt_BR','Smiltenes novads',452),(1589,'pt_BR','Condado de Stopini',453),(1590,'pt_BR','Condado de Streni',454),(1591,'pt_BR','Regio de semeadura',455),(1592,'pt_BR','Talsu novads',456),(1593,'pt_BR','Tukuma novads',457),(1594,'pt_BR','Condado de Trvete',458),(1595,'pt_BR','O condado de Vaiode',459),(1596,'pt_BR','Valkas novads',460),(1597,'pt_BR','Valmieras novads',461),(1598,'pt_BR','Varaklani county',462),(1599,'pt_BR','Vecpiebalgas novads',463),(1600,'pt_BR','Vecumnieku novads',464),(1601,'pt_BR','Ventspils novads',465),(1602,'pt_BR','Condado de Viesite',466),(1603,'pt_BR','Condado de Vilaka',467),(1604,'pt_BR','Vilani county',468),(1605,'pt_BR','Condado de Varkava',469),(1606,'pt_BR','Zilupes novads',470),(1607,'pt_BR','Adazi county',471),(1608,'pt_BR','Erglu county',472),(1609,'pt_BR','Kegums county',473),(1610,'pt_BR','Kekava county',474),(1611,'pt_BR','Alytaus Apskritis',475),(1612,'pt_BR','Kauno Apskritis',476),(1613,'pt_BR','Condado de Klaipeda',477),(1614,'pt_BR','Marijampol county',478),(1615,'pt_BR','Panevezys county',479),(1616,'pt_BR','Siauliai county',480),(1617,'pt_BR','Taurage county',481),(1618,'pt_BR','Teliai county',482),(1619,'pt_BR','Utenos Apskritis',483),(1620,'pt_BR','Vilniaus Apskritis',484),(1621,'pt_BR','Acre',485),(1622,'pt_BR','Alagoas',486),(1623,'pt_BR','Amap',487),(1624,'pt_BR','Amazonas',488),(1625,'pt_BR','Bahia',489),(1626,'pt_BR','Cear',490),(1627,'pt_BR','Esprito Santo',491),(1628,'pt_BR','Gois',492),(1629,'pt_BR','Maranho',493),(1630,'pt_BR','Mato Grosso',494),(1631,'pt_BR','Mato Grosso do Sul',495),(1632,'pt_BR','Minas Gerais',496),(1633,'pt_BR','Par',497),(1634,'pt_BR','Paraba',498),(1635,'pt_BR','Paran',499),(1636,'pt_BR','Pernambuco',500),(1637,'pt_BR','Piau',501),(1638,'pt_BR','Rio de Janeiro',502),(1639,'pt_BR','Rio Grande do Norte',503),(1640,'pt_BR','Rio Grande do Sul',504),(1641,'pt_BR','Rondnia',505),(1642,'pt_BR','Roraima',506),(1643,'pt_BR','Santa Catarina',507),(1644,'pt_BR','So Paulo',508),(1645,'pt_BR','Sergipe',509),(1646,'pt_BR','Tocantins',510),(1647,'pt_BR','Distrito Federal',511),(1648,'pt_BR','Condado de Zagreb',512),(1649,'pt_BR','Condado de Krapina-Zagorje',513),(1650,'pt_BR','Condado de Sisak-Moslavina',514),(1651,'pt_BR','Condado de Karlovac',515),(1652,'pt_BR','Concelho de Varadin',516),(1653,'pt_BR','Condado de Koprivnica-Krievci',517),(1654,'pt_BR','Condado de Bjelovar-Bilogora',518),(1655,'pt_BR','Condado de Primorje-Gorski kotar',519),(1656,'pt_BR','Condado de Lika-Senj',520),(1657,'pt_BR','Condado de Virovitica-Podravina',521),(1658,'pt_BR','Condado de Poega-Slavonia',522),(1659,'pt_BR','Condado de Brod-Posavina',523),(1660,'pt_BR','Condado de Zadar',524),(1661,'pt_BR','Condado de Osijek-Baranja',525),(1662,'pt_BR','Condado de ibenik-Knin',526),(1663,'pt_BR','Condado de Vukovar-Srijem',527),(1664,'pt_BR','Condado de Split-Dalmcia',528),(1665,'pt_BR','Condado de stria',529),(1666,'pt_BR','Condado de Dubrovnik-Neretva',530),(1667,'pt_BR','Meimurska upanija',531),(1668,'pt_BR','Grad Zagreb',532),(1669,'pt_BR','Ilhas Andaman e Nicobar',533),(1670,'pt_BR','Andhra Pradesh',534),(1671,'pt_BR','Arunachal Pradesh',535),(1672,'pt_BR','Assam',536),(1673,'pt_BR','Bihar',537),(1674,'pt_BR','Chandigarh',538),(1675,'pt_BR','Chhattisgarh',539),(1676,'pt_BR','Dadra e Nagar Haveli',540),(1677,'pt_BR','Daman e Diu',541),(1678,'pt_BR','Delhi',542),(1679,'pt_BR','Goa',543),(1680,'pt_BR','Gujarat',544),(1681,'pt_BR','Haryana',545),(1682,'pt_BR','Himachal Pradesh',546),(1683,'pt_BR','Jammu e Caxemira',547),(1684,'pt_BR','Jharkhand',548),(1685,'pt_BR','Karnataka',549),(1686,'pt_BR','Kerala',550),(1687,'pt_BR','Lakshadweep',551),(1688,'pt_BR','Madhya Pradesh',552),(1689,'pt_BR','Maharashtra',553),(1690,'pt_BR','Manipur',554),(1691,'pt_BR','Meghalaya',555),(1692,'pt_BR','Mizoram',556),(1693,'pt_BR','Nagaland',557),(1694,'pt_BR','Odisha',558),(1695,'pt_BR','Puducherry',559),(1696,'pt_BR','Punjab',560),(1697,'pt_BR','Rajasthan',561),(1698,'pt_BR','Sikkim',562),(1699,'pt_BR','Tamil Nadu',563),(1700,'pt_BR','Telangana',564),(1701,'pt_BR','Tripura',565),(1702,'pt_BR','Uttar Pradesh',566),(1703,'pt_BR','Uttarakhand',567),(1704,'pt_BR','Bengala Ocidental',568);
/*!40000 ALTER TABLE `country_state_translations` ENABLE KEYS */;
UNLOCK TABLES;

--
-- Table structure for table `country_states`
--

DROP TABLE IF EXISTS `country_states`;
/*!40101 SET @saved_cs_client     = @@character_set_client */;
/*!50503 SET character_set_client = utf8mb4 */;
CREATE TABLE `country_states` (
  `id` int unsigned NOT NULL AUTO_INCREMENT,
  `country_code` varchar(191) CHARACTER SET utf8mb4 COLLATE utf8mb4_unicode_ci DEFAULT NULL,
  `code` varchar(191) CHARACTER SET utf8mb4 COLLATE utf8mb4_unicode_ci DEFAULT NULL,
  `default_name` varchar(191) CHARACTER SET utf8mb4 COLLATE utf8mb4_unicode_ci DEFAULT NULL,
  `country_id` int unsigned DEFAULT NULL,
  PRIMARY KEY (`id`),
  KEY `country_states_country_id_foreign` (`country_id`),
  CONSTRAINT `country_states_country_id_foreign` FOREIGN KEY (`country_id`) REFERENCES `countries` (`id`) ON DELETE CASCADE
) ENGINE=InnoDB AUTO_INCREMENT=569 DEFAULT CHARSET=utf8mb4 COLLATE=utf8mb4_unicode_ci ROW_FORMAT=DYNAMIC;
/*!40101 SET character_set_client = @saved_cs_client */;

--
-- Dumping data for table `country_states`
--

LOCK TABLES `country_states` WRITE;
/*!40000 ALTER TABLE `country_states` DISABLE KEYS */;
INSERT INTO `country_states` VALUES (1,'US','AL','Alabama',244),(2,'US','AK','Alaska',244),(3,'US','AS','American Samoa',244),(4,'US','AZ','Arizona',244),(5,'US','AR','Arkansas',244),(6,'US','AE','Armed Forces Africa',244),(7,'US','AA','Armed Forces Americas',244),(8,'US','AE','Armed Forces Canada',244),(9,'US','AE','Armed Forces Europe',244),(10,'US','AE','Armed Forces Middle East',244),(11,'US','AP','Armed Forces Pacific',244),(12,'US','CA','California',244),(13,'US','CO','Colorado',244),(14,'US','CT','Connecticut',244),(15,'US','DE','Delaware',244),(16,'US','DC','District of Columbia',244),(17,'US','FM','Federated States Of Micronesia',244),(18,'US','FL','Florida',244),(19,'US','GA','Georgia',244),(20,'US','GU','Guam',244),(21,'US','HI','Hawaii',244),(22,'US','ID','Idaho',244),(23,'US','IL','Illinois',244),(24,'US','IN','Indiana',244),(25,'US','IA','Iowa',244),(26,'US','KS','Kansas',244),(27,'US','KY','Kentucky',244),(28,'US','LA','Louisiana',244),(29,'US','ME','Maine',244),(30,'US','MH','Marshall Islands',244),(31,'US','MD','Maryland',244),(32,'US','MA','Massachusetts',244),(33,'US','MI','Michigan',244),(34,'US','MN','Minnesota',244),(35,'US','MS','Mississippi',244),(36,'US','MO','Missouri',244),(37,'US','MT','Montana',244),(38,'US','NE','Nebraska',244),(39,'US','NV','Nevada',244),(40,'US','NH','New Hampshire',244),(41,'US','NJ','New Jersey',244),(42,'US','NM','New Mexico',244),(43,'US','NY','New York',244),(44,'US','NC','North Carolina',244),(45,'US','ND','North Dakota',244),(46,'US','MP','Northern Mariana Islands',244),(47,'US','OH','Ohio',244),(48,'US','OK','Oklahoma',244),(49,'US','OR','Oregon',244),(50,'US','PW','Palau',244),(51,'US','PA','Pennsylvania',244),(52,'US','PR','Puerto Rico',244),(53,'US','RI','Rhode Island',244),(54,'US','SC','South Carolina',244),(55,'US','SD','South Dakota',244),(56,'US','TN','Tennessee',244),(57,'US','TX','Texas',244),(58,'US','UT','Utah',244),(59,'US','VT','Vermont',244),(60,'US','VI','Virgin Islands',244),(61,'US','VA','Virginia',244),(62,'US','WA','Washington',244),(63,'US','WV','West Virginia',244),(64,'US','WI','Wisconsin',244),(65,'US','WY','Wyoming',244),(66,'CA','AB','Alberta',40),(67,'CA','BC','British Columbia',40),(68,'CA','MB','Manitoba',40),(69,'CA','NL','Newfoundland and Labrador',40),(70,'CA','NB','New Brunswick',40),(71,'CA','NS','Nova Scotia',40),(72,'CA','NT','Northwest Territories',40),(73,'CA','NU','Nunavut',40),(74,'CA','ON','Ontario',40),(75,'CA','PE','Prince Edward Island',40),(76,'CA','QC','Quebec',40),(77,'CA','SK','Saskatchewan',40),(78,'CA','YT','Yukon Territory',40),(79,'DE','NDS','Niedersachsen',88),(80,'DE','BAW','Baden-Wrttemberg',88),(81,'DE','BAY','Bayern',88),(82,'DE','BER','Berlin',88),(83,'DE','BRG','Brandenburg',88),(84,'DE','BRE','Bremen',88),(85,'DE','HAM','Hamburg',88),(86,'DE','HES','Hessen',88),(87,'DE','MEC','Mecklenburg-Vorpommern',88),(88,'DE','NRW','Nordrhein-Westfalen',88),(89,'DE','RHE','Rheinland-Pfalz',88),(90,'DE','SAR','Saarland',88),(91,'DE','SAS','Sachsen',88),(92,'DE','SAC','Sachsen-Anhalt',88),(93,'DE','SCN','Schleswig-Holstein',88),(94,'DE','THE','Thringen',88),(95,'AT','WI','Wien',16),(96,'AT','NO','Niedersterreich',16),(97,'AT','OO','Obersterreich',16),(98,'AT','SB','Salzburg',16),(99,'AT','KN','Krnten',16),(100,'AT','ST','Steiermark',16),(101,'AT','TI','Tirol',16),(102,'AT','BL','Burgenland',16),(103,'AT','VB','Vorarlberg',16),(104,'CH','AG','Aargau',220),(105,'CH','AI','Appenzell Innerrhoden',220),(106,'CH','AR','Appenzell Ausserrhoden',220),(107,'CH','BE','Bern',220),(108,'CH','BL','Basel-Landschaft',220),(109,'CH','BS','Basel-Stadt',220),(110,'CH','FR','Freiburg',220),(111,'CH','GE','Genf',220),(112,'CH','GL','Glarus',220),(113,'CH','GR','Graubnden',220),(114,'CH','JU','Jura',220),(115,'CH','LU','Luzern',220),(116,'CH','NE','Neuenburg',220),(117,'CH','NW','Nidwalden',220),(118,'CH','OW','Obwalden',220),(119,'CH','SG','St. Gallen',220),(120,'CH','SH','Schaffhausen',220),(121,'CH','SO','Solothurn',220),(122,'CH','SZ','Schwyz',220),(123,'CH','TG','Thurgau',220),(124,'CH','TI','Tessin',220),(125,'CH','UR','Uri',220),(126,'CH','VD','Waadt',220),(127,'CH','VS','Wallis',220),(128,'CH','ZG','Zug',220),(129,'CH','ZH','Zrich',220),(130,'ES','A Corua','A Corua',206),(131,'ES','Alava','Alava',206),(132,'ES','Albacete','Albacete',206),(133,'ES','Alicante','Alicante',206),(134,'ES','Almeria','Almeria',206),(135,'ES','Asturias','Asturias',206),(136,'ES','Avila','Avila',206),(137,'ES','Badajoz','Badajoz',206),(138,'ES','Baleares','Baleares',206),(139,'ES','Barcelona','Barcelona',206),(140,'ES','Burgos','Burgos',206),(141,'ES','Caceres','Caceres',206),(142,'ES','Cadiz','Cadiz',206),(143,'ES','Cantabria','Cantabria',206),(144,'ES','Castellon','Castellon',206),(145,'ES','Ceuta','Ceuta',206),(146,'ES','Ciudad Real','Ciudad Real',206),(147,'ES','Cordoba','Cordoba',206),(148,'ES','Cuenca','Cuenca',206),(149,'ES','Girona','Girona',206),(150,'ES','Granada','Granada',206),(151,'ES','Guadalajara','Guadalajara',206),(152,'ES','Guipuzcoa','Guipuzcoa',206),(153,'ES','Huelva','Huelva',206),(154,'ES','Huesca','Huesca',206),(155,'ES','Jaen','Jaen',206),(156,'ES','La Rioja','La Rioja',206),(157,'ES','Las Palmas','Las Palmas',206),(158,'ES','Leon','Leon',206),(159,'ES','Lleida','Lleida',206),(160,'ES','Lugo','Lugo',206),(161,'ES','Madrid','Madrid',206),(162,'ES','Malaga','Malaga',206),(163,'ES','Melilla','Melilla',206),(164,'ES','Murcia','Murcia',206),(165,'ES','Navarra','Navarra',206),(166,'ES','Ourense','Ourense',206),(167,'ES','Palencia','Palencia',206),(168,'ES','Pontevedra','Pontevedra',206),(169,'ES','Salamanca','Salamanca',206),(170,'ES','Santa Cruz de Tenerife','Santa Cruz de Tenerife',206),(171,'ES','Segovia','Segovia',206),(172,'ES','Sevilla','Sevilla',206),(173,'ES','Soria','Soria',206),(174,'ES','Tarragona','Tarragona',206),(175,'ES','Teruel','Teruel',206),(176,'ES','Toledo','Toledo',206),(177,'ES','Valencia','Valencia',206),(178,'ES','Valladolid','Valladolid',206),(179,'ES','Vizcaya','Vizcaya',206),(180,'ES','Zamora','Zamora',206),(181,'ES','Zaragoza','Zaragoza',206),(182,'FR','1','Ain',81),(183,'FR','2','Aisne',81),(184,'FR','3','Allier',81),(185,'FR','4','Alpes-de-Haute-Provence',81),(186,'FR','5','Hautes-Alpes',81),(187,'FR','6','Alpes-Maritimes',81),(188,'FR','7','Ardche',81),(189,'FR','8','Ardennes',81),(190,'FR','9','Arige',81),(191,'FR','10','Aube',81),(192,'FR','11','Aude',81),(193,'FR','12','Aveyron',81),(194,'FR','13','Bouches-du-Rhne',81),(195,'FR','14','Calvados',81),(196,'FR','15','Cantal',81),(197,'FR','16','Charente',81),(198,'FR','17','Charente-Maritime',81),(199,'FR','18','Cher',81),(200,'FR','19','Corrze',81),(201,'FR','2A','Corse-du-Sud',81),(202,'FR','2B','Haute-Corse',81),(203,'FR','21','Cte-d\'Or',81),(204,'FR','22','Ctes-d\'Armor',81),(205,'FR','23','Creuse',81),(206,'FR','24','Dordogne',81),(207,'FR','25','Doubs',81),(208,'FR','26','Drme',81),(209,'FR','27','Eure',81),(210,'FR','28','Eure-et-Loir',81),(211,'FR','29','Finistre',81),(212,'FR','30','Gard',81),(213,'FR','31','Haute-Garonne',81),(214,'FR','32','Gers',81),(215,'FR','33','Gironde',81),(216,'FR','34','Hrault',81),(217,'FR','35','Ille-et-Vilaine',81),(218,'FR','36','Indre',81),(219,'FR','37','Indre-et-Loire',81),(220,'FR','38','Isre',81),(221,'FR','39','Jura',81),(222,'FR','40','Landes',81),(223,'FR','41','Loir-et-Cher',81),(224,'FR','42','Loire',81),(225,'FR','43','Haute-Loire',81),(226,'FR','44','Loire-Atlantique',81),(227,'FR','45','Loiret',81),(228,'FR','46','Lot',81),(229,'FR','47','Lot-et-Garonne',81),(230,'FR','48','Lozre',81),(231,'FR','49','Maine-et-Loire',81),(232,'FR','50','Manche',81),(233,'FR','51','Marne',81),(234,'FR','52','Haute-Marne',81),(235,'FR','53','Mayenne',81),(236,'FR','54','Meurthe-et-Moselle',81),(237,'FR','55','Meuse',81),(238,'FR','56','Morbihan',81),(239,'FR','57','Moselle',81),(240,'FR','58','Nivre',81),(241,'FR','59','Nord',81),(242,'FR','60','Oise',81),(243,'FR','61','Orne',81),(244,'FR','62','Pas-de-Calais',81),(245,'FR','63','Puy-de-Dme',81),(246,'FR','64','Pyrnes-Atlantiques',81),(247,'FR','65','Hautes-Pyrnes',81),(248,'FR','66','Pyrnes-Orientales',81),(249,'FR','67','Bas-Rhin',81),(250,'FR','68','Haut-Rhin',81),(251,'FR','69','Rhne',81),(252,'FR','70','Haute-Sane',81),(253,'FR','71','Sane-et-Loire',81),(254,'FR','72','Sarthe',81),(255,'FR','73','Savoie',81),(256,'FR','74','Haute-Savoie',81),(257,'FR','75','Paris',81),(258,'FR','76','Seine-Maritime',81),(259,'FR','77','Seine-et-Marne',81),(260,'FR','78','Yvelines',81),(261,'FR','79','Deux-Svres',81),(262,'FR','80','Somme',81),(263,'FR','81','Tarn',81),(264,'FR','82','Tarn-et-Garonne',81),(265,'FR','83','Var',81),(266,'FR','84','Vaucluse',81),(267,'FR','85','Vende',81),(268,'FR','86','Vienne',81),(269,'FR','87','Haute-Vienne',81),(270,'FR','88','Vosges',81),(271,'FR','89','Yonne',81),(272,'FR','90','Territoire-de-Belfort',81),(273,'FR','91','Essonne',81),(274,'FR','92','Hauts-de-Seine',81),(275,'FR','93','Seine-Saint-Denis',81),(276,'FR','94','Val-de-Marne',81),(277,'FR','95','Val-d\'Oise',81),(278,'RO','AB','Alba',185),(279,'RO','AR','Arad',185),(280,'RO','AG','Arge',185),(281,'RO','BC','Bacu',185),(282,'RO','BH','Bihor',185),(283,'RO','BN','Bistria-Nsud',185),(284,'RO','BT','Botoani',185),(285,'RO','BV','Braov',185),(286,'RO','BR','Brila',185),(287,'RO','B','Bucureti',185),(288,'RO','BZ','Buzu',185),(289,'RO','CS','Cara-Severin',185),(290,'RO','CL','Clrai',185),(291,'RO','CJ','Cluj',185),(292,'RO','CT','Constana',185),(293,'RO','CV','Covasna',185),(294,'RO','DB','Dmbovia',185),(295,'RO','DJ','Dolj',185),(296,'RO','GL','Galai',185),(297,'RO','GR','Giurgiu',185),(298,'RO','GJ','Gorj',185),(299,'RO','HR','Harghita',185),(300,'RO','HD','Hunedoara',185),(301,'RO','IL','Ialomia',185),(302,'RO','IS','Iai',185),(303,'RO','IF','Ilfov',185),(304,'RO','MM','Maramure',185),(305,'RO','MH','Mehedini',185),(306,'RO','MS','Mure',185),(307,'RO','NT','Neam',185),(308,'RO','OT','Olt',185),(309,'RO','PH','Prahova',185),(310,'RO','SM','Satu-Mare',185),(311,'RO','SJ','Slaj',185),(312,'RO','SB','Sibiu',185),(313,'RO','SV','Suceava',185),(314,'RO','TR','Teleorman',185),(315,'RO','TM','Timi',185),(316,'RO','TL','Tulcea',185),(317,'RO','VS','Vaslui',185),(318,'RO','VL','Vlcea',185),(319,'RO','VN','Vrancea',185),(320,'FI','Lappi','Lappi',80),(321,'FI','Pohjois-Pohjanmaa','Pohjois-Pohjanmaa',80),(322,'FI','Kainuu','Kainuu',80),(323,'FI','Pohjois-Karjala','Pohjois-Karjala',80),(324,'FI','Pohjois-Savo','Pohjois-Savo',80),(325,'FI','Etel-Savo','Etel-Savo',80),(326,'FI','Etel-Pohjanmaa','Etel-Pohjanmaa',80),(327,'FI','Pohjanmaa','Pohjanmaa',80),(328,'FI','Pirkanmaa','Pirkanmaa',80),(329,'FI','Satakunta','Satakunta',80),(330,'FI','Keski-Pohjanmaa','Keski-Pohjanmaa',80),(331,'FI','Keski-Suomi','Keski-Suomi',80),(332,'FI','Varsinais-Suomi','Varsinais-Suomi',80),(333,'FI','Etel-Karjala','Etel-Karjala',80),(334,'FI','Pijt-Hme','Pijt-Hme',80),(335,'FI','Kanta-Hme','Kanta-Hme',80),(336,'FI','Uusimaa','Uusimaa',80),(337,'FI','It-Uusimaa','It-Uusimaa',80),(338,'FI','Kymenlaakso','Kymenlaakso',80),(339,'FI','Ahvenanmaa','Ahvenanmaa',80),(340,'EE','EE-37','Harjumaa',74),(341,'EE','EE-39','Hiiumaa',74),(342,'EE','EE-44','Ida-Virumaa',74),(343,'EE','EE-49','Jgevamaa',74),(344,'EE','EE-51','Jrvamaa',74),(345,'EE','EE-57','Lnemaa',74),(346,'EE','EE-59','Lne-Virumaa',74),(347,'EE','EE-65','Plvamaa',74),(348,'EE','EE-67','Prnumaa',74),(349,'EE','EE-70','Raplamaa',74),(350,'EE','EE-74','Saaremaa',74),(351,'EE','EE-78','Tartumaa',74),(352,'EE','EE-82','Valgamaa',74),(353,'EE','EE-84','Viljandimaa',74),(354,'EE','EE-86','Vrumaa',74),(355,'LV','LV-DGV','Daugavpils',125),(356,'LV','LV-JEL','Jelgava',125),(357,'LV','Jkabpils','Jkabpils',125),(358,'LV','LV-JUR','Jrmala',125),(359,'LV','LV-LPX','Liepja',125),(360,'LV','LV-LE','Liepjas novads',125),(361,'LV','LV-REZ','Rzekne',125),(362,'LV','LV-RIX','Rga',125),(363,'LV','LV-RI','Rgas novads',125),(364,'LV','Valmiera','Valmiera',125),(365,'LV','LV-VEN','Ventspils',125),(366,'LV','Aglonas novads','Aglonas novads',125),(367,'LV','LV-AI','Aizkraukles novads',125),(368,'LV','Aizputes novads','Aizputes novads',125),(369,'LV','Aknstes novads','Aknstes novads',125),(370,'LV','Alojas novads','Alojas novads',125),(371,'LV','Alsungas novads','Alsungas novads',125),(372,'LV','LV-AL','Alksnes novads',125),(373,'LV','Amatas novads','Amatas novads',125),(374,'LV','Apes novads','Apes novads',125),(375,'LV','Auces novads','Auces novads',125),(376,'LV','Babtes novads','Babtes novads',125),(377,'LV','Baldones novads','Baldones novads',125),(378,'LV','Baltinavas novads','Baltinavas novads',125),(379,'LV','LV-BL','Balvu novads',125),(380,'LV','LV-BU','Bauskas novads',125),(381,'LV','Bevernas novads','Bevernas novads',125),(382,'LV','Brocnu novads','Brocnu novads',125),(383,'LV','Burtnieku novads','Burtnieku novads',125),(384,'LV','Carnikavas novads','Carnikavas novads',125),(385,'LV','Cesvaines novads','Cesvaines novads',125),(386,'LV','Ciblas novads','Ciblas novads',125),(387,'LV','LV-CE','Csu novads',125),(388,'LV','Dagdas novads','Dagdas novads',125),(389,'LV','LV-DA','Daugavpils novads',125),(390,'LV','LV-DO','Dobeles novads',125),(391,'LV','Dundagas novads','Dundagas novads',125),(392,'LV','Durbes novads','Durbes novads',125),(393,'LV','Engures novads','Engures novads',125),(394,'LV','Garkalnes novads','Garkalnes novads',125),(395,'LV','Grobias novads','Grobias novads',125),(396,'LV','LV-GU','Gulbenes novads',125),(397,'LV','Iecavas novads','Iecavas novads',125),(398,'LV','Ikiles novads','Ikiles novads',125),(399,'LV','Ilkstes novads','Ilkstes novads',125),(400,'LV','Inukalna novads','Inukalna novads',125),(401,'LV','Jaunjelgavas novads','Jaunjelgavas novads',125),(402,'LV','Jaunpiebalgas novads','Jaunpiebalgas novads',125),(403,'LV','Jaunpils novads','Jaunpils novads',125),(404,'LV','LV-JL','Jelgavas novads',125),(405,'LV','LV-JK','Jkabpils novads',125),(406,'LV','Kandavas novads','Kandavas novads',125),(407,'LV','Kokneses novads','Kokneses novads',125),(408,'LV','Krimuldas novads','Krimuldas novads',125),(409,'LV','Krustpils novads','Krustpils novads',125),(410,'LV','LV-KR','Krslavas novads',125),(411,'LV','LV-KU','Kuldgas novads',125),(412,'LV','Krsavas novads','Krsavas novads',125),(413,'LV','Lielvrdes novads','Lielvrdes novads',125),(414,'LV','LV-LM','Limbau novads',125),(415,'LV','Lubnas novads','Lubnas novads',125),(416,'LV','LV-LU','Ludzas novads',125),(417,'LV','Lgatnes novads','Lgatnes novads',125),(418,'LV','Lvnu novads','Lvnu novads',125),(419,'LV','LV-MA','Madonas novads',125),(420,'LV','Mazsalacas novads','Mazsalacas novads',125),(421,'LV','Mlpils novads','Mlpils novads',125),(422,'LV','Mrupes novads','Mrupes novads',125),(423,'LV','Nauknu novads','Nauknu novads',125),(424,'LV','Neretas novads','Neretas novads',125),(425,'LV','Ncas novads','Ncas novads',125),(426,'LV','LV-OG','Ogres novads',125),(427,'LV','Olaines novads','Olaines novads',125),(428,'LV','Ozolnieku novads','Ozolnieku novads',125),(429,'LV','LV-PR','Preiu novads',125),(430,'LV','Priekules novads','Priekules novads',125),(431,'LV','Priekuu novads','Priekuu novads',125),(432,'LV','Prgaujas novads','Prgaujas novads',125),(433,'LV','Pvilostas novads','Pvilostas novads',125),(434,'LV','Paviu novads','Paviu novads',125),(435,'LV','Raunas novads','Raunas novads',125),(436,'LV','Riebiu novads','Riebiu novads',125),(437,'LV','Rojas novads','Rojas novads',125),(438,'LV','Ropau novads','Ropau novads',125),(439,'LV','Rucavas novads','Rucavas novads',125),(440,'LV','Rugju novads','Rugju novads',125),(441,'LV','Rundles novads','Rundles novads',125),(442,'LV','LV-RE','Rzeknes novads',125),(443,'LV','Rjienas novads','Rjienas novads',125),(444,'LV','Salacgrvas novads','Salacgrvas novads',125),(445,'LV','Salas novads','Salas novads',125),(446,'LV','Salaspils novads','Salaspils novads',125),(447,'LV','LV-SA','Saldus novads',125),(448,'LV','Saulkrastu novads','Saulkrastu novads',125),(449,'LV','Siguldas novads','Siguldas novads',125),(450,'LV','Skrundas novads','Skrundas novads',125),(451,'LV','Skrveru novads','Skrveru novads',125),(452,'LV','Smiltenes novads','Smiltenes novads',125),(453,'LV','Stopiu novads','Stopiu novads',125),(454,'LV','Strenu novads','Strenu novads',125),(455,'LV','Sjas novads','Sjas novads',125),(456,'LV','LV-TA','Talsu novads',125),(457,'LV','LV-TU','Tukuma novads',125),(458,'LV','Trvetes novads','Trvetes novads',125),(459,'LV','Vaiodes novads','Vaiodes novads',125),(460,'LV','LV-VK','Valkas novads',125),(461,'LV','LV-VM','Valmieras novads',125),(462,'LV','Varaknu novads','Varaknu novads',125),(463,'LV','Vecpiebalgas novads','Vecpiebalgas novads',125),(464,'LV','Vecumnieku novads','Vecumnieku novads',125),(465,'LV','LV-VE','Ventspils novads',125),(466,'LV','Viestes novads','Viestes novads',125),(467,'LV','Viakas novads','Viakas novads',125),(468,'LV','Vinu novads','Vinu novads',125),(469,'LV','Vrkavas novads','Vrkavas novads',125),(470,'LV','Zilupes novads','Zilupes novads',125),(471,'LV','dau novads','dau novads',125),(472,'LV','rgu novads','rgu novads',125),(473,'LV','eguma novads','eguma novads',125),(474,'LV','ekavas novads','ekavas novads',125),(475,'LT','LT-AL','Alytaus Apskritis',131),(476,'LT','LT-KU','Kauno Apskritis',131),(477,'LT','LT-KL','Klaipdos Apskritis',131),(478,'LT','LT-MR','Marijampols Apskritis',131),(479,'LT','LT-PN','Panevio Apskritis',131),(480,'LT','LT-SA','iauli Apskritis',131),(481,'LT','LT-TA','Taurags Apskritis',131),(482,'LT','LT-TE','Teli Apskritis',131),(483,'LT','LT-UT','Utenos Apskritis',131),(484,'LT','LT-VL','Vilniaus Apskritis',131),(485,'BR','AC','Acre',31),(486,'BR','AL','Alagoas',31),(487,'BR','AP','Amap',31),(488,'BR','AM','Amazonas',31),(489,'BR','BA','Bahia',31),(490,'BR','CE','Cear',31),(491,'BR','ES','Esprito Santo',31),(492,'BR','GO','Gois',31),(493,'BR','MA','Maranho',31),(494,'BR','MT','Mato Grosso',31),(495,'BR','MS','Mato Grosso do Sul',31),(496,'BR','MG','Minas Gerais',31),(497,'BR','PA','Par',31),(498,'BR','PB','Paraba',31),(499,'BR','PR','Paran',31),(500,'BR','PE','Pernambuco',31),(501,'BR','PI','Piau',31),(502,'BR','RJ','Rio de Janeiro',31),(503,'BR','RN','Rio Grande do Norte',31),(504,'BR','RS','Rio Grande do Sul',31),(505,'BR','RO','Rondnia',31),(506,'BR','RR','Roraima',31),(507,'BR','SC','Santa Catarina',31),(508,'BR','SP','So Paulo',31),(509,'BR','SE','Sergipe',31),(510,'BR','TO','Tocantins',31),(511,'BR','DF','Distrito Federal',31),(512,'HR','HR-01','Zagrebaka upanija',59),(513,'HR','HR-02','Krapinsko-zagorska upanija',59),(514,'HR','HR-03','Sisako-moslavaka upanija',59),(515,'HR','HR-04','Karlovaka upanija',59),(516,'HR','HR-05','Varadinska upanija',59),(517,'HR','HR-06','Koprivniko-krievaka upanija',59),(518,'HR','HR-07','Bjelovarsko-bilogorska upanija',59),(519,'HR','HR-08','Primorsko-goranska upanija',59),(520,'HR','HR-09','Liko-senjska upanija',59),(521,'HR','HR-10','Virovitiko-podravska upanija',59),(522,'HR','HR-11','Poeko-slavonska upanija',59),(523,'HR','HR-12','Brodsko-posavska upanija',59),(524,'HR','HR-13','Zadarska upanija',59),(525,'HR','HR-14','Osjeko-baranjska upanija',59),(526,'HR','HR-15','ibensko-kninska upanija',59),(527,'HR','HR-16','Vukovarsko-srijemska upanija',59),(528,'HR','HR-17','Splitsko-dalmatinska upanija',59),(529,'HR','HR-18','Istarska upanija',59),(530,'HR','HR-19','Dubrovako-neretvanska upanija',59),(531,'HR','HR-20','Meimurska upanija',59),(532,'HR','HR-21','Grad Zagreb',59),(533,'IN','AN','Andaman and Nicobar Islands',106),(534,'IN','AP','Andhra Pradesh',106),(535,'IN','AR','Arunachal Pradesh',106),(536,'IN','AS','Assam',106),(537,'IN','BR','Bihar',106),(538,'IN','CH','Chandigarh',106),(539,'IN','CT','Chhattisgarh',106),(540,'IN','DN','Dadra and Nagar Haveli',106),(541,'IN','DD','Daman and Diu',106),(542,'IN','DL','Delhi',106),(543,'IN','GA','Goa',106),(544,'IN','GJ','Gujarat',106),(545,'IN','HR','Haryana',106),(546,'IN','HP','Himachal Pradesh',106),(547,'IN','JK','Jammu and Kashmir',106),(548,'IN','JH','Jharkhand',106),(549,'IN','KA','Karnataka',106),(550,'IN','KL','Kerala',106),(551,'IN','LD','Lakshadweep',106),(552,'IN','MP','Madhya Pradesh',106),(553,'IN','MH','Maharashtra',106),(554,'IN','MN','Manipur',106),(555,'IN','ML','Meghalaya',106),(556,'IN','MZ','Mizoram',106),(557,'IN','NL','Nagaland',106),(558,'IN','OR','Odisha',106),(559,'IN','PY','Puducherry',106),(560,'IN','PB','Punjab',106),(561,'IN','RJ','Rajasthan',106),(562,'IN','SK','Sikkim',106),(563,'IN','TN','Tamil Nadu',106),(564,'IN','TG','Telangana',106),(565,'IN','TR','Tripura',106),(566,'IN','UP','Uttar Pradesh',106),(567,'IN','UT','Uttarakhand',106),(568,'IN','WB','West Bengal',106);
/*!40000 ALTER TABLE `country_states` ENABLE KEYS */;
UNLOCK TABLES;

--
-- Table structure for table `country_translations`
--

DROP TABLE IF EXISTS `country_translations`;
/*!40101 SET @saved_cs_client     = @@character_set_client */;
/*!50503 SET character_set_client = utf8mb4 */;
CREATE TABLE `country_translations` (
  `id` int unsigned NOT NULL AUTO_INCREMENT,
  `locale` varchar(191) CHARACTER SET utf8mb4 COLLATE utf8mb4_unicode_ci NOT NULL,
  `name` text CHARACTER SET utf8mb4 COLLATE utf8mb4_unicode_ci,
  `country_id` int unsigned NOT NULL,
  PRIMARY KEY (`id`),
  KEY `country_translations_country_id_foreign` (`country_id`),
  CONSTRAINT `country_translations_country_id_foreign` FOREIGN KEY (`country_id`) REFERENCES `countries` (`id`) ON DELETE CASCADE
) ENGINE=InnoDB AUTO_INCREMENT=766 DEFAULT CHARSET=utf8mb4 COLLATE=utf8mb4_unicode_ci ROW_FORMAT=DYNAMIC;
/*!40101 SET character_set_client = @saved_cs_client */;

--
-- Dumping data for table `country_translations`
--

LOCK TABLES `country_translations` WRITE;
/*!40000 ALTER TABLE `country_translations` DISABLE KEYS */;
INSERT INTO `country_translations` VALUES (1,'ar','',1),(2,'ar',' ',2),(3,'ar','',3),(4,'ar','',4),(5,'ar',' ',5),(6,'ar','',6),(7,'ar','',7),(8,'ar','',8),(9,'ar','  ',9),(10,'ar',' ',10),(11,'ar','',11),(12,'ar','',12),(13,'ar','',13),(14,'ar',' ',14),(15,'ar','',15),(16,'ar','',16),(17,'ar','',17),(18,'ar','',18),(19,'ar','',19),(20,'ar','',20),(21,'ar','',21),(22,'ar',' ',22),(23,'ar','',23),(24,'ar','',24),(25,'ar','',25),(26,'ar','',26),(27,'ar','',27),(28,'ar','',28),(29,'ar',' ',29),(30,'ar','',30),(31,'ar','',31),(32,'ar','   ',32),(33,'ar','  ',33),(34,'ar','',34),(35,'ar','',35),(36,'ar',' ',36),(37,'ar','',37),(38,'ar','',38),(39,'ar','',39),(40,'ar','',40),(41,'ar',' ',41),(42,'ar',' ',42),(43,'ar',' ',43),(44,'ar',' ',44),(45,'ar','  ',45),(46,'ar',' ',46),(47,'ar','',47),(48,'ar','',48),(49,'ar','',49),(50,'ar',' ',50),(51,'ar','  ()',51),(52,'ar','',52),(53,'ar',' ',53),(54,'ar',' - ',54),(55,'ar',' - ',55),(56,'ar',' ',56),(57,'ar','',57),(58,'ar',' ',58),(59,'ar','',59),(60,'ar','',60),(61,'ar','',61),(62,'ar','',62),(63,'ar','',63),(64,'ar','',64),(65,'ar',' ',65),(66,'ar','',66),(67,'ar','',67),(68,'ar',' ',68),(69,'ar','',69),(70,'ar','',70),(71,'ar','',71),(72,'ar',' ',72),(73,'ar','',73),(74,'ar','',74),(75,'ar','',75),(76,'ar',' ',76),(77,'ar',' ',77),(78,'ar',' ',78),(79,'ar','',79),(80,'ar','',80),(81,'ar','',81),(82,'ar',' ',82),(83,'ar',' ',83),(84,'ar','  ',84),(85,'ar','',85),(86,'ar','',86),(87,'ar','',87),(88,'ar','',88),(89,'ar','',89),(90,'ar',' ',90),(91,'ar','',91),(92,'ar',' ',92),(93,'ar','',93),(94,'ar','',94),(95,'ar','',95),(96,'ar','',96),(97,'ar','',97),(98,'ar','',98),(99,'ar',' ',99),(100,'ar','',100),(101,'ar','',101),(102,'ar','',102),(103,'ar','  SAR ',103),(104,'ar','',104),(105,'ar','',105),(106,'ar','',106),(107,'ar','',107),(108,'ar','',108),(109,'ar','',109),(110,'ar','',110),(111,'ar','   ',111),(112,'ar','',112),(113,'ar','',113),(114,'ar','',114),(115,'ar','',115),(116,'ar','',116),(117,'ar','',117),(118,'ar','',118),(119,'ar','',119),(120,'ar','',120),(121,'ar','',121),(122,'ar','',122),(123,'ar','',123),(124,'ar','',124),(125,'ar','',125),(126,'ar','',126),(127,'ar','',127),(128,'ar','',128),(129,'ar','',129),(130,'ar','',130),(131,'ar','',131),(132,'ar','',132),(133,'ar',' SAR ',133),(134,'ar','',134),(135,'ar','',135),(136,'ar','',136),(137,'ar','',137),(138,'ar',' ',138),(139,'ar','',139),(140,'ar','',140),(141,'ar',' ',141),(142,'ar','',142),(143,'ar','',143),(144,'ar','',144),(145,'ar','',145),(146,'ar','',146),(147,'ar','',147),(148,'ar','',148),(149,'ar','',149),(150,'ar','',150),(151,'ar',' ',151),(152,'ar','',152),(153,'ar','',153),(154,'ar','',154),(155,'ar',' ()',155),(156,'ar','',156),(157,'ar','',157),(158,'ar','',158),(159,'ar','',159),(160,'ar',' ',160),(161,'ar','',161),(162,'ar','',162),(163,'ar','',163),(164,'ar','',164),(165,'ar','',165),(166,'ar',' ',166),(167,'ar',' ',167),(168,'ar','  ',168),(169,'ar','',169),(170,'ar',' ',170),(171,'ar','',171),(172,'ar','',172),(173,'ar',' ',173),(174,'ar','',174),(175,'ar','  ',175),(176,'ar','',176),(177,'ar','',177),(178,'ar','',178),(179,'ar',' ',179),(180,'ar','',180),(181,'ar','',181),(182,'ar','',182),(183,'ar',' ',183),(184,'ar',' ',184),(185,'ar','',185),(186,'ar','',186),(187,'ar','',187),(188,'ar','',188),(189,'ar',' ',189),(190,'ar','  ',190),(191,'ar','  ',191),(192,'ar','',192),(193,'ar','',193),(194,'ar','',194),(195,'ar','',195),(196,'ar','',196),(197,'ar',' ',197),(198,'ar','',198),(199,'ar','',199),(200,'ar',' ',200),(201,'ar','',201),(202,'ar',' ',202),(203,'ar','    ',203),(204,'ar',' ',204),(205,'ar',' ',205),(206,'ar','',206),(207,'ar','',207),(208,'ar',' ',208),(209,'ar',' ',209),(210,'ar','  ',210),(211,'ar',' ',211),(212,'ar',' ',212),(213,'ar','  ',213),(214,'ar','   ',214),(215,'ar','',215),(216,'ar','',216),(217,'ar','  ',217),(218,'ar','',218),(219,'ar','',219),(220,'ar','',220),(221,'ar','',221),(222,'ar','',222),(223,'ar','',223),(224,'ar','',224),(225,'ar','',225),(226,'ar','',226),(227,'ar','',227),(228,'ar','',228),(229,'ar','',229),(230,'ar',' ',230),(231,'ar','  ',231),(232,'ar','',232),(233,'ar',' ',233),(234,'ar','',234),(235,'ar','  ',235),(236,'ar','',236),(237,'ar','   ',237),(238,'ar','  ',238),(239,'ar','',239),(240,'ar','',240),(241,'ar','  ',241),(242,'ar',' ',242),(243,'ar',' ',243),(244,'ar','  ',244),(245,'ar','',245),(246,'ar','',246),(247,'ar','',247),(248,'ar',' ',248),(249,'ar','',249),(250,'ar','',250),(251,'ar',' ',251),(252,'ar',' ',252),(253,'ar','',253),(254,'ar','',254),(255,'ar','',255),(256,'fa','',1),(257,'fa',' ',2),(258,'fa','',3),(259,'fa','',4),(260,'fa',' ',5),(261,'fa','',6),(262,'fa','',7),(263,'fa','',8),(264,'fa','',9),(265,'fa','  ',10),(266,'fa','',11),(267,'fa','',12),(268,'fa','',13),(269,'fa',' ',14),(270,'fa','',15),(271,'fa','',16),(272,'fa','',17),(273,'fa','',18),(274,'fa','',19),(275,'fa','',20),(276,'fa','',21),(277,'fa','',22),(278,'fa','',23),(279,'fa','',24),(280,'fa','',25),(281,'fa','',26),(282,'fa','',27),(283,'fa','',28),(284,'fa','  ',29),(285,'fa','',30),(286,'fa','',31),(287,'fa','   ',32),(288,'fa','  ',33),(289,'fa','',34),(290,'fa','',35),(291,'fa',' ',36),(292,'fa','',37),(293,'fa','',38),(294,'fa','',39),(295,'fa','',40),(296,'fa',' ',41),(297,'fa',' ',42),(298,'fa',' ',43),(299,'fa','Cayman Islands',44),(300,'fa','  ',45),(301,'fa','  ',46),(302,'fa','',47),(303,'fa','',48),(304,'fa','',49),(305,'fa',' ',50),(306,'fa','  (Keeling)',51),(307,'fa','',52),(308,'fa','',53),(309,'fa',' - ',54),(310,'fa',' - ',55),(311,'fa',' ',56),(312,'fa','',57),(313,'fa',' ',58),(314,'fa','',59),(315,'fa','',60),(316,'fa','',61),(317,'fa','',62),(318,'fa','',63),(319,'fa','',64),(320,'fa',' ',65),(321,'fa','',66),(322,'fa','',67),(323,'fa',' ',68),(324,'fa','',69),(325,'fa','',70),(326,'fa','',71),(327,'fa',' ',72),(328,'fa','',73),(329,'fa','',74),(330,'fa','',75),(331,'fa',' ',76),(332,'fa',' ',77),(333,'fa',' ',78),(334,'fa','',79),(335,'fa','',80),(336,'fa','',81),(337,'fa',' ',82),(338,'fa',' ',83),(339,'fa','   ',84),(340,'fa','',85),(341,'fa','',86),(342,'fa','',87),(343,'fa','',88),(344,'fa','',89),(345,'fa',' ',90),(346,'fa','',91),(347,'fa','',92),(348,'fa','',93),(349,'fa','',94),(350,'fa','',95),(351,'fa','',96),(352,'fa','',97),(353,'fa','',98),(354,'fa',' ',99),(355,'fa','',100),(356,'fa','',101),(357,'fa','',102),(358,'fa','  SAR ',103),(359,'fa','',104),(360,'fa','',105),(361,'fa','',106),(362,'fa','',107),(363,'fa','',108),(364,'fa','',109),(365,'fa','',110),(366,'fa',' ',111),(367,'fa','',112),(368,'fa','',113),(369,'fa','',114),(370,'fa','',115),(371,'fa',' ',116),(372,'fa','',117),(373,'fa','',118),(374,'fa','',119),(375,'fa','',120),(376,'fa','',121),(377,'fa','',122),(378,'fa','',123),(379,'fa','',124),(380,'fa','',125),(381,'fa','',126),(382,'fa','',127),(383,'fa','',128),(384,'fa','',129),(385,'fa',' ',130),(386,'fa','',131),(387,'fa','',132),(388,'fa',' SAR ',133),(389,'fa','',134),(390,'fa','',135),(391,'fa','',136),(392,'fa','',137),(393,'fa','',138),(394,'fa','',139),(395,'fa','',140),(396,'fa',' ',141),(397,'fa','',142),(398,'fa','',143),(399,'fa','',144),(400,'fa','',145),(401,'fa','',146),(402,'fa','',147),(403,'fa','',148),(404,'fa','',149),(405,'fa','',150),(406,'fa',' ',151),(407,'fa','',152),(408,'fa','',153),(409,'fa','',154),(410,'fa',' ()',155),(411,'fa','',156),(412,'fa','',157),(413,'fa','',158),(414,'fa','',159),(415,'fa',' ',160),(416,'fa','',161),(417,'fa','',162),(418,'fa','',163),(419,'fa','',164),(420,'fa','',165),(421,'fa',' ',166),(422,'fa',' ',167),(423,'fa','  ',168),(424,'fa','',169),(425,'fa','',170),(426,'fa','',171),(427,'fa','',172),(428,'fa','  ',173),(429,'fa','',174),(430,'fa','  ',175),(431,'fa','',176),(432,'fa','',177),(433,'fa','',178),(434,'fa',' ',179),(435,'fa','',180),(436,'fa',' ',181),(437,'fa','',182),(438,'fa','',183),(439,'fa',' ',184),(440,'fa','',185),(441,'fa','',186),(442,'fa','',187),(443,'fa','',188),(444,'fa',' ',189),(445,'fa','   ',190),(446,'fa',' ',191),(447,'fa','',192),(448,'fa','',193),(449,'fa','',194),(450,'fa','',195),(451,'fa','',196),(452,'fa',' ',197),(453,'fa','',198),(454,'fa','',199),(455,'fa',' ',200),(456,'fa','',201),(457,'fa',' ',202),(458,'fa','      ',203),(459,'fa',' ',204),(460,'fa',' ',205),(461,'fa','',206),(462,'fa',' ',207),(463,'fa',' ',208),(464,'fa',' ',209),(465,'fa','   ',210),(466,'fa',' ',211),(467,'fa',' ',212),(468,'fa','   ',213),(469,'fa','   ',214),(470,'fa','',215),(471,'fa','',216),(472,'fa','   ',217),(473,'fa','',218),(474,'fa','',219),(475,'fa','',220),(476,'fa','',221),(477,'fa','',222),(478,'fa','',223),(479,'fa','',224),(480,'fa','',225),(481,'fa','-',226),(482,'fa','',227),(483,'fa','',228),(484,'fa','',229),(485,'fa','  ',230),(486,'fa','  ',231),(487,'fa','',232),(488,'fa','',233),(489,'fa','',234),(490,'fa','   ',235),(491,'fa','',236),(492,'fa','     ',237),(493,'fa','   ',238),(494,'fa','',239),(495,'fa','',240),(496,'fa','  ',241),(497,'fa','',242),(498,'fa',' ',243),(499,'fa',' ',244),(500,'fa','',245),(501,'fa','',246),(502,'fa','',247),(503,'fa',' ',248),(504,'fa','',249),(505,'fa','',250),(506,'fa','  ',251),(507,'fa',' ',252),(508,'fa','',253),(509,'fa','',254),(510,'fa','',255),(511,'pt_BR','Afeganisto',1),(512,'pt_BR','Ilhas land',2),(513,'pt_BR','Albnia',3),(514,'pt_BR','Arglia',4),(515,'pt_BR','Samoa Americana',5),(516,'pt_BR','Andorra',6),(517,'pt_BR','Angola',7),(518,'pt_BR','Angola',8),(519,'pt_BR','Antrtico',9),(520,'pt_BR','Antgua e Barbuda',10),(521,'pt_BR','Argentina',11),(522,'pt_BR','Armnia',12),(523,'pt_BR','Aruba',13),(524,'pt_BR','Ilha de escalada',14),(525,'pt_BR','Austrlia',15),(526,'pt_BR','ustria',16),(527,'pt_BR','Azerbaijo',17),(528,'pt_BR','Bahamas',18),(529,'pt_BR','Bahrain',19),(530,'pt_BR','Bangladesh',20),(531,'pt_BR','Barbados',21),(532,'pt_BR','Bielorrssia',22),(533,'pt_BR','Blgica',23),(534,'pt_BR','Blgica',24),(535,'pt_BR','Benin',25),(536,'pt_BR','Bermuda',26),(537,'pt_BR','Buto',27),(538,'pt_BR','Bolvia',28),(539,'pt_BR','Bsnia e Herzegovina',29),(540,'pt_BR','Botsuana',30),(541,'pt_BR','Brasil',31),(542,'pt_BR','Territrio Britnico do Oceano ndico',32),(543,'pt_BR','Ilhas Virgens Britnicas',33),(544,'pt_BR','Brunei',34),(545,'pt_BR','Bulgria',35),(546,'pt_BR','Burkina Faso',36),(547,'pt_BR','Burundi',37),(548,'pt_BR','Camboja',38),(549,'pt_BR','Camares',39),(550,'pt_BR','Canad',40),(551,'pt_BR','Ilhas Canrias',41),(552,'pt_BR','Cabo Verde',42),(553,'pt_BR','Holanda do Caribe',43),(554,'pt_BR','Ilhas Cayman',44),(555,'pt_BR','Repblica Centro-Africana',45),(556,'pt_BR','Ceuta e Melilla',46),(557,'pt_BR','Chade',47),(558,'pt_BR','Chile',48),(559,'pt_BR','China',49),(560,'pt_BR','Ilha Christmas',50),(561,'pt_BR','Ilhas Cocos (Keeling)',51),(562,'pt_BR','Colmbia',52),(563,'pt_BR','Comores',53),(564,'pt_BR','Congo - Brazzaville',54),(565,'pt_BR','Congo - Kinshasa',55),(566,'pt_BR','Ilhas Cook',56),(567,'pt_BR','Costa Rica',57),(568,'pt_BR','Costa do Marfim',58),(569,'pt_BR','Crocia',59),(570,'pt_BR','Cuba',60),(571,'pt_BR','Curaao',61),(572,'pt_BR','Chipre',62),(573,'pt_BR','Czechia',63),(574,'pt_BR','Dinamarca',64),(575,'pt_BR','Diego Garcia',65),(576,'pt_BR','Djibuti',66),(577,'pt_BR','Dominica',67),(578,'pt_BR','Repblica Dominicana',68),(579,'pt_BR','Equador',69),(580,'pt_BR','Egito',70),(581,'pt_BR','El Salvador',71),(582,'pt_BR','Guin Equatorial',72),(583,'pt_BR','Eritreia',73),(584,'pt_BR','Estnia',74),(585,'pt_BR','Etipia',75),(586,'pt_BR','Zona Euro',76),(587,'pt_BR','Ilhas Malvinas',77),(588,'pt_BR','Ilhas Faroe',78),(589,'pt_BR','Fiji',79),(590,'pt_BR','Finlndia',80),(591,'pt_BR','Frana',81),(592,'pt_BR','Guiana Francesa',82),(593,'pt_BR','Polinsia Francesa',83),(594,'pt_BR','Territrios Franceses do Sul',84),(595,'pt_BR','Gabo',85),(596,'pt_BR','Gmbia',86),(597,'pt_BR','Gergia',87),(598,'pt_BR','Alemanha',88),(599,'pt_BR','Gana',89),(600,'pt_BR','Gibraltar',90),(601,'pt_BR','Grcia',91),(602,'pt_BR','Gronelndia',92),(603,'pt_BR','Granada',93),(604,'pt_BR','Guadalupe',94),(605,'pt_BR','Guam',95),(606,'pt_BR','Guatemala',96),(607,'pt_BR','Guernsey',97),(608,'pt_BR','Guin',98),(609,'pt_BR','Guin-Bissau',99),(610,'pt_BR','Guiana',100),(611,'pt_BR','Haiti',101),(612,'pt_BR','Honduras',102),(613,'pt_BR','Regio Administrativa Especial de Hong Kong, China',103),(614,'pt_BR','Hungria',104),(615,'pt_BR','Islndia',105),(616,'pt_BR','ndia',106),(617,'pt_BR','Indonsia',107),(618,'pt_BR','Ir',108),(619,'pt_BR','Iraque',109),(620,'pt_BR','Irlanda',110),(621,'pt_BR','Ilha de Man',111),(622,'pt_BR','Israel',112),(623,'pt_BR','Itlia',113),(624,'pt_BR','Jamaica',114),(625,'pt_BR','Japo',115),(626,'pt_BR','Jersey',116),(627,'pt_BR','Jordnia',117),(628,'pt_BR','Cazaquisto',118),(629,'pt_BR','Qunia',119),(630,'pt_BR','Quiribati',120),(631,'pt_BR','Kosovo',121),(632,'pt_BR','Kuwait',122),(633,'pt_BR','Quirguisto',123),(634,'pt_BR','Laos',124),(635,'pt_BR','Letnia',125),(636,'pt_BR','Lbano',126),(637,'pt_BR','Lesoto',127),(638,'pt_BR','Libria',128),(639,'pt_BR','Lbia',129),(640,'pt_BR','Liechtenstein',130),(641,'pt_BR','Litunia',131),(642,'pt_BR','Luxemburgo',132),(643,'pt_BR','Macau SAR China',133),(644,'pt_BR','Macednia',134),(645,'pt_BR','Madagascar',135),(646,'pt_BR','Malawi',136),(647,'pt_BR','Malsia',137),(648,'pt_BR','Maldivas',138),(649,'pt_BR','Mali',139),(650,'pt_BR','Malta',140),(651,'pt_BR','Ilhas Marshall',141),(652,'pt_BR','Martinica',142),(653,'pt_BR','Mauritnia',143),(654,'pt_BR','Maurcio',144),(655,'pt_BR','Maiote',145),(656,'pt_BR','Mxico',146),(657,'pt_BR','Micronsia',147),(658,'pt_BR','Moldvia',148),(659,'pt_BR','Mnaco',149),(660,'pt_BR','Monglia',150),(661,'pt_BR','Montenegro',151),(662,'pt_BR','Montserrat',152),(663,'pt_BR','Marrocos',153),(664,'pt_BR','Moambique',154),(665,'pt_BR','Mianmar (Birmnia)',155),(666,'pt_BR','Nambia',156),(667,'pt_BR','Nauru',157),(668,'pt_BR','Nepal',158),(669,'pt_BR','Holanda',159),(670,'pt_BR','Nova Calednia',160),(671,'pt_BR','Nova Zelndia',161),(672,'pt_BR','Nicargua',162),(673,'pt_BR','Nger',163),(674,'pt_BR','Nigria',164),(675,'pt_BR','Niue',165),(676,'pt_BR','Ilha Norfolk',166),(677,'pt_BR','Coria do Norte',167),(678,'pt_BR','Ilhas Marianas do Norte',168),(679,'pt_BR','Noruega',169),(680,'pt_BR','Om',170),(681,'pt_BR','Paquisto',171),(682,'pt_BR','Palau',172),(683,'pt_BR','Territrios Palestinos',173),(684,'pt_BR','Panam',174),(685,'pt_BR','Papua Nova Guin',175),(686,'pt_BR','Paraguai',176),(687,'pt_BR','Peru',177),(688,'pt_BR','Filipinas',178),(689,'pt_BR','Ilhas Pitcairn',179),(690,'pt_BR','Polnia',180),(691,'pt_BR','Portugal',181),(692,'pt_BR','Porto Rico',182),(693,'pt_BR','Catar',183),(694,'pt_BR','Reunio',184),(695,'pt_BR','Romnia',185),(696,'pt_BR','Rssia',186),(697,'pt_BR','Ruanda',187),(698,'pt_BR','Samoa',188),(699,'pt_BR','So Marinho',189),(700,'pt_BR','So Cristvo e Nevis',190),(701,'pt_BR','Arbia Saudita',191),(702,'pt_BR','Senegal',192),(703,'pt_BR','Srvia',193),(704,'pt_BR','Seychelles',194),(705,'pt_BR','Serra Leoa',195),(706,'pt_BR','Cingapura',196),(707,'pt_BR','So Martinho',197),(708,'pt_BR','Eslovquia',198),(709,'pt_BR','Eslovnia',199),(710,'pt_BR','Ilhas Salomo',200),(711,'pt_BR','Somlia',201),(712,'pt_BR','frica do Sul',202),(713,'pt_BR','Ilhas Gergia do Sul e Sandwich do Sul',203),(714,'pt_BR','Coria do Sul',204),(715,'pt_BR','Sudo do Sul',205),(716,'pt_BR','Espanha',206),(717,'pt_BR','Sri Lanka',207),(718,'pt_BR','So Bartolomeu',208),(719,'pt_BR','Santa Helena',209),(720,'pt_BR','So Cristvo e Nevis',210),(721,'pt_BR','Santa Lcia',211),(722,'pt_BR','So Martinho',212),(723,'pt_BR','So Pedro e Miquelon',213),(724,'pt_BR','So Vicente e Granadinas',214),(725,'pt_BR','Sudo',215),(726,'pt_BR','Suriname',216),(727,'pt_BR','Svalbard e Jan Mayen',217),(728,'pt_BR','Suazilndia',218),(729,'pt_BR','Sucia',219),(730,'pt_BR','Sua',220),(731,'pt_BR','Sria',221),(732,'pt_BR','Taiwan',222),(733,'pt_BR','Tajiquisto',223),(734,'pt_BR','Tanznia',224),(735,'pt_BR','Tailndia',225),(736,'pt_BR','Timor-Leste',226),(737,'pt_BR','Togo',227),(738,'pt_BR','Tokelau',228),(739,'pt_BR','Tonga',229),(740,'pt_BR','Trinidad e Tobago',230),(741,'pt_BR','Tristan da Cunha',231),(742,'pt_BR','Tunsia',232),(743,'pt_BR','Turquia',233),(744,'pt_BR','Turquemenisto',234),(745,'pt_BR','Ilhas Turks e Caicos',235),(746,'pt_BR','Tuvalu',236),(747,'pt_BR','Ilhas perifricas dos EUA',237),(748,'pt_BR','Ilhas Virgens dos EUA',238),(749,'pt_BR','Uganda',239),(750,'pt_BR','Ucrnia',240),(751,'pt_BR','Emirados rabes Unidos',241),(752,'pt_BR','Reino Unido',242),(753,'pt_BR','Naes Unidas',243),(754,'pt_BR','Estados Unidos',244),(755,'pt_BR','Uruguai',245),(756,'pt_BR','Uzbequisto',246),(757,'pt_BR','Vanuatu',247),(758,'pt_BR','Cidade do Vaticano',248),(759,'pt_BR','Venezuela',249),(760,'pt_BR','Vietn',250),(761,'pt_BR','Wallis e Futuna',251),(762,'pt_BR','Saara Ocidental',252),(763,'pt_BR','Imen',253),(764,'pt_BR','Zmbia',254),(765,'pt_BR','Zimbbue',255);
/*!40000 ALTER TABLE `country_translations` ENABLE KEYS */;
UNLOCK TABLES;

--
-- Table structure for table `currencies`
--

DROP TABLE IF EXISTS `currencies`;
/*!40101 SET @saved_cs_client     = @@character_set_client */;
/*!50503 SET character_set_client = utf8mb4 */;
CREATE TABLE `currencies` (
  `id` int unsigned NOT NULL AUTO_INCREMENT,
  `code` varchar(191) CHARACTER SET utf8mb4 COLLATE utf8mb4_unicode_ci NOT NULL,
  `name` varchar(191) CHARACTER SET utf8mb4 COLLATE utf8mb4_unicode_ci NOT NULL,
  `created_at` timestamp NULL DEFAULT NULL,
  `updated_at` timestamp NULL DEFAULT NULL,
  `symbol` varchar(191) CHARACTER SET utf8mb4 COLLATE utf8mb4_unicode_ci DEFAULT NULL,
  PRIMARY KEY (`id`)
) ENGINE=InnoDB AUTO_INCREMENT=4 DEFAULT CHARSET=utf8mb4 COLLATE=utf8mb4_unicode_ci ROW_FORMAT=DYNAMIC;
/*!40101 SET character_set_client = @saved_cs_client */;

--
-- Dumping data for table `currencies`
--

LOCK TABLES `currencies` WRITE;
/*!40000 ALTER TABLE `currencies` DISABLE KEYS */;
INSERT INTO `currencies` VALUES (1,'USD','US Dollar',NULL,NULL,'$'),(2,'EUR','Euro',NULL,NULL,''),(3,'INR','Indian Rupee','2021-03-11 09:30:20','2021-03-11 09:30:20','');
/*!40000 ALTER TABLE `currencies` ENABLE KEYS */;
UNLOCK TABLES;

--
-- Table structure for table `currency_exchange_rates`
--

DROP TABLE IF EXISTS `currency_exchange_rates`;
/*!40101 SET @saved_cs_client     = @@character_set_client */;
/*!50503 SET character_set_client = utf8mb4 */;
CREATE TABLE `currency_exchange_rates` (
  `id` int unsigned NOT NULL AUTO_INCREMENT,
  `rate` decimal(24,12) NOT NULL,
  `target_currency` int unsigned NOT NULL,
  `created_at` timestamp NULL DEFAULT NULL,
  `updated_at` timestamp NULL DEFAULT NULL,
  PRIMARY KEY (`id`),
  UNIQUE KEY `currency_exchange_rates_target_currency_unique` (`target_currency`),
  CONSTRAINT `currency_exchange_rates_target_currency_foreign` FOREIGN KEY (`target_currency`) REFERENCES `currencies` (`id`) ON DELETE CASCADE
) ENGINE=InnoDB AUTO_INCREMENT=4 DEFAULT CHARSET=utf8mb4 COLLATE=utf8mb4_unicode_ci ROW_FORMAT=DYNAMIC;
/*!40101 SET character_set_client = @saved_cs_client */;

--
-- Dumping data for table `currency_exchange_rates`
--

LOCK TABLES `currency_exchange_rates` WRITE;
/*!40000 ALTER TABLE `currency_exchange_rates` DISABLE KEYS */;
INSERT INTO `currency_exchange_rates` VALUES (1,0.011530567500,2,'2021-03-09 05:13:18','2021-03-13 05:29:43'),(2,72.998654557700,3,'2021-03-11 09:31:19','2021-03-11 09:31:19'),(3,0.013759426200,1,'2021-03-13 05:29:43','2021-03-13 05:29:43');
/*!40000 ALTER TABLE `currency_exchange_rates` ENABLE KEYS */;
UNLOCK TABLES;

--
-- Table structure for table `customer_groups`
--

DROP TABLE IF EXISTS `customer_groups`;
/*!40101 SET @saved_cs_client     = @@character_set_client */;
/*!50503 SET character_set_client = utf8mb4 */;
CREATE TABLE `customer_groups` (
  `id` int unsigned NOT NULL AUTO_INCREMENT,
  `name` varchar(191) CHARACTER SET utf8mb4 COLLATE utf8mb4_unicode_ci NOT NULL,
  `is_user_defined` tinyint(1) NOT NULL DEFAULT '1',
  `created_at` timestamp NULL DEFAULT NULL,
  `updated_at` timestamp NULL DEFAULT NULL,
  `code` varchar(191) CHARACTER SET utf8mb4 COLLATE utf8mb4_unicode_ci NOT NULL,
  PRIMARY KEY (`id`),
  UNIQUE KEY `customer_groups_code_unique` (`code`)
) ENGINE=InnoDB AUTO_INCREMENT=5 DEFAULT CHARSET=utf8mb4 COLLATE=utf8mb4_unicode_ci ROW_FORMAT=DYNAMIC;
/*!40101 SET character_set_client = @saved_cs_client */;

--
-- Dumping data for table `customer_groups`
--

LOCK TABLES `customer_groups` WRITE;
/*!40000 ALTER TABLE `customer_groups` DISABLE KEYS */;
INSERT INTO `customer_groups` VALUES (1,'Guest',0,NULL,NULL,'guest'),(2,'General',0,NULL,NULL,'general'),(3,'Wholesale',0,NULL,NULL,'wholesale');
/*!40000 ALTER TABLE `customer_groups` ENABLE KEYS */;
UNLOCK TABLES;

--
-- Table structure for table `customer_password_resets`
--

DROP TABLE IF EXISTS `customer_password_resets`;
/*!40101 SET @saved_cs_client     = @@character_set_client */;
/*!50503 SET character_set_client = utf8mb4 */;
CREATE TABLE `customer_password_resets` (
  `email` varchar(191) CHARACTER SET utf8mb4 COLLATE utf8mb4_unicode_ci NOT NULL,
  `token` varchar(191) CHARACTER SET utf8mb4 COLLATE utf8mb4_unicode_ci NOT NULL,
  `created_at` timestamp NULL DEFAULT NULL,
  KEY `customer_password_resets_email_index` (`email`)
) ENGINE=InnoDB DEFAULT CHARSET=utf8mb4 COLLATE=utf8mb4_unicode_ci ROW_FORMAT=DYNAMIC;
/*!40101 SET character_set_client = @saved_cs_client */;

--
-- Dumping data for table `customer_password_resets`
--

LOCK TABLES `customer_password_resets` WRITE;
/*!40000 ALTER TABLE `customer_password_resets` DISABLE KEYS */;
INSERT INTO `customer_password_resets` VALUES ('rcube6593@gmail.com','$2y$10$kFr5qfV8P4eR1MKf/OD3E..T9Stojs4JxlI8FQ3SHRR/0Chs1N0oq','2021-08-26 17:54:34');
/*!40000 ALTER TABLE `customer_password_resets` ENABLE KEYS */;
UNLOCK TABLES;

--
-- Table structure for table `customer_product_price`
--

DROP TABLE IF EXISTS `customer_product_price`;
/*!40101 SET @saved_cs_client     = @@character_set_client */;
/*!50503 SET character_set_client = utf8mb4 */;
CREATE TABLE `customer_product_price` (
  `id` bigint unsigned NOT NULL AUTO_INCREMENT,
  `product_id` int DEFAULT NULL,
  `customer_id` int DEFAULT NULL,
  `price` decimal(12,4) DEFAULT NULL,
  `created_at` timestamp NULL DEFAULT NULL,
  `updated_at` timestamp NULL DEFAULT NULL,
  PRIMARY KEY (`id`)
) ENGINE=InnoDB DEFAULT CHARSET=utf8mb4 COLLATE=utf8mb4_unicode_ci ROW_FORMAT=DYNAMIC;
/*!40101 SET character_set_client = @saved_cs_client */;

--
-- Dumping data for table `customer_product_price`
--

LOCK TABLES `customer_product_price` WRITE;
/*!40000 ALTER TABLE `customer_product_price` DISABLE KEYS */;
/*!40000 ALTER TABLE `customer_product_price` ENABLE KEYS */;
UNLOCK TABLES;

--
-- Table structure for table `customer_social_accounts`
--

DROP TABLE IF EXISTS `customer_social_accounts`;
/*!40101 SET @saved_cs_client     = @@character_set_client */;
/*!50503 SET character_set_client = utf8mb4 */;
CREATE TABLE `customer_social_accounts` (
  `id` int unsigned NOT NULL AUTO_INCREMENT,
  `provider_name` varchar(191) CHARACTER SET utf8mb4 COLLATE utf8mb4_unicode_ci DEFAULT NULL,
  `provider_id` varchar(191) CHARACTER SET utf8mb4 COLLATE utf8mb4_unicode_ci DEFAULT NULL,
  `customer_id` int unsigned NOT NULL,
  `created_at` timestamp NULL DEFAULT NULL,
  `updated_at` timestamp NULL DEFAULT NULL,
  PRIMARY KEY (`id`),
  UNIQUE KEY `customer_social_accounts_provider_id_unique` (`provider_id`),
  KEY `customer_social_accounts_customer_id_foreign` (`customer_id`)
) ENGINE=InnoDB AUTO_INCREMENT=10 DEFAULT CHARSET=utf8mb4 COLLATE=utf8mb4_unicode_ci ROW_FORMAT=DYNAMIC;
/*!40101 SET character_set_client = @saved_cs_client */;

--
-- Dumping data for table `customer_social_accounts`
--

LOCK TABLES `customer_social_accounts` WRITE;
/*!40000 ALTER TABLE `customer_social_accounts` DISABLE KEYS */;
INSERT INTO `customer_social_accounts` VALUES (5,'google','102485648003529466312',10,'2021-03-01 11:16:59','2021-03-01 11:16:59'),(6,'facebook','479580829723169',10,'2021-03-01 11:27:26','2021-03-01 11:27:26'),(7,'google','111743490152000395977',15,'2021-03-27 05:29:35','2021-03-27 05:29:35'),(8,'google','100818565740074609752',12,'2021-07-03 07:38:18','2021-07-03 07:38:18'),(9,'google','106489470086295194053',17,'2021-07-05 12:22:51','2021-07-05 12:22:51');
/*!40000 ALTER TABLE `customer_social_accounts` ENABLE KEYS */;
UNLOCK TABLES;

--
-- Table structure for table `customers`
--

DROP TABLE IF EXISTS `customers`;
/*!40101 SET @saved_cs_client     = @@character_set_client */;
/*!50503 SET character_set_client = utf8mb4 */;
CREATE TABLE `customers` (
  `id` int unsigned NOT NULL AUTO_INCREMENT,
  `first_name` varchar(191) CHARACTER SET utf8mb4 COLLATE utf8mb4_unicode_ci NOT NULL,
  `last_name` varchar(191) CHARACTER SET utf8mb4 COLLATE utf8mb4_unicode_ci NOT NULL,
  `gender` varchar(50) CHARACTER SET utf8mb4 COLLATE utf8mb4_unicode_ci DEFAULT NULL,
  `date_of_birth` date DEFAULT NULL,
  `email` varchar(191) CHARACTER SET utf8mb4 COLLATE utf8mb4_unicode_ci DEFAULT NULL,
  `image` varchar(200) CHARACTER SET utf8mb4 COLLATE utf8mb4_unicode_ci DEFAULT NULL,
  `status` tinyint NOT NULL DEFAULT '1',
  `password` varchar(191) CHARACTER SET utf8mb4 COLLATE utf8mb4_unicode_ci DEFAULT NULL,
  `api_token` varchar(80) CHARACTER SET utf8mb4 COLLATE utf8mb4_unicode_ci DEFAULT NULL,
  `customer_group_id` int unsigned DEFAULT NULL,
  `subscribed_to_news_letter` tinyint(1) NOT NULL DEFAULT '0',
  `remember_token` varchar(100) CHARACTER SET utf8mb4 COLLATE utf8mb4_unicode_ci DEFAULT NULL,
  `created_at` timestamp NULL DEFAULT NULL,
  `updated_at` timestamp NULL DEFAULT NULL,
  `is_verified` tinyint(1) NOT NULL DEFAULT '0',
  `token` varchar(191) CHARACTER SET utf8mb4 COLLATE utf8mb4_unicode_ci DEFAULT NULL,
  `notes` text CHARACTER SET utf8mb4 COLLATE utf8mb4_unicode_ci,
  `phone` varchar(191) CHARACTER SET utf8mb4 COLLATE utf8mb4_unicode_ci DEFAULT NULL,
  PRIMARY KEY (`id`),
  UNIQUE KEY `customers_email_unique` (`email`),
  UNIQUE KEY `customers_api_token_unique` (`api_token`),
  KEY `customers_customer_group_id_foreign` (`customer_group_id`),
  CONSTRAINT `customers_customer_group_id_foreign` FOREIGN KEY (`customer_group_id`) REFERENCES `customer_groups` (`id`) ON DELETE SET NULL
) ENGINE=InnoDB AUTO_INCREMENT=4 DEFAULT CHARSET=utf8mb4 COLLATE=utf8mb4_unicode_ci ROW_FORMAT=DYNAMIC;
/*!40101 SET character_set_client = @saved_cs_client */;

--
-- Dumping data for table `customers`
--

LOCK TABLES `customers` WRITE;
/*!40000 ALTER TABLE `customers` DISABLE KEYS */;
INSERT INTO `customers` VALUES (1,'Ravindra','Radadiya',NULL,NULL,'rcube6593@gmail.com',NULL,1,'$2y$10$WVOe7hkloKBrpNtduCQJRu3RRYMmct34yslsx27VRW7fyZkmn6T1a','UBORx3nuuOfVxd6e4iQBhoOT6cR1Exdnsm59bvDrAdxC7i8Dd4tNnojTJ8zchDKJlEZWSOSfRt4tuaAU',2,0,NULL,'2021-08-17 18:03:53','2021-08-17 18:09:44',1,'NULL',NULL,'8000673733'),(2,'keyur','patel',NULL,NULL,'kpatel4707@gmail.com',NULL,1,'$2y$10$GY4umAyQVT8PNgT1xFzhM.dNUnIa5HxYSsBrE17MqNmQdnNHuYKpq','QlousFvGlGJfNfF9pyeoz5vKqrLsPgjsHmPJGNyPQgFpyHnm0GyUj5c43VELXZfcQYCuAo17DVMtMKUl',2,0,NULL,'2021-08-23 10:05:57','2021-08-26 17:37:05',1,'NULL',NULL,'8200234301'),(3,'keyur','patel','Male','0000-00-00','developerkeyur4707@gmail.com',NULL,1,'$2y$10$h6m..6CojXYXWntyUMNfJesi2V0CSzQ3F7m4j7h6GACdV4WdDFNe2','zG141k72yalu4TU3CTD2LiGz3SqSqgYji7QAFDmKyq7ndaYqdJUhooPhnRFRg38ToJaarc5l8bAsEVSp',2,0,NULL,'2021-08-23 20:24:54','2021-08-26 20:31:45',0,'af01b693d148e9c6183cbbe0523c3f71',NULL,'9925114707');
/*!40000 ALTER TABLE `customers` ENABLE KEYS */;
UNLOCK TABLES;

--
-- Table structure for table `downloadable_link_purchased`
--

DROP TABLE IF EXISTS `downloadable_link_purchased`;
/*!40101 SET @saved_cs_client     = @@character_set_client */;
/*!50503 SET character_set_client = utf8mb4 */;
CREATE TABLE `downloadable_link_purchased` (
  `id` int unsigned NOT NULL AUTO_INCREMENT,
  `product_name` varchar(191) CHARACTER SET utf8mb4 COLLATE utf8mb4_unicode_ci DEFAULT NULL,
  `name` varchar(191) CHARACTER SET utf8mb4 COLLATE utf8mb4_unicode_ci DEFAULT NULL,
  `url` varchar(191) CHARACTER SET utf8mb4 COLLATE utf8mb4_unicode_ci DEFAULT NULL,
  `file` varchar(191) CHARACTER SET utf8mb4 COLLATE utf8mb4_unicode_ci DEFAULT NULL,
  `file_name` varchar(191) CHARACTER SET utf8mb4 COLLATE utf8mb4_unicode_ci DEFAULT NULL,
  `type` varchar(191) CHARACTER SET utf8mb4 COLLATE utf8mb4_unicode_ci NOT NULL,
  `download_bought` int NOT NULL DEFAULT '0',
  `download_used` int NOT NULL DEFAULT '0',
  `status` varchar(191) CHARACTER SET utf8mb4 COLLATE utf8mb4_unicode_ci DEFAULT NULL,
  `customer_id` int unsigned NOT NULL,
  `order_id` int unsigned NOT NULL,
  `order_item_id` int unsigned NOT NULL,
  `created_at` timestamp NULL DEFAULT NULL,
  `updated_at` timestamp NULL DEFAULT NULL,
  PRIMARY KEY (`id`),
  KEY `downloadable_link_purchased_customer_id_foreign` (`customer_id`),
  KEY `downloadable_link_purchased_order_id_foreign` (`order_id`),
  KEY `downloadable_link_purchased_order_item_id_foreign` (`order_item_id`),
  CONSTRAINT `downloadable_link_purchased_customer_id_foreign` FOREIGN KEY (`customer_id`) REFERENCES `customers` (`id`) ON DELETE CASCADE,
  CONSTRAINT `downloadable_link_purchased_order_id_foreign` FOREIGN KEY (`order_id`) REFERENCES `orders` (`id`) ON DELETE CASCADE,
  CONSTRAINT `downloadable_link_purchased_order_item_id_foreign` FOREIGN KEY (`order_item_id`) REFERENCES `order_items` (`id`) ON DELETE CASCADE
) ENGINE=InnoDB DEFAULT CHARSET=utf8mb4 COLLATE=utf8mb4_unicode_ci ROW_FORMAT=DYNAMIC;
/*!40101 SET character_set_client = @saved_cs_client */;

--
-- Dumping data for table `downloadable_link_purchased`
--

LOCK TABLES `downloadable_link_purchased` WRITE;
/*!40000 ALTER TABLE `downloadable_link_purchased` DISABLE KEYS */;
/*!40000 ALTER TABLE `downloadable_link_purchased` ENABLE KEYS */;
UNLOCK TABLES;

--
-- Table structure for table `inventory_sources`
--

DROP TABLE IF EXISTS `inventory_sources`;
/*!40101 SET @saved_cs_client     = @@character_set_client */;
/*!50503 SET character_set_client = utf8mb4 */;
CREATE TABLE `inventory_sources` (
  `id` int unsigned NOT NULL AUTO_INCREMENT,
  `code` varchar(191) CHARACTER SET utf8mb4 COLLATE utf8mb4_unicode_ci NOT NULL,
  `name` varchar(191) CHARACTER SET utf8mb4 COLLATE utf8mb4_unicode_ci NOT NULL,
  `description` text CHARACTER SET utf8mb4 COLLATE utf8mb4_unicode_ci,
  `contact_name` varchar(191) CHARACTER SET utf8mb4 COLLATE utf8mb4_unicode_ci NOT NULL,
  `contact_email` varchar(191) CHARACTER SET utf8mb4 COLLATE utf8mb4_unicode_ci NOT NULL,
  `contact_number` varchar(191) CHARACTER SET utf8mb4 COLLATE utf8mb4_unicode_ci NOT NULL,
  `contact_fax` varchar(191) CHARACTER SET utf8mb4 COLLATE utf8mb4_unicode_ci DEFAULT NULL,
  `country` varchar(191) CHARACTER SET utf8mb4 COLLATE utf8mb4_unicode_ci NOT NULL,
  `state` varchar(191) CHARACTER SET utf8mb4 COLLATE utf8mb4_unicode_ci NOT NULL,
  `city` varchar(191) CHARACTER SET utf8mb4 COLLATE utf8mb4_unicode_ci NOT NULL,
  `street` varchar(191) CHARACTER SET utf8mb4 COLLATE utf8mb4_unicode_ci NOT NULL,
  `postcode` varchar(191) CHARACTER SET utf8mb4 COLLATE utf8mb4_unicode_ci NOT NULL,
  `priority` int NOT NULL DEFAULT '0',
  `latitude` decimal(10,5) DEFAULT NULL,
  `longitude` decimal(10,5) DEFAULT NULL,
  `status` tinyint(1) NOT NULL DEFAULT '1',
  `created_at` timestamp NULL DEFAULT NULL,
  `updated_at` timestamp NULL DEFAULT NULL,
  PRIMARY KEY (`id`),
  UNIQUE KEY `inventory_sources_code_unique` (`code`)
) ENGINE=InnoDB AUTO_INCREMENT=3 DEFAULT CHARSET=utf8mb4 COLLATE=utf8mb4_unicode_ci ROW_FORMAT=DYNAMIC;
/*!40101 SET character_set_client = @saved_cs_client */;

--
-- Dumping data for table `inventory_sources`
--

LOCK TABLES `inventory_sources` WRITE;
/*!40000 ALTER TABLE `inventory_sources` DISABLE KEYS */;
INSERT INTO `inventory_sources` VALUES (1,'default','Default','','Detroit Warehouse','warehouse@example.com','1234567899','','US','MI','Detroit','12th Street','48127',0,0.00000,0.00000,0,NULL,'2021-03-19 10:16:47'),(2,'availablestock','Available Stock','sdfhu','Test','t@gmail.com','3456455','','IN','GJ','ahmedabad','fvg','46777',0,0.00000,0.00000,1,'2021-01-09 13:29:49','2021-03-19 10:18:34');
/*!40000 ALTER TABLE `inventory_sources` ENABLE KEYS */;
UNLOCK TABLES;

--
-- Table structure for table `invoice_items`
--

DROP TABLE IF EXISTS `invoice_items`;
/*!40101 SET @saved_cs_client     = @@character_set_client */;
/*!50503 SET character_set_client = utf8mb4 */;
CREATE TABLE `invoice_items` (
  `id` int unsigned NOT NULL AUTO_INCREMENT,
  `name` varchar(191) CHARACTER SET utf8mb4 COLLATE utf8mb4_unicode_ci DEFAULT NULL,
  `description` varchar(191) CHARACTER SET utf8mb4 COLLATE utf8mb4_unicode_ci DEFAULT NULL,
  `sku` varchar(191) CHARACTER SET utf8mb4 COLLATE utf8mb4_unicode_ci DEFAULT NULL,
  `qty` int DEFAULT NULL,
  `price` decimal(12,4) NOT NULL DEFAULT '0.0000',
  `base_price` decimal(12,4) NOT NULL DEFAULT '0.0000',
  `total` decimal(12,4) NOT NULL DEFAULT '0.0000',
  `base_total` decimal(12,4) NOT NULL DEFAULT '0.0000',
  `tax_amount` decimal(12,4) DEFAULT '0.0000',
  `base_tax_amount` decimal(12,4) DEFAULT '0.0000',
  `product_id` int unsigned DEFAULT NULL,
  `product_type` varchar(191) CHARACTER SET utf8mb4 COLLATE utf8mb4_unicode_ci DEFAULT NULL,
  `order_item_id` int unsigned DEFAULT NULL,
  `invoice_id` int unsigned DEFAULT NULL,
  `parent_id` int unsigned DEFAULT NULL,
  `additional` longtext CHARACTER SET utf8mb4 COLLATE utf8mb4_bin,
  `created_at` timestamp NULL DEFAULT NULL,
  `updated_at` timestamp NULL DEFAULT NULL,
  `discount_percent` decimal(12,4) DEFAULT '0.0000',
  `discount_amount` decimal(12,4) DEFAULT '0.0000',
  `base_discount_amount` decimal(12,4) DEFAULT '0.0000',
  PRIMARY KEY (`id`),
  KEY `invoice_items_invoice_id_foreign` (`invoice_id`),
  KEY `invoice_items_parent_id_foreign` (`parent_id`)
) ENGINE=InnoDB AUTO_INCREMENT=3 DEFAULT CHARSET=utf8mb4 COLLATE=utf8mb4_unicode_ci ROW_FORMAT=DYNAMIC;
/*!40101 SET character_set_client = @saved_cs_client */;

--
-- Dumping data for table `invoice_items`
--

LOCK TABLES `invoice_items` WRITE;
/*!40000 ALTER TABLE `invoice_items` DISABLE KEYS */;
INSERT INTO `invoice_items` VALUES (1,'C-Cure 3 Ply Elastic Mask for Child 50Pcs./Box ',NULL,'zpdfm3ec',4,300.0000,300.0000,1200.0000,1200.0000,0.0000,0.0000,185,'Webkul\\Product\\Models\\Product',1,1,NULL,'{\"is_buy_now\":\"0\",\"_token\":\"dnf8Gq3QbGYp2DRThFZuFxP4ksSYO6FOSWMlTkTW\",\"product_id\":\"185\",\"zipcode\":\"\",\"quantity\":\"4\",\"selected_configurable_option\":\"186\",\"super_attribute\":{\"23\":\"5\"},\"status\":0,\"attributes\":{\"color\":{\"attribute_name\":\"Color\",\"option_id\":5,\"option_label\":\"White\"}},\"locale\":\"en\"}','2021-08-27 13:09:59','2021-08-27 13:09:59',0.0000,0.0000,0.0000),(2,'C-Cure 3 Ply Elastic Mask for Child 50Pcs./Box ',NULL,'zpdfm3ec-variant-5',4,1.0000,0.0000,4.0000,0.0000,0.0000,0.0000,186,'Webkul\\Product\\Models\\Product',2,1,1,'{\"product_id\":186,\"parent_id\":185,\"locale\":\"en\"}','2021-08-27 13:09:59','2021-08-27 13:09:59',0.0000,0.0000,0.0000);
/*!40000 ALTER TABLE `invoice_items` ENABLE KEYS */;
UNLOCK TABLES;

--
-- Table structure for table `invoices`
--

DROP TABLE IF EXISTS `invoices`;
/*!40101 SET @saved_cs_client     = @@character_set_client */;
/*!50503 SET character_set_client = utf8mb4 */;
CREATE TABLE `invoices` (
  `id` int unsigned NOT NULL AUTO_INCREMENT,
  `increment_id` varchar(191) CHARACTER SET utf8mb4 COLLATE utf8mb4_unicode_ci DEFAULT NULL,
  `state` varchar(191) CHARACTER SET utf8mb4 COLLATE utf8mb4_unicode_ci DEFAULT NULL,
  `email_sent` tinyint(1) NOT NULL DEFAULT '0',
  `total_qty` int DEFAULT NULL,
  `base_currency_code` varchar(191) CHARACTER SET utf8mb4 COLLATE utf8mb4_unicode_ci DEFAULT NULL,
  `channel_currency_code` varchar(191) CHARACTER SET utf8mb4 COLLATE utf8mb4_unicode_ci DEFAULT NULL,
  `order_currency_code` varchar(191) CHARACTER SET utf8mb4 COLLATE utf8mb4_unicode_ci DEFAULT NULL,
  `sub_total` decimal(12,4) DEFAULT '0.0000',
  `base_sub_total` decimal(12,4) DEFAULT '0.0000',
  `grand_total` decimal(12,4) DEFAULT '0.0000',
  `base_grand_total` decimal(12,4) DEFAULT '0.0000',
  `shipping_amount` decimal(12,4) DEFAULT '0.0000',
  `base_shipping_amount` decimal(12,4) DEFAULT '0.0000',
  `tax_amount` decimal(12,4) DEFAULT '0.0000',
  `base_tax_amount` decimal(12,4) DEFAULT '0.0000',
  `discount_amount` decimal(12,4) DEFAULT '0.0000',
  `base_discount_amount` decimal(12,4) DEFAULT '0.0000',
  `order_id` int unsigned DEFAULT NULL,
  `order_address_id` int unsigned DEFAULT NULL,
  `created_at` timestamp NULL DEFAULT NULL,
  `updated_at` timestamp NULL DEFAULT NULL,
  `transaction_id` varchar(191) CHARACTER SET utf8mb4 COLLATE utf8mb4_unicode_ci DEFAULT NULL,
  PRIMARY KEY (`id`),
  KEY `invoices_order_id_foreign` (`order_id`),
  KEY `invoices_order_address_id_foreign` (`order_address_id`)
) ENGINE=InnoDB AUTO_INCREMENT=2 DEFAULT CHARSET=utf8mb4 COLLATE=utf8mb4_unicode_ci ROW_FORMAT=DYNAMIC;
/*!40101 SET character_set_client = @saved_cs_client */;

--
-- Dumping data for table `invoices`
--

LOCK TABLES `invoices` WRITE;
/*!40000 ALTER TABLE `invoices` DISABLE KEYS */;
INSERT INTO `invoices` VALUES (1,NULL,'paid',0,4,'INR','INR','INR',1200.0000,1200.0000,1210.0000,1210.0000,10.0000,10.0000,0.0000,0.0000,0.0000,0.0000,1,21,'2021-08-27 13:09:59','2021-08-27 13:09:59',NULL);
/*!40000 ALTER TABLE `invoices` ENABLE KEYS */;
UNLOCK TABLES;

--
-- Table structure for table `locales`
--

DROP TABLE IF EXISTS `locales`;
/*!40101 SET @saved_cs_client     = @@character_set_client */;
/*!50503 SET character_set_client = utf8mb4 */;
CREATE TABLE `locales` (
  `id` int unsigned NOT NULL AUTO_INCREMENT,
  `code` varchar(191) CHARACTER SET utf8mb4 COLLATE utf8mb4_unicode_ci NOT NULL,
  `name` varchar(191) CHARACTER SET utf8mb4 COLLATE utf8mb4_unicode_ci NOT NULL,
  `created_at` timestamp NULL DEFAULT NULL,
  `updated_at` timestamp NULL DEFAULT NULL,
  `direction` enum('ltr','rtl') CHARACTER SET utf8mb4 COLLATE utf8mb4_unicode_ci NOT NULL DEFAULT 'ltr',
  `locale_image` text CHARACTER SET utf8mb4 COLLATE utf8mb4_unicode_ci,
  PRIMARY KEY (`id`),
  UNIQUE KEY `locales_code_unique` (`code`)
) ENGINE=InnoDB AUTO_INCREMENT=2 DEFAULT CHARSET=utf8mb4 COLLATE=utf8mb4_unicode_ci ROW_FORMAT=DYNAMIC;
/*!40101 SET character_set_client = @saved_cs_client */;

--
-- Dumping data for table `locales`
--

LOCK TABLES `locales` WRITE;
/*!40000 ALTER TABLE `locales` DISABLE KEYS */;
INSERT INTO `locales` VALUES (1,'en','English',NULL,NULL,'ltr',NULL);
/*!40000 ALTER TABLE `locales` ENABLE KEYS */;
UNLOCK TABLES;

--
-- Table structure for table `master_festival`
--

DROP TABLE IF EXISTS `master_festival`;
/*!40101 SET @saved_cs_client     = @@character_set_client */;
/*!50503 SET character_set_client = utf8mb4 */;
CREATE TABLE `master_festival` (
  `id` int unsigned NOT NULL AUTO_INCREMENT,
  `title` varchar(191) CHARACTER SET utf8mb4 COLLATE utf8mb4_unicode_ci DEFAULT NULL,
  `short_desc` longtext CHARACTER SET utf8mb4 COLLATE utf8mb4_unicode_ci,
  `long_desc` longtext CHARACTER SET utf8mb4 COLLATE utf8mb4_unicode_ci,
  `image` varchar(191) CHARACTER SET utf8mb4 COLLATE utf8mb4_unicode_ci DEFAULT NULL,
  `start_date` date DEFAULT NULL,
  `end_date` date DEFAULT NULL,
  `status` tinyint(1) NOT NULL DEFAULT '0',
  `created_at` timestamp NULL DEFAULT NULL,
  `updated_at` timestamp NULL DEFAULT NULL,
  PRIMARY KEY (`id`)
) ENGINE=InnoDB DEFAULT CHARSET=utf8mb4 COLLATE=utf8mb4_unicode_ci ROW_FORMAT=DYNAMIC;
/*!40101 SET character_set_client = @saved_cs_client */;

--
-- Dumping data for table `master_festival`
--

LOCK TABLES `master_festival` WRITE;
/*!40000 ALTER TABLE `master_festival` DISABLE KEYS */;
/*!40000 ALTER TABLE `master_festival` ENABLE KEYS */;
UNLOCK TABLES;

--
-- Table structure for table `master_festival_products`
--

DROP TABLE IF EXISTS `master_festival_products`;
/*!40101 SET @saved_cs_client     = @@character_set_client */;
/*!50503 SET character_set_client = utf8mb4 */;
CREATE TABLE `master_festival_products` (
  `parent_id` int unsigned NOT NULL,
  `product_id` int unsigned NOT NULL,
  KEY `master_festival_products_parent_id_foreign` (`parent_id`),
  KEY `master_festival_products_product_id_foreign` (`product_id`)
) ENGINE=InnoDB DEFAULT CHARSET=utf8mb4 COLLATE=utf8mb4_unicode_ci ROW_FORMAT=DYNAMIC;
/*!40101 SET character_set_client = @saved_cs_client */;

--
-- Dumping data for table `master_festival_products`
--

LOCK TABLES `master_festival_products` WRITE;
/*!40000 ALTER TABLE `master_festival_products` DISABLE KEYS */;
/*!40000 ALTER TABLE `master_festival_products` ENABLE KEYS */;
UNLOCK TABLES;

--
-- Table structure for table `master_offer`
--

DROP TABLE IF EXISTS `master_offer`;
/*!40101 SET @saved_cs_client     = @@character_set_client */;
/*!50503 SET character_set_client = utf8mb4 */;
CREATE TABLE `master_offer` (
  `id` int NOT NULL AUTO_INCREMENT,
  `title` varchar(255) CHARACTER SET utf8 COLLATE utf8_unicode_ci DEFAULT NULL,
  `description` text CHARACTER SET utf8 COLLATE utf8_unicode_ci,
  `image` varchar(255) CHARACTER SET utf8 COLLATE utf8_unicode_ci DEFAULT NULL,
  `start_date` datetime DEFAULT NULL,
  `end_date` datetime DEFAULT NULL,
  `status` tinyint(1) DEFAULT NULL,
  `created_at` timestamp NULL DEFAULT CURRENT_TIMESTAMP,
  `updated_at` timestamp NULL DEFAULT CURRENT_TIMESTAMP ON UPDATE CURRENT_TIMESTAMP,
  PRIMARY KEY (`id`)
) ENGINE=InnoDB DEFAULT CHARSET=utf8mb3 COLLATE=utf8_unicode_ci;
/*!40101 SET character_set_client = @saved_cs_client */;

--
-- Dumping data for table `master_offer`
--

LOCK TABLES `master_offer` WRITE;
/*!40000 ALTER TABLE `master_offer` DISABLE KEYS */;
/*!40000 ALTER TABLE `master_offer` ENABLE KEYS */;
UNLOCK TABLES;

--
-- Table structure for table `master_offer_gallary`
--

DROP TABLE IF EXISTS `master_offer_gallary`;
/*!40101 SET @saved_cs_client     = @@character_set_client */;
/*!50503 SET character_set_client = utf8mb4 */;
CREATE TABLE `master_offer_gallary` (
  `id` int unsigned NOT NULL AUTO_INCREMENT,
  `title` varchar(191) CHARACTER SET utf8mb4 COLLATE utf8mb4_unicode_ci NOT NULL,
  `image` varchar(191) CHARACTER SET utf8mb4 COLLATE utf8mb4_unicode_ci NOT NULL,
  `status` tinyint(1) NOT NULL DEFAULT '0',
  `created_at` timestamp NULL DEFAULT NULL,
  `updated_at` timestamp NULL DEFAULT NULL,
  PRIMARY KEY (`id`)
) ENGINE=InnoDB AUTO_INCREMENT=4 DEFAULT CHARSET=utf8mb4 COLLATE=utf8mb4_unicode_ci ROW_FORMAT=DYNAMIC;
/*!40101 SET character_set_client = @saved_cs_client */;

--
-- Dumping data for table `master_offer_gallary`
--

LOCK TABLES `master_offer_gallary` WRITE;
/*!40000 ALTER TABLE `master_offer_gallary` DISABLE KEYS */;
INSERT INTO `master_offer_gallary` VALUES (2,'Online Medical Deal','uploadImages/offerGallary/1627733701.jpeg',1,'2021-05-03 08:47:23','2021-07-31 17:45:01'),(3,'Sign up','uploadImages/offerGallary/1627738530.png',1,'2021-07-31 18:41:36','2021-07-31 19:05:30');
/*!40000 ALTER TABLE `master_offer_gallary` ENABLE KEYS */;
UNLOCK TABLES;

--
-- Table structure for table `master_offers`
--

DROP TABLE IF EXISTS `master_offers`;
/*!40101 SET @saved_cs_client     = @@character_set_client */;
/*!50503 SET character_set_client = utf8mb4 */;
CREATE TABLE `master_offers` (
  `id` bigint unsigned NOT NULL AUTO_INCREMENT,
  `title` varchar(100) CHARACTER SET utf8mb4 COLLATE utf8mb4_unicode_ci DEFAULT NULL,
  `desc` longtext CHARACTER SET utf8mb4 COLLATE utf8mb4_unicode_ci,
  `image` varchar(191) CHARACTER SET utf8mb4 COLLATE utf8mb4_unicode_ci DEFAULT NULL,
  `start_date` date DEFAULT NULL,
  `end_date` date DEFAULT NULL,
  `status` tinyint(1) DEFAULT NULL,
  `created_at` timestamp NULL DEFAULT CURRENT_TIMESTAMP,
  `updated_at` timestamp NULL DEFAULT NULL ON UPDATE CURRENT_TIMESTAMP,
  PRIMARY KEY (`id`)
) ENGINE=InnoDB DEFAULT CHARSET=utf8mb4 COLLATE=utf8mb4_unicode_ci ROW_FORMAT=DYNAMIC;
/*!40101 SET character_set_client = @saved_cs_client */;

--
-- Dumping data for table `master_offers`
--

LOCK TABLES `master_offers` WRITE;
/*!40000 ALTER TABLE `master_offers` DISABLE KEYS */;
/*!40000 ALTER TABLE `master_offers` ENABLE KEYS */;
UNLOCK TABLES;

--
-- Table structure for table `master_posts`
--

DROP TABLE IF EXISTS `master_posts`;
/*!40101 SET @saved_cs_client     = @@character_set_client */;
/*!50503 SET character_set_client = utf8mb4 */;
CREATE TABLE `master_posts` (
  `id` bigint unsigned NOT NULL AUTO_INCREMENT,
  `title` varchar(100) CHARACTER SET utf8mb4 COLLATE utf8mb4_unicode_ci DEFAULT NULL,
  `image` varchar(100) CHARACTER SET utf8mb4 COLLATE utf8mb4_unicode_ci DEFAULT NULL,
  `slug` varchar(250) CHARACTER SET utf8mb4 COLLATE utf8mb4_unicode_ci DEFAULT NULL,
  `content` longtext CHARACTER SET utf8mb4 COLLATE utf8mb4_unicode_ci,
  `date` date DEFAULT NULL,
  `created_at` timestamp NULL DEFAULT NULL,
  `updated_at` timestamp NULL DEFAULT NULL,
  PRIMARY KEY (`id`),
  UNIQUE KEY `slug` (`slug`)
) ENGINE=InnoDB AUTO_INCREMENT=6 DEFAULT CHARSET=utf8mb4 COLLATE=utf8mb4_unicode_ci ROW_FORMAT=DYNAMIC;
/*!40101 SET character_set_client = @saved_cs_client */;

--
-- Dumping data for table `master_posts`
--

LOCK TABLES `master_posts` WRITE;
/*!40000 ALTER TABLE `master_posts` DISABLE KEYS */;
INSERT INTO `master_posts` VALUES (1,'Cpap & Bipap','uploadImages/blogs/1614315937.png','cpap-bipap','People with the most common form of obstructive sleep apnea usually start treatment with CPAP or AutoCPAP. Bilevel, or BiPAP, is more often used to treat central sleep apnea, which is characterized by pauses in breathing without obstruction of the airway.','2021-01-23',NULL,'2021-06-05 04:49:33'),(2,'Syringe Pump','uploadImages/blogs/1614315948.png','syringe-pump','A syringe pump is a motor-driven precision pump that uses one or more syringes to deliver precise and accurate amounts of fluid in high-impact research environments. Types of Syringe Pumps There are two broad types of pumps: Laboratory syringe pump and Medical infusion pump.','2021-01-23',NULL,'2021-06-05 04:35:28'),(3,'Ventilator','uploadImages/blogs/1614315958.png','ventilator','A ventilator is a machine that provides mechanical ventilation by moving breathable air into and out of the lungs, to deliver breaths to a patient who is physically unable to breathe, or breathing insufficiently. Ventilators are computerized microprocessor-controlled machines, but patients can also be ventilated with a simple, hand-operated bag valve mask. Ventilators are chiefly used in intensive-care medicine, home care, and emergency medicine (as standalone units) and in anesthesiology (as a component of an anesthesia machine).','2021-01-23',NULL,'2021-06-05 04:38:58'),(4,'ECG','uploadImages/blogs/1614315968.png','ecg','An ECG records the rhythm and activity of the heart on a moving paper strip or line on a screen. In other words ECG machine is the physiological function detecting equipment to record waveform of electric activity of the heart.','2021-01-23',NULL,'2021-06-05 04:36:56'),(5,'Why 3-Ply Surgical Masks Are Safer Than Cloth Masks','uploadImages/blogs/1625471584.jpeg','-surgical-masks-are-safer-than-cloth-masks','Why 3-Ply Surgical Masks Are Safer Than Cloth Masks\r\n\r\nMasks are one of the most comprehensive measures for minimising the transmission of Viruses & Bacteria shed in droplets and aerosols. With the outbreak of COVID19, face masks have become crucial for everyone. Ranging from a common man to a medical professional, everybody is seen donning a mask, especially in public areas where the risk of contamination is much higher.\r\n\r\nOne has also been witnessing an ever-growing trend of matching the face mask with a variety of outfits. Contrary to the fashion statement it makes, cloth masks are highly risky and can put you and your loved ones in grave danger.\r\n\r\nAs per the U.S. FDA, Food & Drug Association, a surgical mask is a loose-fitting disposable mask that creates a barrier between the mouth & nose of the wearer and potential contaminants in the vicinity. Having said that, certified Surgical Masks are subjected to specific regulations and stringent quality control measures that are not possible in regular Cloth Masks.\r\n\r\nWe have tried to draw a comparison between the two to show you why one should opt only for certified 3-Ply Surgical Face Masks.\r\n\r\nComplete 3-Layer Protection\r\n\r\n3-Ply Surgical Face Masks have been extremely common amongst doctors, surgeons, and paramedical personnel for a long time. However, with the onset of Covid19, these have started gaining momentum among the general population as well. \r\n\r\nTo talk about the credibility of 3-Ply Surgical Face Masks, they boast of long-standing research against their cloth counterpart that doesnt have enough data to support their effectiveness. As the name suggests, 3-Ply Surgical Face Masks are engineered with a 3-layer technology that includes two layers of non-woven fabric with a protective layer of the melt-blown filter in the middle. These masks effectively protect the wearer from around 99% of Bacteria & Viruses shed in droplets and aerosols.\r\n\r\nCloth masks, on the other hand, do not have a melt-blown filter or multiple layers to provide adequate protection against splashes or large-particle droplets released in the air.\r\n\r\nProper Fit\r\n\r\nProper fit of a face mask is of utmost importance to prevent the seepage of any harmful airborne particles from the corners. One needs to make sure that the face and nose of the wearer are covered at all times. Licensed 3-Ply Surgical Face Masks guarantee an absolute snug fit experience thanks to their stretchable elastic ear loops and an adjustable nose bridge. This ensures no leakage from the edge of the mask, leaving the wearer secure and safe.\r\n\r\nOn the other hand, Cloth Masks are not disposable, and the stretchable elastic loops tend to loosen with time. These masks usually do not have a nose bridge, leaving a significant gap around the nose area.  \r\n\r\nWhile choosing a mask, one has to make sure that it\'s comfortable to avoid touching the front of the mask unnecessarily. Usually, this is the area that is most contaminated.\r\n\r\nDisposable\r\n\r\n3-Ply Surgical Face Masks are made for one-time use only. This makes them safer by reducing the risk of contamination. Masks may contain bacteria or viruses on the outside, and thus it is best recommended to dispose them of responsibly. Cloth masks, though laundered regularly, might not be able to wash out the bacteria completely.\r\n\r\nTroubled Breathing\r\n\r\nPeople suffering from asthma, sinusitis, or any other breathing difficulties can wear surgical masks for shorter periods. Cloth masks, especially those crafted from polyester or other synthetic fabrics, can be quite suffocating. 3-Ply Surgical masks are crafted from fine non-woven fabrics that make breathing easier.\r\n\r\nTo conclude, one can say that 3-Ply Face Masks are an effective way to prevent the spread of not only the novel Coronavirus, but also provide adequate protection against dust, pollutants, and other harmful elements present in the air. Wearing an effective mask is imperative to prevent the spread of the virus. Cloth masks, though fancy, are much less effective than the 3-Ply Face Masks. While choosing a mask, one has to consider the material it\'s made from, the comfort it guarantees, and most importantly the fit it offers.','2021-07-05','2021-07-05 05:23:04','2021-07-05 05:23:04');
/*!40000 ALTER TABLE `master_posts` ENABLE KEYS */;
UNLOCK TABLES;

--
-- Table structure for table `master_product_discount`
--

DROP TABLE IF EXISTS `master_product_discount`;
/*!40101 SET @saved_cs_client     = @@character_set_client */;
/*!50503 SET character_set_client = utf8mb4 */;
CREATE TABLE `master_product_discount` (
  `id` int unsigned NOT NULL AUTO_INCREMENT,
  `discount_type` varchar(191) CHARACTER SET utf8mb4 COLLATE utf8mb4_unicode_ci DEFAULT NULL,
  `percentage` varchar(191) CHARACTER SET utf8mb4 COLLATE utf8mb4_unicode_ci DEFAULT NULL,
  `discount_condition` varchar(191) CHARACTER SET utf8mb4 COLLATE utf8mb4_unicode_ci DEFAULT NULL,
  `discount_qty` varchar(191) CHARACTER SET utf8mb4 COLLATE utf8mb4_unicode_ci DEFAULT NULL,
  `discount_purchase` varchar(191) CHARACTER SET utf8mb4 COLLATE utf8mb4_unicode_ci DEFAULT NULL,
  `discount_by` varchar(191) CHARACTER SET utf8mb4 COLLATE utf8mb4_unicode_ci DEFAULT NULL,
  `status` tinyint(1) NOT NULL DEFAULT '0',
  `created_at` timestamp NULL DEFAULT NULL,
  `updated_at` timestamp NULL DEFAULT NULL,
  PRIMARY KEY (`id`)
) ENGINE=InnoDB DEFAULT CHARSET=utf8mb4 COLLATE=utf8mb4_unicode_ci ROW_FORMAT=DYNAMIC;
/*!40101 SET character_set_client = @saved_cs_client */;

--
-- Dumping data for table `master_product_discount`
--

LOCK TABLES `master_product_discount` WRITE;
/*!40000 ALTER TABLE `master_product_discount` DISABLE KEYS */;
/*!40000 ALTER TABLE `master_product_discount` ENABLE KEYS */;
UNLOCK TABLES;

--
-- Table structure for table `master_tabsection`
--

DROP TABLE IF EXISTS `master_tabsection`;
/*!40101 SET @saved_cs_client     = @@character_set_client */;
/*!50503 SET character_set_client = utf8mb4 */;
CREATE TABLE `master_tabsection` (
  `id` int unsigned NOT NULL AUTO_INCREMENT,
  `category_id` varchar(191) CHARACTER SET utf8mb4 COLLATE utf8mb4_unicode_ci DEFAULT NULL,
  `created_at` timestamp NULL DEFAULT NULL,
  `updated_at` timestamp NULL DEFAULT NULL,
  PRIMARY KEY (`id`)
) ENGINE=InnoDB AUTO_INCREMENT=2 DEFAULT CHARSET=utf8mb4 COLLATE=utf8mb4_unicode_ci ROW_FORMAT=DYNAMIC;
/*!40101 SET character_set_client = @saved_cs_client */;

--
-- Dumping data for table `master_tabsection`
--

LOCK TABLES `master_tabsection` WRITE;
/*!40000 ALTER TABLE `master_tabsection` DISABLE KEYS */;
INSERT INTO `master_tabsection` VALUES (1,'','2021-03-30 21:36:18','2021-05-19 06:10:08');
/*!40000 ALTER TABLE `master_tabsection` ENABLE KEYS */;
UNLOCK TABLES;

--
-- Table structure for table `master_testinominal`
--

DROP TABLE IF EXISTS `master_testinominal`;
/*!40101 SET @saved_cs_client     = @@character_set_client */;
/*!50503 SET character_set_client = utf8mb4 */;
CREATE TABLE `master_testinominal` (
  `id` bigint unsigned NOT NULL AUTO_INCREMENT,
  `title` varchar(100) CHARACTER SET utf8mb4 COLLATE utf8mb4_unicode_ci DEFAULT NULL,
  `image` varchar(100) CHARACTER SET utf8mb4 COLLATE utf8mb4_unicode_ci DEFAULT NULL,
  `desc` longtext CHARACTER SET utf8mb4 COLLATE utf8mb4_unicode_ci,
  `date` date DEFAULT NULL,
  `created_at` timestamp NULL DEFAULT CURRENT_TIMESTAMP,
  `updated_at` timestamp NULL DEFAULT CURRENT_TIMESTAMP ON UPDATE CURRENT_TIMESTAMP,
  PRIMARY KEY (`id`)
) ENGINE=InnoDB AUTO_INCREMENT=12 DEFAULT CHARSET=utf8mb4 COLLATE=utf8mb4_unicode_ci ROW_FORMAT=DYNAMIC;
/*!40101 SET character_set_client = @saved_cs_client */;

--
-- Dumping data for table `master_testinominal`
--

LOCK TABLES `master_testinominal` WRITE;
/*!40000 ALTER TABLE `master_testinominal` DISABLE KEYS */;
INSERT INTO `master_testinominal` VALUES (2,'Nancy Rice','uploadImages/testinominal/1614315987.png','Lorem Ipsum is simply dummy text of the printing and typesetting industry. Lorem Ipsum has been1500s.','2021-01-01',NULL,'2021-08-14 10:37:26'),(3,'Julian Fernandez','uploadImages/testinominal/1614315997.png','Lorem Ipsum is simply dummy text of the printing and typesetting industry. Lorem Ipsum has been1500s.','2021-01-01',NULL,'2021-08-14 10:37:26'),(5,'Jordan Porter','uploadImages/testinominal/1614316007.png','Lorem Ipsum is simply dummy text of the printing and typesetting industry. Lorem Ipsum has been1500s.','2021-01-23','2021-01-23 05:40:54','2021-08-14 10:37:26'),(6,'Magentech','uploadImages/testinominal/1614316016.png','Lorem Ipsum is simply dummy text of the printing and typesetting industry. Lorem Ipsum has been1500s.','2021-01-23','2021-01-23 05:41:28','2021-08-14 10:37:26'),(7,'Kuldeep Panchal','uploadImages/testinominal/1614316026.png','Lorem Ipsum is simply dummy text of the printing and typesetting industry. Lorem Ipsum has been1500s.','2021-01-23','2021-01-23 05:42:43','2021-08-14 10:37:26'),(8,'Sandeep Chouhan','uploadImages/testinominal/1614316038.png','Lorem Ipsum is simply dummy text of the printing and typesetting industry. Lorem Ipsum has been1500s.','2021-01-23','2021-01-23 05:43:10','2021-08-14 10:37:26'),(10,'Kishan Parikh','uploadImages/testinominal/1614316048.png','Lorem Ipsum is simply dummy text of the printing and typesetting industry. Lorem Ipsum has been1500s.','2021-01-23','2021-01-23 05:44:10','2021-08-14 10:37:26'),(11,'Ravindra Radadiya','uploadImages/testinominal/1625471262.jpeg','we buy product of plastic gloves from Zepomart.','2021-07-05','2021-07-05 05:17:42','2021-08-14 10:37:26');
/*!40000 ALTER TABLE `master_testinominal` ENABLE KEYS */;
UNLOCK TABLES;

--
-- Table structure for table `master_zip_codes`
--

DROP TABLE IF EXISTS `master_zip_codes`;
/*!40101 SET @saved_cs_client     = @@character_set_client */;
/*!50503 SET character_set_client = utf8mb4 */;
CREATE TABLE `master_zip_codes` (
  `id` int unsigned NOT NULL AUTO_INCREMENT,
  `area_name` varchar(191) CHARACTER SET utf8mb4 COLLATE utf8mb4_unicode_ci DEFAULT NULL,
  `zipcode` varchar(191) CHARACTER SET utf8mb4 COLLATE utf8mb4_unicode_ci NOT NULL,
  `status` tinyint(1) NOT NULL DEFAULT '0',
  `created_at` timestamp NULL DEFAULT NULL,
  `updated_at` timestamp NULL DEFAULT NULL,
  PRIMARY KEY (`id`),
  UNIQUE KEY `master_zip_codes_zipcode_unique` (`zipcode`)
) ENGINE=InnoDB AUTO_INCREMENT=10 DEFAULT CHARSET=utf8mb4 COLLATE=utf8mb4_unicode_ci ROW_FORMAT=DYNAMIC;
/*!40101 SET character_set_client = @saved_cs_client */;

--
-- Dumping data for table `master_zip_codes`
--

LOCK TABLES `master_zip_codes` WRITE;
/*!40000 ALTER TABLE `master_zip_codes` DISABLE KEYS */;
INSERT INTO `master_zip_codes` VALUES (1,'Law Garden Ahmedabad','380009',1,'2021-03-24 19:49:40','2021-03-24 19:49:40'),(3,'Vejalpur Ahmadabad','380051',1,'2021-03-24 19:52:37','2021-03-24 19:52:37'),(4,'Vastral Ahmedabad','382418',1,'2021-03-24 19:54:12','2021-04-04 19:38:40'),(5,'Vastrapur Ahmedabad','380059',1,'2021-03-24 19:55:24','2021-03-24 19:55:24'),(6,'BapuNagar','380024',0,'2021-03-26 21:54:03','2021-04-04 19:39:24'),(7,'Amreli','365455',1,'2021-04-04 19:41:01','2021-04-04 19:41:01'),(8,'savarkundla','364515',1,'2021-04-04 19:42:13','2021-04-14 02:55:52'),(9,'Killa-Pardi','396125',1,'2021-08-04 14:31:25','2021-08-04 14:31:25');
/*!40000 ALTER TABLE `master_zip_codes` ENABLE KEYS */;
UNLOCK TABLES;

--
-- Table structure for table `migrations`
--

DROP TABLE IF EXISTS `migrations`;
/*!40101 SET @saved_cs_client     = @@character_set_client */;
/*!50503 SET character_set_client = utf8mb4 */;
CREATE TABLE `migrations` (
  `id` int unsigned NOT NULL AUTO_INCREMENT,
  `migration` varchar(191) CHARACTER SET utf8mb4 COLLATE utf8mb4_unicode_ci NOT NULL,
  `batch` int NOT NULL,
  PRIMARY KEY (`id`)
) ENGINE=InnoDB AUTO_INCREMENT=200 DEFAULT CHARSET=utf8mb4 COLLATE=utf8mb4_unicode_ci ROW_FORMAT=DYNAMIC;
/*!40101 SET character_set_client = @saved_cs_client */;

--
-- Dumping data for table `migrations`
--

LOCK TABLES `migrations` WRITE;
/*!40000 ALTER TABLE `migrations` DISABLE KEYS */;
INSERT INTO `migrations` VALUES (1,'2014_10_12_000000_create_users_table',1),(2,'2014_10_12_100000_create_admin_password_resets_table',1),(3,'2014_10_12_100000_create_password_resets_table',1),(4,'2018_06_12_111907_create_admins_table',1),(5,'2018_06_13_055341_create_roles_table',1),(6,'2018_07_05_130148_create_attributes_table',1),(7,'2018_07_05_132854_create_attribute_translations_table',1),(8,'2018_07_05_135150_create_attribute_families_table',1),(9,'2018_07_05_135152_create_attribute_groups_table',1),(10,'2018_07_05_140832_create_attribute_options_table',1),(11,'2018_07_05_140856_create_attribute_option_translations_table',1),(12,'2018_07_05_142820_create_categories_table',1),(13,'2018_07_10_055143_create_locales_table',1),(14,'2018_07_20_054426_create_countries_table',1),(15,'2018_07_20_054502_create_currencies_table',1),(16,'2018_07_20_054542_create_currency_exchange_rates_table',1),(17,'2018_07_20_064849_create_channels_table',1),(18,'2018_07_21_142836_create_category_translations_table',1),(19,'2018_07_23_110040_create_inventory_sources_table',1),(20,'2018_07_24_082635_create_customer_groups_table',1),(21,'2018_07_24_082930_create_customers_table',1),(22,'2018_07_24_083025_create_customer_addresses_table',1),(23,'2018_07_27_065727_create_products_table',1),(24,'2018_07_27_070011_create_product_attribute_values_table',1),(25,'2018_07_27_092623_create_product_reviews_table',1),(26,'2018_07_27_113941_create_product_images_table',1),(27,'2018_07_27_113956_create_product_inventories_table',1),(28,'2018_08_03_114203_create_sliders_table',1),(29,'2018_08_30_064755_create_tax_categories_table',1),(30,'2018_08_30_065042_create_tax_rates_table',1),(31,'2018_08_30_065840_create_tax_mappings_table',1),(32,'2018_09_05_150444_create_cart_table',1),(33,'2018_09_05_150915_create_cart_items_table',1),(34,'2018_09_11_064045_customer_password_resets',1),(35,'2018_09_19_092845_create_cart_address',1),(36,'2018_09_19_093453_create_cart_payment',1),(37,'2018_09_19_093508_create_cart_shipping_rates_table',1),(38,'2018_09_20_060658_create_core_config_table',1),(39,'2018_09_27_113154_create_orders_table',1),(40,'2018_09_27_113207_create_order_items_table',1),(41,'2018_09_27_113405_create_order_address_table',1),(42,'2018_09_27_115022_create_shipments_table',1),(43,'2018_09_27_115029_create_shipment_items_table',1),(44,'2018_09_27_115135_create_invoices_table',1),(45,'2018_09_27_115144_create_invoice_items_table',1),(46,'2018_10_01_095504_create_order_payment_table',1),(47,'2018_10_03_025230_create_wishlist_table',1),(48,'2018_10_12_101803_create_country_translations_table',1),(49,'2018_10_12_101913_create_country_states_table',1),(50,'2018_10_12_101923_create_country_state_translations_table',1),(51,'2018_11_15_153257_alter_order_table',1),(52,'2018_11_15_163729_alter_invoice_table',1),(53,'2018_11_16_173504_create_subscribers_list_table',1),(54,'2018_11_17_165758_add_is_verified_column_in_customers_table',1),(55,'2018_11_21_144411_create_cart_item_inventories_table',1),(56,'2018_11_26_110500_change_gender_column_in_customers_table',1),(57,'2018_11_27_174449_change_content_column_in_sliders_table',1),(58,'2018_12_05_132625_drop_foreign_key_core_config_table',1),(59,'2018_12_05_132629_alter_core_config_table',1),(60,'2018_12_06_185202_create_product_flat_table',1),(61,'2018_12_21_101307_alter_channels_table',1),(62,'2018_12_24_123812_create_channel_inventory_sources_table',1),(63,'2018_12_24_184402_alter_shipments_table',1),(64,'2018_12_26_165327_create_product_ordered_inventories_table',1),(65,'2018_12_31_161114_alter_channels_category_table',1),(66,'2019_01_11_122452_add_vendor_id_column_in_product_inventories_table',1),(67,'2019_01_25_124522_add_updated_at_column_in_product_flat_table',1),(68,'2019_01_29_123053_add_min_price_and_max_price_column_in_product_flat_table',1),(69,'2019_01_31_164117_update_value_column_type_to_text_in_core_config_table',1),(70,'2019_02_21_145238_alter_product_reviews_table',1),(71,'2019_02_21_152709_add_swatch_type_column_in_attributes_table',1),(72,'2019_02_21_153035_alter_customer_id_in_product_reviews_table',1),(73,'2019_02_21_153851_add_swatch_value_columns_in_attribute_options_table',1),(74,'2019_03_15_123337_add_display_mode_column_in_categories_table',1),(75,'2019_03_28_103658_add_notes_column_in_customers_table',1),(76,'2019_04_24_155820_alter_product_flat_table',1),(77,'2019_05_13_024320_remove_tables',1),(78,'2019_05_13_024321_create_cart_rules_table',1),(79,'2019_05_13_024322_create_cart_rule_channels_table',1),(80,'2019_05_13_024323_create_cart_rule_customer_groups_table',1),(81,'2019_05_13_024324_create_cart_rule_translations_table',1),(82,'2019_05_13_024325_create_cart_rule_customers_table',1),(83,'2019_05_13_024326_create_cart_rule_coupons_table',1),(84,'2019_05_13_024327_create_cart_rule_coupon_usage_table',1),(85,'2019_05_22_165833_update_zipcode_column_type_to_varchar_in_cart_address_table',1),(86,'2019_05_23_113407_add_remaining_column_in_product_flat_table',1),(87,'2019_05_23_155520_add_discount_columns_in_invoice_items_table',1),(88,'2019_05_23_184029_rename_discount_columns_in_cart_table',1),(89,'2019_06_04_114009_add_phone_column_in_customers_table',1),(90,'2019_06_06_195905_update_custom_price_to_nullable_in_cart_items',1),(91,'2019_06_15_183412_add_code_column_in_customer_groups_table',1),(92,'2019_06_17_180258_create_product_downloadable_samples_table',1),(93,'2019_06_17_180314_create_product_downloadable_sample_translations_table',1),(94,'2019_06_17_180325_create_product_downloadable_links_table',1),(95,'2019_06_17_180346_create_product_downloadable_link_translations_table',1),(96,'2019_06_19_162817_remove_unique_in_phone_column_in_customers_table',1),(97,'2019_06_21_130512_update_weight_column_deafult_value_in_cart_items_table',1),(98,'2019_06_21_202249_create_downloadable_link_purchased_table',1),(99,'2019_07_02_180307_create_booking_products_table',1),(100,'2019_07_05_114157_add_symbol_column_in_currencies_table',1),(101,'2019_07_05_154415_create_booking_product_default_slots_table',1),(102,'2019_07_05_154429_create_booking_product_appointment_slots_table',1),(103,'2019_07_05_154440_create_booking_product_event_tickets_table',1),(104,'2019_07_05_154451_create_booking_product_rental_slots_table',1),(105,'2019_07_05_154502_create_booking_product_table_slots_table',1),(106,'2019_07_11_151210_add_locale_id_in_category_translations',1),(107,'2019_07_23_033128_alter_locales_table',1),(108,'2019_07_23_174708_create_velocity_contents_table',1),(109,'2019_07_23_175212_create_velocity_contents_translations_table',1),(110,'2019_07_29_142734_add_use_in_flat_column_in_attributes_table',1),(111,'2019_07_30_153530_create_cms_pages_table',1),(112,'2019_07_31_143339_create_category_filterable_attributes_table',1),(113,'2019_08_02_105320_create_product_grouped_products_table',1),(114,'2019_08_12_184925_add_additional_cloumn_in_wishlist_table',1),(115,'2019_08_20_170510_create_product_bundle_options_table',1),(116,'2019_08_20_170520_create_product_bundle_option_translations_table',1),(117,'2019_08_20_170528_create_product_bundle_option_products_table',1),(118,'2019_08_21_123707_add_seo_column_in_channels_table',1),(119,'2019_09_11_184511_create_refunds_table',1),(120,'2019_09_11_184519_create_refund_items_table',1),(121,'2019_09_26_163950_remove_channel_id_from_customers_table',1),(122,'2019_10_03_105451_change_rate_column_in_currency_exchange_rates_table',1),(123,'2019_10_21_105136_order_brands',1),(124,'2019_10_24_173358_change_postcode_column_type_in_order_address_table',1),(125,'2019_10_24_173437_change_postcode_column_type_in_cart_address_table',1),(126,'2019_10_24_173507_change_postcode_column_type_in_customer_addresses_table',1),(127,'2019_11_21_194541_add_column_url_path_to_category_translations',1),(128,'2019_11_21_194608_add_stored_function_to_get_url_path_of_category',1),(129,'2019_11_21_194627_add_trigger_to_category_translations',1),(130,'2019_11_21_194648_add_url_path_to_existing_category_translations',1),(131,'2019_11_21_194703_add_trigger_to_categories',1),(132,'2019_11_25_171136_add_applied_cart_rule_ids_column_in_cart_table',1),(133,'2019_11_25_171208_add_applied_cart_rule_ids_column_in_cart_items_table',1),(134,'2019_11_30_124437_add_applied_cart_rule_ids_column_in_orders_table',1),(135,'2019_11_30_165644_add_discount_columns_in_cart_shipping_rates_table',1),(136,'2019_12_03_175253_create_remove_catalog_rule_tables',1),(137,'2019_12_03_184613_create_catalog_rules_table',1),(138,'2019_12_03_184651_create_catalog_rule_channels_table',1),(139,'2019_12_03_184732_create_catalog_rule_customer_groups_table',1),(140,'2019_12_06_101110_create_catalog_rule_products_table',1),(141,'2019_12_06_110507_create_catalog_rule_product_prices_table',1),(142,'2019_12_30_155256_create_velocity_meta_data',1),(143,'2020_01_02_201029_add_api_token_columns',1),(144,'2020_01_06_173505_alter_trigger_category_translations',1),(145,'2020_01_06_173524_alter_stored_function_url_path_category',1),(146,'2020_01_06_195305_alter_trigger_on_categories',1),(147,'2020_01_09_154851_add_shipping_discount_columns_in_orders_table',1),(148,'2020_01_09_202815_add_inventory_source_name_column_in_shipments_table',1),(149,'2020_01_10_122226_update_velocity_meta_data',1),(150,'2020_01_10_151902_customer_address_improvements',1),(151,'2020_01_13_131431_alter_float_value_column_type_in_product_attribute_values_table',1),(152,'2020_01_13_155803_add_velocity_locale_icon',1),(153,'2020_01_13_192149_add_category_velocity_meta_data',1),(154,'2020_01_14_191854_create_cms_page_translations_table',1),(155,'2020_01_14_192206_remove_columns_from_cms_pages_table',1),(156,'2020_01_15_130209_create_cms_page_channels_table',1),(157,'2020_01_15_145637_add_product_policy',1),(158,'2020_01_15_152121_add_banner_link',1),(159,'2020_01_28_102422_add_new_column_and_rename_name_column_in_customer_addresses_table',1),(160,'2020_01_29_124748_alter_name_column_in_country_state_translations_table',1),(161,'2020_02_18_165639_create_bookings_table',1),(162,'2020_02_21_121201_create_booking_product_event_ticket_translations_table',1),(163,'2020_02_24_190025_add_is_comparable_column_in_attributes_table',1),(164,'2020_02_25_181902_propagate_company_name',1),(165,'2020_02_26_163908_change_column_type_in_cart_rules_table',1),(166,'2020_02_28_105104_fix_order_columns',1),(167,'2020_02_28_111958_create_customer_compare_products_table',1),(168,'2020_03_23_201431_alter_booking_products_table',1),(169,'2020_04_13_224524_add_locale_in_sliders_table',1),(170,'2020_04_16_130351_remove_channel_from_tax_category',1),(171,'2020_04_16_185147_add_table_addresses',1),(172,'2020_05_06_171638_create_order_comments_table',1),(173,'2020_05_21_171500_create_product_customer_group_prices_table',1),(174,'2020_06_08_161708_add_sale_prices_to_booking_product_event_tickets',1),(175,'2020_06_10_201453_add_locale_velocity_meta_data',1),(176,'2020_06_25_162154_create_customer_social_accounts_table',1),(177,'2020_06_25_162340_change_email_password_columns_in_customers_table',1),(178,'2020_06_30_163510_remove_unique_name_in_tax_categories_table',1),(179,'2020_07_31_142021_update_cms_page_translations_table_field_html_content',1),(180,'2020_08_01_132239_add_header_content_count_velocity_meta_data_table',1),(181,'2020_08_12_114128_removing_foriegn_key',1),(182,'2020_08_17_104228_add_channel_to_velocity_meta_data_table',1),(183,'2020_09_07_120413_add_unique_index_to_increment_id_in_orders_table',1),(184,'2020_09_07_195157_add_additional_to_category',1),(189,'2021_01_13_155941_create_posts',2),(190,'2021_01_18_155725_testinominal',2),(191,'2021_01_19_193136_create_offers_table',3),(192,'2021_02_13_102521_order_transaction',4),(193,'2021_02_19_114417_create_support_tickets_table',5),(194,'2021_02_22_143225_master_festival_product',5),(195,'2021_03_23_144808_create_zip_codes_table',6),(196,'2021_03_27_130146_create_tabsection_table',7),(197,'2021_04_06_172633_create_product_discount_table',7),(198,'2021_05_03_114856_create_offer_gallary_table',7),(199,'2021_06_26_164108_create_customer_product_price_table',8);
/*!40000 ALTER TABLE `migrations` ENABLE KEYS */;
UNLOCK TABLES;

--
-- Table structure for table `order_brands`
--

DROP TABLE IF EXISTS `order_brands`;
/*!40101 SET @saved_cs_client     = @@character_set_client */;
/*!50503 SET character_set_client = utf8mb4 */;
CREATE TABLE `order_brands` (
  `id` int unsigned NOT NULL AUTO_INCREMENT,
  `order_id` int unsigned DEFAULT NULL,
  `order_item_id` int unsigned DEFAULT NULL,
  `product_id` int unsigned DEFAULT NULL,
  `brand` int unsigned DEFAULT NULL,
  `created_at` timestamp NULL DEFAULT NULL,
  `updated_at` timestamp NULL DEFAULT NULL,
  PRIMARY KEY (`id`),
  KEY `order_brands_order_id_foreign` (`order_id`),
  KEY `order_brands_order_item_id_foreign` (`order_item_id`),
  KEY `order_brands_product_id_foreign` (`product_id`),
  KEY `order_brands_brand_foreign` (`brand`)
) ENGINE=InnoDB AUTO_INCREMENT=2 DEFAULT CHARSET=utf8mb4 COLLATE=utf8mb4_unicode_ci ROW_FORMAT=DYNAMIC;
/*!40101 SET character_set_client = @saved_cs_client */;

--
-- Dumping data for table `order_brands`
--

LOCK TABLES `order_brands` WRITE;
/*!40000 ALTER TABLE `order_brands` DISABLE KEYS */;
INSERT INTO `order_brands` VALUES (1,1,1,185,21,'2021-08-27 12:59:43','2021-08-27 12:59:43');
/*!40000 ALTER TABLE `order_brands` ENABLE KEYS */;
UNLOCK TABLES;

--
-- Table structure for table `order_comments`
--

DROP TABLE IF EXISTS `order_comments`;
/*!40101 SET @saved_cs_client     = @@character_set_client */;
/*!50503 SET character_set_client = utf8mb4 */;
CREATE TABLE `order_comments` (
  `id` int unsigned NOT NULL AUTO_INCREMENT,
  `comment` text CHARACTER SET utf8mb4 COLLATE utf8mb4_unicode_ci NOT NULL,
  `customer_notified` tinyint(1) NOT NULL DEFAULT '0',
  `order_id` int unsigned DEFAULT NULL,
  `created_at` timestamp NULL DEFAULT NULL,
  `updated_at` timestamp NULL DEFAULT NULL,
  PRIMARY KEY (`id`),
  KEY `order_comments_order_id_foreign` (`order_id`)
) ENGINE=InnoDB AUTO_INCREMENT=5 DEFAULT CHARSET=utf8mb4 COLLATE=utf8mb4_unicode_ci ROW_FORMAT=DYNAMIC;
/*!40101 SET character_set_client = @saved_cs_client */;

--
-- Dumping data for table `order_comments`
--

LOCK TABLES `order_comments` WRITE;
/*!40000 ALTER TABLE `order_comments` DISABLE KEYS */;
INSERT INTO `order_comments` VALUES (4,'dferfe',1,1,'2021-08-27 13:10:37','2021-08-27 13:10:37');
/*!40000 ALTER TABLE `order_comments` ENABLE KEYS */;
UNLOCK TABLES;

--
-- Table structure for table `order_items`
--

DROP TABLE IF EXISTS `order_items`;
/*!40101 SET @saved_cs_client     = @@character_set_client */;
/*!50503 SET character_set_client = utf8mb4 */;
CREATE TABLE `order_items` (
  `id` int unsigned NOT NULL AUTO_INCREMENT,
  `sku` varchar(191) CHARACTER SET utf8mb4 COLLATE utf8mb4_unicode_ci DEFAULT NULL,
  `type` varchar(191) CHARACTER SET utf8mb4 COLLATE utf8mb4_unicode_ci DEFAULT NULL,
  `name` varchar(191) CHARACTER SET utf8mb4 COLLATE utf8mb4_unicode_ci DEFAULT NULL,
  `coupon_code` varchar(191) CHARACTER SET utf8mb4 COLLATE utf8mb4_unicode_ci DEFAULT NULL,
  `weight` decimal(12,4) DEFAULT '0.0000',
  `total_weight` decimal(12,4) DEFAULT '0.0000',
  `qty_ordered` int DEFAULT '0',
  `qty_shipped` int DEFAULT '0',
  `qty_invoiced` int DEFAULT '0',
  `qty_canceled` int DEFAULT '0',
  `qty_refunded` int DEFAULT '0',
  `price` decimal(12,4) NOT NULL DEFAULT '0.0000',
  `base_price` decimal(12,4) NOT NULL DEFAULT '0.0000',
  `total` decimal(12,4) NOT NULL DEFAULT '0.0000',
  `base_total` decimal(12,4) NOT NULL DEFAULT '0.0000',
  `total_invoiced` decimal(12,4) NOT NULL DEFAULT '0.0000',
  `base_total_invoiced` decimal(12,4) NOT NULL DEFAULT '0.0000',
  `amount_refunded` decimal(12,4) NOT NULL DEFAULT '0.0000',
  `base_amount_refunded` decimal(12,4) NOT NULL DEFAULT '0.0000',
  `discount_percent` decimal(12,4) DEFAULT '0.0000',
  `discount_amount` decimal(12,4) DEFAULT '0.0000',
  `base_discount_amount` decimal(12,4) DEFAULT '0.0000',
  `discount_invoiced` decimal(12,4) DEFAULT '0.0000',
  `base_discount_invoiced` decimal(12,4) DEFAULT '0.0000',
  `discount_refunded` decimal(12,4) DEFAULT '0.0000',
  `base_discount_refunded` decimal(12,4) DEFAULT '0.0000',
  `tax_percent` decimal(12,4) DEFAULT '0.0000',
  `tax_amount` decimal(12,4) DEFAULT '0.0000',
  `base_tax_amount` decimal(12,4) DEFAULT '0.0000',
  `tax_amount_invoiced` decimal(12,4) DEFAULT '0.0000',
  `base_tax_amount_invoiced` decimal(12,4) DEFAULT '0.0000',
  `tax_amount_refunded` decimal(12,4) DEFAULT '0.0000',
  `base_tax_amount_refunded` decimal(12,4) DEFAULT '0.0000',
  `product_id` int unsigned DEFAULT NULL,
  `product_type` varchar(191) CHARACTER SET utf8mb4 COLLATE utf8mb4_unicode_ci DEFAULT NULL,
  `order_id` int unsigned DEFAULT NULL,
  `parent_id` int unsigned DEFAULT NULL,
  `additional` longtext CHARACTER SET utf8mb4 COLLATE utf8mb4_bin,
  `created_at` timestamp NULL DEFAULT NULL,
  `updated_at` timestamp NULL DEFAULT NULL,
  PRIMARY KEY (`id`),
  KEY `order_items_order_id_foreign` (`order_id`),
  KEY `order_items_parent_id_foreign` (`parent_id`)
) ENGINE=InnoDB AUTO_INCREMENT=3 DEFAULT CHARSET=utf8mb4 COLLATE=utf8mb4_unicode_ci ROW_FORMAT=DYNAMIC;
/*!40101 SET character_set_client = @saved_cs_client */;

--
-- Dumping data for table `order_items`
--

LOCK TABLES `order_items` WRITE;
/*!40000 ALTER TABLE `order_items` DISABLE KEYS */;
INSERT INTO `order_items` VALUES (1,'zpdfm3ec','configurable','C-Cure 3 Ply Elastic Mask for Child 50Pcs./Box ',NULL,0.0000,0.0000,4,0,4,0,0,300.0000,300.0000,1200.0000,1200.0000,1200.0000,1200.0000,0.0000,0.0000,0.0000,0.0000,0.0000,0.0000,0.0000,0.0000,0.0000,0.0000,0.0000,0.0000,0.0000,0.0000,0.0000,0.0000,185,'Webkul\\Product\\Models\\Product',1,NULL,'{\"is_buy_now\":\"0\",\"_token\":\"dnf8Gq3QbGYp2DRThFZuFxP4ksSYO6FOSWMlTkTW\",\"product_id\":\"185\",\"zipcode\":\"\",\"quantity\":\"4\",\"selected_configurable_option\":\"186\",\"super_attribute\":{\"23\":\"5\"},\"status\":0,\"attributes\":{\"color\":{\"attribute_name\":\"Color\",\"option_id\":5,\"option_label\":\"White\"}},\"locale\":\"en\"}','2021-08-27 12:59:36','2021-08-27 13:09:59'),(2,'zpdfm3ec-variant-5','simple','C-Cure 3 Ply Elastic Mask for Child 50Pcs./Box ',NULL,0.0000,0.0000,0,0,4,0,0,1.0000,0.0000,0.0000,0.0000,4.0000,0.0000,0.0000,0.0000,0.0000,0.0000,0.0000,0.0000,0.0000,0.0000,0.0000,0.0000,0.0000,0.0000,0.0000,0.0000,0.0000,0.0000,186,'Webkul\\Product\\Models\\Product',1,1,'{\"product_id\":186,\"parent_id\":185,\"locale\":\"en\"}','2021-08-27 12:59:36','2021-08-27 13:09:59');
/*!40000 ALTER TABLE `order_items` ENABLE KEYS */;
UNLOCK TABLES;

--
-- Table structure for table `order_payment`
--

DROP TABLE IF EXISTS `order_payment`;
/*!40101 SET @saved_cs_client     = @@character_set_client */;
/*!50503 SET character_set_client = utf8mb4 */;
CREATE TABLE `order_payment` (
  `id` int unsigned NOT NULL AUTO_INCREMENT,
  `method` varchar(191) CHARACTER SET utf8mb4 COLLATE utf8mb4_unicode_ci NOT NULL,
  `method_title` varchar(191) CHARACTER SET utf8mb4 COLLATE utf8mb4_unicode_ci DEFAULT NULL,
  `order_id` int unsigned DEFAULT NULL,
  `created_at` timestamp NULL DEFAULT NULL,
  `updated_at` timestamp NULL DEFAULT NULL,
  PRIMARY KEY (`id`),
  KEY `order_payment_order_id_foreign` (`order_id`)
) ENGINE=InnoDB AUTO_INCREMENT=2 DEFAULT CHARSET=utf8mb4 COLLATE=utf8mb4_unicode_ci ROW_FORMAT=DYNAMIC;
/*!40101 SET character_set_client = @saved_cs_client */;

--
-- Dumping data for table `order_payment`
--

LOCK TABLES `order_payment` WRITE;
/*!40000 ALTER TABLE `order_payment` DISABLE KEYS */;
INSERT INTO `order_payment` VALUES (1,'cashondelivery',NULL,1,'2021-08-27 12:59:36','2021-08-27 12:59:36');
/*!40000 ALTER TABLE `order_payment` ENABLE KEYS */;
UNLOCK TABLES;

--
-- Table structure for table `order_transaction`
--

DROP TABLE IF EXISTS `order_transaction`;
/*!40101 SET @saved_cs_client     = @@character_set_client */;
/*!50503 SET character_set_client = utf8mb4 */;
CREATE TABLE `order_transaction` (
  `id` int unsigned NOT NULL AUTO_INCREMENT,
  `order_id` int DEFAULT NULL,
  `cart_id` int DEFAULT NULL,
  `payment_id` varchar(250) CHARACTER SET utf8mb4 COLLATE utf8mb4_unicode_ci DEFAULT NULL,
  `transaction_payment_id` varchar(250) CHARACTER SET utf8mb4 COLLATE utf8mb4_unicode_ci DEFAULT NULL,
  `is_guest` tinyint(1) DEFAULT NULL,
  `customer_first_name` varchar(191) CHARACTER SET utf8mb4 COLLATE utf8mb4_unicode_ci DEFAULT NULL,
  `customer_last_name` varchar(191) CHARACTER SET utf8mb4 COLLATE utf8mb4_unicode_ci DEFAULT NULL,
  `customer_id` int DEFAULT NULL,
  `customer_email` varchar(200) CHARACTER SET utf8mb4 COLLATE utf8mb4_unicode_ci DEFAULT NULL,
  `customer_contact` varchar(200) CHARACTER SET utf8mb4 COLLATE utf8mb4_unicode_ci DEFAULT NULL,
  `sub_total` decimal(12,4) NOT NULL DEFAULT '0.0000',
  `grand_total` decimal(12,4) NOT NULL DEFAULT '0.0000',
  `amount` decimal(12,4) NOT NULL DEFAULT '0.0000',
  `amount_captured` varchar(10) CHARACTER SET utf8mb4 COLLATE utf8mb4_unicode_ci DEFAULT NULL,
  `payment_method` varchar(200) CHARACTER SET utf8mb4 COLLATE utf8mb4_unicode_ci DEFAULT NULL,
  `pay_method` varchar(200) CHARACTER SET utf8mb4 COLLATE utf8mb4_unicode_ci DEFAULT NULL,
  `currency` varchar(200) CHARACTER SET utf8mb4 COLLATE utf8mb4_unicode_ci DEFAULT NULL,
  `payment_status` varchar(200) CHARACTER SET utf8mb4 COLLATE utf8mb4_unicode_ci DEFAULT NULL,
  `payment_error` text CHARACTER SET utf8mb4 COLLATE utf8mb4_unicode_ci,
  `date` date DEFAULT NULL,
  `created_at` timestamp NULL DEFAULT NULL,
  `updated_at` timestamp NULL DEFAULT NULL,
  PRIMARY KEY (`id`)
) ENGINE=InnoDB DEFAULT CHARSET=utf8mb4 COLLATE=utf8mb4_unicode_ci ROW_FORMAT=DYNAMIC;
/*!40101 SET character_set_client = @saved_cs_client */;

--
-- Dumping data for table `order_transaction`
--

LOCK TABLES `order_transaction` WRITE;
/*!40000 ALTER TABLE `order_transaction` DISABLE KEYS */;
/*!40000 ALTER TABLE `order_transaction` ENABLE KEYS */;
UNLOCK TABLES;

--
-- Table structure for table `orders`
--

DROP TABLE IF EXISTS `orders`;
/*!40101 SET @saved_cs_client     = @@character_set_client */;
/*!50503 SET character_set_client = utf8mb4 */;
CREATE TABLE `orders` (
  `id` int unsigned NOT NULL AUTO_INCREMENT,
  `increment_id` varchar(191) CHARACTER SET utf8mb4 COLLATE utf8mb4_unicode_ci NOT NULL,
  `status` varchar(191) CHARACTER SET utf8mb4 COLLATE utf8mb4_unicode_ci DEFAULT NULL,
  `channel_name` varchar(191) CHARACTER SET utf8mb4 COLLATE utf8mb4_unicode_ci DEFAULT NULL,
  `is_guest` tinyint(1) DEFAULT NULL,
  `customer_email` varchar(191) CHARACTER SET utf8mb4 COLLATE utf8mb4_unicode_ci DEFAULT NULL,
  `customer_first_name` varchar(191) CHARACTER SET utf8mb4 COLLATE utf8mb4_unicode_ci DEFAULT NULL,
  `customer_last_name` varchar(191) CHARACTER SET utf8mb4 COLLATE utf8mb4_unicode_ci DEFAULT NULL,
  `customer_company_name` varchar(191) CHARACTER SET utf8mb4 COLLATE utf8mb4_unicode_ci DEFAULT NULL,
  `customer_vat_id` varchar(191) CHARACTER SET utf8mb4 COLLATE utf8mb4_unicode_ci DEFAULT NULL,
  `shipping_method` varchar(191) CHARACTER SET utf8mb4 COLLATE utf8mb4_unicode_ci DEFAULT NULL,
  `shipping_title` varchar(191) CHARACTER SET utf8mb4 COLLATE utf8mb4_unicode_ci DEFAULT NULL,
  `shipping_description` varchar(191) CHARACTER SET utf8mb4 COLLATE utf8mb4_unicode_ci DEFAULT NULL,
  `coupon_code` varchar(191) CHARACTER SET utf8mb4 COLLATE utf8mb4_unicode_ci DEFAULT NULL,
  `is_gift` tinyint(1) NOT NULL DEFAULT '0',
  `total_item_count` int DEFAULT NULL,
  `total_qty_ordered` int DEFAULT NULL,
  `base_currency_code` varchar(191) CHARACTER SET utf8mb4 COLLATE utf8mb4_unicode_ci DEFAULT NULL,
  `channel_currency_code` varchar(191) CHARACTER SET utf8mb4 COLLATE utf8mb4_unicode_ci DEFAULT NULL,
  `order_currency_code` varchar(191) CHARACTER SET utf8mb4 COLLATE utf8mb4_unicode_ci DEFAULT NULL,
  `grand_total` decimal(12,4) DEFAULT '0.0000',
  `base_grand_total` decimal(12,4) DEFAULT '0.0000',
  `grand_total_invoiced` decimal(12,4) DEFAULT '0.0000',
  `base_grand_total_invoiced` decimal(12,4) DEFAULT '0.0000',
  `grand_total_refunded` decimal(12,4) DEFAULT '0.0000',
  `base_grand_total_refunded` decimal(12,4) DEFAULT '0.0000',
  `sub_total` decimal(12,4) DEFAULT '0.0000',
  `base_sub_total` decimal(12,4) DEFAULT '0.0000',
  `sub_total_invoiced` decimal(12,4) DEFAULT '0.0000',
  `base_sub_total_invoiced` decimal(12,4) DEFAULT '0.0000',
  `sub_total_refunded` decimal(12,4) DEFAULT '0.0000',
  `base_sub_total_refunded` decimal(12,4) DEFAULT '0.0000',
  `discount_percent` decimal(12,4) DEFAULT '0.0000',
  `discount_amount` decimal(12,4) DEFAULT '0.0000',
  `base_discount_amount` decimal(12,4) DEFAULT '0.0000',
  `discount_invoiced` decimal(12,4) DEFAULT '0.0000',
  `base_discount_invoiced` decimal(12,4) DEFAULT '0.0000',
  `discount_refunded` decimal(12,4) DEFAULT '0.0000',
  `base_discount_refunded` decimal(12,4) DEFAULT '0.0000',
  `tax_amount` decimal(12,4) DEFAULT '0.0000',
  `base_tax_amount` decimal(12,4) DEFAULT '0.0000',
  `tax_amount_invoiced` decimal(12,4) DEFAULT '0.0000',
  `base_tax_amount_invoiced` decimal(12,4) DEFAULT '0.0000',
  `tax_amount_refunded` decimal(12,4) DEFAULT '0.0000',
  `base_tax_amount_refunded` decimal(12,4) DEFAULT '0.0000',
  `shipping_amount` decimal(12,4) DEFAULT '0.0000',
  `base_shipping_amount` decimal(12,4) DEFAULT '0.0000',
  `shipping_invoiced` decimal(12,4) DEFAULT '0.0000',
  `base_shipping_invoiced` decimal(12,4) DEFAULT '0.0000',
  `shipping_refunded` decimal(12,4) DEFAULT '0.0000',
  `base_shipping_refunded` decimal(12,4) DEFAULT '0.0000',
  `customer_id` int unsigned DEFAULT NULL,
  `customer_type` varchar(191) CHARACTER SET utf8mb4 COLLATE utf8mb4_unicode_ci DEFAULT NULL,
  `channel_id` int unsigned DEFAULT NULL,
  `channel_type` varchar(191) CHARACTER SET utf8mb4 COLLATE utf8mb4_unicode_ci DEFAULT NULL,
  `created_at` timestamp NULL DEFAULT NULL,
  `updated_at` timestamp NULL DEFAULT NULL,
  `cart_id` int DEFAULT NULL,
  `applied_cart_rule_ids` varchar(191) CHARACTER SET utf8mb4 COLLATE utf8mb4_unicode_ci DEFAULT NULL,
  `shipping_discount_amount` decimal(12,4) DEFAULT '0.0000',
  `base_shipping_discount_amount` decimal(12,4) DEFAULT '0.0000',
  PRIMARY KEY (`id`),
  UNIQUE KEY `orders_increment_id_unique` (`increment_id`),
  KEY `orders_customer_id_foreign` (`customer_id`),
  KEY `orders_channel_id_foreign` (`channel_id`)
) ENGINE=InnoDB AUTO_INCREMENT=2 DEFAULT CHARSET=utf8mb4 COLLATE=utf8mb4_unicode_ci ROW_FORMAT=DYNAMIC;
/*!40101 SET character_set_client = @saved_cs_client */;

--
-- Dumping data for table `orders`
--

LOCK TABLES `orders` WRITE;
/*!40000 ALTER TABLE `orders` DISABLE KEYS */;
INSERT INTO `orders` VALUES (1,'1','processing','Default',1,'zplusdisposable@gmail.com','Ravindra','Radadiya',NULL,NULL,'fedex_fedex','FedEx - FedEx','FedEx',NULL,0,1,4,'INR','INR','INR',1210.0000,1210.0000,1210.0000,1210.0000,0.0000,0.0000,1200.0000,1200.0000,1200.0000,1200.0000,0.0000,0.0000,0.0000,0.0000,0.0000,0.0000,0.0000,0.0000,0.0000,0.0000,0.0000,0.0000,0.0000,0.0000,0.0000,10.0000,10.0000,10.0000,10.0000,0.0000,0.0000,NULL,NULL,1,'Webkul\\Core\\Models\\Channel','2021-08-27 12:59:36','2021-08-27 13:09:59',26,'',0.0000,0.0000);
/*!40000 ALTER TABLE `orders` ENABLE KEYS */;
UNLOCK TABLES;

--
-- Table structure for table `password_resets`
--

DROP TABLE IF EXISTS `password_resets`;
/*!40101 SET @saved_cs_client     = @@character_set_client */;
/*!50503 SET character_set_client = utf8mb4 */;
CREATE TABLE `password_resets` (
  `email` varchar(191) CHARACTER SET utf8mb4 COLLATE utf8mb4_unicode_ci NOT NULL,
  `token` varchar(191) CHARACTER SET utf8mb4 COLLATE utf8mb4_unicode_ci NOT NULL,
  `created_at` timestamp NULL DEFAULT NULL,
  KEY `password_resets_email_index` (`email`)
) ENGINE=InnoDB DEFAULT CHARSET=utf8mb4 COLLATE=utf8mb4_unicode_ci ROW_FORMAT=DYNAMIC;
/*!40101 SET character_set_client = @saved_cs_client */;

--
-- Dumping data for table `password_resets`
--

LOCK TABLES `password_resets` WRITE;
/*!40000 ALTER TABLE `password_resets` DISABLE KEYS */;
/*!40000 ALTER TABLE `password_resets` ENABLE KEYS */;
UNLOCK TABLES;

--
-- Table structure for table `product_attribute_values`
--

DROP TABLE IF EXISTS `product_attribute_values`;
/*!40101 SET @saved_cs_client     = @@character_set_client */;
/*!50503 SET character_set_client = utf8mb4 */;
CREATE TABLE `product_attribute_values` (
  `id` int unsigned NOT NULL AUTO_INCREMENT,
  `locale` varchar(191) CHARACTER SET utf8mb4 COLLATE utf8mb4_unicode_ci DEFAULT NULL,
  `channel` varchar(191) CHARACTER SET utf8mb4 COLLATE utf8mb4_unicode_ci DEFAULT NULL,
  `text_value` text CHARACTER SET utf8mb4 COLLATE utf8mb4_unicode_ci,
  `boolean_value` tinyint(1) DEFAULT NULL,
  `integer_value` int DEFAULT NULL,
  `float_value` decimal(12,4) DEFAULT NULL,
  `datetime_value` datetime DEFAULT NULL,
  `date_value` date DEFAULT NULL,
  `json_value` longtext CHARACTER SET utf8mb4 COLLATE utf8mb4_bin,
  `product_id` int unsigned NOT NULL,
  `attribute_id` int unsigned NOT NULL,
  PRIMARY KEY (`id`),
  UNIQUE KEY `chanel_locale_attribute_value_index_unique` (`channel`,`locale`,`attribute_id`,`product_id`),
  KEY `product_attribute_values_product_id_foreign` (`product_id`),
  KEY `product_attribute_values_attribute_id_foreign` (`attribute_id`)
) ENGINE=InnoDB AUTO_INCREMENT=3006 DEFAULT CHARSET=utf8mb4 COLLATE=utf8mb4_unicode_ci ROW_FORMAT=DYNAMIC;
/*!40101 SET character_set_client = @saved_cs_client */;

--
-- Dumping data for table `product_attribute_values`
--

LOCK TABLES `product_attribute_values` WRITE;
/*!40000 ALTER TABLE `product_attribute_values` DISABLE KEYS */;
INSERT INTO `product_attribute_values` VALUES (85,NULL,NULL,'mo-1001-variant-22-6',NULL,NULL,NULL,NULL,NULL,NULL,18,1),(86,'en','default','Abdominal Belt',NULL,NULL,NULL,NULL,NULL,NULL,18,2),(87,NULL,NULL,NULL,NULL,NULL,669.0000,NULL,NULL,NULL,18,11),(88,NULL,NULL,'0',NULL,NULL,NULL,NULL,NULL,NULL,18,22),(89,NULL,NULL,NULL,1,NULL,NULL,NULL,NULL,NULL,18,8),(90,NULL,NULL,NULL,NULL,22,NULL,NULL,NULL,NULL,18,23),(91,NULL,NULL,NULL,NULL,6,NULL,NULL,NULL,NULL,18,24),(92,NULL,NULL,'mo-1001-variant-22-7',NULL,NULL,NULL,NULL,NULL,NULL,19,1),(93,'en','default','Abdominal Belt',NULL,NULL,NULL,NULL,NULL,NULL,19,2),(94,NULL,NULL,NULL,NULL,NULL,669.0000,NULL,NULL,NULL,19,11),(95,NULL,NULL,'0',NULL,NULL,NULL,NULL,NULL,NULL,19,22),(96,NULL,NULL,NULL,1,NULL,NULL,NULL,NULL,NULL,19,8),(97,NULL,NULL,NULL,NULL,22,NULL,NULL,NULL,NULL,19,23),(98,NULL,NULL,NULL,NULL,7,NULL,NULL,NULL,NULL,19,24),(99,NULL,NULL,'mo-1001-variant-22-8',NULL,NULL,NULL,NULL,NULL,NULL,20,1),(100,'en','default','Abdominal Belt',NULL,NULL,NULL,NULL,NULL,NULL,20,2),(101,NULL,NULL,NULL,NULL,NULL,669.0000,NULL,NULL,NULL,20,11),(102,NULL,NULL,'0',NULL,NULL,NULL,NULL,NULL,NULL,20,22),(103,NULL,NULL,NULL,1,NULL,NULL,NULL,NULL,NULL,20,8),(104,NULL,NULL,NULL,NULL,22,NULL,NULL,NULL,NULL,20,23),(105,NULL,NULL,NULL,NULL,8,NULL,NULL,NULL,NULL,20,24),(106,NULL,NULL,'mo-1001-variant-22-9',NULL,NULL,NULL,NULL,NULL,NULL,21,1),(107,'en','default','Abdominal Belt',NULL,NULL,NULL,NULL,NULL,NULL,21,2),(108,NULL,NULL,NULL,NULL,NULL,769.0000,NULL,NULL,NULL,21,11),(109,NULL,NULL,'0',NULL,NULL,NULL,NULL,NULL,NULL,21,22),(110,NULL,NULL,NULL,1,NULL,NULL,NULL,NULL,NULL,21,8),(111,NULL,NULL,NULL,NULL,22,NULL,NULL,NULL,NULL,21,23),(112,NULL,NULL,NULL,NULL,9,NULL,NULL,NULL,NULL,21,24),(113,NULL,NULL,'mo-1001-variant-22-23',NULL,NULL,NULL,NULL,NULL,NULL,22,1),(114,'en','default','Abdominal Belt',NULL,NULL,NULL,NULL,NULL,NULL,22,2),(115,NULL,NULL,NULL,NULL,NULL,769.0000,NULL,NULL,NULL,22,11),(116,NULL,NULL,'0',NULL,NULL,NULL,NULL,NULL,NULL,22,22),(117,NULL,NULL,NULL,1,NULL,NULL,NULL,NULL,NULL,22,8),(118,NULL,NULL,NULL,NULL,22,NULL,NULL,NULL,NULL,22,23),(119,NULL,NULL,NULL,NULL,23,NULL,NULL,NULL,NULL,22,24),(120,'en','default','<ul>\r\n<li class=\"col-md-3\">\r\n<div class=\"content-wrap\">Dermophillic</div>\r\n</li>\r\n<li class=\"col-md-3\">\r\n<div class=\"content-wrap\">Perfect Elasticity</div>\r\n</li>\r\n<li class=\"col-md-3\">\r\n<div class=\"content-wrap\">Durable</div>\r\n</li>\r\n</ul>',NULL,NULL,NULL,NULL,NULL,NULL,17,9),(121,'en','default','<div class=\"page\" title=\"Page 4\">\r\n<div class=\"section\">\r\n<div class=\"layoutArea\">\r\n<div class=\"column\">\r\n<ul>\r\n<li><span style=\"font-size: 11pt; font-family: Swiss721BT; color: #373435;\">Stand in an upright position. This will make the application of abdominal belt easier.</span></li>\r\n<li><span style=\"color: #373435; font-size: 11pt; font-family: Swiss721BT;\">Place the top of the abdominal suppor t just below the navel.</span></li>\r\n<li><span style=\"color: #373435; font-size: 11pt; font-family: Swiss721BT;\">Stretch out the abdominal belt with both hands, maintaining the position of the belt below the navel line.</span></li>\r\n</ul>\r\n</div>\r\n</div>\r\n</div>\r\n</div>',NULL,NULL,NULL,NULL,NULL,NULL,17,10),(122,NULL,NULL,'mo-1001',NULL,NULL,NULL,NULL,NULL,NULL,17,1),(123,'en','default','Abdominal Belt',NULL,NULL,NULL,NULL,NULL,NULL,17,2),(124,NULL,NULL,'abdominal-belt',NULL,NULL,NULL,NULL,NULL,NULL,17,3),(125,NULL,'default',NULL,NULL,3,NULL,NULL,NULL,NULL,17,4),(126,NULL,NULL,NULL,1,NULL,NULL,NULL,NULL,NULL,17,5),(127,NULL,NULL,NULL,1,NULL,NULL,NULL,NULL,NULL,17,6),(128,NULL,NULL,NULL,1,NULL,NULL,NULL,NULL,NULL,17,7),(129,NULL,NULL,NULL,1,NULL,NULL,NULL,NULL,NULL,17,8),(130,NULL,NULL,NULL,NULL,20,NULL,NULL,NULL,NULL,17,25),(131,NULL,NULL,NULL,1,NULL,NULL,NULL,NULL,NULL,17,26),(132,NULL,NULL,NULL,0,NULL,NULL,NULL,NULL,NULL,17,31),(133,'en','default','Abdominal Belt',NULL,NULL,NULL,NULL,NULL,NULL,17,16),(134,'en','default','Abdominal Belt,AbdominalBelt,Belt,Body Braces,BodyBraces,BodyBelts',NULL,NULL,NULL,NULL,NULL,NULL,17,17),(135,'en','default','Postoperative conditions of the abdomen',NULL,NULL,NULL,NULL,NULL,NULL,17,18),(381,NULL,NULL,'mo-1002-variant-22-6',NULL,NULL,NULL,NULL,NULL,NULL,63,1),(382,'en','default','Lumbo Sacral Support Belt with Double Strapping',NULL,NULL,NULL,NULL,NULL,NULL,63,2),(383,NULL,NULL,NULL,NULL,NULL,749.0000,NULL,NULL,NULL,63,11),(384,NULL,NULL,'0',NULL,NULL,NULL,NULL,NULL,NULL,63,22),(385,NULL,NULL,NULL,1,NULL,NULL,NULL,NULL,NULL,63,8),(386,NULL,NULL,NULL,NULL,22,NULL,NULL,NULL,NULL,63,23),(387,NULL,NULL,NULL,NULL,6,NULL,NULL,NULL,NULL,63,24),(388,NULL,NULL,'mo-1002-variant-22-7',NULL,NULL,NULL,NULL,NULL,NULL,64,1),(389,'en','default','Lumbo Sacral Support Belt with Double Strapping',NULL,NULL,NULL,NULL,NULL,NULL,64,2),(390,NULL,NULL,NULL,NULL,NULL,749.0000,NULL,NULL,NULL,64,11),(391,NULL,NULL,'0',NULL,NULL,NULL,NULL,NULL,NULL,64,22),(392,NULL,NULL,NULL,1,NULL,NULL,NULL,NULL,NULL,64,8),(393,NULL,NULL,NULL,NULL,22,NULL,NULL,NULL,NULL,64,23),(394,NULL,NULL,NULL,NULL,7,NULL,NULL,NULL,NULL,64,24),(395,NULL,NULL,'mo-1002-variant-22-8',NULL,NULL,NULL,NULL,NULL,NULL,65,1),(396,'en','default','Lumbo Sacral Support Belt with Double Strapping',NULL,NULL,NULL,NULL,NULL,NULL,65,2),(397,NULL,NULL,NULL,NULL,NULL,749.0000,NULL,NULL,NULL,65,11),(398,NULL,NULL,'0',NULL,NULL,NULL,NULL,NULL,NULL,65,22),(399,NULL,NULL,NULL,1,NULL,NULL,NULL,NULL,NULL,65,8),(400,NULL,NULL,NULL,NULL,22,NULL,NULL,NULL,NULL,65,23),(401,NULL,NULL,NULL,NULL,8,NULL,NULL,NULL,NULL,65,24),(402,NULL,NULL,'mo-1002-variant-22-9',NULL,NULL,NULL,NULL,NULL,NULL,66,1),(403,'en','default','Lumbo Sacral Support Belt with Double Strapping',NULL,NULL,NULL,NULL,NULL,NULL,66,2),(404,NULL,NULL,NULL,NULL,NULL,860.0000,NULL,NULL,NULL,66,11),(405,NULL,NULL,'0',NULL,NULL,NULL,NULL,NULL,NULL,66,22),(406,NULL,NULL,NULL,1,NULL,NULL,NULL,NULL,NULL,66,8),(407,NULL,NULL,NULL,NULL,22,NULL,NULL,NULL,NULL,66,23),(408,NULL,NULL,NULL,NULL,9,NULL,NULL,NULL,NULL,66,24),(409,NULL,NULL,'mo-1002-variant-22-23',NULL,NULL,NULL,NULL,NULL,NULL,67,1),(410,'en','default','Lumbo Sacral Support Belt with Double Strapping',NULL,NULL,NULL,NULL,NULL,NULL,67,2),(411,NULL,NULL,NULL,NULL,NULL,860.0000,NULL,NULL,NULL,67,11),(412,NULL,NULL,'0',NULL,NULL,NULL,NULL,NULL,NULL,67,22),(413,NULL,NULL,NULL,1,NULL,NULL,NULL,NULL,NULL,67,8),(414,NULL,NULL,NULL,NULL,22,NULL,NULL,NULL,NULL,67,23),(415,NULL,NULL,NULL,NULL,23,NULL,NULL,NULL,NULL,67,24),(416,'en','default','<ul>\r\n<li class=\"col-md-3\">\r\n<div class=\"content-wrap\">flexible</div>\r\n</li>\r\n<li class=\"col-md-3\">\r\n<div class=\"content-wrap\">duarble</div>\r\n</li>\r\n<li class=\"col-md-3\">\r\n<div class=\"content-wrap\">elastic</div>\r\n</li>\r\n</ul>',NULL,NULL,NULL,NULL,NULL,NULL,62,9),(417,'en','default','<div class=\"page\" title=\"Page 5\">\r\n<div class=\"section\">\r\n<div class=\"layoutArea\">\r\n<div class=\"column\">\r\n<ul>\r\n<li><span style=\"font-size: 11pt; font-family: Swiss721BT; color: #373435;\">Anatomically contoured rigid splints.</span></li>\r\n<li><span style=\"font-size: 11pt; font-family: Swiss721BT; color: #373435;\">Side pulls for added suppor t..</span></li>\r\n<li><span style=\"font-size: 11pt; font-family: Swiss721BT; color: #373435;\">Hook &amp; loop closure for proper fitting.</span></li>\r\n<li><span style=\"font-size: 11pt; font-family: Swiss721BT; color: #373435;\">Simple and quick application.</span></li>\r\n<li><span style=\"color: #373435; font-family: Swiss721BT; font-size: 11pt;\">Breathable and moisture transpor ting weaving.</span></li>\r\n</ul>\r\n</div>\r\n</div>\r\n</div>\r\n</div>\r\n<p>&nbsp;</p>',NULL,NULL,NULL,NULL,NULL,NULL,62,10),(418,NULL,NULL,'mo-1002',NULL,NULL,NULL,NULL,NULL,NULL,62,1),(419,'en','default','Lumbo Sacral Support Belt with Double Strapping',NULL,NULL,NULL,NULL,NULL,NULL,62,2),(420,NULL,NULL,'lumbo-sacral-support-belt-with-double-strapping',NULL,NULL,NULL,NULL,NULL,NULL,62,3),(421,NULL,'default',NULL,NULL,3,NULL,NULL,NULL,NULL,62,4),(422,NULL,NULL,NULL,1,NULL,NULL,NULL,NULL,NULL,62,5),(423,NULL,NULL,NULL,1,NULL,NULL,NULL,NULL,NULL,62,6),(424,NULL,NULL,NULL,1,NULL,NULL,NULL,NULL,NULL,62,7),(425,NULL,NULL,NULL,1,NULL,NULL,NULL,NULL,NULL,62,8),(426,NULL,NULL,NULL,NULL,20,NULL,NULL,NULL,NULL,62,25),(427,NULL,NULL,NULL,1,NULL,NULL,NULL,NULL,NULL,62,26),(428,NULL,NULL,NULL,0,NULL,NULL,NULL,NULL,NULL,62,31),(429,'en','default','Lumbo Sacral Support Belt with Double Strapping',NULL,NULL,NULL,NULL,NULL,NULL,62,16),(430,'en','default','Lumbo Sacral Support Belt with Double Strapping, LS belt, lumbar belt, back support belt.',NULL,NULL,NULL,NULL,NULL,NULL,62,17),(431,'en','default','Use for correct posture, Postoperative care of the lumbar spine, Low back pain, Low back sprains/strains, Lumbar disc injury, Degenerative Disc Disease, Herniated Disc or PIVD',NULL,NULL,NULL,NULL,NULL,NULL,62,18),(432,NULL,NULL,'mo-1003-variant-22-6',NULL,NULL,NULL,NULL,NULL,NULL,69,1),(433,'en','default','Lumbo Sacral Comfort Belt',NULL,NULL,NULL,NULL,NULL,NULL,69,2),(434,NULL,NULL,NULL,NULL,NULL,749.0000,NULL,NULL,NULL,69,11),(435,NULL,NULL,'0',NULL,NULL,NULL,NULL,NULL,NULL,69,22),(436,NULL,NULL,NULL,1,NULL,NULL,NULL,NULL,NULL,69,8),(437,NULL,NULL,NULL,NULL,22,NULL,NULL,NULL,NULL,69,23),(438,NULL,NULL,NULL,NULL,6,NULL,NULL,NULL,NULL,69,24),(439,NULL,NULL,'mo-1003-variant-22-7',NULL,NULL,NULL,NULL,NULL,NULL,70,1),(440,'en','default','Lumbo Sacral Comfort Belt',NULL,NULL,NULL,NULL,NULL,NULL,70,2),(441,NULL,NULL,NULL,NULL,NULL,749.0000,NULL,NULL,NULL,70,11),(442,NULL,NULL,'0',NULL,NULL,NULL,NULL,NULL,NULL,70,22),(443,NULL,NULL,NULL,1,NULL,NULL,NULL,NULL,NULL,70,8),(444,NULL,NULL,NULL,NULL,22,NULL,NULL,NULL,NULL,70,23),(445,NULL,NULL,NULL,NULL,7,NULL,NULL,NULL,NULL,70,24),(446,NULL,NULL,'mo-1003-variant-22-8',NULL,NULL,NULL,NULL,NULL,NULL,71,1),(447,'en','default','Lumbo Sacral Comfort Belt',NULL,NULL,NULL,NULL,NULL,NULL,71,2),(448,NULL,NULL,NULL,NULL,NULL,749.0000,NULL,NULL,NULL,71,11),(449,NULL,NULL,'0',NULL,NULL,NULL,NULL,NULL,NULL,71,22),(450,NULL,NULL,NULL,1,NULL,NULL,NULL,NULL,NULL,71,8),(451,NULL,NULL,NULL,NULL,22,NULL,NULL,NULL,NULL,71,23),(452,NULL,NULL,NULL,NULL,8,NULL,NULL,NULL,NULL,71,24),(453,NULL,NULL,'mo-1003-variant-22-9',NULL,NULL,NULL,NULL,NULL,NULL,72,1),(454,'en','default','Lumbo Sacral Comfort Belt',NULL,NULL,NULL,NULL,NULL,NULL,72,2),(455,NULL,NULL,NULL,NULL,NULL,877.0000,NULL,NULL,NULL,72,11),(456,NULL,NULL,'0',NULL,NULL,NULL,NULL,NULL,NULL,72,22),(457,NULL,NULL,NULL,1,NULL,NULL,NULL,NULL,NULL,72,8),(458,NULL,NULL,NULL,NULL,22,NULL,NULL,NULL,NULL,72,23),(459,NULL,NULL,NULL,NULL,9,NULL,NULL,NULL,NULL,72,24),(460,NULL,NULL,'mo-1003-variant-22-23',NULL,NULL,NULL,NULL,NULL,NULL,73,1),(461,'en','default','Lumbo Sacral Comfort Belt',NULL,NULL,NULL,NULL,NULL,NULL,73,2),(462,NULL,NULL,NULL,NULL,NULL,877.0000,NULL,NULL,NULL,73,11),(463,NULL,NULL,'0',NULL,NULL,NULL,NULL,NULL,NULL,73,22),(464,NULL,NULL,NULL,1,NULL,NULL,NULL,NULL,NULL,73,8),(465,NULL,NULL,NULL,NULL,22,NULL,NULL,NULL,NULL,73,23),(466,NULL,NULL,NULL,NULL,23,NULL,NULL,NULL,NULL,73,24),(467,'en','default','<ul>\r\n<li class=\"col-md-3\">\r\n<div class=\"content-wrap\">flexible</div>\r\n</li>\r\n<li class=\"col-md-3\">\r\n<div class=\"content-wrap\">duarble</div>\r\n</li>\r\n<li class=\"col-md-3\">\r\n<div class=\"content-wrap\">comfortable</div>\r\n</li>\r\n</ul>',NULL,NULL,NULL,NULL,NULL,NULL,68,9),(468,'en','default','<div class=\"page\" title=\"Page 6\">\r\n<div class=\"section\">\r\n<div class=\"layoutArea\">\r\n<div class=\"column\">\r\n<ul>\r\n<li><span style=\"font-size: 11pt; font-family: Swiss721BT; color: #373435;\">Anatomically contoured rigid splints.</span></li>\r\n<li><span style=\"font-size: 11pt; font-family: Swiss721BT; color: #373435;\">Simple and quick application.</span></li>\r\n<li><span style=\"color: #373435; font-family: Swiss721BT; font-size: 11pt;\">&nbsp;Breathable and moisture transporting weaving.</span></li>\r\n</ul>\r\n</div>\r\n</div>\r\n</div>\r\n</div>',NULL,NULL,NULL,NULL,NULL,NULL,68,10),(469,NULL,NULL,'mo-1003',NULL,NULL,NULL,NULL,NULL,NULL,68,1),(470,'en','default','Lumbo Sacral Comfort Belt',NULL,NULL,NULL,NULL,NULL,NULL,68,2),(471,NULL,NULL,'lumbo-sacral-comfort-belt',NULL,NULL,NULL,NULL,NULL,NULL,68,3),(472,NULL,'default',NULL,NULL,3,NULL,NULL,NULL,NULL,68,4),(473,NULL,NULL,NULL,1,NULL,NULL,NULL,NULL,NULL,68,5),(474,NULL,NULL,NULL,1,NULL,NULL,NULL,NULL,NULL,68,6),(475,NULL,NULL,NULL,1,NULL,NULL,NULL,NULL,NULL,68,7),(476,NULL,NULL,NULL,1,NULL,NULL,NULL,NULL,NULL,68,8),(477,NULL,NULL,NULL,NULL,20,NULL,NULL,NULL,NULL,68,25),(478,NULL,NULL,NULL,1,NULL,NULL,NULL,NULL,NULL,68,26),(479,NULL,NULL,NULL,1,NULL,NULL,NULL,NULL,NULL,68,31),(480,'en','default','Lumbo Sacral Comfort Belt',NULL,NULL,NULL,NULL,NULL,NULL,68,16),(481,'en','default','Lumbo Sacral Comfort Belt, LS belt, back support belt, lumbar belt.',NULL,NULL,NULL,NULL,NULL,NULL,68,17),(482,'en','default','Use for correct posture of lower back, Postoperative care of the lumbar spine, Low back pain, Low back sprains/strains, Lumbar disc injury, Degenerative Disc Disease, Herniated Disc or PIVD',NULL,NULL,NULL,NULL,NULL,NULL,68,18),(483,NULL,NULL,'mo-1004-variant-22-6',NULL,NULL,NULL,NULL,NULL,NULL,75,1),(484,'en','default','Lumbo Sacral Corset Belt',NULL,NULL,NULL,NULL,NULL,NULL,75,2),(485,NULL,NULL,NULL,NULL,NULL,1010.0000,NULL,NULL,NULL,75,11),(486,NULL,NULL,'0',NULL,NULL,NULL,NULL,NULL,NULL,75,22),(487,NULL,NULL,NULL,1,NULL,NULL,NULL,NULL,NULL,75,8),(488,NULL,NULL,NULL,NULL,22,NULL,NULL,NULL,NULL,75,23),(489,NULL,NULL,NULL,NULL,6,NULL,NULL,NULL,NULL,75,24),(490,NULL,NULL,'mo-1004-variant-22-7',NULL,NULL,NULL,NULL,NULL,NULL,76,1),(491,'en','default','Lumbo Sacral Corset Belt',NULL,NULL,NULL,NULL,NULL,NULL,76,2),(492,NULL,NULL,NULL,NULL,NULL,1010.0000,NULL,NULL,NULL,76,11),(493,NULL,NULL,'0',NULL,NULL,NULL,NULL,NULL,NULL,76,22),(494,NULL,NULL,NULL,1,NULL,NULL,NULL,NULL,NULL,76,8),(495,NULL,NULL,NULL,NULL,22,NULL,NULL,NULL,NULL,76,23),(496,NULL,NULL,NULL,NULL,7,NULL,NULL,NULL,NULL,76,24),(497,NULL,NULL,'mo-1004-variant-22-8',NULL,NULL,NULL,NULL,NULL,NULL,77,1),(498,'en','default','Lumbo Sacral Corset Belt',NULL,NULL,NULL,NULL,NULL,NULL,77,2),(499,NULL,NULL,NULL,NULL,NULL,1010.0000,NULL,NULL,NULL,77,11),(500,NULL,NULL,'0',NULL,NULL,NULL,NULL,NULL,NULL,77,22),(501,NULL,NULL,NULL,1,NULL,NULL,NULL,NULL,NULL,77,8),(502,NULL,NULL,NULL,NULL,22,NULL,NULL,NULL,NULL,77,23),(503,NULL,NULL,NULL,NULL,8,NULL,NULL,NULL,NULL,77,24),(504,NULL,NULL,'mo-1004-variant-22-9',NULL,NULL,NULL,NULL,NULL,NULL,78,1),(505,'en','default','Lumbo Sacral Corset Belt',NULL,NULL,NULL,NULL,NULL,NULL,78,2),(506,NULL,NULL,NULL,NULL,NULL,1111.0000,NULL,NULL,NULL,78,11),(507,NULL,NULL,'0',NULL,NULL,NULL,NULL,NULL,NULL,78,22),(508,NULL,NULL,NULL,1,NULL,NULL,NULL,NULL,NULL,78,8),(509,NULL,NULL,NULL,NULL,22,NULL,NULL,NULL,NULL,78,23),(510,NULL,NULL,NULL,NULL,9,NULL,NULL,NULL,NULL,78,24),(511,NULL,NULL,'mo-1004-variant-22-23',NULL,NULL,NULL,NULL,NULL,NULL,79,1),(512,'en','default','Lumbo Sacral Corset Belt',NULL,NULL,NULL,NULL,NULL,NULL,79,2),(513,NULL,NULL,NULL,NULL,NULL,1111.0000,NULL,NULL,NULL,79,11),(514,NULL,NULL,'0',NULL,NULL,NULL,NULL,NULL,NULL,79,22),(515,NULL,NULL,NULL,1,NULL,NULL,NULL,NULL,NULL,79,8),(516,NULL,NULL,NULL,NULL,22,NULL,NULL,NULL,NULL,79,23),(517,NULL,NULL,NULL,NULL,23,NULL,NULL,NULL,NULL,79,24),(518,'en','default','<ul>\r\n<li class=\"col-md-3\">\r\n<div class=\"content-wrap\">Rigid</div>\r\n</li>\r\n<li class=\"col-md-3\">\r\n<div class=\"content-wrap\">Duarble</div>\r\n</li>\r\n<li class=\"col-md-3\">\r\n<div class=\"content-wrap\">Simple</div>\r\n</li>\r\n</ul>',NULL,NULL,NULL,NULL,NULL,NULL,74,9),(519,'en','default','<div class=\"page\" title=\"Page 7\">\r\n<div class=\"section\">\r\n<div class=\"layoutArea\">\r\n<div class=\"column\">\r\n<ul>\r\n<li><span style=\"font-size: 11pt; font-family: Swiss721BT; color: #373435;\">Anatomically contoured rigid splints.</span></li>\r\n<li><span style=\"font-size: 11pt; font-family: Swiss721BT; color: #373435;\">Side pulls for added support.</span></li>\r\n<li><span style=\"font-size: 11pt; font-family: Swiss721BT; color: #373435;\">Hook &amp; loop closure for proper fitting.</span></li>\r\n<li><span style=\"font-size: 11pt; font-family: Swiss721BT; color: #373435;\">Simple and quick application.</span></li>\r\n<li><span style=\"color: #373435; font-family: Swiss721BT; font-size: 11pt;\">Breathable and moisture transporting weaving.</span></li>\r\n</ul>\r\n</div>\r\n</div>\r\n</div>\r\n</div>',NULL,NULL,NULL,NULL,NULL,NULL,74,10),(520,NULL,NULL,'mo-1004',NULL,NULL,NULL,NULL,NULL,NULL,74,1),(521,'en','default','Lumbo Sacral Corset Belt',NULL,NULL,NULL,NULL,NULL,NULL,74,2),(522,NULL,NULL,'lumbo-sacral-corset-belt',NULL,NULL,NULL,NULL,NULL,NULL,74,3),(523,NULL,'default',NULL,NULL,3,NULL,NULL,NULL,NULL,74,4),(524,NULL,NULL,NULL,1,NULL,NULL,NULL,NULL,NULL,74,5),(525,NULL,NULL,NULL,1,NULL,NULL,NULL,NULL,NULL,74,6),(526,NULL,NULL,NULL,1,NULL,NULL,NULL,NULL,NULL,74,7),(527,NULL,NULL,NULL,1,NULL,NULL,NULL,NULL,NULL,74,8),(528,NULL,NULL,NULL,NULL,20,NULL,NULL,NULL,NULL,74,25),(529,NULL,NULL,NULL,1,NULL,NULL,NULL,NULL,NULL,74,26),(530,NULL,NULL,NULL,1,NULL,NULL,NULL,NULL,NULL,74,31),(531,'en','default','Lumbo Sacral Corset Belt.',NULL,NULL,NULL,NULL,NULL,NULL,74,16),(532,'en','default','Lumbo Sacral Corset Belt, sacral belt, LS belt.',NULL,NULL,NULL,NULL,NULL,NULL,74,17),(533,'en','default','Used anytime while sitting, walking or driving to maintain the correct posture of lower back, Postoperative care of the lumbar spine, Low back pain, Low back sprains/strains, Lumbar disc injury, Degenerative Disc Disease, Herniated Disc or PIVD',NULL,NULL,NULL,NULL,NULL,NULL,74,18),(534,NULL,NULL,'mo-1005-variant-22-6',NULL,NULL,NULL,NULL,NULL,NULL,81,1),(535,'en','default','Rib Belt',NULL,NULL,NULL,NULL,NULL,NULL,81,2),(536,NULL,NULL,NULL,NULL,NULL,549.0000,NULL,NULL,NULL,81,11),(537,NULL,NULL,'0',NULL,NULL,NULL,NULL,NULL,NULL,81,22),(538,NULL,NULL,NULL,1,NULL,NULL,NULL,NULL,NULL,81,8),(539,NULL,NULL,NULL,NULL,22,NULL,NULL,NULL,NULL,81,23),(540,NULL,NULL,NULL,NULL,6,NULL,NULL,NULL,NULL,81,24),(541,NULL,NULL,'mo-1005-variant-22-7',NULL,NULL,NULL,NULL,NULL,NULL,82,1),(542,'en','default','Rib Belt',NULL,NULL,NULL,NULL,NULL,NULL,82,2),(543,NULL,NULL,NULL,NULL,NULL,549.0000,NULL,NULL,NULL,82,11),(544,NULL,NULL,'0',NULL,NULL,NULL,NULL,NULL,NULL,82,22),(545,NULL,NULL,NULL,1,NULL,NULL,NULL,NULL,NULL,82,8),(546,NULL,NULL,NULL,NULL,22,NULL,NULL,NULL,NULL,82,23),(547,NULL,NULL,NULL,NULL,7,NULL,NULL,NULL,NULL,82,24),(548,NULL,NULL,'mo-1005-variant-22-8',NULL,NULL,NULL,NULL,NULL,NULL,83,1),(549,'en','default','Rib Belt',NULL,NULL,NULL,NULL,NULL,NULL,83,2),(550,NULL,NULL,NULL,NULL,NULL,549.0000,NULL,NULL,NULL,83,11),(551,NULL,NULL,'0',NULL,NULL,NULL,NULL,NULL,NULL,83,22),(552,NULL,NULL,NULL,1,NULL,NULL,NULL,NULL,NULL,83,8),(553,NULL,NULL,NULL,NULL,22,NULL,NULL,NULL,NULL,83,23),(554,NULL,NULL,NULL,NULL,8,NULL,NULL,NULL,NULL,83,24),(555,NULL,NULL,'mo-1005-variant-22-9',NULL,NULL,NULL,NULL,NULL,NULL,84,1),(556,'en','default','Rib Belt',NULL,NULL,NULL,NULL,NULL,NULL,84,2),(557,NULL,NULL,NULL,NULL,NULL,630.0000,NULL,NULL,NULL,84,11),(558,NULL,NULL,'0',NULL,NULL,NULL,NULL,NULL,NULL,84,22),(559,NULL,NULL,NULL,1,NULL,NULL,NULL,NULL,NULL,84,8),(560,NULL,NULL,NULL,NULL,22,NULL,NULL,NULL,NULL,84,23),(561,NULL,NULL,NULL,NULL,9,NULL,NULL,NULL,NULL,84,24),(562,NULL,NULL,'mo-1005-variant-22-23',NULL,NULL,NULL,NULL,NULL,NULL,85,1),(563,'en','default','Rib Belt',NULL,NULL,NULL,NULL,NULL,NULL,85,2),(564,NULL,NULL,NULL,NULL,NULL,630.0000,NULL,NULL,NULL,85,11),(565,NULL,NULL,'0',NULL,NULL,NULL,NULL,NULL,NULL,85,22),(566,NULL,NULL,NULL,1,NULL,NULL,NULL,NULL,NULL,85,8),(567,NULL,NULL,NULL,NULL,22,NULL,NULL,NULL,NULL,85,23),(568,NULL,NULL,NULL,NULL,23,NULL,NULL,NULL,NULL,85,24),(569,'en','default','<ul>\r\n<li class=\"col-md-3\">\r\n<div class=\"content-wrap\">Porous</div>\r\n</li>\r\n<li class=\"col-md-3\">\r\n<div class=\"content-wrap\">Breathable</div>\r\n</li>\r\n<li class=\"col-md-3\">\r\n<div class=\"content-wrap\">Comfortable</div>\r\n</li>\r\n</ul>',NULL,NULL,NULL,NULL,NULL,NULL,80,9),(570,'en','default','<div class=\"page\" title=\"Page 8\">\r\n<div class=\"section\">\r\n<div class=\"layoutArea\">\r\n<div class=\"column\">\r\n<ul>\r\n<li><span style=\"font-size: 11pt; font-family: Swiss721BT; color: #373435;\">Hook &amp; loop closure for easy application and removable.</span></li>\r\n<li><span style=\"color: #373435; font-family: Swiss721BT; font-size: 11pt;\">Breathable and moisture-transporting&nbsp;</span><span style=\"color: #373435; font-family: Swiss721BT; font-size: 11pt;\">weaving.</span></li>\r\n<li><span style=\"color: #373435; font-family: Swiss721BT; font-size: 11pt;\">Simple and quick application.</span></li>\r\n</ul>\r\n</div>\r\n</div>\r\n</div>\r\n</div>',NULL,NULL,NULL,NULL,NULL,NULL,80,10),(571,NULL,NULL,'mo-1005',NULL,NULL,NULL,NULL,NULL,NULL,80,1),(572,'en','default','Rib Belt',NULL,NULL,NULL,NULL,NULL,NULL,80,2),(573,NULL,NULL,'rib-belt',NULL,NULL,NULL,NULL,NULL,NULL,80,3),(574,NULL,'default',NULL,NULL,3,NULL,NULL,NULL,NULL,80,4),(575,NULL,NULL,NULL,1,NULL,NULL,NULL,NULL,NULL,80,5),(576,NULL,NULL,NULL,1,NULL,NULL,NULL,NULL,NULL,80,6),(577,NULL,NULL,NULL,1,NULL,NULL,NULL,NULL,NULL,80,7),(578,NULL,NULL,NULL,1,NULL,NULL,NULL,NULL,NULL,80,8),(579,NULL,NULL,NULL,NULL,20,NULL,NULL,NULL,NULL,80,25),(580,NULL,NULL,NULL,1,NULL,NULL,NULL,NULL,NULL,80,26),(581,NULL,NULL,NULL,1,NULL,NULL,NULL,NULL,NULL,80,31),(582,'en','default','Rib Belt',NULL,NULL,NULL,NULL,NULL,NULL,80,16),(583,'en','default','Rib Belt, chest support.',NULL,NULL,NULL,NULL,NULL,NULL,80,17),(584,'en','default','Rib fracture, Intercostal muscle strain, Chest pain\r\n',NULL,NULL,NULL,NULL,NULL,NULL,80,18),(585,NULL,NULL,'mo-1006-variant-22-6',NULL,NULL,NULL,NULL,NULL,NULL,87,1),(586,'en','default','Chest Belt',NULL,NULL,NULL,NULL,NULL,NULL,87,2),(587,NULL,NULL,NULL,NULL,NULL,799.0000,NULL,NULL,NULL,87,11),(588,NULL,NULL,'0',NULL,NULL,NULL,NULL,NULL,NULL,87,22),(589,NULL,NULL,NULL,1,NULL,NULL,NULL,NULL,NULL,87,8),(590,NULL,NULL,NULL,NULL,22,NULL,NULL,NULL,NULL,87,23),(591,NULL,NULL,NULL,NULL,6,NULL,NULL,NULL,NULL,87,24),(592,NULL,NULL,'mo-1006-variant-22-7',NULL,NULL,NULL,NULL,NULL,NULL,88,1),(593,'en','default','Chest Belt',NULL,NULL,NULL,NULL,NULL,NULL,88,2),(594,NULL,NULL,NULL,NULL,NULL,799.0000,NULL,NULL,NULL,88,11),(595,NULL,NULL,'0',NULL,NULL,NULL,NULL,NULL,NULL,88,22),(596,NULL,NULL,NULL,1,NULL,NULL,NULL,NULL,NULL,88,8),(597,NULL,NULL,NULL,NULL,22,NULL,NULL,NULL,NULL,88,23),(598,NULL,NULL,NULL,NULL,7,NULL,NULL,NULL,NULL,88,24),(599,NULL,NULL,'mo-1006-variant-22-8',NULL,NULL,NULL,NULL,NULL,NULL,89,1),(600,'en','default','Chest Belt',NULL,NULL,NULL,NULL,NULL,NULL,89,2),(601,NULL,NULL,NULL,NULL,NULL,799.0000,NULL,NULL,NULL,89,11),(602,NULL,NULL,'0',NULL,NULL,NULL,NULL,NULL,NULL,89,22),(603,NULL,NULL,NULL,1,NULL,NULL,NULL,NULL,NULL,89,8),(604,NULL,NULL,NULL,NULL,22,NULL,NULL,NULL,NULL,89,23),(605,NULL,NULL,NULL,NULL,8,NULL,NULL,NULL,NULL,89,24),(606,NULL,NULL,'mo-1006-variant-22-9',NULL,NULL,NULL,NULL,NULL,NULL,90,1),(607,'en','default','Chest Belt',NULL,NULL,NULL,NULL,NULL,NULL,90,2),(608,NULL,NULL,NULL,NULL,NULL,918.0000,NULL,NULL,NULL,90,11),(609,NULL,NULL,'0',NULL,NULL,NULL,NULL,NULL,NULL,90,22),(610,NULL,NULL,NULL,1,NULL,NULL,NULL,NULL,NULL,90,8),(611,NULL,NULL,NULL,NULL,22,NULL,NULL,NULL,NULL,90,23),(612,NULL,NULL,NULL,NULL,9,NULL,NULL,NULL,NULL,90,24),(613,NULL,NULL,'mo-1006-variant-22-23',NULL,NULL,NULL,NULL,NULL,NULL,91,1),(614,'en','default','Chest Belt',NULL,NULL,NULL,NULL,NULL,NULL,91,2),(615,NULL,NULL,NULL,NULL,NULL,918.0000,NULL,NULL,NULL,91,11),(616,NULL,NULL,'0',NULL,NULL,NULL,NULL,NULL,NULL,91,22),(617,NULL,NULL,NULL,1,NULL,NULL,NULL,NULL,NULL,91,8),(618,NULL,NULL,NULL,NULL,22,NULL,NULL,NULL,NULL,91,23),(619,NULL,NULL,NULL,NULL,23,NULL,NULL,NULL,NULL,91,24),(620,'en','default','<ul>\r\n<li class=\"col-md-3\">\r\n<div class=\"content-wrap\">Simple</div>\r\n</li>\r\n<li class=\"col-md-3\">\r\n<div class=\"content-wrap\">Brethable</div>\r\n</li>\r\n<li class=\"col-md-3\">\r\n<div class=\"content-wrap\">Comfortable</div>\r\n</li>\r\n</ul>',NULL,NULL,NULL,NULL,NULL,NULL,86,9),(621,'en','default','<div class=\"page\" title=\"Page 9\">\r\n<div class=\"section\">\r\n<div class=\"layoutArea\">\r\n<div class=\"column\">\r\n<ul>\r\n<li><span style=\"font-size: 11pt; font-family: Swiss721BT; color: #373435;\">Hook &amp; loop closure for easy application and removal.</span></li>\r\n<li><span style=\"color: #373435; font-family: Swiss721BT; font-size: 11pt;\">With splinting pad for patent comfort.</span></li>\r\n<li><span style=\"color: #373435; font-family: Swiss721BT; font-size: 11pt;\">Breathable and moisture-transporting&nbsp;</span><span style=\"color: #373435; font-family: Swiss721BT; font-size: 11pt;\">weaving.</span></li>\r\n</ul>\r\n<p>&nbsp;</p>\r\n</div>\r\n</div>\r\n</div>\r\n</div>',NULL,NULL,NULL,NULL,NULL,NULL,86,10),(622,NULL,NULL,'mo-1006',NULL,NULL,NULL,NULL,NULL,NULL,86,1),(623,'en','default','Chest Belt',NULL,NULL,NULL,NULL,NULL,NULL,86,2),(624,NULL,NULL,'chest-belt',NULL,NULL,NULL,NULL,NULL,NULL,86,3),(625,NULL,'default',NULL,NULL,3,NULL,NULL,NULL,NULL,86,4),(626,NULL,NULL,NULL,1,NULL,NULL,NULL,NULL,NULL,86,5),(627,NULL,NULL,NULL,1,NULL,NULL,NULL,NULL,NULL,86,6),(628,NULL,NULL,NULL,1,NULL,NULL,NULL,NULL,NULL,86,7),(629,NULL,NULL,NULL,1,NULL,NULL,NULL,NULL,NULL,86,8),(630,NULL,NULL,NULL,NULL,20,NULL,NULL,NULL,NULL,86,25),(631,NULL,NULL,NULL,1,NULL,NULL,NULL,NULL,NULL,86,26),(632,NULL,NULL,NULL,1,NULL,NULL,NULL,NULL,NULL,86,31),(633,'en','default','Chest Belt',NULL,NULL,NULL,NULL,NULL,NULL,86,16),(634,'en','default','Chest Belt, chest support, rib fracture belt',NULL,NULL,NULL,NULL,NULL,NULL,86,17),(635,'en','default','Stabilization of fracture of sternum, Protecting and binding surgical incision of the chest, Post Cardio-thoracic surgeries, pain management.',NULL,NULL,NULL,NULL,NULL,NULL,86,18),(636,NULL,NULL,'mo-1007-variant-22-6',NULL,NULL,NULL,NULL,NULL,NULL,93,1),(637,'en','default','Taylor Brace',NULL,NULL,NULL,NULL,NULL,NULL,93,2),(638,NULL,NULL,NULL,NULL,NULL,1828.0000,NULL,NULL,NULL,93,11),(639,NULL,NULL,'0',NULL,NULL,NULL,NULL,NULL,NULL,93,22),(640,NULL,NULL,NULL,1,NULL,NULL,NULL,NULL,NULL,93,8),(641,NULL,NULL,NULL,NULL,22,NULL,NULL,NULL,NULL,93,23),(642,NULL,NULL,NULL,NULL,6,NULL,NULL,NULL,NULL,93,24),(643,NULL,NULL,'mo-1007-variant-22-7',NULL,NULL,NULL,NULL,NULL,NULL,94,1),(644,'en','default','Taylor Brace',NULL,NULL,NULL,NULL,NULL,NULL,94,2),(645,NULL,NULL,NULL,NULL,NULL,1828.0000,NULL,NULL,NULL,94,11),(646,NULL,NULL,'0',NULL,NULL,NULL,NULL,NULL,NULL,94,22),(647,NULL,NULL,NULL,1,NULL,NULL,NULL,NULL,NULL,94,8),(648,NULL,NULL,NULL,NULL,22,NULL,NULL,NULL,NULL,94,23),(649,NULL,NULL,NULL,NULL,7,NULL,NULL,NULL,NULL,94,24),(650,NULL,NULL,'mo-1007-variant-22-8',NULL,NULL,NULL,NULL,NULL,NULL,95,1),(651,'en','default','Taylor Brace',NULL,NULL,NULL,NULL,NULL,NULL,95,2),(652,NULL,NULL,NULL,NULL,NULL,1828.0000,NULL,NULL,NULL,95,11),(653,NULL,NULL,'0',NULL,NULL,NULL,NULL,NULL,NULL,95,22),(654,NULL,NULL,NULL,1,NULL,NULL,NULL,NULL,NULL,95,8),(655,NULL,NULL,NULL,NULL,22,NULL,NULL,NULL,NULL,95,23),(656,NULL,NULL,NULL,NULL,8,NULL,NULL,NULL,NULL,95,24),(657,NULL,NULL,'mo-1007-variant-22-9',NULL,NULL,NULL,NULL,NULL,NULL,96,1),(658,'en','default','Taylor Brace',NULL,NULL,NULL,NULL,NULL,NULL,96,2),(659,NULL,NULL,NULL,NULL,NULL,1949.0000,NULL,NULL,NULL,96,11),(660,NULL,NULL,'0',NULL,NULL,NULL,NULL,NULL,NULL,96,22),(661,NULL,NULL,NULL,1,NULL,NULL,NULL,NULL,NULL,96,8),(662,NULL,NULL,NULL,NULL,22,NULL,NULL,NULL,NULL,96,23),(663,NULL,NULL,NULL,NULL,9,NULL,NULL,NULL,NULL,96,24),(664,NULL,NULL,'mo-1007-variant-22-23',NULL,NULL,NULL,NULL,NULL,NULL,97,1),(665,'en','default','Taylor Brace',NULL,NULL,NULL,NULL,NULL,NULL,97,2),(666,NULL,NULL,NULL,NULL,NULL,1949.0000,NULL,NULL,NULL,97,11),(667,NULL,NULL,'0',NULL,NULL,NULL,NULL,NULL,NULL,97,22),(668,NULL,NULL,NULL,1,NULL,NULL,NULL,NULL,NULL,97,8),(669,NULL,NULL,NULL,NULL,22,NULL,NULL,NULL,NULL,97,23),(670,NULL,NULL,NULL,NULL,23,NULL,NULL,NULL,NULL,97,24),(671,'en','default','<ul>\r\n<li class=\"col-md-3\">\r\n<div class=\"content-wrap\">Flexible</div>\r\n</li>\r\n<li class=\"col-md-3\">\r\n<div class=\"content-wrap\">Comfortable</div>\r\n</li>\r\n</ul>',NULL,NULL,NULL,NULL,NULL,NULL,92,9),(672,'en','default','<div class=\"page\" title=\"Page 10\">\r\n<div class=\"section\">\r\n<div class=\"layoutArea\">\r\n<div class=\"column\">\r\n<ul>\r\n<li><span style=\"font-size: 11pt; font-family: Swiss721BT; color: #373435;\">Anatomically contoured splints for perfect immobilization.</span></li>\r\n<li><span style=\"color: #373435; font-family: Swiss721BT; font-size: 11pt;\">Clavicle straps with cotton stockinet to correct shoulder posture.</span></li>\r\n<li><span style=\"color: #373435; font-family: Swiss721BT; font-size: 11pt;\">Thoracic straps provides additional support.</span></li>\r\n<li><span style=\"color: #373435; font-family: Swiss721BT; font-size: 11pt;\">Abdomen elastic panel with hook loop closers for easy application and support.</span></li>\r\n<li><span style=\"color: #373435; font-family: Swiss721BT; font-size: 11pt;\">Hook &amp; loop closure for proper fitting.</span></li>\r\n<li><span style=\"color: #373435; font-family: Swiss721BT; font-size: 11pt;\">Simple and quick application.</span></li>\r\n</ul>\r\n</div>\r\n</div>\r\n</div>\r\n</div>',NULL,NULL,NULL,NULL,NULL,NULL,92,10),(673,NULL,NULL,'mo-1007',NULL,NULL,NULL,NULL,NULL,NULL,92,1),(674,'en','default','Taylor Brace',NULL,NULL,NULL,NULL,NULL,NULL,92,2),(675,NULL,NULL,'taylor-brace',NULL,NULL,NULL,NULL,NULL,NULL,92,3),(676,NULL,'default',NULL,NULL,3,NULL,NULL,NULL,NULL,92,4),(677,NULL,NULL,NULL,1,NULL,NULL,NULL,NULL,NULL,92,5),(678,NULL,NULL,NULL,1,NULL,NULL,NULL,NULL,NULL,92,6),(679,NULL,NULL,NULL,1,NULL,NULL,NULL,NULL,NULL,92,7),(680,NULL,NULL,NULL,1,NULL,NULL,NULL,NULL,NULL,92,8),(681,NULL,NULL,NULL,NULL,20,NULL,NULL,NULL,NULL,92,25),(682,NULL,NULL,NULL,1,NULL,NULL,NULL,NULL,NULL,92,26),(683,NULL,NULL,NULL,1,NULL,NULL,NULL,NULL,NULL,92,31),(684,'en','default','Taylor Brace',NULL,NULL,NULL,NULL,NULL,NULL,92,16),(685,'en','default','Taylor Brace, posture correct belt, lumbo sacral belt',NULL,NULL,NULL,NULL,NULL,NULL,92,17),(686,'en','default','Postural deformity,Osteoporosis of the spine, Post operative care of spine, Mild thoraces and Lumber injuries, Degenerative Disc Disease\r\nHerniated Disc or PIVD',NULL,NULL,NULL,NULL,NULL,NULL,92,18),(687,NULL,NULL,'mo-1008-variant-22-6',NULL,NULL,NULL,NULL,NULL,NULL,99,1),(688,'en','default','Maternity Belt',NULL,NULL,NULL,NULL,NULL,NULL,99,2),(689,NULL,NULL,NULL,NULL,NULL,650.0000,NULL,NULL,NULL,99,11),(690,NULL,NULL,'0',NULL,NULL,NULL,NULL,NULL,NULL,99,22),(691,NULL,NULL,NULL,1,NULL,NULL,NULL,NULL,NULL,99,8),(692,NULL,NULL,NULL,NULL,22,NULL,NULL,NULL,NULL,99,23),(693,NULL,NULL,NULL,NULL,6,NULL,NULL,NULL,NULL,99,24),(694,NULL,NULL,'mo-1008-variant-22-7',NULL,NULL,NULL,NULL,NULL,NULL,100,1),(695,'en','default','Maternity Belt',NULL,NULL,NULL,NULL,NULL,NULL,100,2),(696,NULL,NULL,NULL,NULL,NULL,650.0000,NULL,NULL,NULL,100,11),(697,NULL,NULL,'0',NULL,NULL,NULL,NULL,NULL,NULL,100,22),(698,NULL,NULL,NULL,1,NULL,NULL,NULL,NULL,NULL,100,8),(699,NULL,NULL,NULL,NULL,22,NULL,NULL,NULL,NULL,100,23),(700,NULL,NULL,NULL,NULL,7,NULL,NULL,NULL,NULL,100,24),(701,NULL,NULL,'mo-1008-variant-22-8',NULL,NULL,NULL,NULL,NULL,NULL,101,1),(702,'en','default','Maternity Belt',NULL,NULL,NULL,NULL,NULL,NULL,101,2),(703,NULL,NULL,NULL,NULL,NULL,650.0000,NULL,NULL,NULL,101,11),(704,NULL,NULL,'0',NULL,NULL,NULL,NULL,NULL,NULL,101,22),(705,NULL,NULL,NULL,1,NULL,NULL,NULL,NULL,NULL,101,8),(706,NULL,NULL,NULL,NULL,22,NULL,NULL,NULL,NULL,101,23),(707,NULL,NULL,NULL,NULL,8,NULL,NULL,NULL,NULL,101,24),(708,NULL,NULL,'mo-1008-variant-22-9',NULL,NULL,NULL,NULL,NULL,NULL,102,1),(709,'en','default','Maternity Belt',NULL,NULL,NULL,NULL,NULL,NULL,102,2),(710,NULL,NULL,NULL,NULL,NULL,650.0000,NULL,NULL,NULL,102,11),(711,NULL,NULL,'0',NULL,NULL,NULL,NULL,NULL,NULL,102,22),(712,NULL,NULL,NULL,1,NULL,NULL,NULL,NULL,NULL,102,8),(713,NULL,NULL,NULL,NULL,22,NULL,NULL,NULL,NULL,102,23),(714,NULL,NULL,NULL,NULL,9,NULL,NULL,NULL,NULL,102,24),(715,NULL,NULL,'mo-1008-variant-22-23',NULL,NULL,NULL,NULL,NULL,NULL,103,1),(716,'en','default','Maternity Belt',NULL,NULL,NULL,NULL,NULL,NULL,103,2),(717,NULL,NULL,NULL,NULL,NULL,650.0000,NULL,NULL,NULL,103,11),(718,NULL,NULL,'0',NULL,NULL,NULL,NULL,NULL,NULL,103,22),(719,NULL,NULL,NULL,1,NULL,NULL,NULL,NULL,NULL,103,8),(720,NULL,NULL,NULL,NULL,22,NULL,NULL,NULL,NULL,103,23),(721,NULL,NULL,NULL,NULL,23,NULL,NULL,NULL,NULL,103,24),(722,'en','default','<ul>\r\n<li class=\"col-md-3\">\r\n<div class=\"content-wrap\">Flexible</div>\r\n</li>\r\n<li class=\"col-md-3\">\r\n<div class=\"content-wrap\">Duarble</div>\r\n</li>\r\n<li class=\"col-md-3\">\r\n<div class=\"content-wrap\">Porous</div>\r\n</li>\r\n</ul>',NULL,NULL,NULL,NULL,NULL,NULL,98,9),(723,'en','default','<div class=\"page\" title=\"Page 11\">\r\n<div class=\"section\">\r\n<div class=\"layoutArea\">\r\n<div class=\"column\">\r\n<ul>\r\n<li><span style=\"font-size: 10pt; font-family: Swiss721BT; color: #373435;\">Split elastic panel gives a good grip to the back splints, ensure no harsh pressure to the baby. Lifts the baby to reduce load to the mother.</span></li>\r\n<li><span style=\"color: #373435; font-family: Swiss721BT; font-size: 10pt;\">Anatomical pre shaped splints ensure comfortable support to the spine, provide perfect fitting and allays back pain associated with pregnancy.</span></li>\r\n<li><span style=\"color: #373435; font-family: Swiss721BT; font-size: 10pt;\"> Provides effective immobilization of the back and relieves muscular stress due to wrong posture.</span></li>\r\n</ul>\r\n</div>\r\n</div>\r\n</div>\r\n</div>',NULL,NULL,NULL,NULL,NULL,NULL,98,10),(724,NULL,NULL,'mo-1008',NULL,NULL,NULL,NULL,NULL,NULL,98,1),(725,'en','default','Maternity Belt',NULL,NULL,NULL,NULL,NULL,NULL,98,2),(726,NULL,NULL,'maternity-belt',NULL,NULL,NULL,NULL,NULL,NULL,98,3),(727,NULL,'default',NULL,NULL,3,NULL,NULL,NULL,NULL,98,4),(728,NULL,NULL,NULL,1,NULL,NULL,NULL,NULL,NULL,98,5),(729,NULL,NULL,NULL,1,NULL,NULL,NULL,NULL,NULL,98,6),(730,NULL,NULL,NULL,1,NULL,NULL,NULL,NULL,NULL,98,7),(731,NULL,NULL,NULL,1,NULL,NULL,NULL,NULL,NULL,98,8),(732,NULL,NULL,NULL,NULL,20,NULL,NULL,NULL,NULL,98,25),(733,NULL,NULL,NULL,1,NULL,NULL,NULL,NULL,NULL,98,26),(734,NULL,NULL,NULL,1,NULL,NULL,NULL,NULL,NULL,98,31),(735,'en','default','Maternity Belt',NULL,NULL,NULL,NULL,NULL,NULL,98,16),(736,'en','default','Maternity Belt, pregnancy belt',NULL,NULL,NULL,NULL,NULL,NULL,98,17),(737,'en','default','Belly bands help decrease your pain, Round ligament pain, External cues for posture, Allow you to engage comfortably in daily\r\nactivities, It can be worn after pregnancy for support, Supporting the lower back, cesarean delivery, Improving blood circulation.',NULL,NULL,NULL,NULL,NULL,NULL,98,18),(738,NULL,NULL,'mo-1009-variant-22-6',NULL,NULL,NULL,NULL,NULL,NULL,105,1),(739,'en','default','Pelvic Binder',NULL,NULL,NULL,NULL,NULL,NULL,105,2),(740,NULL,NULL,NULL,NULL,NULL,590.0000,NULL,NULL,NULL,105,11),(741,NULL,NULL,'0',NULL,NULL,NULL,NULL,NULL,NULL,105,22),(742,NULL,NULL,NULL,1,NULL,NULL,NULL,NULL,NULL,105,8),(743,NULL,NULL,NULL,NULL,22,NULL,NULL,NULL,NULL,105,23),(744,NULL,NULL,NULL,NULL,6,NULL,NULL,NULL,NULL,105,24),(745,NULL,NULL,'mo-1009-variant-22-7',NULL,NULL,NULL,NULL,NULL,NULL,106,1),(746,'en','default','Pelvic Binder',NULL,NULL,NULL,NULL,NULL,NULL,106,2),(747,NULL,NULL,NULL,NULL,NULL,590.0000,NULL,NULL,NULL,106,11),(748,NULL,NULL,'0',NULL,NULL,NULL,NULL,NULL,NULL,106,22),(749,NULL,NULL,NULL,1,NULL,NULL,NULL,NULL,NULL,106,8),(750,NULL,NULL,NULL,NULL,22,NULL,NULL,NULL,NULL,106,23),(751,NULL,NULL,NULL,NULL,7,NULL,NULL,NULL,NULL,106,24),(752,NULL,NULL,'mo-1009-variant-22-8',NULL,NULL,NULL,NULL,NULL,NULL,107,1),(753,'en','default','Pelvic Binder',NULL,NULL,NULL,NULL,NULL,NULL,107,2),(754,NULL,NULL,NULL,NULL,NULL,590.0000,NULL,NULL,NULL,107,11),(755,NULL,NULL,'0',NULL,NULL,NULL,NULL,NULL,NULL,107,22),(756,NULL,NULL,NULL,1,NULL,NULL,NULL,NULL,NULL,107,8),(757,NULL,NULL,NULL,NULL,22,NULL,NULL,NULL,NULL,107,23),(758,NULL,NULL,NULL,NULL,8,NULL,NULL,NULL,NULL,107,24),(759,NULL,NULL,'mo-1009-variant-22-9',NULL,NULL,NULL,NULL,NULL,NULL,108,1),(760,'en','default','Pelvic Binder',NULL,NULL,NULL,NULL,NULL,NULL,108,2),(761,NULL,NULL,NULL,NULL,NULL,678.0000,NULL,NULL,NULL,108,11),(762,NULL,NULL,'0',NULL,NULL,NULL,NULL,NULL,NULL,108,22),(763,NULL,NULL,NULL,1,NULL,NULL,NULL,NULL,NULL,108,8),(764,NULL,NULL,NULL,NULL,22,NULL,NULL,NULL,NULL,108,23),(765,NULL,NULL,NULL,NULL,9,NULL,NULL,NULL,NULL,108,24),(766,NULL,NULL,'mo-1009-variant-22-23',NULL,NULL,NULL,NULL,NULL,NULL,109,1),(767,'en','default','Pelvic Binder',NULL,NULL,NULL,NULL,NULL,NULL,109,2),(768,NULL,NULL,NULL,NULL,NULL,678.0000,NULL,NULL,NULL,109,11),(769,NULL,NULL,'0',NULL,NULL,NULL,NULL,NULL,NULL,109,22),(770,NULL,NULL,NULL,1,NULL,NULL,NULL,NULL,NULL,109,8),(771,NULL,NULL,NULL,NULL,22,NULL,NULL,NULL,NULL,109,23),(772,NULL,NULL,NULL,NULL,23,NULL,NULL,NULL,NULL,109,24),(773,'en','default','<ul>\r\n<li class=\"col-md-3\">\r\n<div class=\"content-wrap\">Comfortable</div>\r\n</li>\r\n<li class=\"col-md-3\">\r\n<div class=\"content-wrap\">Easy to apply</div>\r\n</li>\r\n</ul>',NULL,NULL,NULL,NULL,NULL,NULL,104,9),(774,'en','default','<div class=\"page\" title=\"Page 12\">\r\n<div class=\"section\">\r\n<div class=\"layoutArea\">\r\n<div class=\"column\">\r\n<ul>\r\n<li><span style=\"font-size: 11pt; font-family: Swiss721BT; color: #373435;\">Pelvic Binder lessens pain and movement during transfer and permit clean access for Laparotomy and Angiography by releasing individual strap fastener.</span></li>\r\n</ul>\r\n<p>&nbsp;</p>\r\n</div>\r\n</div>\r\n</div>\r\n</div>',NULL,NULL,NULL,NULL,NULL,NULL,104,10),(775,NULL,NULL,'mo-1009',NULL,NULL,NULL,NULL,NULL,NULL,104,1),(776,'en','default','Pelvic Binder',NULL,NULL,NULL,NULL,NULL,NULL,104,2),(777,NULL,NULL,'pelvic-binder',NULL,NULL,NULL,NULL,NULL,NULL,104,3),(778,NULL,'default',NULL,NULL,3,NULL,NULL,NULL,NULL,104,4),(779,NULL,NULL,NULL,1,NULL,NULL,NULL,NULL,NULL,104,5),(780,NULL,NULL,NULL,1,NULL,NULL,NULL,NULL,NULL,104,6),(781,NULL,NULL,NULL,1,NULL,NULL,NULL,NULL,NULL,104,7),(782,NULL,NULL,NULL,1,NULL,NULL,NULL,NULL,NULL,104,8),(783,NULL,NULL,NULL,NULL,20,NULL,NULL,NULL,NULL,104,25),(784,NULL,NULL,NULL,1,NULL,NULL,NULL,NULL,NULL,104,26),(785,NULL,NULL,NULL,1,NULL,NULL,NULL,NULL,NULL,104,31),(786,'en','default','Pelvic Binder',NULL,NULL,NULL,NULL,NULL,NULL,104,16),(787,'en','default','Pelvic Binder, tummy binder',NULL,NULL,NULL,NULL,NULL,NULL,104,17),(788,'en','default',' Pelvic Fracture, Associated Visceral / Neural Injury',NULL,NULL,NULL,NULL,NULL,NULL,104,18),(789,NULL,NULL,'mo-2001-variant-22-6',NULL,NULL,NULL,NULL,NULL,NULL,111,1),(790,'en','default','Cervical Collar Soft with Support (O.E.)',NULL,NULL,NULL,NULL,NULL,NULL,111,2),(791,NULL,NULL,NULL,NULL,NULL,300.0000,NULL,NULL,NULL,111,11),(792,NULL,NULL,'0',NULL,NULL,NULL,NULL,NULL,NULL,111,22),(793,NULL,NULL,NULL,1,NULL,NULL,NULL,NULL,NULL,111,8),(794,NULL,NULL,NULL,NULL,22,NULL,NULL,NULL,NULL,111,23),(795,NULL,NULL,NULL,NULL,6,NULL,NULL,NULL,NULL,111,24),(796,NULL,NULL,'mo-2001-variant-22-7',NULL,NULL,NULL,NULL,NULL,NULL,112,1),(797,'en','default','Cervical Collar Soft with Support (O.E.)',NULL,NULL,NULL,NULL,NULL,NULL,112,2),(798,NULL,NULL,NULL,NULL,NULL,300.0000,NULL,NULL,NULL,112,11),(799,NULL,NULL,'0',NULL,NULL,NULL,NULL,NULL,NULL,112,22),(800,NULL,NULL,NULL,1,NULL,NULL,NULL,NULL,NULL,112,8),(801,NULL,NULL,NULL,NULL,22,NULL,NULL,NULL,NULL,112,23),(802,NULL,NULL,NULL,NULL,7,NULL,NULL,NULL,NULL,112,24),(803,NULL,NULL,'mo-2001-variant-22-8',NULL,NULL,NULL,NULL,NULL,NULL,113,1),(804,'en','default','Cervical Collar Soft with Support (O.E.)',NULL,NULL,NULL,NULL,NULL,NULL,113,2),(805,NULL,NULL,NULL,NULL,NULL,300.0000,NULL,NULL,NULL,113,11),(806,NULL,NULL,'0',NULL,NULL,NULL,NULL,NULL,NULL,113,22),(807,NULL,NULL,NULL,1,NULL,NULL,NULL,NULL,NULL,113,8),(808,NULL,NULL,NULL,NULL,22,NULL,NULL,NULL,NULL,113,23),(809,NULL,NULL,NULL,NULL,8,NULL,NULL,NULL,NULL,113,24),(810,NULL,NULL,'mo-2001-variant-22-9',NULL,NULL,NULL,NULL,NULL,NULL,114,1),(811,'en','default','Cervical Collar Soft with Support (O.E.)',NULL,NULL,NULL,NULL,NULL,NULL,114,2),(812,NULL,NULL,NULL,NULL,NULL,300.0000,NULL,NULL,NULL,114,11),(813,NULL,NULL,'0',NULL,NULL,NULL,NULL,NULL,NULL,114,22),(814,NULL,NULL,NULL,1,NULL,NULL,NULL,NULL,NULL,114,8),(815,NULL,NULL,NULL,NULL,22,NULL,NULL,NULL,NULL,114,23),(816,NULL,NULL,NULL,NULL,9,NULL,NULL,NULL,NULL,114,24),(817,NULL,NULL,'mo-2001-variant-22-23',NULL,NULL,NULL,NULL,NULL,NULL,115,1),(818,'en','default','Cervical Collar Soft with Support (O.E.)',NULL,NULL,NULL,NULL,NULL,NULL,115,2),(819,NULL,NULL,NULL,NULL,NULL,300.0000,NULL,NULL,NULL,115,11),(820,NULL,NULL,'0',NULL,NULL,NULL,NULL,NULL,NULL,115,22),(821,NULL,NULL,NULL,1,NULL,NULL,NULL,NULL,NULL,115,8),(822,NULL,NULL,NULL,NULL,22,NULL,NULL,NULL,NULL,115,23),(823,NULL,NULL,NULL,NULL,23,NULL,NULL,NULL,NULL,115,24),(824,'en','default','<ul>\r\n<li class=\"col-md-3\">\r\n<div class=\"content-wrap\">Comfortable</div>\r\n</li>\r\n<li class=\"col-md-3\">\r\n<div class=\"content-wrap\">Duarble</div>\r\n</li>\r\n<li class=\"col-md-3\">\r\n<div class=\"content-wrap\">Brethable</div>\r\n</li>\r\n</ul>',NULL,NULL,NULL,NULL,NULL,NULL,110,9),(825,'en','default','<div class=\"page\" title=\"Page 13\">\r\n<div class=\"section\">\r\n<div class=\"layoutArea\">\r\n<div class=\"column\">\r\n<ul>\r\n<li><span style=\"font-size: 11pt; font-family: Swiss721BT; color: #373435;\">Made of firm density foam,&nbsp;Covered with a soft. s</span></li>\r\n<li><span style=\"font-size: 11pt; font-family: Swiss721BT; color: #373435;\">Smooth cotton&nbsp;</span><span style=\"font-size: 11pt; font-family: Swiss721BT; color: #373435;\">stockinet,&nbsp;Splint inside for better neck support.</span></li>\r\n<li><span style=\"font-size: 11pt; font-family: Swiss721BT; color: #373435;\"> Eyelets for better ventilation.</span></li>\r\n<li><span style=\"font-size: 11pt; font-family: Swiss721BT; color: #373435;\">Hook &amp; Loop closers for proper fit.</span></li>\r\n</ul>\r\n</div>\r\n</div>\r\n</div>\r\n</div>',NULL,NULL,NULL,NULL,NULL,NULL,110,10),(826,NULL,NULL,'mo-2001',NULL,NULL,NULL,NULL,NULL,NULL,110,1),(827,'en','default','Cervical Collar Soft with Support (O.E.)',NULL,NULL,NULL,NULL,NULL,NULL,110,2),(828,NULL,NULL,'cervical-collar-soft-with-support-oe',NULL,NULL,NULL,NULL,NULL,NULL,110,3),(829,NULL,'default',NULL,NULL,3,NULL,NULL,NULL,NULL,110,4),(830,NULL,NULL,NULL,1,NULL,NULL,NULL,NULL,NULL,110,5),(831,NULL,NULL,NULL,1,NULL,NULL,NULL,NULL,NULL,110,6),(832,NULL,NULL,NULL,1,NULL,NULL,NULL,NULL,NULL,110,7),(833,NULL,NULL,NULL,1,NULL,NULL,NULL,NULL,NULL,110,8),(834,NULL,NULL,NULL,NULL,20,NULL,NULL,NULL,NULL,110,25),(835,NULL,NULL,NULL,1,NULL,NULL,NULL,NULL,NULL,110,26),(836,NULL,NULL,NULL,1,NULL,NULL,NULL,NULL,NULL,110,31),(837,'en','default','Cervical Collar Soft with\r\nSupport (O.E.)',NULL,NULL,NULL,NULL,NULL,NULL,110,16),(838,'en','default','Cervical Collar Soft with Support  (O.E.), cervical belt, cervical collar, cervical support',NULL,NULL,NULL,NULL,NULL,NULL,110,17),(839,'en','default','Cervical Trauma, Neck Pain and Stiffness, Excessive Mobility, Rheumatoid Arthritis, Strain of Neck Muscles, Whiplash Recovery, Degenerative Disc Disease',NULL,NULL,NULL,NULL,NULL,NULL,110,18),(840,NULL,NULL,'mo-2002-variant-22-6',NULL,NULL,NULL,NULL,NULL,NULL,117,1),(841,'en','default','Cervical Collar Soft',NULL,NULL,NULL,NULL,NULL,NULL,117,2),(842,NULL,NULL,NULL,NULL,NULL,270.0000,NULL,NULL,NULL,117,11),(843,NULL,NULL,'0',NULL,NULL,NULL,NULL,NULL,NULL,117,22),(844,NULL,NULL,NULL,1,NULL,NULL,NULL,NULL,NULL,117,8),(845,NULL,NULL,NULL,NULL,22,NULL,NULL,NULL,NULL,117,23),(846,NULL,NULL,NULL,NULL,6,NULL,NULL,NULL,NULL,117,24),(847,NULL,NULL,'mo-2002-variant-22-7',NULL,NULL,NULL,NULL,NULL,NULL,118,1),(848,'en','default','Cervical Collar Soft',NULL,NULL,NULL,NULL,NULL,NULL,118,2),(849,NULL,NULL,NULL,NULL,NULL,270.0000,NULL,NULL,NULL,118,11),(850,NULL,NULL,'0',NULL,NULL,NULL,NULL,NULL,NULL,118,22),(851,NULL,NULL,NULL,1,NULL,NULL,NULL,NULL,NULL,118,8),(852,NULL,NULL,NULL,NULL,22,NULL,NULL,NULL,NULL,118,23),(853,NULL,NULL,NULL,NULL,7,NULL,NULL,NULL,NULL,118,24),(854,NULL,NULL,'mo-2002-variant-22-8',NULL,NULL,NULL,NULL,NULL,NULL,119,1),(855,'en','default','Cervical Collar Soft',NULL,NULL,NULL,NULL,NULL,NULL,119,2),(856,NULL,NULL,NULL,NULL,NULL,270.0000,NULL,NULL,NULL,119,11),(857,NULL,NULL,'0',NULL,NULL,NULL,NULL,NULL,NULL,119,22),(858,NULL,NULL,NULL,1,NULL,NULL,NULL,NULL,NULL,119,8),(859,NULL,NULL,NULL,NULL,22,NULL,NULL,NULL,NULL,119,23),(860,NULL,NULL,NULL,NULL,8,NULL,NULL,NULL,NULL,119,24),(861,NULL,NULL,'mo-2002-variant-22-9',NULL,NULL,NULL,NULL,NULL,NULL,120,1),(862,'en','default','Cervical Collar Soft',NULL,NULL,NULL,NULL,NULL,NULL,120,2),(863,NULL,NULL,NULL,NULL,NULL,270.0000,NULL,NULL,NULL,120,11),(864,NULL,NULL,'0',NULL,NULL,NULL,NULL,NULL,NULL,120,22),(865,NULL,NULL,NULL,1,NULL,NULL,NULL,NULL,NULL,120,8),(866,NULL,NULL,NULL,NULL,22,NULL,NULL,NULL,NULL,120,23),(867,NULL,NULL,NULL,NULL,9,NULL,NULL,NULL,NULL,120,24),(868,NULL,NULL,'mo-2002-variant-22-23',NULL,NULL,NULL,NULL,NULL,NULL,121,1),(869,'en','default','Cervical Collar Soft',NULL,NULL,NULL,NULL,NULL,NULL,121,2),(870,NULL,NULL,NULL,NULL,NULL,270.0000,NULL,NULL,NULL,121,11),(871,NULL,NULL,'0',NULL,NULL,NULL,NULL,NULL,NULL,121,22),(872,NULL,NULL,NULL,1,NULL,NULL,NULL,NULL,NULL,121,8),(873,NULL,NULL,NULL,NULL,22,NULL,NULL,NULL,NULL,121,23),(874,NULL,NULL,NULL,NULL,23,NULL,NULL,NULL,NULL,121,24),(875,'en','default','<ul>\r\n<li class=\"col-md-3\">\r\n<div class=\"content-wrap\">flexible</div>\r\n</li>\r\n<li class=\"col-md-3\">\r\n<div class=\"content-wrap\">duarble</div>\r\n</li>\r\n<li class=\"col-md-3\">\r\n<div class=\"content-wrap\">comfortable</div>\r\n</li>\r\n</ul>',NULL,NULL,NULL,NULL,NULL,NULL,116,9),(876,'en','default','<div class=\"page\" title=\"Page 14\">\r\n<div class=\"page\" title=\"Page 14\">\r\n<div class=\"section\">\r\n<div class=\"layoutArea\">\r\n<div class=\"column\">\r\n<ul>\r\n<li><span style=\"font-size: 11pt; font-family: Swiss721BT; color: #373435;\">Made of firm density foam.</span></li>\r\n<li><span style=\"font-size: 11pt; font-family: Swiss721BT; color: #373435;\">Covered with a soft, smooth cotton&nbsp;</span><span style=\"color: #373435; font-family: Swiss721BT; font-size: 11pt;\">stockinet.</span></li>\r\n<li><span style=\"color: #373435; font-family: Swiss721BT; font-size: 11pt;\">&nbsp;Splint inside for better neck support.</span></li>\r\n<li><span style=\"color: #373435; font-family: Swiss721BT; font-size: 11pt;\">Eyelets for better ventilation.</span></li>\r\n<li><span style=\"color: #373435; font-family: Swiss721BT; font-size: 11pt;\">Hook &amp; Loop closers for proper fit.</span></li>\r\n</ul>\r\n</div>\r\n</div>\r\n</div>\r\n</div>\r\n</div>',NULL,NULL,NULL,NULL,NULL,NULL,116,10),(877,NULL,NULL,'mo-2002',NULL,NULL,NULL,NULL,NULL,NULL,116,1),(878,'en','default','Cervical Collar Soft',NULL,NULL,NULL,NULL,NULL,NULL,116,2),(879,NULL,NULL,'cervical-collar-soft',NULL,NULL,NULL,NULL,NULL,NULL,116,3),(880,NULL,'default',NULL,NULL,3,NULL,NULL,NULL,NULL,116,4),(881,NULL,NULL,NULL,1,NULL,NULL,NULL,NULL,NULL,116,5),(882,NULL,NULL,NULL,1,NULL,NULL,NULL,NULL,NULL,116,6),(883,NULL,NULL,NULL,1,NULL,NULL,NULL,NULL,NULL,116,7),(884,NULL,NULL,NULL,1,NULL,NULL,NULL,NULL,NULL,116,8),(885,NULL,NULL,NULL,NULL,20,NULL,NULL,NULL,NULL,116,25),(886,NULL,NULL,NULL,1,NULL,NULL,NULL,NULL,NULL,116,26),(887,NULL,NULL,NULL,1,NULL,NULL,NULL,NULL,NULL,116,31),(888,'en','default','Cervical Collar Soft',NULL,NULL,NULL,NULL,NULL,NULL,116,16),(889,'en','default','Cervical Collar Soft, neck belt, cervical belt.',NULL,NULL,NULL,NULL,NULL,NULL,116,17),(890,'en','default','Cervical Trauma, Neck Pain and Stiffness, Excessive Mobility, Rheumatoid Arthritis, Strain of Neck Muscles, Whiplash Recovery -Degenerative Disc Disease',NULL,NULL,NULL,NULL,NULL,NULL,116,18),(891,NULL,NULL,'mo-2003-variant-22-6',NULL,NULL,NULL,NULL,NULL,NULL,123,1),(892,'en','default','Cervical Collar Hard',NULL,NULL,NULL,NULL,NULL,NULL,123,2),(893,NULL,NULL,NULL,NULL,NULL,450.0000,NULL,NULL,NULL,123,11),(894,NULL,NULL,'0',NULL,NULL,NULL,NULL,NULL,NULL,123,22),(895,NULL,NULL,NULL,1,NULL,NULL,NULL,NULL,NULL,123,8),(896,NULL,NULL,NULL,NULL,22,NULL,NULL,NULL,NULL,123,23),(897,NULL,NULL,NULL,NULL,6,NULL,NULL,NULL,NULL,123,24),(898,NULL,NULL,'mo-2003-variant-22-7',NULL,NULL,NULL,NULL,NULL,NULL,124,1),(899,'en','default','Cervical Collar Hard',NULL,NULL,NULL,NULL,NULL,NULL,124,2),(900,NULL,NULL,NULL,NULL,NULL,450.0000,NULL,NULL,NULL,124,11),(901,NULL,NULL,'0',NULL,NULL,NULL,NULL,NULL,NULL,124,22),(902,NULL,NULL,NULL,1,NULL,NULL,NULL,NULL,NULL,124,8),(903,NULL,NULL,NULL,NULL,22,NULL,NULL,NULL,NULL,124,23),(904,NULL,NULL,NULL,NULL,7,NULL,NULL,NULL,NULL,124,24),(905,NULL,NULL,'mo-2003-variant-22-8',NULL,NULL,NULL,NULL,NULL,NULL,125,1),(906,'en','default','Cervical Collar Hard',NULL,NULL,NULL,NULL,NULL,NULL,125,2),(907,NULL,NULL,NULL,NULL,NULL,450.0000,NULL,NULL,NULL,125,11),(908,NULL,NULL,'0',NULL,NULL,NULL,NULL,NULL,NULL,125,22),(909,NULL,NULL,NULL,1,NULL,NULL,NULL,NULL,NULL,125,8),(910,NULL,NULL,NULL,NULL,22,NULL,NULL,NULL,NULL,125,23),(911,NULL,NULL,NULL,NULL,8,NULL,NULL,NULL,NULL,125,24),(912,NULL,NULL,'mo-2003-variant-22-9',NULL,NULL,NULL,NULL,NULL,NULL,126,1),(913,'en','default','Cervical Collar Hard',NULL,NULL,NULL,NULL,NULL,NULL,126,2),(914,NULL,NULL,NULL,NULL,NULL,450.0000,NULL,NULL,NULL,126,11),(915,NULL,NULL,'0',NULL,NULL,NULL,NULL,NULL,NULL,126,22),(916,NULL,NULL,NULL,1,NULL,NULL,NULL,NULL,NULL,126,8),(917,NULL,NULL,NULL,NULL,22,NULL,NULL,NULL,NULL,126,23),(918,NULL,NULL,NULL,NULL,9,NULL,NULL,NULL,NULL,126,24),(919,NULL,NULL,'mo-2003-variant-22-23',NULL,NULL,NULL,NULL,NULL,NULL,127,1),(920,'en','default','Cervical Collar Hard',NULL,NULL,NULL,NULL,NULL,NULL,127,2),(921,NULL,NULL,NULL,NULL,NULL,450.0000,NULL,NULL,NULL,127,11),(922,NULL,NULL,'0',NULL,NULL,NULL,NULL,NULL,NULL,127,22),(923,NULL,NULL,NULL,1,NULL,NULL,NULL,NULL,NULL,127,8),(924,NULL,NULL,NULL,NULL,22,NULL,NULL,NULL,NULL,127,23),(925,NULL,NULL,NULL,NULL,23,NULL,NULL,NULL,NULL,127,24),(926,'en','default','<ul>\r\n<li class=\"col-md-3\">\r\n<div class=\"content-wrap\">flexible</div>\r\n</li>\r\n<li class=\"col-md-3\">\r\n<div class=\"content-wrap\">duarble</div>\r\n</li>\r\n<li class=\"col-md-3\">\r\n<div class=\"content-wrap\">comfortable</div>\r\n</li>\r\n</ul>',NULL,NULL,NULL,NULL,NULL,NULL,122,9),(927,'en','default','<div class=\"page\" title=\"Page 15\">\r\n<div class=\"section\">\r\n<div class=\"layoutArea\">\r\n<div class=\"column\">\r\n<ul>\r\n<li><span style=\"font-size: 11pt; font-family: Swiss721BT; color: #373435;\">Two-piece design with height adjustment ensures perfect immobilization of the neck.</span></li>\r\n<li><span style=\"color: #373435; font-family: Swiss721BT; font-size: 11pt;\">Easy to clean maintain.</span></li>\r\n<li><span style=\"color: #373435; font-family: Swiss721BT; font-size: 11pt;\">Hook &amp; Loop closers for proper fit.&nbsp;</span></li>\r\n</ul>\r\n</div>\r\n</div>\r\n</div>\r\n</div>',NULL,NULL,NULL,NULL,NULL,NULL,122,10),(928,NULL,NULL,'mo-2003',NULL,NULL,NULL,NULL,NULL,NULL,122,1),(929,'en','default','Cervical Collar Hard',NULL,NULL,NULL,NULL,NULL,NULL,122,2),(930,NULL,NULL,'cervical-collar-hard',NULL,NULL,NULL,NULL,NULL,NULL,122,3),(931,NULL,'default',NULL,NULL,3,NULL,NULL,NULL,NULL,122,4),(932,NULL,NULL,NULL,1,NULL,NULL,NULL,NULL,NULL,122,5),(933,NULL,NULL,NULL,1,NULL,NULL,NULL,NULL,NULL,122,6),(934,NULL,NULL,NULL,1,NULL,NULL,NULL,NULL,NULL,122,7),(935,NULL,NULL,NULL,1,NULL,NULL,NULL,NULL,NULL,122,8),(936,NULL,NULL,NULL,NULL,20,NULL,NULL,NULL,NULL,122,25),(937,NULL,NULL,NULL,1,NULL,NULL,NULL,NULL,NULL,122,26),(938,NULL,NULL,NULL,1,NULL,NULL,NULL,NULL,NULL,122,31),(939,'en','default','Cervical Collar Hard',NULL,NULL,NULL,NULL,NULL,NULL,122,16),(940,'en','default','Cervical Collar Hard, cervical collar, cervical brace',NULL,NULL,NULL,NULL,NULL,NULL,122,17),(941,'en','default','Cervical Trauma, Accidental Trauma, Cervical Spondylitis, Rheumatoid. Arthritis, Strain of Neck Muscles, Whiplash Recovery, Degenerative Disc Disease',NULL,NULL,NULL,NULL,NULL,NULL,122,18),(942,NULL,NULL,'mo-2004-variant-22-6',NULL,NULL,NULL,NULL,NULL,NULL,129,1),(943,'en','default','Philadelphia Collar',NULL,NULL,NULL,NULL,NULL,NULL,129,2),(944,NULL,NULL,NULL,NULL,NULL,949.0000,NULL,NULL,NULL,129,11),(945,NULL,NULL,'0',NULL,NULL,NULL,NULL,NULL,NULL,129,22),(946,NULL,NULL,NULL,1,NULL,NULL,NULL,NULL,NULL,129,8),(947,NULL,NULL,NULL,NULL,22,NULL,NULL,NULL,NULL,129,23),(948,NULL,NULL,NULL,NULL,6,NULL,NULL,NULL,NULL,129,24),(949,NULL,NULL,'mo-2004-variant-22-7',NULL,NULL,NULL,NULL,NULL,NULL,130,1),(950,'en','default','Philadelphia Collar',NULL,NULL,NULL,NULL,NULL,NULL,130,2),(951,NULL,NULL,NULL,NULL,NULL,949.0000,NULL,NULL,NULL,130,11),(952,NULL,NULL,'0',NULL,NULL,NULL,NULL,NULL,NULL,130,22),(953,NULL,NULL,NULL,1,NULL,NULL,NULL,NULL,NULL,130,8),(954,NULL,NULL,NULL,NULL,22,NULL,NULL,NULL,NULL,130,23),(955,NULL,NULL,NULL,NULL,7,NULL,NULL,NULL,NULL,130,24),(956,NULL,NULL,'mo-2004-variant-22-8',NULL,NULL,NULL,NULL,NULL,NULL,131,1),(957,'en','default','Philadelphia Collar',NULL,NULL,NULL,NULL,NULL,NULL,131,2),(958,NULL,NULL,NULL,NULL,NULL,949.0000,NULL,NULL,NULL,131,11),(959,NULL,NULL,'0',NULL,NULL,NULL,NULL,NULL,NULL,131,22),(960,NULL,NULL,NULL,1,NULL,NULL,NULL,NULL,NULL,131,8),(961,NULL,NULL,NULL,NULL,22,NULL,NULL,NULL,NULL,131,23),(962,NULL,NULL,NULL,NULL,8,NULL,NULL,NULL,NULL,131,24),(963,NULL,NULL,'mo-2004-variant-22-9',NULL,NULL,NULL,NULL,NULL,NULL,132,1),(964,'en','default','Philadelphia Collar',NULL,NULL,NULL,NULL,NULL,NULL,132,2),(965,NULL,NULL,NULL,NULL,NULL,949.0000,NULL,NULL,NULL,132,11),(966,NULL,NULL,'0',NULL,NULL,NULL,NULL,NULL,NULL,132,22),(967,NULL,NULL,NULL,1,NULL,NULL,NULL,NULL,NULL,132,8),(968,NULL,NULL,NULL,NULL,22,NULL,NULL,NULL,NULL,132,23),(969,NULL,NULL,NULL,NULL,9,NULL,NULL,NULL,NULL,132,24),(970,NULL,NULL,'mo-2004-variant-22-23',NULL,NULL,NULL,NULL,NULL,NULL,133,1),(971,'en','default','Philadelphia Collar',NULL,NULL,NULL,NULL,NULL,NULL,133,2),(972,NULL,NULL,NULL,NULL,NULL,949.0000,NULL,NULL,NULL,133,11),(973,NULL,NULL,'0',NULL,NULL,NULL,NULL,NULL,NULL,133,22),(974,NULL,NULL,NULL,1,NULL,NULL,NULL,NULL,NULL,133,8),(975,NULL,NULL,NULL,NULL,22,NULL,NULL,NULL,NULL,133,23),(976,NULL,NULL,NULL,NULL,23,NULL,NULL,NULL,NULL,133,24),(977,'en','default','<ul>\r\n<li class=\"col-md-3\">\r\n<div class=\"content-wrap\">Comfotable</div>\r\n</li>\r\n<li class=\"col-md-3\">\r\n<div class=\"content-wrap\">Durable</div>\r\n</li>\r\n</ul>',NULL,NULL,NULL,NULL,NULL,NULL,128,9),(978,'en','default','<div class=\"page\" title=\"Page 16\">\r\n<div class=\"section\">\r\n<div class=\"layoutArea\">\r\n<div class=\"column\">\r\n<ul>\r\n<li><span style=\"font-size: 11pt; font-family: Swiss721BT; color: #373435;\">Made of Ethafoam material.</span></li>\r\n<li><span style=\"font-size: 11pt; font-family: Swiss721BT; color: #373435;\">Trachea opening In front alleviates heat &amp;&nbsp;</span><span style=\"color: #373435; font-family: Swiss721BT; font-size: 11pt;\">moisture.</span></li>\r\n<li><span style=\"color: #373435; font-family: Swiss721BT; font-size: 11pt;\">Two-Piece design for perfect&nbsp;</span><span style=\"color: #373435; font-family: Swiss721BT; font-size: 11pt;\">immobilization of the neck.</span></li>\r\n<li><span style=\"color: #373435; font-family: Swiss721BT; font-size: 11pt;\">Chain support ensures a comfort fit.</span></li>\r\n<li><span style=\"color: #373435; font-family: Swiss721BT; font-size: 11pt;\">Hook &amp; Loop closers for proper fit.</span></li>\r\n</ul>\r\n<p>&nbsp;</p>\r\n</div>\r\n</div>\r\n</div>\r\n</div>',NULL,NULL,NULL,NULL,NULL,NULL,128,10),(979,NULL,NULL,'mo-2004',NULL,NULL,NULL,NULL,NULL,NULL,128,1),(980,'en','default','Philadelphia Collar',NULL,NULL,NULL,NULL,NULL,NULL,128,2),(981,NULL,NULL,'philadelphia-collar',NULL,NULL,NULL,NULL,NULL,NULL,128,3),(982,NULL,'default',NULL,NULL,3,NULL,NULL,NULL,NULL,128,4),(983,NULL,NULL,NULL,1,NULL,NULL,NULL,NULL,NULL,128,5),(984,NULL,NULL,NULL,1,NULL,NULL,NULL,NULL,NULL,128,6),(985,NULL,NULL,NULL,1,NULL,NULL,NULL,NULL,NULL,128,7),(986,NULL,NULL,NULL,1,NULL,NULL,NULL,NULL,NULL,128,8),(987,NULL,NULL,NULL,NULL,20,NULL,NULL,NULL,NULL,128,25),(988,NULL,NULL,NULL,1,NULL,NULL,NULL,NULL,NULL,128,26),(989,NULL,NULL,NULL,1,NULL,NULL,NULL,NULL,NULL,128,31),(990,'en','default','Philadelphia Collar',NULL,NULL,NULL,NULL,NULL,NULL,128,16),(991,'en','default','Philadelphia Collar, cervical fracture belt',NULL,NULL,NULL,NULL,NULL,NULL,128,17),(992,'en','default','Cervical Trauma, Accidental and Trauma, Cervical Spondylitis, Burn',NULL,NULL,NULL,NULL,NULL,NULL,128,18),(993,NULL,NULL,'mo-3001-variant-22-6',NULL,NULL,NULL,NULL,NULL,NULL,135,1),(994,'en','default','Arm Sling Pouch',NULL,NULL,NULL,NULL,NULL,NULL,135,2),(995,NULL,NULL,NULL,NULL,NULL,325.0000,NULL,NULL,NULL,135,11),(996,NULL,NULL,'0',NULL,NULL,NULL,NULL,NULL,NULL,135,22),(997,NULL,NULL,NULL,1,NULL,NULL,NULL,NULL,NULL,135,8),(998,NULL,NULL,NULL,NULL,22,NULL,NULL,NULL,NULL,135,23),(999,NULL,NULL,NULL,NULL,6,NULL,NULL,NULL,NULL,135,24),(1000,NULL,NULL,'mo-3001-variant-22-7',NULL,NULL,NULL,NULL,NULL,NULL,136,1),(1001,'en','default','Arm Sling Pouch',NULL,NULL,NULL,NULL,NULL,NULL,136,2),(1002,NULL,NULL,NULL,NULL,NULL,325.0000,NULL,NULL,NULL,136,11),(1003,NULL,NULL,'0',NULL,NULL,NULL,NULL,NULL,NULL,136,22),(1004,NULL,NULL,NULL,1,NULL,NULL,NULL,NULL,NULL,136,8),(1005,NULL,NULL,NULL,NULL,22,NULL,NULL,NULL,NULL,136,23),(1006,NULL,NULL,NULL,NULL,7,NULL,NULL,NULL,NULL,136,24),(1007,NULL,NULL,'mo-3001-variant-22-8',NULL,NULL,NULL,NULL,NULL,NULL,137,1),(1008,'en','default','Arm Sling Pouch',NULL,NULL,NULL,NULL,NULL,NULL,137,2),(1009,NULL,NULL,NULL,NULL,NULL,325.0000,NULL,NULL,NULL,137,11),(1010,NULL,NULL,'0',NULL,NULL,NULL,NULL,NULL,NULL,137,22),(1011,NULL,NULL,NULL,1,NULL,NULL,NULL,NULL,NULL,137,8),(1012,NULL,NULL,NULL,NULL,22,NULL,NULL,NULL,NULL,137,23),(1013,NULL,NULL,NULL,NULL,8,NULL,NULL,NULL,NULL,137,24),(1014,NULL,NULL,'mo-3001-variant-22-9',NULL,NULL,NULL,NULL,NULL,NULL,138,1),(1015,'en','default','Arm Sling Pouch',NULL,NULL,NULL,NULL,NULL,NULL,138,2),(1016,NULL,NULL,NULL,NULL,NULL,325.0000,NULL,NULL,NULL,138,11),(1017,NULL,NULL,'0',NULL,NULL,NULL,NULL,NULL,NULL,138,22),(1018,NULL,NULL,NULL,1,NULL,NULL,NULL,NULL,NULL,138,8),(1019,NULL,NULL,NULL,NULL,22,NULL,NULL,NULL,NULL,138,23),(1020,NULL,NULL,NULL,NULL,9,NULL,NULL,NULL,NULL,138,24),(1021,NULL,NULL,'mo-3001-variant-22-23',NULL,NULL,NULL,NULL,NULL,NULL,139,1),(1022,'en','default','Arm Sling Pouch',NULL,NULL,NULL,NULL,NULL,NULL,139,2),(1023,NULL,NULL,NULL,NULL,NULL,325.0000,NULL,NULL,NULL,139,11),(1024,NULL,NULL,'0',NULL,NULL,NULL,NULL,NULL,NULL,139,22),(1025,NULL,NULL,NULL,1,NULL,NULL,NULL,NULL,NULL,139,8),(1026,NULL,NULL,NULL,NULL,22,NULL,NULL,NULL,NULL,139,23),(1027,NULL,NULL,NULL,NULL,23,NULL,NULL,NULL,NULL,139,24),(1028,'en','default','<ul>\r\n<li class=\"col-md-3\">\r\n<div class=\"content-wrap\">Comfortable</div>\r\n</li>\r\n<li class=\"col-md-3\">\r\n<div class=\"content-wrap\">Brethable</div>\r\n</li>\r\n</ul>',NULL,NULL,NULL,NULL,NULL,NULL,134,9),(1029,'en','default','<div class=\"page\" title=\"Page 17\">\r\n<div class=\"section\">\r\n<div class=\"layoutArea\">\r\n<div class=\"column\">\r\n<ul>\r\n<li><span style=\"font-size: 11pt; font-family: Swiss721BT; color: #373435;\">Thumb cradle for added support.</span></li>\r\n<li><span style=\"font-size: 11pt; font-family: Swiss721BT; color: #373435;\">Shoulder pad relieves pressure from the&nbsp;</span><span style=\"color: #373435; font-family: Swiss721BT; font-size: 11pt;\">shoulder.</span></li>\r\n<li><span style=\"color: #373435; font-family: Swiss721BT; font-size: 11pt;\">Adjustable strap with a buckle for a&nbsp;</span><span style=\"color: #373435; font-family: Swiss721BT; font-size: 11pt;\">customized fit.</span></li>\r\n</ul>\r\n<p>&nbsp;</p>\r\n</div>\r\n</div>\r\n</div>\r\n</div>',NULL,NULL,NULL,NULL,NULL,NULL,134,10),(1030,NULL,NULL,'mo-3001',NULL,NULL,NULL,NULL,NULL,NULL,134,1),(1031,'en','default','Arm Sling Pouch',NULL,NULL,NULL,NULL,NULL,NULL,134,2),(1032,NULL,NULL,'arm-sling-pouch',NULL,NULL,NULL,NULL,NULL,NULL,134,3),(1033,NULL,'default',NULL,NULL,3,NULL,NULL,NULL,NULL,134,4),(1034,NULL,NULL,NULL,1,NULL,NULL,NULL,NULL,NULL,134,5),(1035,NULL,NULL,NULL,1,NULL,NULL,NULL,NULL,NULL,134,6),(1036,NULL,NULL,NULL,1,NULL,NULL,NULL,NULL,NULL,134,7),(1037,NULL,NULL,NULL,1,NULL,NULL,NULL,NULL,NULL,134,8),(1038,NULL,NULL,NULL,NULL,20,NULL,NULL,NULL,NULL,134,25),(1039,NULL,NULL,NULL,1,NULL,NULL,NULL,NULL,NULL,134,26),(1040,NULL,NULL,NULL,1,NULL,NULL,NULL,NULL,NULL,134,31),(1041,'en','default','Arm Sling Pouch',NULL,NULL,NULL,NULL,NULL,NULL,134,16),(1042,'en','default','Arm Sling Pouch, arm support',NULL,NULL,NULL,NULL,NULL,NULL,134,17),(1043,'en','default','Fracture of arm, Wrist fracture, Sprains, Arm/Shoulder immobilization, Post-surgery/Post-cast care',NULL,NULL,NULL,NULL,NULL,NULL,134,18),(1044,NULL,NULL,'mo-3002-variant-22-6',NULL,NULL,NULL,NULL,NULL,NULL,141,1),(1045,'en','default','Elastic Shoulder Immobilizer',NULL,NULL,NULL,NULL,NULL,NULL,141,2),(1046,NULL,NULL,NULL,NULL,NULL,499.0000,NULL,NULL,NULL,141,11),(1047,NULL,NULL,'0',NULL,NULL,NULL,NULL,NULL,NULL,141,22),(1048,NULL,NULL,NULL,1,NULL,NULL,NULL,NULL,NULL,141,8),(1049,NULL,NULL,NULL,NULL,22,NULL,NULL,NULL,NULL,141,23),(1050,NULL,NULL,NULL,NULL,6,NULL,NULL,NULL,NULL,141,24),(1051,NULL,NULL,'mo-3002-variant-22-7',NULL,NULL,NULL,NULL,NULL,NULL,142,1),(1052,'en','default','Elastic Shoulder Immobilizer',NULL,NULL,NULL,NULL,NULL,NULL,142,2),(1053,NULL,NULL,NULL,NULL,NULL,499.0000,NULL,NULL,NULL,142,11),(1054,NULL,NULL,'0',NULL,NULL,NULL,NULL,NULL,NULL,142,22),(1055,NULL,NULL,NULL,1,NULL,NULL,NULL,NULL,NULL,142,8),(1056,NULL,NULL,NULL,NULL,22,NULL,NULL,NULL,NULL,142,23),(1057,NULL,NULL,NULL,NULL,7,NULL,NULL,NULL,NULL,142,24),(1058,NULL,NULL,'mo-3002-variant-22-8',NULL,NULL,NULL,NULL,NULL,NULL,143,1),(1059,'en','default','Elastic Shoulder Immobilizer',NULL,NULL,NULL,NULL,NULL,NULL,143,2),(1060,NULL,NULL,NULL,NULL,NULL,499.0000,NULL,NULL,NULL,143,11),(1061,NULL,NULL,'0',NULL,NULL,NULL,NULL,NULL,NULL,143,22),(1062,NULL,NULL,NULL,1,NULL,NULL,NULL,NULL,NULL,143,8),(1063,NULL,NULL,NULL,NULL,22,NULL,NULL,NULL,NULL,143,23),(1064,NULL,NULL,NULL,NULL,8,NULL,NULL,NULL,NULL,143,24),(1065,NULL,NULL,'mo-3002-variant-22-9',NULL,NULL,NULL,NULL,NULL,NULL,144,1),(1066,'en','default','Elastic Shoulder Immobilizer',NULL,NULL,NULL,NULL,NULL,NULL,144,2),(1067,NULL,NULL,NULL,NULL,NULL,549.0000,NULL,NULL,NULL,144,11),(1068,NULL,NULL,'0',NULL,NULL,NULL,NULL,NULL,NULL,144,22),(1069,NULL,NULL,NULL,1,NULL,NULL,NULL,NULL,NULL,144,8),(1070,NULL,NULL,NULL,NULL,22,NULL,NULL,NULL,NULL,144,23),(1071,NULL,NULL,NULL,NULL,9,NULL,NULL,NULL,NULL,144,24),(1072,NULL,NULL,'mo-3002-variant-22-23',NULL,NULL,NULL,NULL,NULL,NULL,145,1),(1073,'en','default','Elastic Shoulder Immobilizer',NULL,NULL,NULL,NULL,NULL,NULL,145,2),(1074,NULL,NULL,NULL,NULL,NULL,549.0000,NULL,NULL,NULL,145,11),(1075,NULL,NULL,'0',NULL,NULL,NULL,NULL,NULL,NULL,145,22),(1076,NULL,NULL,NULL,1,NULL,NULL,NULL,NULL,NULL,145,8),(1077,NULL,NULL,NULL,NULL,22,NULL,NULL,NULL,NULL,145,23),(1078,NULL,NULL,NULL,NULL,23,NULL,NULL,NULL,NULL,145,24),(1079,'en','default','<ul>\r\n<li class=\"col-md-3\">\r\n<div class=\"content-wrap\">Comfotable</div>\r\n</li>\r\n<li class=\"col-md-3\">\r\n<div class=\"content-wrap\">Duarble</div>\r\n</li>\r\n<li class=\"col-md-3\">\r\n<div class=\"content-wrap\">ElastIc</div>\r\n</li>\r\n</ul>',NULL,NULL,NULL,NULL,NULL,NULL,140,9),(1080,'en','default','<div class=\"page\" title=\"Page 18\">\r\n<div class=\"section\">\r\n<div class=\"layoutArea\">\r\n<div class=\"column\">\r\n<ul>\r\n<li><span style=\"font-size: 11pt; font-family: Swiss721BT; color: #373435;\">Elastic chest band and humerus and forearm cuff with contact closure.</span></li>\r\n<li><span style=\"font-size: 11pt; font-family: Swiss721BT; color: #373435;\">Extra shoulder cup for perfect immobilization and compression.</span></li>\r\n<li><span style=\"font-size: 11pt; font-family: Swiss721BT; color: #373435;\">Made from high-quality elastic materials Hook and loop closures for proper fit. Breathable and moisture transporting weaving.</span></li>\r\n</ul>\r\n</div>\r\n</div>\r\n</div>\r\n</div>',NULL,NULL,NULL,NULL,NULL,NULL,140,10),(1081,NULL,NULL,'mo-3002',NULL,NULL,NULL,NULL,NULL,NULL,140,1),(1082,'en','default','Elastic Shoulder Immobilizer',NULL,NULL,NULL,NULL,NULL,NULL,140,2),(1083,NULL,NULL,'elastic-shoulder-immobilizer',NULL,NULL,NULL,NULL,NULL,NULL,140,3),(1084,NULL,'default',NULL,NULL,3,NULL,NULL,NULL,NULL,140,4),(1085,NULL,NULL,NULL,1,NULL,NULL,NULL,NULL,NULL,140,5),(1086,NULL,NULL,NULL,1,NULL,NULL,NULL,NULL,NULL,140,6),(1087,NULL,NULL,NULL,1,NULL,NULL,NULL,NULL,NULL,140,7),(1088,NULL,NULL,NULL,1,NULL,NULL,NULL,NULL,NULL,140,8),(1089,NULL,NULL,NULL,NULL,20,NULL,NULL,NULL,NULL,140,25),(1090,NULL,NULL,NULL,1,NULL,NULL,NULL,NULL,NULL,140,26),(1091,NULL,NULL,NULL,1,NULL,NULL,NULL,NULL,NULL,140,31),(1092,'en','default','Elastic Shoulder Immobilizer',NULL,NULL,NULL,NULL,NULL,NULL,140,16),(1093,'en','default','Elastic Shoulder Immobilizer, shoulder support belt',NULL,NULL,NULL,NULL,NULL,NULL,140,17),(1094,'en','default','Shoulder dislocation, Shoulder immobilizing, Decrease anti-inflammatory medications, Decrease pain symptoms.\r\n',NULL,NULL,NULL,NULL,NULL,NULL,140,18),(1095,NULL,NULL,'mo-3003-variant-22-6',NULL,NULL,NULL,NULL,NULL,NULL,147,1),(1096,'en','default','',NULL,NULL,NULL,NULL,NULL,NULL,147,2),(1097,NULL,NULL,NULL,NULL,NULL,0.0000,NULL,NULL,NULL,147,11),(1098,NULL,NULL,'0',NULL,NULL,NULL,NULL,NULL,NULL,147,22),(1099,NULL,NULL,NULL,1,NULL,NULL,NULL,NULL,NULL,147,8),(1100,NULL,NULL,NULL,NULL,22,NULL,NULL,NULL,NULL,147,23),(1101,NULL,NULL,NULL,NULL,6,NULL,NULL,NULL,NULL,147,24),(1102,NULL,NULL,'mo-3003-variant-22-7',NULL,NULL,NULL,NULL,NULL,NULL,148,1),(1103,'en','default','',NULL,NULL,NULL,NULL,NULL,NULL,148,2),(1104,NULL,NULL,NULL,NULL,NULL,0.0000,NULL,NULL,NULL,148,11),(1105,NULL,NULL,'0',NULL,NULL,NULL,NULL,NULL,NULL,148,22),(1106,NULL,NULL,NULL,1,NULL,NULL,NULL,NULL,NULL,148,8),(1107,NULL,NULL,NULL,NULL,22,NULL,NULL,NULL,NULL,148,23),(1108,NULL,NULL,NULL,NULL,7,NULL,NULL,NULL,NULL,148,24),(1109,NULL,NULL,'mo-3003-variant-22-8',NULL,NULL,NULL,NULL,NULL,NULL,149,1),(1110,'en','default','',NULL,NULL,NULL,NULL,NULL,NULL,149,2),(1111,NULL,NULL,NULL,NULL,NULL,0.0000,NULL,NULL,NULL,149,11),(1112,NULL,NULL,'0',NULL,NULL,NULL,NULL,NULL,NULL,149,22),(1113,NULL,NULL,NULL,1,NULL,NULL,NULL,NULL,NULL,149,8),(1114,NULL,NULL,NULL,NULL,22,NULL,NULL,NULL,NULL,149,23),(1115,NULL,NULL,NULL,NULL,8,NULL,NULL,NULL,NULL,149,24),(1116,NULL,NULL,'mo-3003-variant-22-9',NULL,NULL,NULL,NULL,NULL,NULL,150,1),(1117,'en','default','',NULL,NULL,NULL,NULL,NULL,NULL,150,2),(1118,NULL,NULL,NULL,NULL,NULL,0.0000,NULL,NULL,NULL,150,11),(1119,NULL,NULL,'0',NULL,NULL,NULL,NULL,NULL,NULL,150,22),(1120,NULL,NULL,NULL,1,NULL,NULL,NULL,NULL,NULL,150,8),(1121,NULL,NULL,NULL,NULL,22,NULL,NULL,NULL,NULL,150,23),(1122,NULL,NULL,NULL,NULL,9,NULL,NULL,NULL,NULL,150,24),(1123,NULL,NULL,'mo-3003-variant-22-23',NULL,NULL,NULL,NULL,NULL,NULL,151,1),(1124,'en','default','',NULL,NULL,NULL,NULL,NULL,NULL,151,2),(1125,NULL,NULL,NULL,NULL,NULL,0.0000,NULL,NULL,NULL,151,11),(1126,NULL,NULL,'0',NULL,NULL,NULL,NULL,NULL,NULL,151,22),(1127,NULL,NULL,NULL,1,NULL,NULL,NULL,NULL,NULL,151,8),(1128,NULL,NULL,NULL,NULL,22,NULL,NULL,NULL,NULL,151,23),(1129,NULL,NULL,NULL,NULL,23,NULL,NULL,NULL,NULL,151,24),(1130,NULL,NULL,'mo-3004-variant-22-6',NULL,NULL,NULL,NULL,NULL,NULL,153,1),(1131,'en','default','',NULL,NULL,NULL,NULL,NULL,NULL,153,2),(1132,NULL,NULL,NULL,NULL,NULL,0.0000,NULL,NULL,NULL,153,11),(1133,NULL,NULL,'0',NULL,NULL,NULL,NULL,NULL,NULL,153,22),(1134,NULL,NULL,NULL,1,NULL,NULL,NULL,NULL,NULL,153,8),(1135,NULL,NULL,NULL,NULL,22,NULL,NULL,NULL,NULL,153,23),(1136,NULL,NULL,NULL,NULL,6,NULL,NULL,NULL,NULL,153,24),(1137,NULL,NULL,'mo-3004-variant-22-7',NULL,NULL,NULL,NULL,NULL,NULL,154,1),(1138,'en','default','',NULL,NULL,NULL,NULL,NULL,NULL,154,2),(1139,NULL,NULL,NULL,NULL,NULL,0.0000,NULL,NULL,NULL,154,11),(1140,NULL,NULL,'0',NULL,NULL,NULL,NULL,NULL,NULL,154,22),(1141,NULL,NULL,NULL,1,NULL,NULL,NULL,NULL,NULL,154,8),(1142,NULL,NULL,NULL,NULL,22,NULL,NULL,NULL,NULL,154,23),(1143,NULL,NULL,NULL,NULL,7,NULL,NULL,NULL,NULL,154,24),(1144,NULL,NULL,'mo-3004-variant-22-8',NULL,NULL,NULL,NULL,NULL,NULL,155,1),(1145,'en','default','',NULL,NULL,NULL,NULL,NULL,NULL,155,2),(1146,NULL,NULL,NULL,NULL,NULL,0.0000,NULL,NULL,NULL,155,11),(1147,NULL,NULL,'0',NULL,NULL,NULL,NULL,NULL,NULL,155,22),(1148,NULL,NULL,NULL,1,NULL,NULL,NULL,NULL,NULL,155,8),(1149,NULL,NULL,NULL,NULL,22,NULL,NULL,NULL,NULL,155,23),(1150,NULL,NULL,NULL,NULL,8,NULL,NULL,NULL,NULL,155,24),(1151,NULL,NULL,'mo-3004-variant-22-9',NULL,NULL,NULL,NULL,NULL,NULL,156,1),(1152,'en','default','',NULL,NULL,NULL,NULL,NULL,NULL,156,2),(1153,NULL,NULL,NULL,NULL,NULL,0.0000,NULL,NULL,NULL,156,11),(1154,NULL,NULL,'0',NULL,NULL,NULL,NULL,NULL,NULL,156,22),(1155,NULL,NULL,NULL,1,NULL,NULL,NULL,NULL,NULL,156,8),(1156,NULL,NULL,NULL,NULL,22,NULL,NULL,NULL,NULL,156,23),(1157,NULL,NULL,NULL,NULL,9,NULL,NULL,NULL,NULL,156,24),(1158,NULL,NULL,'mo-3004-variant-22-23',NULL,NULL,NULL,NULL,NULL,NULL,157,1),(1159,'en','default','',NULL,NULL,NULL,NULL,NULL,NULL,157,2),(1160,NULL,NULL,NULL,NULL,NULL,0.0000,NULL,NULL,NULL,157,11),(1161,NULL,NULL,'0',NULL,NULL,NULL,NULL,NULL,NULL,157,22),(1162,NULL,NULL,NULL,1,NULL,NULL,NULL,NULL,NULL,157,8),(1163,NULL,NULL,NULL,NULL,22,NULL,NULL,NULL,NULL,157,23),(1164,NULL,NULL,NULL,NULL,23,NULL,NULL,NULL,NULL,157,24),(1165,NULL,NULL,'mo-3004-variant-22-24',NULL,NULL,NULL,NULL,NULL,NULL,158,1),(1166,'en','default','',NULL,NULL,NULL,NULL,NULL,NULL,158,2),(1167,NULL,NULL,NULL,NULL,NULL,0.0000,NULL,NULL,NULL,158,11),(1168,NULL,NULL,'0',NULL,NULL,NULL,NULL,NULL,NULL,158,22),(1169,NULL,NULL,NULL,1,NULL,NULL,NULL,NULL,NULL,158,8),(1170,NULL,NULL,NULL,NULL,22,NULL,NULL,NULL,NULL,158,23),(1171,NULL,NULL,NULL,NULL,24,NULL,NULL,NULL,NULL,158,24),(1172,NULL,NULL,'mo-3004-variant-22-25',NULL,NULL,NULL,NULL,NULL,NULL,159,1),(1173,'en','default','',NULL,NULL,NULL,NULL,NULL,NULL,159,2),(1174,NULL,NULL,NULL,NULL,NULL,0.0000,NULL,NULL,NULL,159,11),(1175,NULL,NULL,'0',NULL,NULL,NULL,NULL,NULL,NULL,159,22),(1176,NULL,NULL,NULL,1,NULL,NULL,NULL,NULL,NULL,159,8),(1177,NULL,NULL,NULL,NULL,22,NULL,NULL,NULL,NULL,159,23),(1178,NULL,NULL,NULL,NULL,25,NULL,NULL,NULL,NULL,159,24),(1179,NULL,NULL,'mo-3005-variant-22-24',NULL,NULL,NULL,NULL,NULL,NULL,161,1),(1180,'en','default','Shoulder Support',NULL,NULL,NULL,NULL,NULL,NULL,161,2),(1181,NULL,NULL,NULL,NULL,NULL,899.0000,NULL,NULL,NULL,161,11),(1182,NULL,NULL,'0',NULL,NULL,NULL,NULL,NULL,NULL,161,22),(1183,NULL,NULL,NULL,1,NULL,NULL,NULL,NULL,NULL,161,8),(1184,NULL,NULL,NULL,NULL,22,NULL,NULL,NULL,NULL,161,23),(1185,NULL,NULL,NULL,NULL,24,NULL,NULL,NULL,NULL,161,24),(1186,NULL,NULL,'mo-3005-variant-22-25',NULL,NULL,NULL,NULL,NULL,NULL,162,1),(1187,'en','default','Shoulder Support',NULL,NULL,NULL,NULL,NULL,NULL,162,2),(1188,NULL,NULL,NULL,NULL,NULL,999.0000,NULL,NULL,NULL,162,11),(1189,NULL,NULL,'0',NULL,NULL,NULL,NULL,NULL,NULL,162,22),(1190,NULL,NULL,NULL,1,NULL,NULL,NULL,NULL,NULL,162,8),(1191,NULL,NULL,NULL,NULL,22,NULL,NULL,NULL,NULL,162,23),(1192,NULL,NULL,NULL,NULL,25,NULL,NULL,NULL,NULL,162,24),(1193,'en','default','<ul>\r\n<li class=\"col-md-3\">\r\n<div class=\"content-wrap\">Comfortable</div>\r\n</li>\r\n<li class=\"col-md-3\">\r\n<div class=\"content-wrap\">Easy to wear</div>\r\n</li>\r\n<li class=\"col-md-3\">\r\n<div class=\"content-wrap\">Flexible</div>\r\n</li>\r\n</ul>',NULL,NULL,NULL,NULL,NULL,NULL,160,9),(1194,'en','default','<div class=\"page\" title=\"Page 21\">\r\n<div class=\"section\">\r\n<div class=\"layoutArea\">\r\n<div class=\"column\">\r\n<ul>\r\n<li><span style=\"font-size: 11pt; font-family: Swiss721BT; color: #373435;\">Made from Neoprene bonded nylon fabric.</span></li>\r\n<li><span style=\"font-size: 11pt; font-family: Swiss721BT; color: #373435;\">Anatomical shape ensures.</span></li>\r\n<li><span style=\"font-size: 11pt; font-family: Swiss721BT; color: #373435;\">Perfect fitting and optimal immobilization.</span></li>\r\n<li><span style=\"font-size: 11pt; font-family: Swiss721BT; color: #373435;\">Retains body heat for pain relief and&nbsp;</span><span style=\"color: #373435; font-family: Swiss721BT; font-size: 11pt;\">quicker healing.</span></li>\r\n</ul>\r\n<p>&nbsp;</p>\r\n</div>\r\n</div>\r\n</div>\r\n</div>',NULL,NULL,NULL,NULL,NULL,NULL,160,10),(1195,NULL,NULL,'mo-3005',NULL,NULL,NULL,NULL,NULL,NULL,160,1),(1196,'en','default','Shoulder Support',NULL,NULL,NULL,NULL,NULL,NULL,160,2),(1197,NULL,NULL,'shoulder-support',NULL,NULL,NULL,NULL,NULL,NULL,160,3),(1198,NULL,'default',NULL,NULL,3,NULL,NULL,NULL,NULL,160,4),(1199,NULL,NULL,NULL,1,NULL,NULL,NULL,NULL,NULL,160,5),(1200,NULL,NULL,NULL,1,NULL,NULL,NULL,NULL,NULL,160,6),(1201,NULL,NULL,NULL,1,NULL,NULL,NULL,NULL,NULL,160,7),(1202,NULL,NULL,NULL,1,NULL,NULL,NULL,NULL,NULL,160,8),(1203,NULL,NULL,NULL,NULL,20,NULL,NULL,NULL,NULL,160,25),(1204,NULL,NULL,NULL,1,NULL,NULL,NULL,NULL,NULL,160,26),(1205,NULL,NULL,NULL,1,NULL,NULL,NULL,NULL,NULL,160,31),(1206,'en','default','Shoulder Support',NULL,NULL,NULL,NULL,NULL,NULL,160,16),(1207,'en','default','Shoulder Support,shoulder brace',NULL,NULL,NULL,NULL,NULL,NULL,160,17),(1208,'en','default','Shoulder Injury, Arthritic pain of the shoulder joint, Bursitis and tendonitis, Shoulder dislocation, Rotator cuff injury\r\n',NULL,NULL,NULL,NULL,NULL,NULL,160,18),(1209,NULL,NULL,'mo-3006-variant-22-6',NULL,NULL,NULL,NULL,NULL,NULL,164,1),(1210,'en','default','Cuff N Collar Sling',NULL,NULL,NULL,NULL,NULL,NULL,164,2),(1211,NULL,NULL,NULL,NULL,NULL,189.0000,NULL,NULL,NULL,164,11),(1212,NULL,NULL,'0',NULL,NULL,NULL,NULL,NULL,NULL,164,22),(1213,NULL,NULL,NULL,1,NULL,NULL,NULL,NULL,NULL,164,8),(1214,NULL,NULL,NULL,NULL,22,NULL,NULL,NULL,NULL,164,23),(1215,NULL,NULL,NULL,NULL,6,NULL,NULL,NULL,NULL,164,24),(1216,NULL,NULL,'mo-3006-variant-22-7',NULL,NULL,NULL,NULL,NULL,NULL,165,1),(1217,'en','default','Cuff N Collar Sling',NULL,NULL,NULL,NULL,NULL,NULL,165,2),(1218,NULL,NULL,NULL,NULL,NULL,189.0000,NULL,NULL,NULL,165,11),(1219,NULL,NULL,'0',NULL,NULL,NULL,NULL,NULL,NULL,165,22),(1220,NULL,NULL,NULL,1,NULL,NULL,NULL,NULL,NULL,165,8),(1221,NULL,NULL,NULL,NULL,22,NULL,NULL,NULL,NULL,165,23),(1222,NULL,NULL,NULL,NULL,7,NULL,NULL,NULL,NULL,165,24),(1223,NULL,NULL,'mo-3006-variant-22-8',NULL,NULL,NULL,NULL,NULL,NULL,166,1),(1224,'en','default','Cuff N Collar Sling',NULL,NULL,NULL,NULL,NULL,NULL,166,2),(1225,NULL,NULL,NULL,NULL,NULL,189.0000,NULL,NULL,NULL,166,11),(1226,NULL,NULL,'0',NULL,NULL,NULL,NULL,NULL,NULL,166,22),(1227,NULL,NULL,NULL,1,NULL,NULL,NULL,NULL,NULL,166,8),(1228,NULL,NULL,NULL,NULL,22,NULL,NULL,NULL,NULL,166,23),(1229,NULL,NULL,NULL,NULL,8,NULL,NULL,NULL,NULL,166,24),(1230,NULL,NULL,'mo-3006-variant-22-9',NULL,NULL,NULL,NULL,NULL,NULL,167,1),(1231,'en','default','Cuff N Collar Sling',NULL,NULL,NULL,NULL,NULL,NULL,167,2),(1232,NULL,NULL,NULL,NULL,NULL,189.0000,NULL,NULL,NULL,167,11),(1233,NULL,NULL,'0',NULL,NULL,NULL,NULL,NULL,NULL,167,22),(1234,NULL,NULL,NULL,1,NULL,NULL,NULL,NULL,NULL,167,8),(1235,NULL,NULL,NULL,NULL,22,NULL,NULL,NULL,NULL,167,23),(1236,NULL,NULL,NULL,NULL,9,NULL,NULL,NULL,NULL,167,24),(1237,NULL,NULL,'mo-3006-variant-22-26',NULL,NULL,NULL,NULL,NULL,NULL,168,1),(1238,'en','default','Cuff N Collar Sling',NULL,NULL,NULL,NULL,NULL,NULL,168,2),(1239,NULL,NULL,NULL,NULL,NULL,189.0000,NULL,NULL,NULL,168,11),(1240,NULL,NULL,'0',NULL,NULL,NULL,NULL,NULL,NULL,168,22),(1241,NULL,NULL,NULL,1,NULL,NULL,NULL,NULL,NULL,168,8),(1242,NULL,NULL,NULL,NULL,22,NULL,NULL,NULL,NULL,168,23),(1243,NULL,NULL,NULL,NULL,26,NULL,NULL,NULL,NULL,168,24),(1244,'en','default','<ul>\r\n<li class=\"col-md-3\">\r\n<div class=\"content-wrap\">Comfortable</div>\r\n</li>\r\n<li class=\"col-md-3\">\r\n<div class=\"content-wrap\">Flexible</div>\r\n</li>\r\n<li class=\"col-md-3\">\r\n<div class=\"content-wrap\">Brethable</div>\r\n</li>\r\n</ul>',NULL,NULL,NULL,NULL,NULL,NULL,163,9),(1245,'en','default','<div class=\"page\" title=\"Page 22\">\r\n<div class=\"section\">\r\n<div class=\"layoutArea\">\r\n<div class=\"column\">\r\n<ul>\r\n<li><span style=\"font-size: 11pt; font-family: Swiss721BT; color: #373435;\">Made from soft, comfortable and skin- friendly material.</span></li>\r\n<li><span style=\"color: #373435; font-family: Swiss721BT; font-size: 11pt;\">&nbsp;Thumb cradle for added support.</span></li>\r\n<li><span style=\"color: #373435; font-family: Swiss721BT; font-size: 11pt;\">Shoulder pad relieves pressure from the&nbsp;</span><span style=\"color: #373435; font-family: Swiss721BT; font-size: 11pt;\">shoulder.</span></li>\r\n<li><span style=\"color: #373435; font-family: Swiss721BT; font-size: 11pt;\">Adjustable strap with a buckle for a&nbsp;</span><span style=\"color: #373435; font-family: Swiss721BT; font-size: 11pt;\">customized fit.</span></li>\r\n</ul>\r\n<p>&nbsp;</p>\r\n</div>\r\n</div>\r\n</div>\r\n</div>',NULL,NULL,NULL,NULL,NULL,NULL,163,10),(1246,NULL,NULL,'mo-3006',NULL,NULL,NULL,NULL,NULL,NULL,163,1),(1247,'en','default','Cuff N Collar Sling',NULL,NULL,NULL,NULL,NULL,NULL,163,2),(1248,NULL,NULL,'cuff-n-collar-sling',NULL,NULL,NULL,NULL,NULL,NULL,163,3),(1249,NULL,'default',NULL,NULL,3,NULL,NULL,NULL,NULL,163,4),(1250,NULL,NULL,NULL,1,NULL,NULL,NULL,NULL,NULL,163,5),(1251,NULL,NULL,NULL,1,NULL,NULL,NULL,NULL,NULL,163,6),(1252,NULL,NULL,NULL,1,NULL,NULL,NULL,NULL,NULL,163,7),(1253,NULL,NULL,NULL,1,NULL,NULL,NULL,NULL,NULL,163,8),(1254,NULL,NULL,NULL,NULL,20,NULL,NULL,NULL,NULL,163,25),(1255,NULL,NULL,NULL,1,NULL,NULL,NULL,NULL,NULL,163,26),(1256,NULL,NULL,NULL,1,NULL,NULL,NULL,NULL,NULL,163,31),(1257,'en','default','Cuff N Collar Sling',NULL,NULL,NULL,NULL,NULL,NULL,163,16),(1258,'en','default','Cuff N Collar Sling, shoulder sling',NULL,NULL,NULL,NULL,NULL,NULL,163,17),(1259,'en','default',' Fracture of arm, Wrist fracture, Sprains, Arm/Shoulder immobilization,    Post-surgery/Post-cast care',NULL,NULL,NULL,NULL,NULL,NULL,163,18),(1260,NULL,NULL,'mo-4001-variant-22-6',NULL,NULL,NULL,NULL,NULL,NULL,170,1),(1261,'en','default','Knee Cap',NULL,NULL,NULL,NULL,NULL,NULL,170,2),(1262,NULL,NULL,NULL,NULL,NULL,349.0000,NULL,NULL,NULL,170,11),(1263,NULL,NULL,'0',NULL,NULL,NULL,NULL,NULL,NULL,170,22),(1264,NULL,NULL,NULL,1,NULL,NULL,NULL,NULL,NULL,170,8),(1265,NULL,NULL,NULL,NULL,22,NULL,NULL,NULL,NULL,170,23),(1266,NULL,NULL,NULL,NULL,6,NULL,NULL,NULL,NULL,170,24),(1267,NULL,NULL,'mo-4001-variant-22-7',NULL,NULL,NULL,NULL,NULL,NULL,171,1),(1268,'en','default','Knee Cap',NULL,NULL,NULL,NULL,NULL,NULL,171,2),(1269,NULL,NULL,NULL,NULL,NULL,349.0000,NULL,NULL,NULL,171,11),(1270,NULL,NULL,'0',NULL,NULL,NULL,NULL,NULL,NULL,171,22),(1271,NULL,NULL,NULL,1,NULL,NULL,NULL,NULL,NULL,171,8),(1272,NULL,NULL,NULL,NULL,22,NULL,NULL,NULL,NULL,171,23),(1273,NULL,NULL,NULL,NULL,7,NULL,NULL,NULL,NULL,171,24),(1274,NULL,NULL,'mo-4001-variant-22-8',NULL,NULL,NULL,NULL,NULL,NULL,172,1),(1275,'en','default','Knee Cap',NULL,NULL,NULL,NULL,NULL,NULL,172,2),(1276,NULL,NULL,NULL,NULL,NULL,349.0000,NULL,NULL,NULL,172,11),(1277,NULL,NULL,'0',NULL,NULL,NULL,NULL,NULL,NULL,172,22),(1278,NULL,NULL,NULL,1,NULL,NULL,NULL,NULL,NULL,172,8),(1279,NULL,NULL,NULL,NULL,22,NULL,NULL,NULL,NULL,172,23),(1280,NULL,NULL,NULL,NULL,8,NULL,NULL,NULL,NULL,172,24),(1281,NULL,NULL,'mo-4001-variant-22-9',NULL,NULL,NULL,NULL,NULL,NULL,173,1),(1282,'en','default','Knee Cap',NULL,NULL,NULL,NULL,NULL,NULL,173,2),(1283,NULL,NULL,NULL,NULL,NULL,379.0000,NULL,NULL,NULL,173,11),(1284,NULL,NULL,'0',NULL,NULL,NULL,NULL,NULL,NULL,173,22),(1285,NULL,NULL,NULL,1,NULL,NULL,NULL,NULL,NULL,173,8),(1286,NULL,NULL,NULL,NULL,22,NULL,NULL,NULL,NULL,173,23),(1287,NULL,NULL,NULL,NULL,9,NULL,NULL,NULL,NULL,173,24),(1288,NULL,NULL,'mo-4001-variant-22-23',NULL,NULL,NULL,NULL,NULL,NULL,174,1),(1289,'en','default','Knee Cap',NULL,NULL,NULL,NULL,NULL,NULL,174,2),(1290,NULL,NULL,NULL,NULL,NULL,379.0000,NULL,NULL,NULL,174,11),(1291,NULL,NULL,'0',NULL,NULL,NULL,NULL,NULL,NULL,174,22),(1292,NULL,NULL,NULL,1,NULL,NULL,NULL,NULL,NULL,174,8),(1293,NULL,NULL,NULL,NULL,22,NULL,NULL,NULL,NULL,174,23),(1294,NULL,NULL,NULL,NULL,23,NULL,NULL,NULL,NULL,174,24),(1295,'en','default','<ul>\r\n<li class=\"col-md-3\">\r\n<div class=\"content-wrap\">Comfotable</div>\r\n</li>\r\n<li class=\"col-md-3\">\r\n<div class=\"content-wrap\">Duarble</div>\r\n</li>\r\n<li class=\"col-md-3\">\r\n<div class=\"content-wrap\">Easy to wear</div>\r\n</li>\r\n</ul>',NULL,NULL,NULL,NULL,NULL,NULL,169,9),(1296,'en','default','<div class=\"page\" title=\"Page 23\">\r\n<div class=\"section\">\r\n<div class=\"layoutArea\">\r\n<div class=\"column\">\r\n<ul>\r\n<li><span style=\"font-size: 11pt; font-family: Swiss721BT; color: #373435;\">Made from sturdy, tapered, fourway elasticized fabric.</span></li>\r\n<li><span style=\"font-size: 11pt; font-family: Swiss721BT; color: #373435;\">Breathable and moisture transporting&nbsp;</span><span style=\"color: #373435; font-family: Swiss721BT; font-size: 11pt;\">weaving</span></li>\r\n</ul>\r\n</div>\r\n</div>\r\n</div>\r\n</div>',NULL,NULL,NULL,NULL,NULL,NULL,169,10),(1297,NULL,NULL,'mo-4001',NULL,NULL,NULL,NULL,NULL,NULL,169,1),(1298,'en','default','Knee Cap',NULL,NULL,NULL,NULL,NULL,NULL,169,2),(1299,NULL,NULL,'knee-cap',NULL,NULL,NULL,NULL,NULL,NULL,169,3),(1300,NULL,'default',NULL,NULL,3,NULL,NULL,NULL,NULL,169,4),(1301,NULL,NULL,NULL,1,NULL,NULL,NULL,NULL,NULL,169,5),(1302,NULL,NULL,NULL,1,NULL,NULL,NULL,NULL,NULL,169,6),(1303,NULL,NULL,NULL,1,NULL,NULL,NULL,NULL,NULL,169,7),(1304,NULL,NULL,NULL,1,NULL,NULL,NULL,NULL,NULL,169,8),(1305,NULL,NULL,NULL,NULL,20,NULL,NULL,NULL,NULL,169,25),(1306,NULL,NULL,NULL,1,NULL,NULL,NULL,NULL,NULL,169,26),(1307,NULL,NULL,NULL,1,NULL,NULL,NULL,NULL,NULL,169,31),(1308,'en','default','Knee Cap',NULL,NULL,NULL,NULL,NULL,NULL,169,16),(1309,'en','default','Knee Cap, knee cap, knee support.',NULL,NULL,NULL,NULL,NULL,NULL,169,17),(1310,'en','default','Arthritic pain, Swelling, Ligaments or muscles injury, Post-operative knee support, Sprains and strains of the knee, Stabilization of weak knees\r\nPrevention of sports injuries',NULL,NULL,NULL,NULL,NULL,NULL,169,18),(1311,NULL,NULL,'mo-4002-variant-22-6',NULL,NULL,NULL,NULL,NULL,NULL,176,1),(1312,'en','default','Hinged knee brace with Open Patella',NULL,NULL,NULL,NULL,NULL,NULL,176,2),(1313,NULL,NULL,NULL,NULL,NULL,420.0000,NULL,NULL,NULL,176,11),(1314,NULL,NULL,'0',NULL,NULL,NULL,NULL,NULL,NULL,176,22),(1315,NULL,NULL,NULL,1,NULL,NULL,NULL,NULL,NULL,176,8),(1316,NULL,NULL,NULL,NULL,22,NULL,NULL,NULL,NULL,176,23),(1317,NULL,NULL,NULL,NULL,6,NULL,NULL,NULL,NULL,176,24),(1318,NULL,NULL,'mo-4002-variant-22-7',NULL,NULL,NULL,NULL,NULL,NULL,177,1),(1319,'en','default','Hinged knee brace with Open Patella',NULL,NULL,NULL,NULL,NULL,NULL,177,2),(1320,NULL,NULL,NULL,NULL,NULL,420.0000,NULL,NULL,NULL,177,11),(1321,NULL,NULL,'0',NULL,NULL,NULL,NULL,NULL,NULL,177,22),(1322,NULL,NULL,NULL,1,NULL,NULL,NULL,NULL,NULL,177,8),(1323,NULL,NULL,NULL,NULL,22,NULL,NULL,NULL,NULL,177,23),(1324,NULL,NULL,NULL,NULL,7,NULL,NULL,NULL,NULL,177,24),(1325,NULL,NULL,'mo-4002-variant-22-8',NULL,NULL,NULL,NULL,NULL,NULL,178,1),(1326,'en','default','Hinged knee brace with Open Patella',NULL,NULL,NULL,NULL,NULL,NULL,178,2),(1327,NULL,NULL,NULL,NULL,NULL,420.0000,NULL,NULL,NULL,178,11),(1328,NULL,NULL,'0',NULL,NULL,NULL,NULL,NULL,NULL,178,22),(1329,NULL,NULL,NULL,1,NULL,NULL,NULL,NULL,NULL,178,8),(1330,NULL,NULL,NULL,NULL,22,NULL,NULL,NULL,NULL,178,23),(1331,NULL,NULL,NULL,NULL,8,NULL,NULL,NULL,NULL,178,24),(1332,NULL,NULL,'mo-4002-variant-22-9',NULL,NULL,NULL,NULL,NULL,NULL,179,1),(1333,'en','default','Hinged knee brace with Open Patella',NULL,NULL,NULL,NULL,NULL,NULL,179,2),(1334,NULL,NULL,NULL,NULL,NULL,470.0000,NULL,NULL,NULL,179,11),(1335,NULL,NULL,'0',NULL,NULL,NULL,NULL,NULL,NULL,179,22),(1336,NULL,NULL,NULL,1,NULL,NULL,NULL,NULL,NULL,179,8),(1337,NULL,NULL,NULL,NULL,22,NULL,NULL,NULL,NULL,179,23),(1338,NULL,NULL,NULL,NULL,9,NULL,NULL,NULL,NULL,179,24),(1339,NULL,NULL,'mo-4002-variant-22-23',NULL,NULL,NULL,NULL,NULL,NULL,180,1),(1340,'en','default','Hinged knee brace with Open Patella',NULL,NULL,NULL,NULL,NULL,NULL,180,2),(1341,NULL,NULL,NULL,NULL,NULL,470.0000,NULL,NULL,NULL,180,11),(1342,NULL,NULL,'0',NULL,NULL,NULL,NULL,NULL,NULL,180,22),(1343,NULL,NULL,NULL,1,NULL,NULL,NULL,NULL,NULL,180,8),(1344,NULL,NULL,NULL,NULL,22,NULL,NULL,NULL,NULL,180,23),(1345,NULL,NULL,NULL,NULL,23,NULL,NULL,NULL,NULL,180,24),(1346,'en','default','<ul>\r\n<li class=\"col-md-3\">\r\n<div class=\"content-wrap\">Flexible</div>\r\n</li>\r\n<li class=\"col-md-3\">\r\n<div class=\"content-wrap\">Duarble</div>\r\n</li>\r\n<li class=\"col-md-3\">\r\n<div class=\"content-wrap\">Elastic</div>\r\n</li>\r\n</ul>',NULL,NULL,NULL,NULL,NULL,NULL,175,9),(1347,'en','default','<div class=\"page\" title=\"Page 24\">\r\n<div class=\"section\">\r\n<div class=\"layoutArea\">\r\n<div class=\"column\">\r\n<ul>\r\n<li><span style=\"font-size: 11pt; font-family: Swiss721BT; color: #373435;\">Anterior patellar opening relieves pressure from patella.</span></li>\r\n<li><span style=\"font-size: 11pt; font-family: Swiss721BT; color: #373435;\">Made from sturdy, tapered, four way elasticized fabric.</span></li>\r\n<li><span style=\"color: #373435; font-family: Swiss721BT; font-size: 11pt;\">Breathable and moisture transporting&nbsp;</span><span style=\"color: #373435; font-family: Swiss721BT; font-size: 11pt;\">weaving.</span></li>\r\n<li><span style=\"color: #373435; font-family: Swiss721BT; font-size: 11pt;\">Simple and quick wear with easy pull on&nbsp;</span><span style=\"color: #373435; font-family: Swiss721BT; font-size: 11pt;\">application.</span></li>\r\n</ul>\r\n</div>\r\n</div>\r\n</div>\r\n</div>',NULL,NULL,NULL,NULL,NULL,NULL,175,10),(1348,NULL,NULL,'mo-4002',NULL,NULL,NULL,NULL,NULL,NULL,175,1),(1349,'en','default','Hinged knee brace with Open Patella',NULL,NULL,NULL,NULL,NULL,NULL,175,2),(1350,NULL,NULL,'hinged-knee-brace-with-open-patella',NULL,NULL,NULL,NULL,NULL,NULL,175,3),(1351,NULL,'default',NULL,NULL,3,NULL,NULL,NULL,NULL,175,4),(1352,NULL,NULL,NULL,1,NULL,NULL,NULL,NULL,NULL,175,5),(1353,NULL,NULL,NULL,1,NULL,NULL,NULL,NULL,NULL,175,6),(1354,NULL,NULL,NULL,1,NULL,NULL,NULL,NULL,NULL,175,7),(1355,NULL,NULL,NULL,1,NULL,NULL,NULL,NULL,NULL,175,8),(1356,NULL,NULL,NULL,NULL,20,NULL,NULL,NULL,NULL,175,25),(1357,NULL,NULL,NULL,1,NULL,NULL,NULL,NULL,NULL,175,26),(1358,NULL,NULL,NULL,1,NULL,NULL,NULL,NULL,NULL,175,31),(1359,'en','default','Hinged knee brace with\r\nOpen Patella',NULL,NULL,NULL,NULL,NULL,NULL,175,16),(1360,'en','default','Hinged knee brace with\r\nOpen Patella',NULL,NULL,NULL,NULL,NULL,NULL,175,17),(1361,'en','default','Arthritic pain, Swelling, Ligaments or muscles injury,  Mild Sprains and strains, Stabilization of weak knees, revention of sports injuries.',NULL,NULL,NULL,NULL,NULL,NULL,175,18),(1362,NULL,NULL,'zpdfm3e-variant-5',NULL,NULL,NULL,NULL,NULL,NULL,183,1),(1363,'en','default','C-Cure 3 Ply Elastic Face Mask 100Pcs./Box ',NULL,NULL,NULL,NULL,NULL,NULL,183,2),(1364,NULL,NULL,NULL,NULL,NULL,250.0000,NULL,NULL,NULL,183,11),(1365,NULL,NULL,'0',NULL,NULL,NULL,NULL,NULL,NULL,183,22),(1366,NULL,NULL,NULL,1,NULL,NULL,NULL,NULL,NULL,183,8),(1367,NULL,NULL,NULL,NULL,5,NULL,NULL,NULL,NULL,183,23),(1368,NULL,NULL,'zpdfm3e-variant-27',NULL,NULL,NULL,NULL,NULL,NULL,184,1),(1369,'en','default','C-Cure 3 Ply Elastic Face Mask 100Pcs./Box ',NULL,NULL,NULL,NULL,NULL,NULL,184,2),(1370,NULL,NULL,NULL,NULL,NULL,250.0000,NULL,NULL,NULL,184,11),(1371,NULL,NULL,'0',NULL,NULL,NULL,NULL,NULL,NULL,184,22),(1372,NULL,NULL,NULL,1,NULL,NULL,NULL,NULL,NULL,184,8),(1373,NULL,NULL,NULL,NULL,27,NULL,NULL,NULL,NULL,184,23),(1374,'en','default','<ul>\r\n<li class=\"col-md-3\">\r\n<div class=\"content-wrap\">Disposable</div>\r\n</li>\r\n<li class=\"col-md-3\">\r\n<div class=\"content-wrap\">Comfort</div>\r\n</li>\r\n<li class=\"col-md-3\">\r\n<div class=\"content-wrap\">soft elastic</div>\r\n</li>\r\n</ul>',NULL,NULL,NULL,NULL,NULL,NULL,182,9),(1375,'en','default','<p>About this item</p>\r\n<p>Comes with 3-ply construction of non-woven fabric to offer protection against dust and germs in air</p>\r\n<p>Comes with an elastic ear loop for a comfortable fit, No Nose Clip</p>\r\n<p>Disposable surgical mask offer protection against dust, saliva and other air borne particles</p>\r\n<p>Made of Non-Woven fabric and offers a soft and lightweight touch on face</p>\r\n<p>Can be used in both indoor and outdoor environment for day to day activities</p>\r\n<p>Protects from saliva droplets released when someone sneezes or coughs</p>',NULL,NULL,NULL,NULL,NULL,NULL,182,10),(1376,NULL,NULL,'zpdfm3e',NULL,NULL,NULL,NULL,NULL,NULL,182,1),(1377,'en','default','C-Cure 3 Ply Elastic Face Mask 100Pcs./Box ',NULL,NULL,NULL,NULL,NULL,NULL,182,2),(1378,NULL,NULL,'c-cure-3-ply-elastic-face-mask-100pcsbox-',NULL,NULL,NULL,NULL,NULL,NULL,182,3),(1379,NULL,'default',NULL,NULL,3,NULL,NULL,NULL,NULL,182,4),(1380,NULL,NULL,NULL,1,NULL,NULL,NULL,NULL,NULL,182,5),(1381,NULL,NULL,NULL,1,NULL,NULL,NULL,NULL,NULL,182,6),(1382,NULL,NULL,NULL,1,NULL,NULL,NULL,NULL,NULL,182,7),(1383,NULL,NULL,NULL,1,NULL,NULL,NULL,NULL,NULL,182,8),(1384,NULL,NULL,NULL,NULL,6,NULL,NULL,NULL,NULL,182,24),(1385,NULL,NULL,NULL,NULL,28,NULL,NULL,NULL,NULL,182,25),(1386,NULL,NULL,NULL,1,NULL,NULL,NULL,NULL,NULL,182,26),(1387,NULL,NULL,'',NULL,NULL,NULL,NULL,NULL,NULL,182,27),(1388,'en','default','',NULL,NULL,NULL,NULL,NULL,NULL,182,16),(1389,'en','default','',NULL,NULL,NULL,NULL,NULL,NULL,182,17),(1390,'en','default','',NULL,NULL,NULL,NULL,NULL,NULL,182,18),(1391,NULL,NULL,'zpdfm3ec-variant-5',NULL,NULL,NULL,NULL,NULL,NULL,186,1),(1392,'en','default','C-Cure 3 Ply Elastic Mask for Child 50Pcs./Box ',NULL,NULL,NULL,NULL,NULL,NULL,186,2),(1393,NULL,NULL,NULL,NULL,NULL,300.0000,NULL,NULL,NULL,186,11),(1394,NULL,NULL,'0',NULL,NULL,NULL,NULL,NULL,NULL,186,22),(1395,NULL,NULL,NULL,1,NULL,NULL,NULL,NULL,NULL,186,8),(1396,NULL,NULL,NULL,NULL,5,NULL,NULL,NULL,NULL,186,23),(1397,NULL,NULL,'zpdfm3ec-variant-27',NULL,NULL,NULL,NULL,NULL,NULL,187,1),(1398,'en','default','C-Cure 3 Ply Elastic Mask for Child 50Pcs./Box ',NULL,NULL,NULL,NULL,NULL,NULL,187,2),(1399,NULL,NULL,NULL,NULL,NULL,300.0000,NULL,NULL,NULL,187,11),(1400,NULL,NULL,'0',NULL,NULL,NULL,NULL,NULL,NULL,187,22),(1401,NULL,NULL,NULL,1,NULL,NULL,NULL,NULL,NULL,187,8),(1402,NULL,NULL,NULL,NULL,27,NULL,NULL,NULL,NULL,187,23),(1403,'en','default','<ul>\r\n<li class=\"col-md-3\">\r\n<div class=\"content-wrap\">comfort</div>\r\n</li>\r\n<li class=\"col-md-3\">\r\n<div class=\"content-wrap\">high quality</div>\r\n</li>\r\n<li class=\"col-md-3\">\r\n<div class=\"content-wrap\">soft elastic</div>\r\n</li>\r\n</ul>',NULL,NULL,NULL,NULL,NULL,NULL,185,9),(1404,'en','default','<p>3-layer Filter Support Kids Daily Protection - Kids Disposable Face Mask has the Melt-blown Layer that Helps Filter Cover out Pollen, Smoke, Air pollution and More.</p>\r\n<p>Universal Design Fits Girls and Boys 4 to 12 Years Old -Disposable Face Mask Featuring high quality soft elastic ear loops that fit snugly around both ears, and an adjustable nose wire for a perfect fit the nose.</p>\r\n<p>Each mask comes with an adjustable nose clip and ultra comfirt elastic ear loops to ensure a comfortable fit.</p>\r\n<p>Dustproof,Anti-spittle,Anti smog</p>\r\n<p>Suitable for kids of all ages. Can be used for outdoor public areas, schools, offices, and home usage. With the new 3-ply design, It can help block pollution so you can breathe easily and safely in any environment.</p>',NULL,NULL,NULL,NULL,NULL,NULL,185,10),(1405,NULL,NULL,'zpdfm3ec',NULL,NULL,NULL,NULL,NULL,NULL,185,1),(1406,'en','default','C-Cure 3 Ply Elastic Mask for Child 50Pcs./Box ',NULL,NULL,NULL,NULL,NULL,NULL,185,2),(1407,NULL,NULL,'c-cure-3-ply-elastic-mask-for-child-50pcsbox-',NULL,NULL,NULL,NULL,NULL,NULL,185,3),(1408,NULL,'default',NULL,NULL,3,NULL,NULL,NULL,NULL,185,4),(1409,NULL,NULL,NULL,1,NULL,NULL,NULL,NULL,NULL,185,5),(1410,NULL,NULL,NULL,1,NULL,NULL,NULL,NULL,NULL,185,6),(1411,NULL,NULL,NULL,1,NULL,NULL,NULL,NULL,NULL,185,7),(1412,NULL,NULL,NULL,1,NULL,NULL,NULL,NULL,NULL,185,8),(1413,NULL,NULL,NULL,NULL,28,NULL,NULL,NULL,NULL,185,25),(1414,NULL,NULL,NULL,1,NULL,NULL,NULL,NULL,NULL,185,26),(1415,NULL,NULL,'testing ',NULL,NULL,NULL,NULL,NULL,NULL,185,27),(1416,'en','default','',NULL,NULL,NULL,NULL,NULL,NULL,185,16),(1417,'en','default','',NULL,NULL,NULL,NULL,NULL,NULL,185,17),(1418,'en','default','',NULL,NULL,NULL,NULL,NULL,NULL,185,18),(1419,NULL,NULL,'zpdfmn95-variant-5',NULL,NULL,NULL,NULL,NULL,NULL,189,1),(1420,'en','default','C-Cure ISI marked N95 Respirator Disposable Face Mask (Pack of 50Pcs.)',NULL,NULL,NULL,NULL,NULL,NULL,189,2),(1421,NULL,NULL,NULL,NULL,NULL,3250.0000,NULL,NULL,NULL,189,11),(1422,NULL,NULL,'0',NULL,NULL,NULL,NULL,NULL,NULL,189,22),(1423,NULL,NULL,NULL,1,NULL,NULL,NULL,NULL,NULL,189,8),(1424,NULL,NULL,NULL,NULL,5,NULL,NULL,NULL,NULL,189,23),(1425,'en','default','<ul>\r\n<li class=\"col-md-3\">\r\n<div class=\"content-wrap\">comfort</div>\r\n</li>\r\n<li class=\"col-md-3\">\r\n<div class=\"content-wrap\">high quality</div>\r\n</li>\r\n<li class=\"col-md-3\">\r\n<div class=\"content-wrap\">soft elastic</div>\r\n</li>\r\n</ul>',NULL,NULL,NULL,NULL,NULL,NULL,188,9),(1426,'en','default','<p>Premium Quality - Advanced skin-friendly non-woven fabric electret melt-blown fabric provides easy breath. The moderate thickness for particle absorption. High efficiency in filtering out particles. Specially made with safe materials that have an unscented smell and has no chemical odor for your convenience and pleasurable usage.</p>\r\n<p>Reusable Mask. Filters are inbuilt in the mask. No need for separate filters. Features: Breathable, soft lining, latex and fiberglass free, nose clip and ear loop Daily use Style: Elastic ear-loop or tie on Breathing resistance (delta p)99% , particle filtration efficiency(bfe%)&gt;99%.</p>\r\n<p>The 3D shape is designed according to the human face shape to ensure the tightness, to increase the breathing volume of the mask, to greatly improve the permeability, and to make wearing and exhaling more comfortable.</p>\r\n<p>Reliable Face Masks: Made of dust-proof, non-toxic, non-irritating, soft and comfortable</p>\r\n<p>Includes - Pack of 50</p>',NULL,NULL,NULL,NULL,NULL,NULL,188,10),(1427,NULL,NULL,'zpdfmn95',NULL,NULL,NULL,NULL,NULL,NULL,188,1),(1428,'en','default','C-Cure ISI marked N95 Respirator Disposable Face Mask (Pack of 50Pcs.)',NULL,NULL,NULL,NULL,NULL,NULL,188,2),(1429,NULL,NULL,'c-cure-isi-marked-n95-respirator-disposable-face-mask-pack-of-50pcs',NULL,NULL,NULL,NULL,NULL,NULL,188,3),(1430,NULL,'default',NULL,NULL,3,NULL,NULL,NULL,NULL,188,4),(1431,NULL,NULL,NULL,1,NULL,NULL,NULL,NULL,NULL,188,5),(1432,NULL,NULL,NULL,1,NULL,NULL,NULL,NULL,NULL,188,6),(1433,NULL,NULL,NULL,1,NULL,NULL,NULL,NULL,NULL,188,7),(1434,NULL,NULL,NULL,1,NULL,NULL,NULL,NULL,NULL,188,8),(1435,NULL,NULL,NULL,NULL,28,NULL,NULL,NULL,NULL,188,25),(1436,NULL,NULL,NULL,1,NULL,NULL,NULL,NULL,NULL,188,26),(1437,NULL,NULL,'',NULL,NULL,NULL,NULL,NULL,NULL,188,27),(1438,'en','default','',NULL,NULL,NULL,NULL,NULL,NULL,188,16),(1439,'en','default','',NULL,NULL,NULL,NULL,NULL,NULL,188,17),(1440,'en','default','',NULL,NULL,NULL,NULL,NULL,NULL,188,18),(1441,NULL,NULL,'mo-4003-variant-22-6',NULL,NULL,NULL,NULL,NULL,NULL,191,1),(1442,'en','default','Knee Cap with Rigid Hinge',NULL,NULL,NULL,NULL,NULL,NULL,191,2),(1443,NULL,NULL,NULL,NULL,NULL,480.0000,NULL,NULL,NULL,191,11),(1444,NULL,NULL,'0',NULL,NULL,NULL,NULL,NULL,NULL,191,22),(1445,NULL,NULL,NULL,1,NULL,NULL,NULL,NULL,NULL,191,8),(1446,NULL,NULL,NULL,NULL,22,NULL,NULL,NULL,NULL,191,23),(1447,NULL,NULL,NULL,NULL,6,NULL,NULL,NULL,NULL,191,24),(1448,NULL,NULL,'mo-4003-variant-22-7',NULL,NULL,NULL,NULL,NULL,NULL,192,1),(1449,'en','default','Knee Cap with Rigid Hinge',NULL,NULL,NULL,NULL,NULL,NULL,192,2),(1450,NULL,NULL,NULL,NULL,NULL,480.0000,NULL,NULL,NULL,192,11),(1451,NULL,NULL,'0',NULL,NULL,NULL,NULL,NULL,NULL,192,22),(1452,NULL,NULL,NULL,1,NULL,NULL,NULL,NULL,NULL,192,8),(1453,NULL,NULL,NULL,NULL,22,NULL,NULL,NULL,NULL,192,23),(1454,NULL,NULL,NULL,NULL,7,NULL,NULL,NULL,NULL,192,24),(1455,NULL,NULL,'mo-4003-variant-22-8',NULL,NULL,NULL,NULL,NULL,NULL,193,1),(1456,'en','default','Knee Cap with Rigid Hinge',NULL,NULL,NULL,NULL,NULL,NULL,193,2),(1457,NULL,NULL,NULL,NULL,NULL,480.0000,NULL,NULL,NULL,193,11),(1458,NULL,NULL,'0',NULL,NULL,NULL,NULL,NULL,NULL,193,22),(1459,NULL,NULL,NULL,1,NULL,NULL,NULL,NULL,NULL,193,8),(1460,NULL,NULL,NULL,NULL,22,NULL,NULL,NULL,NULL,193,23),(1461,NULL,NULL,NULL,NULL,8,NULL,NULL,NULL,NULL,193,24),(1462,NULL,NULL,'mo-4003-variant-22-9',NULL,NULL,NULL,NULL,NULL,NULL,194,1),(1463,'en','default','Knee Cap with Rigid Hinge',NULL,NULL,NULL,NULL,NULL,NULL,194,2),(1464,NULL,NULL,NULL,NULL,NULL,510.0000,NULL,NULL,NULL,194,11),(1465,NULL,NULL,'0',NULL,NULL,NULL,NULL,NULL,NULL,194,22),(1466,NULL,NULL,NULL,1,NULL,NULL,NULL,NULL,NULL,194,8),(1467,NULL,NULL,NULL,NULL,22,NULL,NULL,NULL,NULL,194,23),(1468,NULL,NULL,NULL,NULL,9,NULL,NULL,NULL,NULL,194,24),(1469,NULL,NULL,'mo-4003-variant-22-23',NULL,NULL,NULL,NULL,NULL,NULL,195,1),(1470,'en','default','Knee Cap with Rigid Hinge',NULL,NULL,NULL,NULL,NULL,NULL,195,2),(1471,NULL,NULL,NULL,NULL,NULL,510.0000,NULL,NULL,NULL,195,11),(1472,NULL,NULL,'0',NULL,NULL,NULL,NULL,NULL,NULL,195,22),(1473,NULL,NULL,NULL,1,NULL,NULL,NULL,NULL,NULL,195,8),(1474,NULL,NULL,NULL,NULL,22,NULL,NULL,NULL,NULL,195,23),(1475,NULL,NULL,NULL,NULL,23,NULL,NULL,NULL,NULL,195,24),(1476,'en','default','<ul>\r\n<li class=\"col-md-3\">\r\n<div class=\"content-wrap\">Comfortable</div>\r\n</li>\r\n<li class=\"col-md-3\">\r\n<div class=\"content-wrap\">Duarble</div>\r\n</li>\r\n<li class=\"col-md-3\">\r\n<div class=\"content-wrap\">Elastic</div>\r\n</li>\r\n</ul>',NULL,NULL,NULL,NULL,NULL,NULL,190,9),(1477,'en','default','<div class=\"page\" title=\"Page 25\">\r\n<div class=\"section\">\r\n<div class=\"layoutArea\">\r\n<div class=\"column\">\r\n<ul>\r\n<li><span style=\"font-size: 11pt; font-family: Swiss721BT; color: #373435;\">Breathable and moisture transporting weaving.</span></li>\r\n<li><span style=\"color: #373435; font-family: Swiss721BT; font-size: 11pt;\">Simple and quick wear with easy pull-on application.</span></li>\r\n</ul>\r\n</div>\r\n</div>\r\n</div>\r\n</div>',NULL,NULL,NULL,NULL,NULL,NULL,190,10),(1478,NULL,NULL,'mo-4003',NULL,NULL,NULL,NULL,NULL,NULL,190,1),(1479,'en','default','Knee Cap with Rigid Hinge',NULL,NULL,NULL,NULL,NULL,NULL,190,2),(1480,NULL,NULL,'knee-cap-with-rigid-hinge',NULL,NULL,NULL,NULL,NULL,NULL,190,3),(1481,NULL,'default',NULL,NULL,3,NULL,NULL,NULL,NULL,190,4),(1482,NULL,NULL,NULL,1,NULL,NULL,NULL,NULL,NULL,190,5),(1483,NULL,NULL,NULL,1,NULL,NULL,NULL,NULL,NULL,190,6),(1484,NULL,NULL,NULL,1,NULL,NULL,NULL,NULL,NULL,190,7),(1485,NULL,NULL,NULL,1,NULL,NULL,NULL,NULL,NULL,190,8),(1486,NULL,NULL,NULL,NULL,20,NULL,NULL,NULL,NULL,190,25),(1487,NULL,NULL,NULL,1,NULL,NULL,NULL,NULL,NULL,190,26),(1488,NULL,NULL,NULL,1,NULL,NULL,NULL,NULL,NULL,190,31),(1489,'en','default','Knee Cap with Rigid Hinge',NULL,NULL,NULL,NULL,NULL,NULL,190,16),(1490,'en','default','Knee Cap with Rigid Hinge, knee cap , knee brace rigid.',NULL,NULL,NULL,NULL,NULL,NULL,190,17),(1491,'en','default','Arthritic pain of sports injury, Osteoarthritis of the knee  ligament or tendon injury , Post-operative knee support , Sprains or strains, Stabilization of weak knees',NULL,NULL,NULL,NULL,NULL,NULL,190,18),(1492,NULL,NULL,'mo-4004-variant-4-8',NULL,NULL,NULL,NULL,NULL,NULL,197,1),(1493,'en','default','Knee Brace Long',NULL,NULL,NULL,NULL,NULL,NULL,197,2),(1494,NULL,NULL,NULL,NULL,NULL,1029.0000,NULL,NULL,NULL,197,11),(1495,NULL,NULL,'0',NULL,NULL,NULL,NULL,NULL,NULL,197,22),(1496,NULL,NULL,NULL,1,NULL,NULL,NULL,NULL,NULL,197,8),(1497,NULL,NULL,NULL,NULL,4,NULL,NULL,NULL,NULL,197,23),(1498,NULL,NULL,NULL,NULL,8,NULL,NULL,NULL,NULL,197,24),(1499,NULL,NULL,'mo-4004-variant-4-9',NULL,NULL,NULL,NULL,NULL,NULL,198,1),(1500,'en','default','Knee Brace Long',NULL,NULL,NULL,NULL,NULL,NULL,198,2),(1501,NULL,NULL,NULL,NULL,NULL,1149.0000,NULL,NULL,NULL,198,11),(1502,NULL,NULL,'0',NULL,NULL,NULL,NULL,NULL,NULL,198,22),(1503,NULL,NULL,NULL,1,NULL,NULL,NULL,NULL,NULL,198,8),(1504,NULL,NULL,NULL,NULL,4,NULL,NULL,NULL,NULL,198,23),(1505,NULL,NULL,NULL,NULL,9,NULL,NULL,NULL,NULL,198,24),(1506,'en','default','<ul>\r\n<li class=\"col-md-3\">\r\n<div class=\"content-wrap\">Comfortable</div>\r\n</li>\r\n<li class=\"col-md-3\">\r\n<div class=\"content-wrap\">Soft</div>\r\n</li>\r\n</ul>',NULL,NULL,NULL,NULL,NULL,NULL,196,9),(1507,'en','default','<div class=\"page\" title=\"Page 26\">\r\n<div class=\"section\">\r\n<div class=\"layoutArea\">\r\n<div class=\"column\">\r\n<ul>\r\n<li><span style=\"font-size: 11pt; font-family: Swiss721BT; color: #373435;\">Anatomically contoured posterior and lateral splints for perfect immobilization.</span></li>\r\n<li><span style=\"color: #373435; font-family: Swiss721BT; font-size: 11pt;\">Extra Patellar strap.</span></li>\r\n<li><span style=\"color: #373435; font-family: Swiss721BT; font-size: 11pt;\">Hook &amp; loop straps with loop closures.</span></li>\r\n<li><span style=\"color: #373435; font-family: Swiss721BT; font-size: 11pt;\">Made of extra soft and skin-friendly&nbsp;</span><span style=\"color: #373435; font-family: Swiss721BT; font-size: 11pt;\">material.</span></li>\r\n<li><span style=\"color: #373435; font-family: Swiss721BT; font-size: 11pt;\">Accommodates both right and left leg.</span></li>\r\n</ul>\r\n</div>\r\n</div>\r\n</div>\r\n</div>',NULL,NULL,NULL,NULL,NULL,NULL,196,10),(1508,NULL,NULL,'mo-4004',NULL,NULL,NULL,NULL,NULL,NULL,196,1),(1509,'en','default','Knee Brace Long',NULL,NULL,NULL,NULL,NULL,NULL,196,2),(1510,NULL,NULL,'knee-brace-long',NULL,NULL,NULL,NULL,NULL,NULL,196,3),(1511,NULL,'default',NULL,NULL,3,NULL,NULL,NULL,NULL,196,4),(1512,NULL,NULL,NULL,1,NULL,NULL,NULL,NULL,NULL,196,5),(1513,NULL,NULL,NULL,1,NULL,NULL,NULL,NULL,NULL,196,6),(1514,NULL,NULL,NULL,1,NULL,NULL,NULL,NULL,NULL,196,7),(1515,NULL,NULL,NULL,1,NULL,NULL,NULL,NULL,NULL,196,8),(1516,NULL,NULL,NULL,NULL,20,NULL,NULL,NULL,NULL,196,25),(1517,NULL,NULL,NULL,1,NULL,NULL,NULL,NULL,NULL,196,26),(1518,NULL,NULL,NULL,1,NULL,NULL,NULL,NULL,NULL,196,31),(1519,'en','default','Knee Brace Long',NULL,NULL,NULL,NULL,NULL,NULL,196,16),(1520,'en','default','Knee Brace Long, knee brace.',NULL,NULL,NULL,NULL,NULL,NULL,196,17),(1521,'en','default',' Ligament injuries, Tibial plateau fractures, Osteochondral repairs Patellar tendon repairs , Acute sprains/strains of the knee , Post Cast care, Post/Pre operative care',NULL,NULL,NULL,NULL,NULL,NULL,196,18),(1522,NULL,NULL,'mo-4005-variant-22-6',NULL,NULL,NULL,NULL,NULL,NULL,200,1),(1523,'en','default','Knee Brace Short',NULL,NULL,NULL,NULL,NULL,NULL,200,2),(1524,NULL,NULL,NULL,NULL,NULL,699.0000,NULL,NULL,NULL,200,11),(1525,NULL,NULL,'0',NULL,NULL,NULL,NULL,NULL,NULL,200,22),(1526,NULL,NULL,NULL,1,NULL,NULL,NULL,NULL,NULL,200,8),(1527,NULL,NULL,NULL,NULL,22,NULL,NULL,NULL,NULL,200,23),(1528,NULL,NULL,NULL,NULL,6,NULL,NULL,NULL,NULL,200,24),(1529,NULL,NULL,'mo-4005-variant-22-7',NULL,NULL,NULL,NULL,NULL,NULL,201,1),(1530,'en','default','Knee Brace Short',NULL,NULL,NULL,NULL,NULL,NULL,201,2),(1531,NULL,NULL,NULL,NULL,NULL,779.0000,NULL,NULL,NULL,201,11),(1532,NULL,NULL,'0',NULL,NULL,NULL,NULL,NULL,NULL,201,22),(1533,NULL,NULL,NULL,1,NULL,NULL,NULL,NULL,NULL,201,8),(1534,NULL,NULL,NULL,NULL,22,NULL,NULL,NULL,NULL,201,23),(1535,NULL,NULL,NULL,NULL,7,NULL,NULL,NULL,NULL,201,24),(1536,'en','default','<ul>\r\n<li class=\"col-md-3\">\r\n<div class=\"content-wrap\">Light weight</div>\r\n</li>\r\n<li class=\"col-md-3\">\r\n<div class=\"content-wrap\">Comfortable</div>\r\n</li>\r\n</ul>',NULL,NULL,NULL,NULL,NULL,NULL,199,9),(1537,'en','default','<div class=\"page\" title=\"Page 27\">\r\n<div class=\"section\">\r\n<div class=\"layoutArea\">\r\n<div class=\"column\">\r\n<ul>\r\n<li><span style=\"font-size: 11pt; font-family: Swiss721BT; color: #373435;\">Anatomically contoured posterior and lateral splints for perfect immobilization.</span></li>\r\n<li><span style=\"color: #373435; font-family: Swiss721BT; font-size: 11pt;\">Extra Patellar strap.</span></li>\r\n<li><span style=\"color: #373435; font-family: Swiss721BT; font-size: 11pt;\">Hook &amp; loop straps with loop closures.</span></li>\r\n<li><span style=\"color: #373435; font-family: Swiss721BT; font-size: 11pt;\">Made of extra soft and skin-friendly&nbsp;</span><span style=\"color: #373435; font-family: Swiss721BT; font-size: 11pt;\">material.</span></li>\r\n<li><span style=\"color: #373435; font-family: Swiss721BT; font-size: 11pt;\">Accommodates both right and left leg.</span></li>\r\n</ul>\r\n</div>\r\n</div>\r\n</div>\r\n</div>',NULL,NULL,NULL,NULL,NULL,NULL,199,10),(1538,NULL,NULL,'mo-4005',NULL,NULL,NULL,NULL,NULL,NULL,199,1),(1539,'en','default','Knee Brace Short',NULL,NULL,NULL,NULL,NULL,NULL,199,2),(1540,NULL,NULL,'knee-brace-short',NULL,NULL,NULL,NULL,NULL,NULL,199,3),(1541,NULL,'default',NULL,NULL,3,NULL,NULL,NULL,NULL,199,4),(1542,NULL,NULL,NULL,1,NULL,NULL,NULL,NULL,NULL,199,5),(1543,NULL,NULL,NULL,1,NULL,NULL,NULL,NULL,NULL,199,6),(1544,NULL,NULL,NULL,1,NULL,NULL,NULL,NULL,NULL,199,7),(1545,NULL,NULL,NULL,1,NULL,NULL,NULL,NULL,NULL,199,8),(1546,NULL,NULL,NULL,NULL,20,NULL,NULL,NULL,NULL,199,25),(1547,NULL,NULL,NULL,1,NULL,NULL,NULL,NULL,NULL,199,26),(1548,NULL,NULL,NULL,1,NULL,NULL,NULL,NULL,NULL,199,31),(1549,'en','default','Knee Brace Short',NULL,NULL,NULL,NULL,NULL,NULL,199,16),(1550,'en','default','Knee Brace Short, knee brace, knee support belt.',NULL,NULL,NULL,NULL,NULL,NULL,199,17),(1551,'en','default',' Ligament injuries, Tibial plateau fractures, Osteochondral repairs, Patellar tendon repairs, Acute sprains/strains of the knee, Post Cast care, Post/Pre operative care',NULL,NULL,NULL,NULL,NULL,NULL,199,18),(1552,NULL,NULL,'mo-4006-variant-22-6',NULL,NULL,NULL,NULL,NULL,NULL,203,1),(1553,'en','default','Elastic Vericose Vein Stocking-AK',NULL,NULL,NULL,NULL,NULL,NULL,203,2),(1554,NULL,NULL,NULL,NULL,NULL,900.0000,NULL,NULL,NULL,203,11),(1555,NULL,NULL,'0',NULL,NULL,NULL,NULL,NULL,NULL,203,22),(1556,NULL,NULL,NULL,1,NULL,NULL,NULL,NULL,NULL,203,8),(1557,NULL,NULL,NULL,NULL,22,NULL,NULL,NULL,NULL,203,23),(1558,NULL,NULL,NULL,NULL,6,NULL,NULL,NULL,NULL,203,24),(1559,NULL,NULL,'mo-4006-variant-22-7',NULL,NULL,NULL,NULL,NULL,NULL,204,1),(1560,'en','default','Elastic Vericose Vein Stocking-AK',NULL,NULL,NULL,NULL,NULL,NULL,204,2),(1561,NULL,NULL,NULL,NULL,NULL,900.0000,NULL,NULL,NULL,204,11),(1562,NULL,NULL,'0',NULL,NULL,NULL,NULL,NULL,NULL,204,22),(1563,NULL,NULL,NULL,1,NULL,NULL,NULL,NULL,NULL,204,8),(1564,NULL,NULL,NULL,NULL,22,NULL,NULL,NULL,NULL,204,23),(1565,NULL,NULL,NULL,NULL,7,NULL,NULL,NULL,NULL,204,24),(1566,NULL,NULL,'mo-4006-variant-22-8',NULL,NULL,NULL,NULL,NULL,NULL,205,1),(1567,'en','default','Elastic Vericose Vein Stocking-AK',NULL,NULL,NULL,NULL,NULL,NULL,205,2),(1568,NULL,NULL,NULL,NULL,NULL,900.0000,NULL,NULL,NULL,205,11),(1569,NULL,NULL,'0',NULL,NULL,NULL,NULL,NULL,NULL,205,22),(1570,NULL,NULL,NULL,1,NULL,NULL,NULL,NULL,NULL,205,8),(1571,NULL,NULL,NULL,NULL,22,NULL,NULL,NULL,NULL,205,23),(1572,NULL,NULL,NULL,NULL,8,NULL,NULL,NULL,NULL,205,24),(1573,NULL,NULL,'mo-4006-variant-22-9',NULL,NULL,NULL,NULL,NULL,NULL,206,1),(1574,'en','default','Elastic Vericose Vein Stocking-AK',NULL,NULL,NULL,NULL,NULL,NULL,206,2),(1575,NULL,NULL,NULL,NULL,NULL,1035.0000,NULL,NULL,NULL,206,11),(1576,NULL,NULL,'0',NULL,NULL,NULL,NULL,NULL,NULL,206,22),(1577,NULL,NULL,NULL,1,NULL,NULL,NULL,NULL,NULL,206,8),(1578,NULL,NULL,NULL,NULL,22,NULL,NULL,NULL,NULL,206,23),(1579,NULL,NULL,NULL,NULL,9,NULL,NULL,NULL,NULL,206,24),(1580,NULL,NULL,'mo-4006-variant-22-23',NULL,NULL,NULL,NULL,NULL,NULL,207,1),(1581,'en','default','Elastic Vericose Vein Stocking-AK',NULL,NULL,NULL,NULL,NULL,NULL,207,2),(1582,NULL,NULL,NULL,NULL,NULL,1035.0000,NULL,NULL,NULL,207,11),(1583,NULL,NULL,'0',NULL,NULL,NULL,NULL,NULL,NULL,207,22),(1584,NULL,NULL,NULL,1,NULL,NULL,NULL,NULL,NULL,207,8),(1585,NULL,NULL,NULL,NULL,22,NULL,NULL,NULL,NULL,207,23),(1586,NULL,NULL,NULL,NULL,23,NULL,NULL,NULL,NULL,207,24),(1587,'en','default','<ul>\r\n<li class=\"col-md-3\">\r\n<div class=\"content-wrap\">Flexible</div>\r\n</li>\r\n<li class=\"col-md-3\">\r\n<div class=\"content-wrap\">Comfortable</div>\r\n</li>\r\n<li class=\"col-md-3\">\r\n<div class=\"content-wrap\">Elastic</div>\r\n</li>\r\n</ul>',NULL,NULL,NULL,NULL,NULL,NULL,202,9),(1588,'en','default','<div class=\"page\" title=\"Page 28\">\r\n<div class=\"section\">\r\n<div class=\"layoutArea\">\r\n<div class=\"column\">\r\n<ul>\r\n<li><span style=\"font-size: 11pt; font-family: Swiss721BT; color: #373435;\">Skin Friendly quality.</span></li>\r\n<li><span style=\"font-size: 11pt; font-family: Swiss721BT; color: #373435;\">High denier yarns.</span></li>\r\n<li><span style=\"font-size: 11pt; font-family: Swiss721BT; color: #373435;\">Durability</span></li>\r\n<li><span style=\"font-size: 11pt; font-family: Swiss721BT; color: #373435;\">Higher Spandex content ensure effective&nbsp;</span><span style=\"color: #373435; font-family: Swiss721BT; font-size: 11pt;\">compression.</span></li>\r\n<li><span style=\"color: #373435; font-family: Swiss721BT; font-size: 11pt;\">4 Way Stretch.</span></li>\r\n<li><span style=\"color: #373435; font-family: Swiss721BT; font-size: 11pt;\">Tapered Shape</span></li>\r\n</ul>\r\n</div>\r\n</div>\r\n</div>\r\n</div>',NULL,NULL,NULL,NULL,NULL,NULL,202,10),(1589,NULL,NULL,'mo-4006',NULL,NULL,NULL,NULL,NULL,NULL,202,1),(1590,'en','default','Elastic Vericose Vein Stocking-AK',NULL,NULL,NULL,NULL,NULL,NULL,202,2),(1591,NULL,NULL,'elastic-vericose-vein-stocking-ak',NULL,NULL,NULL,NULL,NULL,NULL,202,3),(1592,NULL,'default',NULL,NULL,3,NULL,NULL,NULL,NULL,202,4),(1593,NULL,NULL,NULL,1,NULL,NULL,NULL,NULL,NULL,202,5),(1594,NULL,NULL,NULL,1,NULL,NULL,NULL,NULL,NULL,202,6),(1595,NULL,NULL,NULL,1,NULL,NULL,NULL,NULL,NULL,202,7),(1596,NULL,NULL,NULL,1,NULL,NULL,NULL,NULL,NULL,202,8),(1597,NULL,NULL,NULL,NULL,20,NULL,NULL,NULL,NULL,202,25),(1598,NULL,NULL,NULL,1,NULL,NULL,NULL,NULL,NULL,202,26),(1599,NULL,NULL,NULL,1,NULL,NULL,NULL,NULL,NULL,202,31),(1600,'en','default','Elastic Vericose Vein\r\nStocking-AK',NULL,NULL,NULL,NULL,NULL,NULL,202,16),(1601,'en','default','Elastic Vericose Vein\r\nStocking-AK, varicose stocking.',NULL,NULL,NULL,NULL,NULL,NULL,202,17),(1602,'en','default','Varicose Veins, Spider Veins, Inflammation of the veins, Tired, Aching or swollen legs.',NULL,NULL,NULL,NULL,NULL,NULL,202,18),(1603,NULL,NULL,'mo-4007-variant-22-6',NULL,NULL,NULL,NULL,NULL,NULL,209,1),(1604,'en','default','Elastic Vericose Vein Stocking-BK',NULL,NULL,NULL,NULL,NULL,NULL,209,2),(1605,NULL,NULL,NULL,NULL,NULL,620.0000,NULL,NULL,NULL,209,11),(1606,NULL,NULL,'0',NULL,NULL,NULL,NULL,NULL,NULL,209,22),(1607,NULL,NULL,NULL,1,NULL,NULL,NULL,NULL,NULL,209,8),(1608,NULL,NULL,NULL,NULL,22,NULL,NULL,NULL,NULL,209,23),(1609,NULL,NULL,NULL,NULL,6,NULL,NULL,NULL,NULL,209,24),(1610,NULL,NULL,'mo-4007-variant-22-7',NULL,NULL,NULL,NULL,NULL,NULL,210,1),(1611,'en','default','Elastic Vericose Vein Stocking-BK',NULL,NULL,NULL,NULL,NULL,NULL,210,2),(1612,NULL,NULL,NULL,NULL,NULL,620.0000,NULL,NULL,NULL,210,11),(1613,NULL,NULL,'0',NULL,NULL,NULL,NULL,NULL,NULL,210,22),(1614,NULL,NULL,NULL,1,NULL,NULL,NULL,NULL,NULL,210,8),(1615,NULL,NULL,NULL,NULL,22,NULL,NULL,NULL,NULL,210,23),(1616,NULL,NULL,NULL,NULL,7,NULL,NULL,NULL,NULL,210,24),(1617,NULL,NULL,'mo-4007-variant-22-8',NULL,NULL,NULL,NULL,NULL,NULL,211,1),(1618,'en','default','Elastic Vericose Vein Stocking-BK',NULL,NULL,NULL,NULL,NULL,NULL,211,2),(1619,NULL,NULL,NULL,NULL,NULL,620.0000,NULL,NULL,NULL,211,11),(1620,NULL,NULL,'0',NULL,NULL,NULL,NULL,NULL,NULL,211,22),(1621,NULL,NULL,NULL,1,NULL,NULL,NULL,NULL,NULL,211,8),(1622,NULL,NULL,NULL,NULL,22,NULL,NULL,NULL,NULL,211,23),(1623,NULL,NULL,NULL,NULL,8,NULL,NULL,NULL,NULL,211,24),(1624,NULL,NULL,'mo-4007-variant-22-9',NULL,NULL,NULL,NULL,NULL,NULL,212,1),(1625,'en','default','Elastic Vericose Vein Stocking-BK',NULL,NULL,NULL,NULL,NULL,NULL,212,2),(1626,NULL,NULL,NULL,NULL,NULL,680.0000,NULL,NULL,NULL,212,11),(1627,NULL,NULL,'0',NULL,NULL,NULL,NULL,NULL,NULL,212,22),(1628,NULL,NULL,NULL,1,NULL,NULL,NULL,NULL,NULL,212,8),(1629,NULL,NULL,NULL,NULL,22,NULL,NULL,NULL,NULL,212,23),(1630,NULL,NULL,NULL,NULL,9,NULL,NULL,NULL,NULL,212,24),(1631,NULL,NULL,'mo-4007-variant-22-23',NULL,NULL,NULL,NULL,NULL,NULL,213,1),(1632,'en','default','Elastic Vericose Vein Stocking-BK',NULL,NULL,NULL,NULL,NULL,NULL,213,2),(1633,NULL,NULL,NULL,NULL,NULL,680.0000,NULL,NULL,NULL,213,11),(1634,NULL,NULL,'0',NULL,NULL,NULL,NULL,NULL,NULL,213,22),(1635,NULL,NULL,NULL,1,NULL,NULL,NULL,NULL,NULL,213,8),(1636,NULL,NULL,NULL,NULL,22,NULL,NULL,NULL,NULL,213,23),(1637,NULL,NULL,NULL,NULL,23,NULL,NULL,NULL,NULL,213,24),(1638,NULL,NULL,'mo-4008-variant-4-6',NULL,NULL,NULL,NULL,NULL,NULL,215,1),(1639,'en','default','Calf Support',NULL,NULL,NULL,NULL,NULL,NULL,215,2),(1640,NULL,NULL,NULL,NULL,NULL,330.0000,NULL,NULL,NULL,215,11),(1641,NULL,NULL,'0',NULL,NULL,NULL,NULL,NULL,NULL,215,22),(1642,NULL,NULL,NULL,1,NULL,NULL,NULL,NULL,NULL,215,8),(1643,NULL,NULL,NULL,NULL,4,NULL,NULL,NULL,NULL,215,23),(1644,NULL,NULL,NULL,NULL,6,NULL,NULL,NULL,NULL,215,24),(1645,NULL,NULL,'mo-4008-variant-4-7',NULL,NULL,NULL,NULL,NULL,NULL,216,1),(1646,'en','default','Calf Support',NULL,NULL,NULL,NULL,NULL,NULL,216,2),(1647,NULL,NULL,NULL,NULL,NULL,330.0000,NULL,NULL,NULL,216,11),(1648,NULL,NULL,'0',NULL,NULL,NULL,NULL,NULL,NULL,216,22),(1649,NULL,NULL,NULL,1,NULL,NULL,NULL,NULL,NULL,216,8),(1650,NULL,NULL,NULL,NULL,4,NULL,NULL,NULL,NULL,216,23),(1651,NULL,NULL,NULL,NULL,7,NULL,NULL,NULL,NULL,216,24),(1652,NULL,NULL,'mo-4008-variant-4-8',NULL,NULL,NULL,NULL,NULL,NULL,217,1),(1653,'en','default','Calf Support',NULL,NULL,NULL,NULL,NULL,NULL,217,2),(1654,NULL,NULL,NULL,NULL,NULL,330.0000,NULL,NULL,NULL,217,11),(1655,NULL,NULL,'0',NULL,NULL,NULL,NULL,NULL,NULL,217,22),(1656,NULL,NULL,NULL,1,NULL,NULL,NULL,NULL,NULL,217,8),(1657,NULL,NULL,NULL,NULL,4,NULL,NULL,NULL,NULL,217,23),(1658,NULL,NULL,NULL,NULL,8,NULL,NULL,NULL,NULL,217,24),(1659,NULL,NULL,'mo-4008-variant-4-9',NULL,NULL,NULL,NULL,NULL,NULL,218,1),(1660,'en','default','Calf Support',NULL,NULL,NULL,NULL,NULL,NULL,218,2),(1661,NULL,NULL,NULL,NULL,NULL,379.0000,NULL,NULL,NULL,218,11),(1662,NULL,NULL,'0',NULL,NULL,NULL,NULL,NULL,NULL,218,22),(1663,NULL,NULL,NULL,1,NULL,NULL,NULL,NULL,NULL,218,8),(1664,NULL,NULL,NULL,NULL,4,NULL,NULL,NULL,NULL,218,23),(1665,NULL,NULL,NULL,NULL,9,NULL,NULL,NULL,NULL,218,24),(1666,NULL,NULL,'mo-4008-variant-4-23',NULL,NULL,NULL,NULL,NULL,NULL,219,1),(1667,'en','default','Calf Support',NULL,NULL,NULL,NULL,NULL,NULL,219,2),(1668,NULL,NULL,NULL,NULL,NULL,379.0000,NULL,NULL,NULL,219,11),(1669,NULL,NULL,'0',NULL,NULL,NULL,NULL,NULL,NULL,219,22),(1670,NULL,NULL,NULL,1,NULL,NULL,NULL,NULL,NULL,219,8),(1671,NULL,NULL,NULL,NULL,4,NULL,NULL,NULL,NULL,219,23),(1672,NULL,NULL,NULL,NULL,23,NULL,NULL,NULL,NULL,219,24),(1673,'en','default','<ul>\r\n<li class=\"col-md-3\">\r\n<div class=\"content-wrap\">Flexible</div>\r\n</li>\r\n<li class=\"col-md-3\">\r\n<div class=\"content-wrap\">Elastic</div>\r\n</li>\r\n</ul>',NULL,NULL,NULL,NULL,NULL,NULL,214,9),(1674,'en','default','<div class=\"page\" title=\"Page 30\">\r\n<div class=\"section\">\r\n<div class=\"layoutArea\">\r\n<div class=\"column\">\r\n<ul>\r\n<li><span style=\"font-size: 11pt; font-family: Swiss721BT; color: #373435;\">Ideal for aching and painful calf. </span></li>\r\n<li><span style=\"font-size: 11pt; font-family: Swiss721BT; color: #373435;\">Recommended for sports persons as preventive measures and especially for Athletes and sprinters.</span></li>\r\n<li><span style=\"color: #373435; font-family: Swiss721BT; font-size: 11pt;\">A calf support provides protection and support.</span></li>\r\n<li><span style=\"color: #373435; font-family: Swiss721BT; font-size: 11pt;\">It retains the heat produced by the body in a specific area and so aids healing. </span><span style=\"color: #373435; font-family: Swiss721BT; font-size: 11pt;\">Heat encourages blood vessels to dilate and so allows more blood to the injured area. </span><span style=\"color: #373435; font-family: Swiss721BT; font-size: 11pt;\">The more blood that gets to the injured area, the more nutrients it will get and the faster it will heal.</span></li>\r\n</ul>\r\n</div>\r\n</div>\r\n</div>\r\n</div>',NULL,NULL,NULL,NULL,NULL,NULL,214,10),(1675,NULL,NULL,'mo-4008',NULL,NULL,NULL,NULL,NULL,NULL,214,1),(1676,'en','default','Calf Support',NULL,NULL,NULL,NULL,NULL,NULL,214,2),(1677,NULL,NULL,'calf-support',NULL,NULL,NULL,NULL,NULL,NULL,214,3),(1678,NULL,'default',NULL,NULL,3,NULL,NULL,NULL,NULL,214,4),(1679,NULL,NULL,NULL,1,NULL,NULL,NULL,NULL,NULL,214,5),(1680,NULL,NULL,NULL,1,NULL,NULL,NULL,NULL,NULL,214,6),(1681,NULL,NULL,NULL,1,NULL,NULL,NULL,NULL,NULL,214,7),(1682,NULL,NULL,NULL,1,NULL,NULL,NULL,NULL,NULL,214,8),(1683,NULL,NULL,NULL,NULL,20,NULL,NULL,NULL,NULL,214,25),(1684,NULL,NULL,NULL,1,NULL,NULL,NULL,NULL,NULL,214,26),(1685,NULL,NULL,NULL,1,NULL,NULL,NULL,NULL,NULL,214,31),(1686,'en','default','Calf Support',NULL,NULL,NULL,NULL,NULL,NULL,214,16),(1687,'en','default','Calf Support, calf stocking',NULL,NULL,NULL,NULL,NULL,NULL,214,17),(1688,'en','default','Arthritic pain, Swelling, Ligaments or muscles injury, Post-operative Calf support, Sprains and strains of the Calf, Stabilization of weak calf\r\nPrevention of sports injuries',NULL,NULL,NULL,NULL,NULL,NULL,214,18),(1689,'en','default','<ul>\r\n<li class=\"col-md-3\">\r\n<div class=\"content-wrap\">Flexible</div>\r\n</li>\r\n<li class=\"col-md-3\">\r\n<div class=\"content-wrap\">Duarble</div>\r\n</li>\r\n<li class=\"col-md-3\">\r\n<div class=\"content-wrap\">Elastic</div>\r\n</li>\r\n</ul>',NULL,NULL,NULL,NULL,NULL,NULL,208,9),(1690,'en','default','<div class=\"page\" title=\"Page 29\">\r\n<div class=\"section\">\r\n<div class=\"layoutArea\">\r\n<div class=\"column\">\r\n<ul>\r\n<li><span style=\"font-size: 11pt; font-family: Swiss721BT; color: #373435;\">Skin Friendly quality</span></li>\r\n<li><span style=\"font-size: 11pt; font-family: Swiss721BT; color: #373435;\">High denier yarns</span></li>\r\n<li><span style=\"font-size: 11pt; font-family: Swiss721BT; color: #373435;\">Higher Spandex content ensure effective&nbsp;</span><span style=\"color: #373435; font-family: Swiss721BT; font-size: 11pt;\">compression.</span></li>\r\n<li><span style=\"color: #373435; font-family: Swiss721BT; font-size: 11pt;\">4 Way Stretch.</span></li>\r\n<li><span style=\"color: #373435; font-family: Swiss721BT; font-size: 11pt;\">Tapered Shape</span></li>\r\n</ul>\r\n</div>\r\n</div>\r\n</div>\r\n</div>',NULL,NULL,NULL,NULL,NULL,NULL,208,10),(1691,NULL,NULL,'mo-4007',NULL,NULL,NULL,NULL,NULL,NULL,208,1),(1692,'en','default','Elastic Vericose Vein Stocking-BK',NULL,NULL,NULL,NULL,NULL,NULL,208,2),(1693,NULL,NULL,'elastic-vericose-vein-stocking-bk',NULL,NULL,NULL,NULL,NULL,NULL,208,3),(1694,NULL,'default',NULL,NULL,3,NULL,NULL,NULL,NULL,208,4),(1695,NULL,NULL,NULL,1,NULL,NULL,NULL,NULL,NULL,208,5),(1696,NULL,NULL,NULL,1,NULL,NULL,NULL,NULL,NULL,208,6),(1697,NULL,NULL,NULL,1,NULL,NULL,NULL,NULL,NULL,208,7),(1698,NULL,NULL,NULL,1,NULL,NULL,NULL,NULL,NULL,208,8),(1699,NULL,NULL,NULL,NULL,20,NULL,NULL,NULL,NULL,208,25),(1700,NULL,NULL,NULL,1,NULL,NULL,NULL,NULL,NULL,208,26),(1701,NULL,NULL,NULL,1,NULL,NULL,NULL,NULL,NULL,208,31),(1702,'en','default','Elastic Vericose Vein\r\nStocking-BK',NULL,NULL,NULL,NULL,NULL,NULL,208,16),(1703,'en','default','Elastic Vericose Vein\r\nStocking-BK',NULL,NULL,NULL,NULL,NULL,NULL,208,17),(1704,'en','default','Varicose Veins, Spider Veins, Inflammation of the veins,Tired, Aching or swollen legs.',NULL,NULL,NULL,NULL,NULL,NULL,208,18),(1705,NULL,NULL,'mo-4009-variant-1-6',NULL,NULL,NULL,NULL,NULL,NULL,221,1),(1706,'en','default','',NULL,NULL,NULL,NULL,NULL,NULL,221,2),(1707,NULL,NULL,NULL,NULL,NULL,0.0000,NULL,NULL,NULL,221,11),(1708,NULL,NULL,'0',NULL,NULL,NULL,NULL,NULL,NULL,221,22),(1709,NULL,NULL,NULL,1,NULL,NULL,NULL,NULL,NULL,221,8),(1710,NULL,NULL,NULL,NULL,1,NULL,NULL,NULL,NULL,221,23),(1711,NULL,NULL,NULL,NULL,6,NULL,NULL,NULL,NULL,221,24),(1712,NULL,NULL,'mo-4009-variant-2-6',NULL,NULL,NULL,NULL,NULL,NULL,222,1),(1713,'en','default','',NULL,NULL,NULL,NULL,NULL,NULL,222,2),(1714,NULL,NULL,NULL,NULL,NULL,0.0000,NULL,NULL,NULL,222,11),(1715,NULL,NULL,'0',NULL,NULL,NULL,NULL,NULL,NULL,222,22),(1716,NULL,NULL,NULL,1,NULL,NULL,NULL,NULL,NULL,222,8),(1717,NULL,NULL,NULL,NULL,2,NULL,NULL,NULL,NULL,222,23),(1718,NULL,NULL,NULL,NULL,6,NULL,NULL,NULL,NULL,222,24),(1719,NULL,NULL,'mo-4009-variant-3-6',NULL,NULL,NULL,NULL,NULL,NULL,223,1),(1720,'en','default','',NULL,NULL,NULL,NULL,NULL,NULL,223,2),(1721,NULL,NULL,NULL,NULL,NULL,0.0000,NULL,NULL,NULL,223,11),(1722,NULL,NULL,'0',NULL,NULL,NULL,NULL,NULL,NULL,223,22),(1723,NULL,NULL,NULL,1,NULL,NULL,NULL,NULL,NULL,223,8),(1724,NULL,NULL,NULL,NULL,3,NULL,NULL,NULL,NULL,223,23),(1725,NULL,NULL,NULL,NULL,6,NULL,NULL,NULL,NULL,223,24),(1726,NULL,NULL,'mo-4009-variant-4-6',NULL,NULL,NULL,NULL,NULL,NULL,224,1),(1727,'en','default','',NULL,NULL,NULL,NULL,NULL,NULL,224,2),(1728,NULL,NULL,NULL,NULL,NULL,0.0000,NULL,NULL,NULL,224,11),(1729,NULL,NULL,'0',NULL,NULL,NULL,NULL,NULL,NULL,224,22),(1730,NULL,NULL,NULL,1,NULL,NULL,NULL,NULL,NULL,224,8),(1731,NULL,NULL,NULL,NULL,4,NULL,NULL,NULL,NULL,224,23),(1732,NULL,NULL,NULL,NULL,6,NULL,NULL,NULL,NULL,224,24),(1733,NULL,NULL,'mo-4009-variant-5-6',NULL,NULL,NULL,NULL,NULL,NULL,225,1),(1734,'en','default','',NULL,NULL,NULL,NULL,NULL,NULL,225,2),(1735,NULL,NULL,NULL,NULL,NULL,0.0000,NULL,NULL,NULL,225,11),(1736,NULL,NULL,'0',NULL,NULL,NULL,NULL,NULL,NULL,225,22),(1737,NULL,NULL,NULL,1,NULL,NULL,NULL,NULL,NULL,225,8),(1738,NULL,NULL,NULL,NULL,5,NULL,NULL,NULL,NULL,225,23),(1739,NULL,NULL,NULL,NULL,6,NULL,NULL,NULL,NULL,225,24),(1740,NULL,NULL,'mo-4009-variant-22-6',NULL,NULL,NULL,NULL,NULL,NULL,226,1),(1741,'en','default','',NULL,NULL,NULL,NULL,NULL,NULL,226,2),(1742,NULL,NULL,NULL,NULL,NULL,0.0000,NULL,NULL,NULL,226,11),(1743,NULL,NULL,'0',NULL,NULL,NULL,NULL,NULL,NULL,226,22),(1744,NULL,NULL,NULL,1,NULL,NULL,NULL,NULL,NULL,226,8),(1745,NULL,NULL,NULL,NULL,22,NULL,NULL,NULL,NULL,226,23),(1746,NULL,NULL,NULL,NULL,6,NULL,NULL,NULL,NULL,226,24),(1747,NULL,NULL,'mo-4009-variant-27-6',NULL,NULL,NULL,NULL,NULL,NULL,227,1),(1748,'en','default','',NULL,NULL,NULL,NULL,NULL,NULL,227,2),(1749,NULL,NULL,NULL,NULL,NULL,0.0000,NULL,NULL,NULL,227,11),(1750,NULL,NULL,'0',NULL,NULL,NULL,NULL,NULL,NULL,227,22),(1751,NULL,NULL,NULL,1,NULL,NULL,NULL,NULL,NULL,227,8),(1752,NULL,NULL,NULL,NULL,27,NULL,NULL,NULL,NULL,227,23),(1753,NULL,NULL,NULL,NULL,6,NULL,NULL,NULL,NULL,227,24),(1754,NULL,NULL,'mo-4009-variant-1-7',NULL,NULL,NULL,NULL,NULL,NULL,228,1),(1755,'en','default','',NULL,NULL,NULL,NULL,NULL,NULL,228,2),(1756,NULL,NULL,NULL,NULL,NULL,0.0000,NULL,NULL,NULL,228,11),(1757,NULL,NULL,'0',NULL,NULL,NULL,NULL,NULL,NULL,228,22),(1758,NULL,NULL,NULL,1,NULL,NULL,NULL,NULL,NULL,228,8),(1759,NULL,NULL,NULL,NULL,1,NULL,NULL,NULL,NULL,228,23),(1760,NULL,NULL,NULL,NULL,7,NULL,NULL,NULL,NULL,228,24),(1761,NULL,NULL,'mo-4009-variant-1-8',NULL,NULL,NULL,NULL,NULL,NULL,229,1),(1762,'en','default','',NULL,NULL,NULL,NULL,NULL,NULL,229,2),(1763,NULL,NULL,NULL,NULL,NULL,0.0000,NULL,NULL,NULL,229,11),(1764,NULL,NULL,'0',NULL,NULL,NULL,NULL,NULL,NULL,229,22),(1765,NULL,NULL,NULL,1,NULL,NULL,NULL,NULL,NULL,229,8),(1766,NULL,NULL,NULL,NULL,1,NULL,NULL,NULL,NULL,229,23),(1767,NULL,NULL,NULL,NULL,8,NULL,NULL,NULL,NULL,229,24),(1768,NULL,NULL,'mo-4009-variant-1-9',NULL,NULL,NULL,NULL,NULL,NULL,230,1),(1769,'en','default','',NULL,NULL,NULL,NULL,NULL,NULL,230,2),(1770,NULL,NULL,NULL,NULL,NULL,0.0000,NULL,NULL,NULL,230,11),(1771,NULL,NULL,'0',NULL,NULL,NULL,NULL,NULL,NULL,230,22),(1772,NULL,NULL,NULL,1,NULL,NULL,NULL,NULL,NULL,230,8),(1773,NULL,NULL,NULL,NULL,1,NULL,NULL,NULL,NULL,230,23),(1774,NULL,NULL,NULL,NULL,9,NULL,NULL,NULL,NULL,230,24),(1775,NULL,NULL,'mo-4009-variant-1-23',NULL,NULL,NULL,NULL,NULL,NULL,231,1),(1776,'en','default','',NULL,NULL,NULL,NULL,NULL,NULL,231,2),(1777,NULL,NULL,NULL,NULL,NULL,0.0000,NULL,NULL,NULL,231,11),(1778,NULL,NULL,'0',NULL,NULL,NULL,NULL,NULL,NULL,231,22),(1779,NULL,NULL,NULL,1,NULL,NULL,NULL,NULL,NULL,231,8),(1780,NULL,NULL,NULL,NULL,1,NULL,NULL,NULL,NULL,231,23),(1781,NULL,NULL,NULL,NULL,23,NULL,NULL,NULL,NULL,231,24),(1782,NULL,NULL,'mo-4009-variant-1-24',NULL,NULL,NULL,NULL,NULL,NULL,232,1),(1783,'en','default','',NULL,NULL,NULL,NULL,NULL,NULL,232,2),(1784,NULL,NULL,NULL,NULL,NULL,0.0000,NULL,NULL,NULL,232,11),(1785,NULL,NULL,'0',NULL,NULL,NULL,NULL,NULL,NULL,232,22),(1786,NULL,NULL,NULL,1,NULL,NULL,NULL,NULL,NULL,232,8),(1787,NULL,NULL,NULL,NULL,1,NULL,NULL,NULL,NULL,232,23),(1788,NULL,NULL,NULL,NULL,24,NULL,NULL,NULL,NULL,232,24),(1789,NULL,NULL,'mo-4009-variant-1-25',NULL,NULL,NULL,NULL,NULL,NULL,233,1),(1790,'en','default','',NULL,NULL,NULL,NULL,NULL,NULL,233,2),(1791,NULL,NULL,NULL,NULL,NULL,0.0000,NULL,NULL,NULL,233,11),(1792,NULL,NULL,'0',NULL,NULL,NULL,NULL,NULL,NULL,233,22),(1793,NULL,NULL,NULL,1,NULL,NULL,NULL,NULL,NULL,233,8),(1794,NULL,NULL,NULL,NULL,1,NULL,NULL,NULL,NULL,233,23),(1795,NULL,NULL,NULL,NULL,25,NULL,NULL,NULL,NULL,233,24),(1796,NULL,NULL,'mo-4009-variant-1-26',NULL,NULL,NULL,NULL,NULL,NULL,234,1),(1797,'en','default','',NULL,NULL,NULL,NULL,NULL,NULL,234,2),(1798,NULL,NULL,NULL,NULL,NULL,0.0000,NULL,NULL,NULL,234,11),(1799,NULL,NULL,'0',NULL,NULL,NULL,NULL,NULL,NULL,234,22),(1800,NULL,NULL,NULL,1,NULL,NULL,NULL,NULL,NULL,234,8),(1801,NULL,NULL,NULL,NULL,1,NULL,NULL,NULL,NULL,234,23),(1802,NULL,NULL,NULL,NULL,26,NULL,NULL,NULL,NULL,234,24),(1803,NULL,NULL,'mo-4009-variant-2-7',NULL,NULL,NULL,NULL,NULL,NULL,235,1),(1804,'en','default','',NULL,NULL,NULL,NULL,NULL,NULL,235,2),(1805,NULL,NULL,NULL,NULL,NULL,0.0000,NULL,NULL,NULL,235,11),(1806,NULL,NULL,'0',NULL,NULL,NULL,NULL,NULL,NULL,235,22),(1807,NULL,NULL,NULL,1,NULL,NULL,NULL,NULL,NULL,235,8),(1808,NULL,NULL,NULL,NULL,2,NULL,NULL,NULL,NULL,235,23),(1809,NULL,NULL,NULL,NULL,7,NULL,NULL,NULL,NULL,235,24),(1810,NULL,NULL,'mo-4009-variant-2-8',NULL,NULL,NULL,NULL,NULL,NULL,236,1),(1811,'en','default','',NULL,NULL,NULL,NULL,NULL,NULL,236,2),(1812,NULL,NULL,NULL,NULL,NULL,0.0000,NULL,NULL,NULL,236,11),(1813,NULL,NULL,'0',NULL,NULL,NULL,NULL,NULL,NULL,236,22),(1814,NULL,NULL,NULL,1,NULL,NULL,NULL,NULL,NULL,236,8),(1815,NULL,NULL,NULL,NULL,2,NULL,NULL,NULL,NULL,236,23),(1816,NULL,NULL,NULL,NULL,8,NULL,NULL,NULL,NULL,236,24),(1817,NULL,NULL,'mo-4009-variant-2-9',NULL,NULL,NULL,NULL,NULL,NULL,237,1),(1818,'en','default','',NULL,NULL,NULL,NULL,NULL,NULL,237,2),(1819,NULL,NULL,NULL,NULL,NULL,0.0000,NULL,NULL,NULL,237,11),(1820,NULL,NULL,'0',NULL,NULL,NULL,NULL,NULL,NULL,237,22),(1821,NULL,NULL,NULL,1,NULL,NULL,NULL,NULL,NULL,237,8),(1822,NULL,NULL,NULL,NULL,2,NULL,NULL,NULL,NULL,237,23),(1823,NULL,NULL,NULL,NULL,9,NULL,NULL,NULL,NULL,237,24),(1824,NULL,NULL,'mo-4009-variant-2-23',NULL,NULL,NULL,NULL,NULL,NULL,238,1),(1825,'en','default','',NULL,NULL,NULL,NULL,NULL,NULL,238,2),(1826,NULL,NULL,NULL,NULL,NULL,0.0000,NULL,NULL,NULL,238,11),(1827,NULL,NULL,'0',NULL,NULL,NULL,NULL,NULL,NULL,238,22),(1828,NULL,NULL,NULL,1,NULL,NULL,NULL,NULL,NULL,238,8),(1829,NULL,NULL,NULL,NULL,2,NULL,NULL,NULL,NULL,238,23),(1830,NULL,NULL,NULL,NULL,23,NULL,NULL,NULL,NULL,238,24),(1831,NULL,NULL,'mo-4009-variant-2-24',NULL,NULL,NULL,NULL,NULL,NULL,239,1),(1832,'en','default','',NULL,NULL,NULL,NULL,NULL,NULL,239,2),(1833,NULL,NULL,NULL,NULL,NULL,0.0000,NULL,NULL,NULL,239,11),(1834,NULL,NULL,'0',NULL,NULL,NULL,NULL,NULL,NULL,239,22),(1835,NULL,NULL,NULL,1,NULL,NULL,NULL,NULL,NULL,239,8),(1836,NULL,NULL,NULL,NULL,2,NULL,NULL,NULL,NULL,239,23),(1837,NULL,NULL,NULL,NULL,24,NULL,NULL,NULL,NULL,239,24),(1838,NULL,NULL,'mo-4009-variant-2-25',NULL,NULL,NULL,NULL,NULL,NULL,240,1),(1839,'en','default','',NULL,NULL,NULL,NULL,NULL,NULL,240,2),(1840,NULL,NULL,NULL,NULL,NULL,0.0000,NULL,NULL,NULL,240,11),(1841,NULL,NULL,'0',NULL,NULL,NULL,NULL,NULL,NULL,240,22),(1842,NULL,NULL,NULL,1,NULL,NULL,NULL,NULL,NULL,240,8),(1843,NULL,NULL,NULL,NULL,2,NULL,NULL,NULL,NULL,240,23),(1844,NULL,NULL,NULL,NULL,25,NULL,NULL,NULL,NULL,240,24),(1845,NULL,NULL,'mo-4009-variant-2-26',NULL,NULL,NULL,NULL,NULL,NULL,241,1),(1846,'en','default','',NULL,NULL,NULL,NULL,NULL,NULL,241,2),(1847,NULL,NULL,NULL,NULL,NULL,0.0000,NULL,NULL,NULL,241,11),(1848,NULL,NULL,'0',NULL,NULL,NULL,NULL,NULL,NULL,241,22),(1849,NULL,NULL,NULL,1,NULL,NULL,NULL,NULL,NULL,241,8),(1850,NULL,NULL,NULL,NULL,2,NULL,NULL,NULL,NULL,241,23),(1851,NULL,NULL,NULL,NULL,26,NULL,NULL,NULL,NULL,241,24),(1852,NULL,NULL,'mo-4009-variant-3-7',NULL,NULL,NULL,NULL,NULL,NULL,242,1),(1853,'en','default','',NULL,NULL,NULL,NULL,NULL,NULL,242,2),(1854,NULL,NULL,NULL,NULL,NULL,0.0000,NULL,NULL,NULL,242,11),(1855,NULL,NULL,'0',NULL,NULL,NULL,NULL,NULL,NULL,242,22),(1856,NULL,NULL,NULL,1,NULL,NULL,NULL,NULL,NULL,242,8),(1857,NULL,NULL,NULL,NULL,3,NULL,NULL,NULL,NULL,242,23),(1858,NULL,NULL,NULL,NULL,7,NULL,NULL,NULL,NULL,242,24),(1859,NULL,NULL,'mo-4009-variant-3-8',NULL,NULL,NULL,NULL,NULL,NULL,243,1),(1860,'en','default','',NULL,NULL,NULL,NULL,NULL,NULL,243,2),(1861,NULL,NULL,NULL,NULL,NULL,0.0000,NULL,NULL,NULL,243,11),(1862,NULL,NULL,'0',NULL,NULL,NULL,NULL,NULL,NULL,243,22),(1863,NULL,NULL,NULL,1,NULL,NULL,NULL,NULL,NULL,243,8),(1864,NULL,NULL,NULL,NULL,3,NULL,NULL,NULL,NULL,243,23),(1865,NULL,NULL,NULL,NULL,8,NULL,NULL,NULL,NULL,243,24),(1866,NULL,NULL,'mo-4009-variant-3-9',NULL,NULL,NULL,NULL,NULL,NULL,244,1),(1867,'en','default','',NULL,NULL,NULL,NULL,NULL,NULL,244,2),(1868,NULL,NULL,NULL,NULL,NULL,0.0000,NULL,NULL,NULL,244,11),(1869,NULL,NULL,'0',NULL,NULL,NULL,NULL,NULL,NULL,244,22),(1870,NULL,NULL,NULL,1,NULL,NULL,NULL,NULL,NULL,244,8),(1871,NULL,NULL,NULL,NULL,3,NULL,NULL,NULL,NULL,244,23),(1872,NULL,NULL,NULL,NULL,9,NULL,NULL,NULL,NULL,244,24),(1873,NULL,NULL,'mo-4009-variant-3-23',NULL,NULL,NULL,NULL,NULL,NULL,245,1),(1874,'en','default','',NULL,NULL,NULL,NULL,NULL,NULL,245,2),(1875,NULL,NULL,NULL,NULL,NULL,0.0000,NULL,NULL,NULL,245,11),(1876,NULL,NULL,'0',NULL,NULL,NULL,NULL,NULL,NULL,245,22),(1877,NULL,NULL,NULL,1,NULL,NULL,NULL,NULL,NULL,245,8),(1878,NULL,NULL,NULL,NULL,3,NULL,NULL,NULL,NULL,245,23),(1879,NULL,NULL,NULL,NULL,23,NULL,NULL,NULL,NULL,245,24),(1880,NULL,NULL,'mo-4009-variant-3-24',NULL,NULL,NULL,NULL,NULL,NULL,246,1),(1881,'en','default','',NULL,NULL,NULL,NULL,NULL,NULL,246,2),(1882,NULL,NULL,NULL,NULL,NULL,0.0000,NULL,NULL,NULL,246,11),(1883,NULL,NULL,'0',NULL,NULL,NULL,NULL,NULL,NULL,246,22),(1884,NULL,NULL,NULL,1,NULL,NULL,NULL,NULL,NULL,246,8),(1885,NULL,NULL,NULL,NULL,3,NULL,NULL,NULL,NULL,246,23),(1886,NULL,NULL,NULL,NULL,24,NULL,NULL,NULL,NULL,246,24),(1887,NULL,NULL,'mo-4009-variant-3-25',NULL,NULL,NULL,NULL,NULL,NULL,247,1),(1888,'en','default','',NULL,NULL,NULL,NULL,NULL,NULL,247,2),(1889,NULL,NULL,NULL,NULL,NULL,0.0000,NULL,NULL,NULL,247,11),(1890,NULL,NULL,'0',NULL,NULL,NULL,NULL,NULL,NULL,247,22),(1891,NULL,NULL,NULL,1,NULL,NULL,NULL,NULL,NULL,247,8),(1892,NULL,NULL,NULL,NULL,3,NULL,NULL,NULL,NULL,247,23),(1893,NULL,NULL,NULL,NULL,25,NULL,NULL,NULL,NULL,247,24),(1894,NULL,NULL,'mo-4009-variant-3-26',NULL,NULL,NULL,NULL,NULL,NULL,248,1),(1895,'en','default','',NULL,NULL,NULL,NULL,NULL,NULL,248,2),(1896,NULL,NULL,NULL,NULL,NULL,0.0000,NULL,NULL,NULL,248,11),(1897,NULL,NULL,'0',NULL,NULL,NULL,NULL,NULL,NULL,248,22),(1898,NULL,NULL,NULL,1,NULL,NULL,NULL,NULL,NULL,248,8),(1899,NULL,NULL,NULL,NULL,3,NULL,NULL,NULL,NULL,248,23),(1900,NULL,NULL,NULL,NULL,26,NULL,NULL,NULL,NULL,248,24),(1901,NULL,NULL,'mo-4009-variant-4-7',NULL,NULL,NULL,NULL,NULL,NULL,249,1),(1902,'en','default','',NULL,NULL,NULL,NULL,NULL,NULL,249,2),(1903,NULL,NULL,NULL,NULL,NULL,0.0000,NULL,NULL,NULL,249,11),(1904,NULL,NULL,'0',NULL,NULL,NULL,NULL,NULL,NULL,249,22),(1905,NULL,NULL,NULL,1,NULL,NULL,NULL,NULL,NULL,249,8),(1906,NULL,NULL,NULL,NULL,4,NULL,NULL,NULL,NULL,249,23),(1907,NULL,NULL,NULL,NULL,7,NULL,NULL,NULL,NULL,249,24),(1908,NULL,NULL,'mo-4009-variant-4-8',NULL,NULL,NULL,NULL,NULL,NULL,250,1),(1909,'en','default','',NULL,NULL,NULL,NULL,NULL,NULL,250,2),(1910,NULL,NULL,NULL,NULL,NULL,0.0000,NULL,NULL,NULL,250,11),(1911,NULL,NULL,'0',NULL,NULL,NULL,NULL,NULL,NULL,250,22),(1912,NULL,NULL,NULL,1,NULL,NULL,NULL,NULL,NULL,250,8),(1913,NULL,NULL,NULL,NULL,4,NULL,NULL,NULL,NULL,250,23),(1914,NULL,NULL,NULL,NULL,8,NULL,NULL,NULL,NULL,250,24),(1915,NULL,NULL,'mo-4009-variant-4-9',NULL,NULL,NULL,NULL,NULL,NULL,251,1),(1916,'en','default','',NULL,NULL,NULL,NULL,NULL,NULL,251,2),(1917,NULL,NULL,NULL,NULL,NULL,0.0000,NULL,NULL,NULL,251,11),(1918,NULL,NULL,'0',NULL,NULL,NULL,NULL,NULL,NULL,251,22),(1919,NULL,NULL,NULL,1,NULL,NULL,NULL,NULL,NULL,251,8),(1920,NULL,NULL,NULL,NULL,4,NULL,NULL,NULL,NULL,251,23),(1921,NULL,NULL,NULL,NULL,9,NULL,NULL,NULL,NULL,251,24),(1922,NULL,NULL,'mo-4009-variant-4-23',NULL,NULL,NULL,NULL,NULL,NULL,252,1),(1923,'en','default','',NULL,NULL,NULL,NULL,NULL,NULL,252,2),(1924,NULL,NULL,NULL,NULL,NULL,0.0000,NULL,NULL,NULL,252,11),(1925,NULL,NULL,'0',NULL,NULL,NULL,NULL,NULL,NULL,252,22),(1926,NULL,NULL,NULL,1,NULL,NULL,NULL,NULL,NULL,252,8),(1927,NULL,NULL,NULL,NULL,4,NULL,NULL,NULL,NULL,252,23),(1928,NULL,NULL,NULL,NULL,23,NULL,NULL,NULL,NULL,252,24),(1929,NULL,NULL,'mo-4009-variant-4-24',NULL,NULL,NULL,NULL,NULL,NULL,253,1),(1930,'en','default','',NULL,NULL,NULL,NULL,NULL,NULL,253,2),(1931,NULL,NULL,NULL,NULL,NULL,0.0000,NULL,NULL,NULL,253,11),(1932,NULL,NULL,'0',NULL,NULL,NULL,NULL,NULL,NULL,253,22),(1933,NULL,NULL,NULL,1,NULL,NULL,NULL,NULL,NULL,253,8),(1934,NULL,NULL,NULL,NULL,4,NULL,NULL,NULL,NULL,253,23),(1935,NULL,NULL,NULL,NULL,24,NULL,NULL,NULL,NULL,253,24),(1936,NULL,NULL,'mo-4009-variant-4-25',NULL,NULL,NULL,NULL,NULL,NULL,254,1),(1937,'en','default','',NULL,NULL,NULL,NULL,NULL,NULL,254,2),(1938,NULL,NULL,NULL,NULL,NULL,0.0000,NULL,NULL,NULL,254,11),(1939,NULL,NULL,'0',NULL,NULL,NULL,NULL,NULL,NULL,254,22),(1940,NULL,NULL,NULL,1,NULL,NULL,NULL,NULL,NULL,254,8),(1941,NULL,NULL,NULL,NULL,4,NULL,NULL,NULL,NULL,254,23),(1942,NULL,NULL,NULL,NULL,25,NULL,NULL,NULL,NULL,254,24),(1943,NULL,NULL,'mo-4009-variant-4-26',NULL,NULL,NULL,NULL,NULL,NULL,255,1),(1944,'en','default','',NULL,NULL,NULL,NULL,NULL,NULL,255,2),(1945,NULL,NULL,NULL,NULL,NULL,0.0000,NULL,NULL,NULL,255,11),(1946,NULL,NULL,'0',NULL,NULL,NULL,NULL,NULL,NULL,255,22),(1947,NULL,NULL,NULL,1,NULL,NULL,NULL,NULL,NULL,255,8),(1948,NULL,NULL,NULL,NULL,4,NULL,NULL,NULL,NULL,255,23),(1949,NULL,NULL,NULL,NULL,26,NULL,NULL,NULL,NULL,255,24),(1950,NULL,NULL,'mo-4009-variant-5-7',NULL,NULL,NULL,NULL,NULL,NULL,256,1),(1951,'en','default','',NULL,NULL,NULL,NULL,NULL,NULL,256,2),(1952,NULL,NULL,NULL,NULL,NULL,0.0000,NULL,NULL,NULL,256,11),(1953,NULL,NULL,'0',NULL,NULL,NULL,NULL,NULL,NULL,256,22),(1954,NULL,NULL,NULL,1,NULL,NULL,NULL,NULL,NULL,256,8),(1955,NULL,NULL,NULL,NULL,5,NULL,NULL,NULL,NULL,256,23),(1956,NULL,NULL,NULL,NULL,7,NULL,NULL,NULL,NULL,256,24),(1957,NULL,NULL,'mo-4009-variant-5-8',NULL,NULL,NULL,NULL,NULL,NULL,257,1),(1958,'en','default','',NULL,NULL,NULL,NULL,NULL,NULL,257,2),(1959,NULL,NULL,NULL,NULL,NULL,0.0000,NULL,NULL,NULL,257,11),(1960,NULL,NULL,'0',NULL,NULL,NULL,NULL,NULL,NULL,257,22),(1961,NULL,NULL,NULL,1,NULL,NULL,NULL,NULL,NULL,257,8),(1962,NULL,NULL,NULL,NULL,5,NULL,NULL,NULL,NULL,257,23),(1963,NULL,NULL,NULL,NULL,8,NULL,NULL,NULL,NULL,257,24),(1964,NULL,NULL,'mo-4009-variant-5-9',NULL,NULL,NULL,NULL,NULL,NULL,258,1),(1965,'en','default','',NULL,NULL,NULL,NULL,NULL,NULL,258,2),(1966,NULL,NULL,NULL,NULL,NULL,0.0000,NULL,NULL,NULL,258,11),(1967,NULL,NULL,'0',NULL,NULL,NULL,NULL,NULL,NULL,258,22),(1968,NULL,NULL,NULL,1,NULL,NULL,NULL,NULL,NULL,258,8),(1969,NULL,NULL,NULL,NULL,5,NULL,NULL,NULL,NULL,258,23),(1970,NULL,NULL,NULL,NULL,9,NULL,NULL,NULL,NULL,258,24),(1971,NULL,NULL,'mo-4009-variant-5-23',NULL,NULL,NULL,NULL,NULL,NULL,259,1),(1972,'en','default','',NULL,NULL,NULL,NULL,NULL,NULL,259,2),(1973,NULL,NULL,NULL,NULL,NULL,0.0000,NULL,NULL,NULL,259,11),(1974,NULL,NULL,'0',NULL,NULL,NULL,NULL,NULL,NULL,259,22),(1975,NULL,NULL,NULL,1,NULL,NULL,NULL,NULL,NULL,259,8),(1976,NULL,NULL,NULL,NULL,5,NULL,NULL,NULL,NULL,259,23),(1977,NULL,NULL,NULL,NULL,23,NULL,NULL,NULL,NULL,259,24),(1978,NULL,NULL,'mo-4009-variant-5-24',NULL,NULL,NULL,NULL,NULL,NULL,260,1),(1979,'en','default','',NULL,NULL,NULL,NULL,NULL,NULL,260,2),(1980,NULL,NULL,NULL,NULL,NULL,0.0000,NULL,NULL,NULL,260,11),(1981,NULL,NULL,'0',NULL,NULL,NULL,NULL,NULL,NULL,260,22),(1982,NULL,NULL,NULL,1,NULL,NULL,NULL,NULL,NULL,260,8),(1983,NULL,NULL,NULL,NULL,5,NULL,NULL,NULL,NULL,260,23),(1984,NULL,NULL,NULL,NULL,24,NULL,NULL,NULL,NULL,260,24),(1985,NULL,NULL,'mo-4009-variant-5-25',NULL,NULL,NULL,NULL,NULL,NULL,261,1),(1986,'en','default','',NULL,NULL,NULL,NULL,NULL,NULL,261,2),(1987,NULL,NULL,NULL,NULL,NULL,0.0000,NULL,NULL,NULL,261,11),(1988,NULL,NULL,'0',NULL,NULL,NULL,NULL,NULL,NULL,261,22),(1989,NULL,NULL,NULL,1,NULL,NULL,NULL,NULL,NULL,261,8),(1990,NULL,NULL,NULL,NULL,5,NULL,NULL,NULL,NULL,261,23),(1991,NULL,NULL,NULL,NULL,25,NULL,NULL,NULL,NULL,261,24),(1992,NULL,NULL,'mo-4009-variant-5-26',NULL,NULL,NULL,NULL,NULL,NULL,262,1),(1993,'en','default','',NULL,NULL,NULL,NULL,NULL,NULL,262,2),(1994,NULL,NULL,NULL,NULL,NULL,0.0000,NULL,NULL,NULL,262,11),(1995,NULL,NULL,'0',NULL,NULL,NULL,NULL,NULL,NULL,262,22),(1996,NULL,NULL,NULL,1,NULL,NULL,NULL,NULL,NULL,262,8),(1997,NULL,NULL,NULL,NULL,5,NULL,NULL,NULL,NULL,262,23),(1998,NULL,NULL,NULL,NULL,26,NULL,NULL,NULL,NULL,262,24),(1999,NULL,NULL,'mo-4009-variant-22-7',NULL,NULL,NULL,NULL,NULL,NULL,263,1),(2000,'en','default','',NULL,NULL,NULL,NULL,NULL,NULL,263,2),(2001,NULL,NULL,NULL,NULL,NULL,0.0000,NULL,NULL,NULL,263,11),(2002,NULL,NULL,'0',NULL,NULL,NULL,NULL,NULL,NULL,263,22),(2003,NULL,NULL,NULL,1,NULL,NULL,NULL,NULL,NULL,263,8),(2004,NULL,NULL,NULL,NULL,22,NULL,NULL,NULL,NULL,263,23),(2005,NULL,NULL,NULL,NULL,7,NULL,NULL,NULL,NULL,263,24),(2006,NULL,NULL,'mo-4009-variant-22-8',NULL,NULL,NULL,NULL,NULL,NULL,264,1),(2007,'en','default','',NULL,NULL,NULL,NULL,NULL,NULL,264,2),(2008,NULL,NULL,NULL,NULL,NULL,0.0000,NULL,NULL,NULL,264,11),(2009,NULL,NULL,'0',NULL,NULL,NULL,NULL,NULL,NULL,264,22),(2010,NULL,NULL,NULL,1,NULL,NULL,NULL,NULL,NULL,264,8),(2011,NULL,NULL,NULL,NULL,22,NULL,NULL,NULL,NULL,264,23),(2012,NULL,NULL,NULL,NULL,8,NULL,NULL,NULL,NULL,264,24),(2013,NULL,NULL,'mo-4009-variant-22-9',NULL,NULL,NULL,NULL,NULL,NULL,265,1),(2014,'en','default','',NULL,NULL,NULL,NULL,NULL,NULL,265,2),(2015,NULL,NULL,NULL,NULL,NULL,0.0000,NULL,NULL,NULL,265,11),(2016,NULL,NULL,'0',NULL,NULL,NULL,NULL,NULL,NULL,265,22),(2017,NULL,NULL,NULL,1,NULL,NULL,NULL,NULL,NULL,265,8),(2018,NULL,NULL,NULL,NULL,22,NULL,NULL,NULL,NULL,265,23),(2019,NULL,NULL,NULL,NULL,9,NULL,NULL,NULL,NULL,265,24),(2020,NULL,NULL,'mo-4009-variant-22-23',NULL,NULL,NULL,NULL,NULL,NULL,266,1),(2021,'en','default','',NULL,NULL,NULL,NULL,NULL,NULL,266,2),(2022,NULL,NULL,NULL,NULL,NULL,0.0000,NULL,NULL,NULL,266,11),(2023,NULL,NULL,'0',NULL,NULL,NULL,NULL,NULL,NULL,266,22),(2024,NULL,NULL,NULL,1,NULL,NULL,NULL,NULL,NULL,266,8),(2025,NULL,NULL,NULL,NULL,22,NULL,NULL,NULL,NULL,266,23),(2026,NULL,NULL,NULL,NULL,23,NULL,NULL,NULL,NULL,266,24),(2027,NULL,NULL,'mo-4009-variant-22-24',NULL,NULL,NULL,NULL,NULL,NULL,267,1),(2028,'en','default','',NULL,NULL,NULL,NULL,NULL,NULL,267,2),(2029,NULL,NULL,NULL,NULL,NULL,0.0000,NULL,NULL,NULL,267,11),(2030,NULL,NULL,'0',NULL,NULL,NULL,NULL,NULL,NULL,267,22),(2031,NULL,NULL,NULL,1,NULL,NULL,NULL,NULL,NULL,267,8),(2032,NULL,NULL,NULL,NULL,22,NULL,NULL,NULL,NULL,267,23),(2033,NULL,NULL,NULL,NULL,24,NULL,NULL,NULL,NULL,267,24),(2034,NULL,NULL,'mo-4009-variant-22-25',NULL,NULL,NULL,NULL,NULL,NULL,268,1),(2035,'en','default','',NULL,NULL,NULL,NULL,NULL,NULL,268,2),(2036,NULL,NULL,NULL,NULL,NULL,0.0000,NULL,NULL,NULL,268,11),(2037,NULL,NULL,'0',NULL,NULL,NULL,NULL,NULL,NULL,268,22),(2038,NULL,NULL,NULL,1,NULL,NULL,NULL,NULL,NULL,268,8),(2039,NULL,NULL,NULL,NULL,22,NULL,NULL,NULL,NULL,268,23),(2040,NULL,NULL,NULL,NULL,25,NULL,NULL,NULL,NULL,268,24),(2041,NULL,NULL,'mo-4009-variant-22-26',NULL,NULL,NULL,NULL,NULL,NULL,269,1),(2042,'en','default','',NULL,NULL,NULL,NULL,NULL,NULL,269,2),(2043,NULL,NULL,NULL,NULL,NULL,0.0000,NULL,NULL,NULL,269,11),(2044,NULL,NULL,'0',NULL,NULL,NULL,NULL,NULL,NULL,269,22),(2045,NULL,NULL,NULL,1,NULL,NULL,NULL,NULL,NULL,269,8),(2046,NULL,NULL,NULL,NULL,22,NULL,NULL,NULL,NULL,269,23),(2047,NULL,NULL,NULL,NULL,26,NULL,NULL,NULL,NULL,269,24),(2048,NULL,NULL,'mo-4009-variant-27-7',NULL,NULL,NULL,NULL,NULL,NULL,270,1),(2049,'en','default','',NULL,NULL,NULL,NULL,NULL,NULL,270,2),(2050,NULL,NULL,NULL,NULL,NULL,0.0000,NULL,NULL,NULL,270,11),(2051,NULL,NULL,'0',NULL,NULL,NULL,NULL,NULL,NULL,270,22),(2052,NULL,NULL,NULL,1,NULL,NULL,NULL,NULL,NULL,270,8),(2053,NULL,NULL,NULL,NULL,27,NULL,NULL,NULL,NULL,270,23),(2054,NULL,NULL,NULL,NULL,7,NULL,NULL,NULL,NULL,270,24),(2055,NULL,NULL,'mo-4009-variant-27-8',NULL,NULL,NULL,NULL,NULL,NULL,271,1),(2056,'en','default','',NULL,NULL,NULL,NULL,NULL,NULL,271,2),(2057,NULL,NULL,NULL,NULL,NULL,0.0000,NULL,NULL,NULL,271,11),(2058,NULL,NULL,'0',NULL,NULL,NULL,NULL,NULL,NULL,271,22),(2059,NULL,NULL,NULL,1,NULL,NULL,NULL,NULL,NULL,271,8),(2060,NULL,NULL,NULL,NULL,27,NULL,NULL,NULL,NULL,271,23),(2061,NULL,NULL,NULL,NULL,8,NULL,NULL,NULL,NULL,271,24),(2062,NULL,NULL,'mo-4009-variant-27-9',NULL,NULL,NULL,NULL,NULL,NULL,272,1),(2063,'en','default','',NULL,NULL,NULL,NULL,NULL,NULL,272,2),(2064,NULL,NULL,NULL,NULL,NULL,0.0000,NULL,NULL,NULL,272,11),(2065,NULL,NULL,'0',NULL,NULL,NULL,NULL,NULL,NULL,272,22),(2066,NULL,NULL,NULL,1,NULL,NULL,NULL,NULL,NULL,272,8),(2067,NULL,NULL,NULL,NULL,27,NULL,NULL,NULL,NULL,272,23),(2068,NULL,NULL,NULL,NULL,9,NULL,NULL,NULL,NULL,272,24),(2069,NULL,NULL,'mo-4009-variant-27-23',NULL,NULL,NULL,NULL,NULL,NULL,273,1),(2070,'en','default','',NULL,NULL,NULL,NULL,NULL,NULL,273,2),(2071,NULL,NULL,NULL,NULL,NULL,0.0000,NULL,NULL,NULL,273,11),(2072,NULL,NULL,'0',NULL,NULL,NULL,NULL,NULL,NULL,273,22),(2073,NULL,NULL,NULL,1,NULL,NULL,NULL,NULL,NULL,273,8),(2074,NULL,NULL,NULL,NULL,27,NULL,NULL,NULL,NULL,273,23),(2075,NULL,NULL,NULL,NULL,23,NULL,NULL,NULL,NULL,273,24),(2076,NULL,NULL,'mo-4009-variant-27-24',NULL,NULL,NULL,NULL,NULL,NULL,274,1),(2077,'en','default','',NULL,NULL,NULL,NULL,NULL,NULL,274,2),(2078,NULL,NULL,NULL,NULL,NULL,0.0000,NULL,NULL,NULL,274,11),(2079,NULL,NULL,'0',NULL,NULL,NULL,NULL,NULL,NULL,274,22),(2080,NULL,NULL,NULL,1,NULL,NULL,NULL,NULL,NULL,274,8),(2081,NULL,NULL,NULL,NULL,27,NULL,NULL,NULL,NULL,274,23),(2082,NULL,NULL,NULL,NULL,24,NULL,NULL,NULL,NULL,274,24),(2083,NULL,NULL,'mo-4009-variant-27-25',NULL,NULL,NULL,NULL,NULL,NULL,275,1),(2084,'en','default','',NULL,NULL,NULL,NULL,NULL,NULL,275,2),(2085,NULL,NULL,NULL,NULL,NULL,0.0000,NULL,NULL,NULL,275,11),(2086,NULL,NULL,'0',NULL,NULL,NULL,NULL,NULL,NULL,275,22),(2087,NULL,NULL,NULL,1,NULL,NULL,NULL,NULL,NULL,275,8),(2088,NULL,NULL,NULL,NULL,27,NULL,NULL,NULL,NULL,275,23),(2089,NULL,NULL,NULL,NULL,25,NULL,NULL,NULL,NULL,275,24),(2090,NULL,NULL,'mo-4009-variant-27-26',NULL,NULL,NULL,NULL,NULL,NULL,276,1),(2091,'en','default','',NULL,NULL,NULL,NULL,NULL,NULL,276,2),(2092,NULL,NULL,NULL,NULL,NULL,0.0000,NULL,NULL,NULL,276,11),(2093,NULL,NULL,'0',NULL,NULL,NULL,NULL,NULL,NULL,276,22),(2094,NULL,NULL,NULL,1,NULL,NULL,NULL,NULL,NULL,276,8),(2095,NULL,NULL,NULL,NULL,27,NULL,NULL,NULL,NULL,276,23),(2096,NULL,NULL,NULL,NULL,26,NULL,NULL,NULL,NULL,276,24),(2097,NULL,NULL,'mo-4010-variant-4-6',NULL,NULL,NULL,NULL,NULL,NULL,278,1),(2098,'en','default','Ankle Binder Elastic',NULL,NULL,NULL,NULL,NULL,NULL,278,2),(2099,NULL,NULL,NULL,NULL,NULL,180.0000,NULL,NULL,NULL,278,11),(2100,NULL,NULL,'0',NULL,NULL,NULL,NULL,NULL,NULL,278,22),(2101,NULL,NULL,NULL,1,NULL,NULL,NULL,NULL,NULL,278,8),(2102,NULL,NULL,NULL,NULL,4,NULL,NULL,NULL,NULL,278,23),(2103,NULL,NULL,NULL,NULL,6,NULL,NULL,NULL,NULL,278,24),(2104,NULL,NULL,'mo-4010-variant-4-7',NULL,NULL,NULL,NULL,NULL,NULL,279,1),(2105,'en','default','Ankle Binder Elastic',NULL,NULL,NULL,NULL,NULL,NULL,279,2),(2106,NULL,NULL,NULL,NULL,NULL,180.0000,NULL,NULL,NULL,279,11),(2107,NULL,NULL,'0',NULL,NULL,NULL,NULL,NULL,NULL,279,22),(2108,NULL,NULL,NULL,1,NULL,NULL,NULL,NULL,NULL,279,8),(2109,NULL,NULL,NULL,NULL,4,NULL,NULL,NULL,NULL,279,23),(2110,NULL,NULL,NULL,NULL,7,NULL,NULL,NULL,NULL,279,24),(2111,NULL,NULL,'mo-4010-variant-4-8',NULL,NULL,NULL,NULL,NULL,NULL,280,1),(2112,'en','default','Ankle Binder Elastic',NULL,NULL,NULL,NULL,NULL,NULL,280,2),(2113,NULL,NULL,NULL,NULL,NULL,180.0000,NULL,NULL,NULL,280,11),(2114,NULL,NULL,'0',NULL,NULL,NULL,NULL,NULL,NULL,280,22),(2115,NULL,NULL,NULL,1,NULL,NULL,NULL,NULL,NULL,280,8),(2116,NULL,NULL,NULL,NULL,4,NULL,NULL,NULL,NULL,280,23),(2117,NULL,NULL,NULL,NULL,8,NULL,NULL,NULL,NULL,280,24),(2118,NULL,NULL,'mo-4010-variant-4-9',NULL,NULL,NULL,NULL,NULL,NULL,281,1),(2119,'en','default','Ankle Binder Elastic',NULL,NULL,NULL,NULL,NULL,NULL,281,2),(2120,NULL,NULL,NULL,NULL,NULL,180.0000,NULL,NULL,NULL,281,11),(2121,NULL,NULL,'0',NULL,NULL,NULL,NULL,NULL,NULL,281,22),(2122,NULL,NULL,NULL,1,NULL,NULL,NULL,NULL,NULL,281,8),(2123,NULL,NULL,NULL,NULL,4,NULL,NULL,NULL,NULL,281,23),(2124,NULL,NULL,NULL,NULL,9,NULL,NULL,NULL,NULL,281,24),(2125,'en','default','<ul>\r\n<li class=\"col-md-3\">\r\n<div class=\"content-wrap\">Flexible</div>\r\n</li>\r\n<li class=\"col-md-3\">\r\n<div class=\"content-wrap\">Comfortable</div>\r\n</li>\r\n<li class=\"col-md-3\">\r\n<div class=\"content-wrap\">Elastic</div>\r\n</li>\r\n</ul>',NULL,NULL,NULL,NULL,NULL,NULL,277,9),(2126,'en','default','<div class=\"page\" title=\"Page 32\">\r\n<div class=\"section\">\r\n<div class=\"layoutArea\">\r\n<div class=\"column\">\r\n<ul>\r\n<li><span style=\"font-size: 11pt; font-family: Swiss721BT; color: #373435;\">Adjusts and fits the ankle firmly.</span></li>\r\n<li><span style=\"font-size: 11pt; font-family: Swiss721BT; color: #373435;\">Stretched knitted material allows for&nbsp;</span><span style=\"color: #373435; font-family: Swiss721BT; font-size: 11pt;\">targeted compression and support to&nbsp;</span><span style=\"color: #373435; font-family: Swiss721BT; font-size: 11pt;\">sprained ankles.</span></li>\r\n<li><span style=\"color: #373435; font-family: Swiss721BT; font-size: 11pt;\">Can be tightened or worn as comfortably&nbsp;</span><span style=\"color: #373435; font-family: Swiss721BT; font-size: 11pt;\">as required.</span></li>\r\n<li><span style=\"color: #373435; font-family: Swiss721BT; font-size: 11pt;\">&nbsp;Hook and loop fasteners provide ease of&nbsp;</span><span style=\"color: #373435; font-family: Swiss721BT; font-size: 11pt;\">adjustment.</span></li>\r\n<li><span style=\"color: #373435; font-family: Swiss721BT; font-size: 11pt;\">Can be worn under shoes or normal&nbsp;</span><span style=\"color: #373435; font-family: Swiss721BT; font-size: 11pt;\">footwear.</span></li>\r\n</ul>\r\n</div>\r\n</div>\r\n</div>\r\n</div>',NULL,NULL,NULL,NULL,NULL,NULL,277,10),(2127,NULL,NULL,'mo-4010',NULL,NULL,NULL,NULL,NULL,NULL,277,1),(2128,'en','default','Ankle Binder Elastic',NULL,NULL,NULL,NULL,NULL,NULL,277,2),(2129,NULL,NULL,'ankle-binder-elastic',NULL,NULL,NULL,NULL,NULL,NULL,277,3),(2130,NULL,'default',NULL,NULL,3,NULL,NULL,NULL,NULL,277,4),(2131,NULL,NULL,NULL,1,NULL,NULL,NULL,NULL,NULL,277,5),(2132,NULL,NULL,NULL,1,NULL,NULL,NULL,NULL,NULL,277,6),(2133,NULL,NULL,NULL,1,NULL,NULL,NULL,NULL,NULL,277,7),(2134,NULL,NULL,NULL,1,NULL,NULL,NULL,NULL,NULL,277,8),(2135,NULL,NULL,NULL,NULL,20,NULL,NULL,NULL,NULL,277,25),(2136,NULL,NULL,NULL,1,NULL,NULL,NULL,NULL,NULL,277,26),(2137,NULL,NULL,NULL,1,NULL,NULL,NULL,NULL,NULL,277,31),(2138,'en','default','Ankle Binder Elastic',NULL,NULL,NULL,NULL,NULL,NULL,277,16),(2139,'en','default','Ankle Binder Elastic, ankle support, ankle brace',NULL,NULL,NULL,NULL,NULL,NULL,277,17),(2140,'en','default','  For stabilization of weak ankles, increase of circulation, and reduction of pain, For tenosynovitis, foot drop, edematous swellings and other conditions requiring orthopedic support, For prevention of sports injuries, ankle sprains, and ankle strains',NULL,NULL,NULL,NULL,NULL,NULL,277,18),(2141,NULL,NULL,'mo-4011-variant-4-6',NULL,NULL,NULL,NULL,NULL,NULL,283,1),(2142,'en','default','Ankle Support',NULL,NULL,NULL,NULL,NULL,NULL,283,2),(2143,NULL,NULL,NULL,NULL,NULL,320.0000,NULL,NULL,NULL,283,11),(2144,NULL,NULL,'0',NULL,NULL,NULL,NULL,NULL,NULL,283,22),(2145,NULL,NULL,NULL,1,NULL,NULL,NULL,NULL,NULL,283,8),(2146,NULL,NULL,NULL,NULL,4,NULL,NULL,NULL,NULL,283,23),(2147,NULL,NULL,NULL,NULL,6,NULL,NULL,NULL,NULL,283,24),(2148,NULL,NULL,'mo-4011-variant-4-7',NULL,NULL,NULL,NULL,NULL,NULL,284,1),(2149,'en','default','Ankle Support',NULL,NULL,NULL,NULL,NULL,NULL,284,2),(2150,NULL,NULL,NULL,NULL,NULL,320.0000,NULL,NULL,NULL,284,11),(2151,NULL,NULL,'0',NULL,NULL,NULL,NULL,NULL,NULL,284,22),(2152,NULL,NULL,NULL,1,NULL,NULL,NULL,NULL,NULL,284,8),(2153,NULL,NULL,NULL,NULL,4,NULL,NULL,NULL,NULL,284,23),(2154,NULL,NULL,NULL,NULL,7,NULL,NULL,NULL,NULL,284,24),(2155,NULL,NULL,'mo-4011-variant-4-8',NULL,NULL,NULL,NULL,NULL,NULL,285,1),(2156,'en','default','Ankle Support',NULL,NULL,NULL,NULL,NULL,NULL,285,2),(2157,NULL,NULL,NULL,NULL,NULL,320.0000,NULL,NULL,NULL,285,11),(2158,NULL,NULL,'0',NULL,NULL,NULL,NULL,NULL,NULL,285,22),(2159,NULL,NULL,NULL,1,NULL,NULL,NULL,NULL,NULL,285,8),(2160,NULL,NULL,NULL,NULL,4,NULL,NULL,NULL,NULL,285,23),(2161,NULL,NULL,NULL,NULL,8,NULL,NULL,NULL,NULL,285,24),(2162,NULL,NULL,'mo-4011-variant-4-9',NULL,NULL,NULL,NULL,NULL,NULL,286,1),(2163,'en','default','Ankle Support',NULL,NULL,NULL,NULL,NULL,NULL,286,2),(2164,NULL,NULL,NULL,NULL,NULL,368.0000,NULL,NULL,NULL,286,11),(2165,NULL,NULL,'0',NULL,NULL,NULL,NULL,NULL,NULL,286,22),(2166,NULL,NULL,NULL,1,NULL,NULL,NULL,NULL,NULL,286,8),(2167,NULL,NULL,NULL,NULL,4,NULL,NULL,NULL,NULL,286,23),(2168,NULL,NULL,NULL,NULL,9,NULL,NULL,NULL,NULL,286,24),(2169,NULL,NULL,'mo-4011-variant-4-23',NULL,NULL,NULL,NULL,NULL,NULL,287,1),(2170,'en','default','Ankle Support',NULL,NULL,NULL,NULL,NULL,NULL,287,2),(2171,NULL,NULL,NULL,NULL,NULL,368.0000,NULL,NULL,NULL,287,11),(2172,NULL,NULL,'0',NULL,NULL,NULL,NULL,NULL,NULL,287,22),(2173,NULL,NULL,NULL,1,NULL,NULL,NULL,NULL,NULL,287,8),(2174,NULL,NULL,NULL,NULL,4,NULL,NULL,NULL,NULL,287,23),(2175,NULL,NULL,NULL,NULL,23,NULL,NULL,NULL,NULL,287,24),(2176,'en','default','<ul>\r\n<li class=\"col-md-3\">\r\n<div class=\"content-wrap\">Flexible</div>\r\n</li>\r\n<li class=\"col-md-3\">\r\n<div class=\"content-wrap\">Duarble</div>\r\n</li>\r\n<li class=\"col-md-3\">\r\n<div class=\"content-wrap\">Elastic</div>\r\n</li>\r\n</ul>',NULL,NULL,NULL,NULL,NULL,NULL,282,9),(2177,'en','default','<div class=\"page\" title=\"Page 33\">\r\n<div class=\"section\">\r\n<div class=\"layoutArea\">\r\n<div class=\"column\">\r\n<ul>\r\n<li><span style=\"font-size: 11pt; font-family: Swiss721BT; color: #373435;\">Made from sturdy. </span></li>\r\n<li><span style=\"font-size: 11pt; font-family: Swiss721BT; color: #373435;\">four way elasticized fabric</span></li>\r\n<li><span style=\"color: #373435; font-family: Swiss721BT; font-size: 11pt;\">Simple and quick wear with easy pull on&nbsp;</span><span style=\"color: #373435; font-family: Swiss721BT; font-size: 11pt;\">application</span></li>\r\n<li><span style=\"color: #373435; font-family: Swiss721BT; font-size: 11pt;\">Breathable and moisture transpor ting</span></li>\r\n</ul>\r\n</div>\r\n</div>\r\n</div>\r\n</div>',NULL,NULL,NULL,NULL,NULL,NULL,282,10),(2178,NULL,NULL,'mo-4011',NULL,NULL,NULL,NULL,NULL,NULL,282,1),(2179,'en','default','Ankle Support',NULL,NULL,NULL,NULL,NULL,NULL,282,2),(2180,NULL,NULL,'ankle-support',NULL,NULL,NULL,NULL,NULL,NULL,282,3),(2181,NULL,'default',NULL,NULL,3,NULL,NULL,NULL,NULL,282,4),(2182,NULL,NULL,NULL,1,NULL,NULL,NULL,NULL,NULL,282,5),(2183,NULL,NULL,NULL,1,NULL,NULL,NULL,NULL,NULL,282,6),(2184,NULL,NULL,NULL,1,NULL,NULL,NULL,NULL,NULL,282,7),(2185,NULL,NULL,NULL,1,NULL,NULL,NULL,NULL,NULL,282,8),(2186,NULL,NULL,NULL,NULL,20,NULL,NULL,NULL,NULL,282,25),(2187,NULL,NULL,NULL,1,NULL,NULL,NULL,NULL,NULL,282,26),(2188,NULL,NULL,NULL,1,NULL,NULL,NULL,NULL,NULL,282,31),(2189,'en','default','Ankle Support',NULL,NULL,NULL,NULL,NULL,NULL,282,16),(2190,'en','default','Ankle Support, ankle brace, ankle socks.',NULL,NULL,NULL,NULL,NULL,NULL,282,17),(2191,'en','default','Sprains, Swelling, Arthritis, Tendonitis, Pain and inflammation',NULL,NULL,NULL,NULL,NULL,NULL,282,18),(2192,NULL,NULL,'mo-4012-variant-4-6',NULL,NULL,NULL,NULL,NULL,NULL,289,1),(2193,'en','default','Ankle Support with Elastic',NULL,NULL,NULL,NULL,NULL,NULL,289,2),(2194,NULL,NULL,NULL,NULL,NULL,390.0000,NULL,NULL,NULL,289,11),(2195,NULL,NULL,'0',NULL,NULL,NULL,NULL,NULL,NULL,289,22),(2196,NULL,NULL,NULL,1,NULL,NULL,NULL,NULL,NULL,289,8),(2197,NULL,NULL,NULL,NULL,4,NULL,NULL,NULL,NULL,289,23),(2198,NULL,NULL,NULL,NULL,6,NULL,NULL,NULL,NULL,289,24),(2199,NULL,NULL,'mo-4012-variant-4-7',NULL,NULL,NULL,NULL,NULL,NULL,290,1),(2200,'en','default','Ankle Support with Elastic',NULL,NULL,NULL,NULL,NULL,NULL,290,2),(2201,NULL,NULL,NULL,NULL,NULL,390.0000,NULL,NULL,NULL,290,11),(2202,NULL,NULL,'0',NULL,NULL,NULL,NULL,NULL,NULL,290,22),(2203,NULL,NULL,NULL,1,NULL,NULL,NULL,NULL,NULL,290,8),(2204,NULL,NULL,NULL,NULL,4,NULL,NULL,NULL,NULL,290,23),(2205,NULL,NULL,NULL,NULL,7,NULL,NULL,NULL,NULL,290,24),(2206,NULL,NULL,'mo-4012-variant-4-8',NULL,NULL,NULL,NULL,NULL,NULL,291,1),(2207,'en','default','Ankle Support with Elastic',NULL,NULL,NULL,NULL,NULL,NULL,291,2),(2208,NULL,NULL,NULL,NULL,NULL,390.0000,NULL,NULL,NULL,291,11),(2209,NULL,NULL,'0',NULL,NULL,NULL,NULL,NULL,NULL,291,22),(2210,NULL,NULL,NULL,1,NULL,NULL,NULL,NULL,NULL,291,8),(2211,NULL,NULL,NULL,NULL,4,NULL,NULL,NULL,NULL,291,23),(2212,NULL,NULL,NULL,NULL,8,NULL,NULL,NULL,NULL,291,24),(2213,NULL,NULL,'mo-4012-variant-4-9',NULL,NULL,NULL,NULL,NULL,NULL,292,1),(2214,'en','default','Ankle Support with Elastic',NULL,NULL,NULL,NULL,NULL,NULL,292,2),(2215,NULL,NULL,NULL,NULL,NULL,449.0000,NULL,NULL,NULL,292,11),(2216,NULL,NULL,'0',NULL,NULL,NULL,NULL,NULL,NULL,292,22),(2217,NULL,NULL,NULL,1,NULL,NULL,NULL,NULL,NULL,292,8),(2218,NULL,NULL,NULL,NULL,4,NULL,NULL,NULL,NULL,292,23),(2219,NULL,NULL,NULL,NULL,9,NULL,NULL,NULL,NULL,292,24),(2220,NULL,NULL,'mo-4012-variant-4-23',NULL,NULL,NULL,NULL,NULL,NULL,293,1),(2221,'en','default','Ankle Support with Elastic',NULL,NULL,NULL,NULL,NULL,NULL,293,2),(2222,NULL,NULL,NULL,NULL,NULL,449.0000,NULL,NULL,NULL,293,11),(2223,NULL,NULL,'0',NULL,NULL,NULL,NULL,NULL,NULL,293,22),(2224,NULL,NULL,NULL,1,NULL,NULL,NULL,NULL,NULL,293,8),(2225,NULL,NULL,NULL,NULL,4,NULL,NULL,NULL,NULL,293,23),(2226,NULL,NULL,NULL,NULL,23,NULL,NULL,NULL,NULL,293,24),(2227,'en','default','<ul>\r\n<li class=\"col-md-3\">\r\n<div class=\"content-wrap\">Flexible</div>\r\n</li>\r\n<li class=\"col-md-3\">\r\n<div class=\"content-wrap\">Duarble</div>\r\n</li>\r\n<li class=\"col-md-3\">\r\n<div class=\"content-wrap\">Elastic</div>\r\n</li>\r\n</ul>',NULL,NULL,NULL,NULL,NULL,NULL,288,9),(2228,'en','default','<div class=\"page\" title=\"Page 33\">\r\n<div class=\"section\">\r\n<div class=\"layoutArea\">\r\n<div class=\"column\">\r\n<ul>\r\n<li><span style=\"font-size: 11pt; font-family: Swiss721BT; color: #373435;\">Made from sturdy, four way elasticized fabric</span></li>\r\n<li><span style=\"color: #373435; font-family: Swiss721BT; font-size: 11pt;\">Comfortable and durable material</span></li>\r\n<li><span style=\"color: #373435; font-family: Swiss721BT; font-size: 11pt;\">Breathable and moisture transporting&nbsp;</span><span style=\"color: #373435; font-family: Swiss721BT; font-size: 11pt;\">weaving</span></li>\r\n<li><span style=\"color: #373435; font-family: Swiss721BT; font-size: 11pt;\">Simple and quick wear with easy pull on&nbsp;</span><span style=\"color: #373435; font-family: Swiss721BT; font-size: 11pt;\">application</span></li>\r\n</ul>\r\n</div>\r\n</div>\r\n</div>\r\n</div>',NULL,NULL,NULL,NULL,NULL,NULL,288,10),(2229,NULL,NULL,'mo-4012',NULL,NULL,NULL,NULL,NULL,NULL,288,1),(2230,'en','default','Ankle Support with Elastic',NULL,NULL,NULL,NULL,NULL,NULL,288,2),(2231,NULL,NULL,'ankle-support-with-elastic',NULL,NULL,NULL,NULL,NULL,NULL,288,3),(2232,NULL,'default',NULL,NULL,3,NULL,NULL,NULL,NULL,288,4),(2233,NULL,NULL,NULL,1,NULL,NULL,NULL,NULL,NULL,288,5),(2234,NULL,NULL,NULL,1,NULL,NULL,NULL,NULL,NULL,288,6),(2235,NULL,NULL,NULL,1,NULL,NULL,NULL,NULL,NULL,288,7),(2236,NULL,NULL,NULL,1,NULL,NULL,NULL,NULL,NULL,288,8),(2237,NULL,NULL,NULL,NULL,20,NULL,NULL,NULL,NULL,288,25),(2238,NULL,NULL,NULL,1,NULL,NULL,NULL,NULL,NULL,288,26),(2239,NULL,NULL,NULL,1,NULL,NULL,NULL,NULL,NULL,288,31),(2240,'en','default','Ankle Support with Elastic',NULL,NULL,NULL,NULL,NULL,NULL,288,16),(2241,'en','default','Ankle Support with Elastic, ankle support, ankle brace',NULL,NULL,NULL,NULL,NULL,NULL,288,17),(2242,'en','default','Sprains, Swelling, Arthritis, Tendonitis, Pain and inflammation',NULL,NULL,NULL,NULL,NULL,NULL,288,18),(2243,NULL,NULL,'mo-4013-variant-22-6',NULL,NULL,NULL,NULL,NULL,NULL,295,1),(2244,'en','default','Open Ankle Support',NULL,NULL,NULL,NULL,NULL,NULL,295,2),(2245,NULL,NULL,NULL,NULL,NULL,330.0000,NULL,NULL,NULL,295,11),(2246,NULL,NULL,'0',NULL,NULL,NULL,NULL,NULL,NULL,295,22),(2247,NULL,NULL,NULL,1,NULL,NULL,NULL,NULL,NULL,295,8),(2248,NULL,NULL,NULL,NULL,22,NULL,NULL,NULL,NULL,295,23),(2249,NULL,NULL,NULL,NULL,6,NULL,NULL,NULL,NULL,295,24),(2250,NULL,NULL,'mo-4013-variant-22-7',NULL,NULL,NULL,NULL,NULL,NULL,296,1),(2251,'en','default','Open Ankle Support',NULL,NULL,NULL,NULL,NULL,NULL,296,2),(2252,NULL,NULL,NULL,NULL,NULL,330.0000,NULL,NULL,NULL,296,11),(2253,NULL,NULL,'0',NULL,NULL,NULL,NULL,NULL,NULL,296,22),(2254,NULL,NULL,NULL,1,NULL,NULL,NULL,NULL,NULL,296,8),(2255,NULL,NULL,NULL,NULL,22,NULL,NULL,NULL,NULL,296,23),(2256,NULL,NULL,NULL,NULL,7,NULL,NULL,NULL,NULL,296,24),(2257,NULL,NULL,'mo-4013-variant-22-8',NULL,NULL,NULL,NULL,NULL,NULL,297,1),(2258,'en','default','Open Ankle Support',NULL,NULL,NULL,NULL,NULL,NULL,297,2),(2259,NULL,NULL,NULL,NULL,NULL,330.0000,NULL,NULL,NULL,297,11),(2260,NULL,NULL,'0',NULL,NULL,NULL,NULL,NULL,NULL,297,22),(2261,NULL,NULL,NULL,1,NULL,NULL,NULL,NULL,NULL,297,8),(2262,NULL,NULL,NULL,NULL,22,NULL,NULL,NULL,NULL,297,23),(2263,NULL,NULL,NULL,NULL,8,NULL,NULL,NULL,NULL,297,24),(2264,NULL,NULL,'mo-4013-variant-22-9',NULL,NULL,NULL,NULL,NULL,NULL,298,1),(2265,'en','default','Open Ankle Support',NULL,NULL,NULL,NULL,NULL,NULL,298,2),(2266,NULL,NULL,NULL,NULL,NULL,379.0000,NULL,NULL,NULL,298,11),(2267,NULL,NULL,'0',NULL,NULL,NULL,NULL,NULL,NULL,298,22),(2268,NULL,NULL,NULL,1,NULL,NULL,NULL,NULL,NULL,298,8),(2269,NULL,NULL,NULL,NULL,22,NULL,NULL,NULL,NULL,298,23),(2270,NULL,NULL,NULL,NULL,9,NULL,NULL,NULL,NULL,298,24),(2271,NULL,NULL,'mo-4013-variant-22-23',NULL,NULL,NULL,NULL,NULL,NULL,299,1),(2272,'en','default','Open Ankle Support',NULL,NULL,NULL,NULL,NULL,NULL,299,2),(2273,NULL,NULL,NULL,NULL,NULL,379.0000,NULL,NULL,NULL,299,11),(2274,NULL,NULL,'0',NULL,NULL,NULL,NULL,NULL,NULL,299,22),(2275,NULL,NULL,NULL,1,NULL,NULL,NULL,NULL,NULL,299,8),(2276,NULL,NULL,NULL,NULL,22,NULL,NULL,NULL,NULL,299,23),(2277,NULL,NULL,NULL,NULL,23,NULL,NULL,NULL,NULL,299,24),(2278,'en','default','<ul>\r\n<li class=\"col-md-3\">\r\n<div class=\"content-wrap\">Flexible</div>\r\n</li>\r\n<li class=\"col-md-3\">\r\n<div class=\"content-wrap\">Duarble</div>\r\n</li>\r\n<li class=\"col-md-3\">\r\n<div class=\"content-wrap\">Elastic</div>\r\n</li>\r\n</ul>',NULL,NULL,NULL,NULL,NULL,NULL,294,9),(2279,'en','default','<div class=\"page\" title=\"Page 34\">\r\n<div class=\"section\">\r\n<div class=\"layoutArea\">\r\n<div class=\"column\">\r\n<ul>\r\n<li><span style=\"font-size: 11pt; font-family: Swiss721BT; color: #373435;\">Breathable and moisture transporting&nbsp;</span><span style=\"color: #373435; font-family: Swiss721BT; font-size: 11pt;\">weaving.</span></li>\r\n<li><span style=\"color: #373435; font-family: Swiss721BT; font-size: 11pt;\">Simple and quick wear with easy pull on&nbsp;</span><span style=\"color: #373435; font-family: Swiss721BT; font-size: 11pt;\">application</span></li>\r\n</ul>\r\n</div>\r\n</div>\r\n</div>\r\n</div>',NULL,NULL,NULL,NULL,NULL,NULL,294,10),(2280,NULL,NULL,'mo-4013',NULL,NULL,NULL,NULL,NULL,NULL,294,1),(2281,'en','default','Open Ankle Support',NULL,NULL,NULL,NULL,NULL,NULL,294,2),(2282,NULL,NULL,'open-ankle-support',NULL,NULL,NULL,NULL,NULL,NULL,294,3),(2283,NULL,'default',NULL,NULL,3,NULL,NULL,NULL,NULL,294,4),(2284,NULL,NULL,NULL,1,NULL,NULL,NULL,NULL,NULL,294,5),(2285,NULL,NULL,NULL,1,NULL,NULL,NULL,NULL,NULL,294,6),(2286,NULL,NULL,NULL,1,NULL,NULL,NULL,NULL,NULL,294,7),(2287,NULL,NULL,NULL,1,NULL,NULL,NULL,NULL,NULL,294,8),(2288,NULL,NULL,NULL,NULL,20,NULL,NULL,NULL,NULL,294,25),(2289,NULL,NULL,NULL,1,NULL,NULL,NULL,NULL,NULL,294,26),(2290,NULL,NULL,NULL,1,NULL,NULL,NULL,NULL,NULL,294,31),(2291,'en','default','Open Ankle Support',NULL,NULL,NULL,NULL,NULL,NULL,294,16),(2292,'en','default','Open Ankle Support, ankle support, ankle brace',NULL,NULL,NULL,NULL,NULL,NULL,294,17),(2293,'en','default','sprains, Swelling, Arthritis, Tendonitis, Pain and inflammation',NULL,NULL,NULL,NULL,NULL,NULL,294,18),(2294,NULL,NULL,'mo-4014-variant-22-6',NULL,NULL,NULL,NULL,NULL,NULL,301,1),(2295,'en','default','Open Ankle Support with Elastic',NULL,NULL,NULL,NULL,NULL,NULL,301,2),(2296,NULL,NULL,NULL,NULL,NULL,394.0000,NULL,NULL,NULL,301,11),(2297,NULL,NULL,'0',NULL,NULL,NULL,NULL,NULL,NULL,301,22),(2298,NULL,NULL,NULL,1,NULL,NULL,NULL,NULL,NULL,301,8),(2299,NULL,NULL,NULL,NULL,22,NULL,NULL,NULL,NULL,301,23),(2300,NULL,NULL,NULL,NULL,6,NULL,NULL,NULL,NULL,301,24),(2301,NULL,NULL,'mo-4014-variant-22-7',NULL,NULL,NULL,NULL,NULL,NULL,302,1),(2302,'en','default','Open Ankle Support with Elastic',NULL,NULL,NULL,NULL,NULL,NULL,302,2),(2303,NULL,NULL,NULL,NULL,NULL,394.0000,NULL,NULL,NULL,302,11),(2304,NULL,NULL,'0',NULL,NULL,NULL,NULL,NULL,NULL,302,22),(2305,NULL,NULL,NULL,1,NULL,NULL,NULL,NULL,NULL,302,8),(2306,NULL,NULL,NULL,NULL,22,NULL,NULL,NULL,NULL,302,23),(2307,NULL,NULL,NULL,NULL,7,NULL,NULL,NULL,NULL,302,24),(2308,NULL,NULL,'mo-4014-variant-22-8',NULL,NULL,NULL,NULL,NULL,NULL,303,1),(2309,'en','default','Open Ankle Support with Elastic',NULL,NULL,NULL,NULL,NULL,NULL,303,2),(2310,NULL,NULL,NULL,NULL,NULL,394.0000,NULL,NULL,NULL,303,11),(2311,NULL,NULL,'0',NULL,NULL,NULL,NULL,NULL,NULL,303,22),(2312,NULL,NULL,NULL,1,NULL,NULL,NULL,NULL,NULL,303,8),(2313,NULL,NULL,NULL,NULL,22,NULL,NULL,NULL,NULL,303,23),(2314,NULL,NULL,NULL,NULL,8,NULL,NULL,NULL,NULL,303,24),(2315,NULL,NULL,'mo-4014-variant-22-9',NULL,NULL,NULL,NULL,NULL,NULL,304,1),(2316,'en','default','Open Ankle Support with Elastic',NULL,NULL,NULL,NULL,NULL,NULL,304,2),(2317,NULL,NULL,NULL,NULL,NULL,453.0000,NULL,NULL,NULL,304,11),(2318,NULL,NULL,'0',NULL,NULL,NULL,NULL,NULL,NULL,304,22),(2319,NULL,NULL,NULL,1,NULL,NULL,NULL,NULL,NULL,304,8),(2320,NULL,NULL,NULL,NULL,22,NULL,NULL,NULL,NULL,304,23),(2321,NULL,NULL,NULL,NULL,9,NULL,NULL,NULL,NULL,304,24),(2322,NULL,NULL,'mo-4014-variant-22-23',NULL,NULL,NULL,NULL,NULL,NULL,305,1),(2323,'en','default','Open Ankle Support with Elastic',NULL,NULL,NULL,NULL,NULL,NULL,305,2),(2324,NULL,NULL,NULL,NULL,NULL,453.0000,NULL,NULL,NULL,305,11),(2325,NULL,NULL,'0',NULL,NULL,NULL,NULL,NULL,NULL,305,22),(2326,NULL,NULL,NULL,1,NULL,NULL,NULL,NULL,NULL,305,8),(2327,NULL,NULL,NULL,NULL,22,NULL,NULL,NULL,NULL,305,23),(2328,NULL,NULL,NULL,NULL,23,NULL,NULL,NULL,NULL,305,24),(2329,'en','default','<ul>\r\n<li class=\"col-md-3\">\r\n<div class=\"content-wrap\">Flexible</div>\r\n</li>\r\n<li class=\"col-md-3\">\r\n<div class=\"content-wrap\">Duarble</div>\r\n</li>\r\n<li class=\"col-md-3\">\r\n<div class=\"content-wrap\">Elastic</div>\r\n</li>\r\n</ul>',NULL,NULL,NULL,NULL,NULL,NULL,300,9),(2330,'en','default','<div class=\"page\" title=\"Page 34\">\r\n<div class=\"section\">\r\n<div class=\"layoutArea\">\r\n<div class=\"column\">\r\n<ul>\r\n<li><span style=\"font-size: 11pt; font-family: Swiss721BT; color: #373435;\">Made from sturdy,four way elasticized fabric</span></li>\r\n<li><span style=\"color: #373435; font-family: Swiss721BT; font-size: 11pt;\">Simple and quick wear with easy pull on&nbsp;</span><span style=\"color: #373435; font-family: Swiss721BT; font-size: 11pt;\">application</span></li>\r\n<li><span style=\"color: #373435; font-family: Swiss721BT; font-size: 11pt;\">Breathable and moisture transpor ting</span></li>\r\n</ul>\r\n</div>\r\n</div>\r\n</div>\r\n</div>',NULL,NULL,NULL,NULL,NULL,NULL,300,10),(2331,NULL,NULL,'mo-4014',NULL,NULL,NULL,NULL,NULL,NULL,300,1),(2332,'en','default','Open Ankle Support with Elastic',NULL,NULL,NULL,NULL,NULL,NULL,300,2),(2333,NULL,NULL,'open-ankle-support-with-elastic',NULL,NULL,NULL,NULL,NULL,NULL,300,3),(2334,NULL,'default',NULL,NULL,3,NULL,NULL,NULL,NULL,300,4),(2335,NULL,NULL,NULL,1,NULL,NULL,NULL,NULL,NULL,300,5),(2336,NULL,NULL,NULL,1,NULL,NULL,NULL,NULL,NULL,300,6),(2337,NULL,NULL,NULL,1,NULL,NULL,NULL,NULL,NULL,300,7),(2338,NULL,NULL,NULL,1,NULL,NULL,NULL,NULL,NULL,300,8),(2339,NULL,NULL,NULL,NULL,20,NULL,NULL,NULL,NULL,300,25),(2340,NULL,NULL,NULL,1,NULL,NULL,NULL,NULL,NULL,300,26),(2341,NULL,NULL,NULL,1,NULL,NULL,NULL,NULL,NULL,300,31),(2342,'en','default','Open Ankle Support with Elastic',NULL,NULL,NULL,NULL,NULL,NULL,300,16),(2343,'en','default','Open Ankle Support with Elastic',NULL,NULL,NULL,NULL,NULL,NULL,300,17),(2344,'en','default','\r\nSprains, Swelling, Arthritis, Tendonitis, Pain and inflammation',NULL,NULL,NULL,NULL,NULL,NULL,300,18),(2345,NULL,NULL,'mo-4015-variant-4-6',NULL,NULL,NULL,NULL,NULL,NULL,307,1),(2346,'en','default','Ankle Brace',NULL,NULL,NULL,NULL,NULL,NULL,307,2),(2347,NULL,NULL,NULL,NULL,NULL,700.0000,NULL,NULL,NULL,307,11),(2348,NULL,NULL,'0',NULL,NULL,NULL,NULL,NULL,NULL,307,22),(2349,NULL,NULL,NULL,1,NULL,NULL,NULL,NULL,NULL,307,8),(2350,NULL,NULL,NULL,NULL,4,NULL,NULL,NULL,NULL,307,23),(2351,NULL,NULL,NULL,NULL,6,NULL,NULL,NULL,NULL,307,24),(2352,NULL,NULL,'mo-4015-variant-4-7',NULL,NULL,NULL,NULL,NULL,NULL,308,1),(2353,'en','default','Ankle Brace',NULL,NULL,NULL,NULL,NULL,NULL,308,2),(2354,NULL,NULL,NULL,NULL,NULL,700.0000,NULL,NULL,NULL,308,11),(2355,NULL,NULL,'0',NULL,NULL,NULL,NULL,NULL,NULL,308,22),(2356,NULL,NULL,NULL,1,NULL,NULL,NULL,NULL,NULL,308,8),(2357,NULL,NULL,NULL,NULL,4,NULL,NULL,NULL,NULL,308,23),(2358,NULL,NULL,NULL,NULL,7,NULL,NULL,NULL,NULL,308,24),(2359,NULL,NULL,'mo-4015-variant-4-8',NULL,NULL,NULL,NULL,NULL,NULL,309,1),(2360,'en','default','Ankle Brace',NULL,NULL,NULL,NULL,NULL,NULL,309,2),(2361,NULL,NULL,NULL,NULL,NULL,770.0000,NULL,NULL,NULL,309,11),(2362,NULL,NULL,'0',NULL,NULL,NULL,NULL,NULL,NULL,309,22),(2363,NULL,NULL,NULL,1,NULL,NULL,NULL,NULL,NULL,309,8),(2364,NULL,NULL,NULL,NULL,4,NULL,NULL,NULL,NULL,309,23),(2365,NULL,NULL,NULL,NULL,8,NULL,NULL,NULL,NULL,309,24),(2366,NULL,NULL,'mo-4015-variant-4-9',NULL,NULL,NULL,NULL,NULL,NULL,310,1),(2367,'en','default','Ankle Brace',NULL,NULL,NULL,NULL,NULL,NULL,310,2),(2368,NULL,NULL,NULL,NULL,NULL,770.0000,NULL,NULL,NULL,310,11),(2369,NULL,NULL,'0',NULL,NULL,NULL,NULL,NULL,NULL,310,22),(2370,NULL,NULL,NULL,1,NULL,NULL,NULL,NULL,NULL,310,8),(2371,NULL,NULL,NULL,NULL,4,NULL,NULL,NULL,NULL,310,23),(2372,NULL,NULL,NULL,NULL,9,NULL,NULL,NULL,NULL,310,24),(2373,'en','default','<ul>\r\n<li class=\"col-md-3\">\r\n<div class=\"content-wrap\">Comfortable</div>\r\n</li>\r\n<li class=\"col-md-3\">\r\n<div class=\"content-wrap\">Easy to wear</div>\r\n</li>\r\n</ul>',NULL,NULL,NULL,NULL,NULL,NULL,306,9),(2374,'en','default','<div class=\"page\" title=\"Page 35\">\r\n<div class=\"section\">\r\n<div class=\"layoutArea\">\r\n<div class=\"column\">\r\n<ul>\r\n<li><span style=\"font-size: 11pt; font-family: Swiss721BT; color: #373435;\">Triple stabilization concept. &nbsp;</span></li>\r\n<li><span style=\"font-size: 11pt; font-family: Swiss721BT; color: #373435;\">It provides extra protection to lateral ligament.</span></li>\r\n<li><span style=\"color: #373435; font-family: Swiss721BT; font-size: 11pt;\">Made of PU lined Polyester matte fabric which provides durability, appealing aesthetics, high cushioning coefficient and better comfort.</span></li>\r\n</ul>\r\n</div>\r\n</div>\r\n</div>\r\n</div>',NULL,NULL,NULL,NULL,NULL,NULL,306,10),(2375,NULL,NULL,'mo-4015',NULL,NULL,NULL,NULL,NULL,NULL,306,1),(2376,'en','default','Ankle Brace',NULL,NULL,NULL,NULL,NULL,NULL,306,2),(2377,NULL,NULL,'ankle-brace',NULL,NULL,NULL,NULL,NULL,NULL,306,3),(2378,NULL,'default',NULL,NULL,3,NULL,NULL,NULL,NULL,306,4),(2379,NULL,NULL,NULL,1,NULL,NULL,NULL,NULL,NULL,306,5),(2380,NULL,NULL,NULL,1,NULL,NULL,NULL,NULL,NULL,306,6),(2381,NULL,NULL,NULL,1,NULL,NULL,NULL,NULL,NULL,306,7),(2382,NULL,NULL,NULL,1,NULL,NULL,NULL,NULL,NULL,306,8),(2383,NULL,NULL,NULL,NULL,20,NULL,NULL,NULL,NULL,306,25),(2384,NULL,NULL,NULL,1,NULL,NULL,NULL,NULL,NULL,306,26),(2385,NULL,NULL,NULL,1,NULL,NULL,NULL,NULL,NULL,306,31),(2386,'en','default','Ankle Brace',NULL,NULL,NULL,NULL,NULL,NULL,306,16),(2387,'en','default','Ankle Brace, ankle support',NULL,NULL,NULL,NULL,NULL,NULL,306,17),(2388,'en','default','ankle trauma with small fractures or without fracture, immobilization of the joint, post operative synovitis, sprains or inflammations of the joint, weak muscles in the ankle, among others.',NULL,NULL,NULL,NULL,NULL,NULL,306,18),(2389,NULL,NULL,'mo-4016-variant-4-6',NULL,NULL,NULL,NULL,NULL,NULL,312,1),(2390,'en','default','Lag Traction Brace',NULL,NULL,NULL,NULL,NULL,NULL,312,2),(2391,NULL,NULL,NULL,NULL,NULL,399.0000,NULL,NULL,NULL,312,11),(2392,NULL,NULL,'0',NULL,NULL,NULL,NULL,NULL,NULL,312,22),(2393,NULL,NULL,NULL,1,NULL,NULL,NULL,NULL,NULL,312,8),(2394,NULL,NULL,NULL,NULL,4,NULL,NULL,NULL,NULL,312,23),(2395,NULL,NULL,NULL,NULL,6,NULL,NULL,NULL,NULL,312,24),(2396,NULL,NULL,'mo-4016-variant-4-7',NULL,NULL,NULL,NULL,NULL,NULL,313,1),(2397,'en','default','Lag Traction Brace',NULL,NULL,NULL,NULL,NULL,NULL,313,2),(2398,NULL,NULL,NULL,NULL,NULL,399.0000,NULL,NULL,NULL,313,11),(2399,NULL,NULL,'0',NULL,NULL,NULL,NULL,NULL,NULL,313,22),(2400,NULL,NULL,NULL,1,NULL,NULL,NULL,NULL,NULL,313,8),(2401,NULL,NULL,NULL,NULL,4,NULL,NULL,NULL,NULL,313,23),(2402,NULL,NULL,NULL,NULL,7,NULL,NULL,NULL,NULL,313,24),(2403,NULL,NULL,'mo-4016-variant-4-8',NULL,NULL,NULL,NULL,NULL,NULL,314,1),(2404,'en','default','Lag Traction Brace',NULL,NULL,NULL,NULL,NULL,NULL,314,2),(2405,NULL,NULL,NULL,NULL,NULL,399.0000,NULL,NULL,NULL,314,11),(2406,NULL,NULL,'0',NULL,NULL,NULL,NULL,NULL,NULL,314,22),(2407,NULL,NULL,NULL,1,NULL,NULL,NULL,NULL,NULL,314,8),(2408,NULL,NULL,NULL,NULL,4,NULL,NULL,NULL,NULL,314,23),(2409,NULL,NULL,NULL,NULL,8,NULL,NULL,NULL,NULL,314,24),(2410,'en','default','<ul>\r\n<li class=\"col-md-3\">\r\n<div class=\"content-wrap\">Comfortable</div>\r\n</li>\r\n<li class=\"col-md-3\">\r\n<div class=\"content-wrap\">Easy to wear</div>\r\n</li>\r\n</ul>',NULL,NULL,NULL,NULL,NULL,NULL,311,9),(2411,'en','default','<div class=\"page\" title=\"Page 36\">\r\n<div class=\"section\">\r\n<div class=\"layoutArea\">\r\n<div class=\"column\">\r\n<p>&nbsp;</p>\r\n<ul>\r\n<li><span style=\"font-size: 11pt; font-family: Swiss721BT; color: #373435;\">Multiple hook loop closures ensure controlled compression, easy application and removal and no loosening of the brace.</span></li>\r\n<li><span style=\"color: #373435; font-family: Swiss721BT; font-size: 11pt;\">Large skin contact area ensures no vaso- constriction, eliminates need of an adhesive, ensures no skin peeling, compatible to weak or geriatric skins.</span></li>\r\n</ul>\r\n<p><span style=\"font-size: 11pt; font-family: Swiss721BT; color: #373435;\"></span></p>\r\n</div>\r\n</div>\r\n</div>\r\n</div>',NULL,NULL,NULL,NULL,NULL,NULL,311,10),(2412,NULL,NULL,'mo-4016',NULL,NULL,NULL,NULL,NULL,NULL,311,1),(2413,'en','default','Lag Traction Brace',NULL,NULL,NULL,NULL,NULL,NULL,311,2),(2414,NULL,NULL,'lag-traction-brace',NULL,NULL,NULL,NULL,NULL,NULL,311,3),(2415,NULL,'default',NULL,NULL,3,NULL,NULL,NULL,NULL,311,4),(2416,NULL,NULL,NULL,1,NULL,NULL,NULL,NULL,NULL,311,5),(2417,NULL,NULL,NULL,1,NULL,NULL,NULL,NULL,NULL,311,6),(2418,NULL,NULL,NULL,1,NULL,NULL,NULL,NULL,NULL,311,7),(2419,NULL,NULL,NULL,1,NULL,NULL,NULL,NULL,NULL,311,8),(2420,NULL,NULL,NULL,NULL,20,NULL,NULL,NULL,NULL,311,25),(2421,NULL,NULL,NULL,1,NULL,NULL,NULL,NULL,NULL,311,26),(2422,NULL,NULL,NULL,1,NULL,NULL,NULL,NULL,NULL,311,31),(2423,'en','default','Lag Traction Brace',NULL,NULL,NULL,NULL,NULL,NULL,311,16),(2424,'en','default','Lag Traction Brace, traction belt',NULL,NULL,NULL,NULL,NULL,NULL,311,17),(2425,'en','default','Stabilize and realign bone fractures, such as a broken arm or leg, Help reduce the pain of a fracture before surgery, Treat bone deformities caused by certain conditions, such as scoliosis, Correct stiff and constricted muscles, joints, tendons, or skin.',NULL,NULL,NULL,NULL,NULL,NULL,311,18),(2426,NULL,NULL,'mo-5001-variant-22-6',NULL,NULL,NULL,NULL,NULL,NULL,316,1),(2427,'en','default','Wrist Binder',NULL,NULL,NULL,NULL,NULL,NULL,316,2),(2428,NULL,NULL,NULL,NULL,NULL,170.0000,NULL,NULL,NULL,316,11),(2429,NULL,NULL,'0',NULL,NULL,NULL,NULL,NULL,NULL,316,22),(2430,NULL,NULL,NULL,1,NULL,NULL,NULL,NULL,NULL,316,8),(2431,NULL,NULL,NULL,NULL,22,NULL,NULL,NULL,NULL,316,23),(2432,NULL,NULL,NULL,NULL,6,NULL,NULL,NULL,NULL,316,24),(2433,NULL,NULL,'mo-5001-variant-22-7',NULL,NULL,NULL,NULL,NULL,NULL,317,1),(2434,'en','default','Wrist Binder',NULL,NULL,NULL,NULL,NULL,NULL,317,2),(2435,NULL,NULL,NULL,NULL,NULL,170.0000,NULL,NULL,NULL,317,11),(2436,NULL,NULL,'0',NULL,NULL,NULL,NULL,NULL,NULL,317,22),(2437,NULL,NULL,NULL,1,NULL,NULL,NULL,NULL,NULL,317,8),(2438,NULL,NULL,NULL,NULL,22,NULL,NULL,NULL,NULL,317,23),(2439,NULL,NULL,NULL,NULL,7,NULL,NULL,NULL,NULL,317,24),(2440,NULL,NULL,'mo-5001-variant-22-8',NULL,NULL,NULL,NULL,NULL,NULL,318,1),(2441,'en','default','Wrist Binder',NULL,NULL,NULL,NULL,NULL,NULL,318,2),(2442,NULL,NULL,NULL,NULL,NULL,170.0000,NULL,NULL,NULL,318,11),(2443,NULL,NULL,'0',NULL,NULL,NULL,NULL,NULL,NULL,318,22),(2444,NULL,NULL,NULL,1,NULL,NULL,NULL,NULL,NULL,318,8),(2445,NULL,NULL,NULL,NULL,22,NULL,NULL,NULL,NULL,318,23),(2446,NULL,NULL,NULL,NULL,8,NULL,NULL,NULL,NULL,318,24),(2447,NULL,NULL,'mo-5001-variant-22-9',NULL,NULL,NULL,NULL,NULL,NULL,319,1),(2448,'en','default','Wrist Binder',NULL,NULL,NULL,NULL,NULL,NULL,319,2),(2449,NULL,NULL,NULL,NULL,NULL,170.0000,NULL,NULL,NULL,319,11),(2450,NULL,NULL,'0',NULL,NULL,NULL,NULL,NULL,NULL,319,22),(2451,NULL,NULL,NULL,1,NULL,NULL,NULL,NULL,NULL,319,8),(2452,NULL,NULL,NULL,NULL,22,NULL,NULL,NULL,NULL,319,23),(2453,NULL,NULL,NULL,NULL,9,NULL,NULL,NULL,NULL,319,24),(2454,'en','default','<ul>\r\n<li class=\"col-md-3\">\r\n<div class=\"content-wrap\">Comfortable</div>\r\n</li>\r\n<li class=\"col-md-3\">\r\n<div class=\"content-wrap\">Easy to wear</div>\r\n</li>\r\n</ul>',NULL,NULL,NULL,NULL,NULL,NULL,315,9),(2455,'en','default','<div class=\"page\" title=\"Page 37\">\r\n<div class=\"section\">\r\n<div class=\"layoutArea\">\r\n<div class=\"column\">\r\n<ul>\r\n<li><span style=\"font-size: 11pt; font-family: Swiss721BT; color: #373435;\">Adjustable fasteners for customized fit.</span></li>\r\n<li><span style=\"font-size: 11pt; font-family: Swiss721BT; color: #373435;\">Allows free movement of the hand.</span></li>\r\n<li><span style=\"font-size: 11pt; font-family: Swiss721BT; color: #373435;\">Breathable and moisture transporting&nbsp;</span><span style=\"color: #373435; font-family: Swiss721BT; font-size: 11pt;\">weaving.</span></li>\r\n</ul>\r\n</div>\r\n</div>\r\n</div>\r\n</div>',NULL,NULL,NULL,NULL,NULL,NULL,315,10),(2456,NULL,NULL,'mo-5001',NULL,NULL,NULL,NULL,NULL,NULL,315,1),(2457,'en','default','Wrist Binder',NULL,NULL,NULL,NULL,NULL,NULL,315,2),(2458,NULL,NULL,'wrist-binder',NULL,NULL,NULL,NULL,NULL,NULL,315,3),(2459,NULL,'default',NULL,NULL,3,NULL,NULL,NULL,NULL,315,4),(2460,NULL,NULL,NULL,1,NULL,NULL,NULL,NULL,NULL,315,5),(2461,NULL,NULL,NULL,1,NULL,NULL,NULL,NULL,NULL,315,6),(2462,NULL,NULL,NULL,1,NULL,NULL,NULL,NULL,NULL,315,7),(2463,NULL,NULL,NULL,1,NULL,NULL,NULL,NULL,NULL,315,8),(2464,NULL,NULL,NULL,NULL,20,NULL,NULL,NULL,NULL,315,25),(2465,NULL,NULL,NULL,1,NULL,NULL,NULL,NULL,NULL,315,26),(2466,NULL,NULL,NULL,1,NULL,NULL,NULL,NULL,NULL,315,31),(2467,'en','default','Wrist Binder',NULL,NULL,NULL,NULL,NULL,NULL,315,16),(2468,'en','default','Wrist Binder',NULL,NULL,NULL,NULL,NULL,NULL,315,17),(2469,'en','default','Sprains and Strains, Mild Osteoarthritis, Swelling, Prevention of sports injury',NULL,NULL,NULL,NULL,NULL,NULL,315,18),(2470,NULL,NULL,'mo-5002-variant-22-24',NULL,NULL,NULL,NULL,NULL,NULL,321,1),(2471,'en','default','Thumb Wrist Binder',NULL,NULL,NULL,NULL,NULL,NULL,321,2),(2472,NULL,NULL,NULL,NULL,NULL,199.0000,NULL,NULL,NULL,321,11),(2473,NULL,NULL,'0',NULL,NULL,NULL,NULL,NULL,NULL,321,22),(2474,NULL,NULL,NULL,1,NULL,NULL,NULL,NULL,NULL,321,8),(2475,NULL,NULL,NULL,NULL,22,NULL,NULL,NULL,NULL,321,23),(2476,NULL,NULL,NULL,NULL,24,NULL,NULL,NULL,NULL,321,24),(2477,'en','default','<ul>\r\n<li class=\"col-md-3\">\r\n<div class=\"content-wrap\">Flexible</div>\r\n</li>\r\n<li class=\"col-md-3\">\r\n<div class=\"content-wrap\">Comfortable</div>\r\n</li>\r\n</ul>',NULL,NULL,NULL,NULL,NULL,NULL,320,9),(2478,'en','default','<div class=\"page\" title=\"Page 38\">\r\n<div class=\"section\">\r\n<div class=\"layoutArea\">\r\n<div class=\"column\">\r\n<ul>\r\n<li><span style=\"font-size: 11pt; font-family: Swiss721BT; color: #373435;\">Adjustable fasteners for customized fit.</span></li>\r\n<li><span style=\"font-size: 11pt; font-family: Swiss721BT; color: #373435;\">Allows free movement of the hand.</span></li>\r\n<li><span style=\"font-size: 11pt; font-family: Swiss721BT; color: #373435;\">Moisture transporting&nbsp;</span><span style=\"color: #373435; font-family: Swiss721BT; font-size: 11pt;\">weaving.</span></li>\r\n</ul>\r\n</div>\r\n</div>\r\n</div>\r\n</div>',NULL,NULL,NULL,NULL,NULL,NULL,320,10),(2479,NULL,NULL,'mo-5002',NULL,NULL,NULL,NULL,NULL,NULL,320,1),(2480,'en','default','Thumb Wrist Binder',NULL,NULL,NULL,NULL,NULL,NULL,320,2),(2481,NULL,NULL,'thumb-wrist-binder',NULL,NULL,NULL,NULL,NULL,NULL,320,3),(2482,NULL,'default',NULL,NULL,3,NULL,NULL,NULL,NULL,320,4),(2483,NULL,NULL,NULL,1,NULL,NULL,NULL,NULL,NULL,320,5),(2484,NULL,NULL,NULL,1,NULL,NULL,NULL,NULL,NULL,320,6),(2485,NULL,NULL,NULL,1,NULL,NULL,NULL,NULL,NULL,320,7),(2486,NULL,NULL,NULL,1,NULL,NULL,NULL,NULL,NULL,320,8),(2487,NULL,NULL,NULL,NULL,20,NULL,NULL,NULL,NULL,320,25),(2488,NULL,NULL,NULL,1,NULL,NULL,NULL,NULL,NULL,320,26),(2489,NULL,NULL,NULL,1,NULL,NULL,NULL,NULL,NULL,320,31),(2490,'en','default','Thumb Wrist Binder',NULL,NULL,NULL,NULL,NULL,NULL,320,16),(2491,'en','default','Thumb Wrist Binder, thumb support belt, thumb support',NULL,NULL,NULL,NULL,NULL,NULL,320,17),(2492,'en','default','Sprains and Strains, Mild Osteoarthritis, Swelling, Prevention of sports injury',NULL,NULL,NULL,NULL,NULL,NULL,320,18),(2493,NULL,NULL,'mo-5003-variant-22-6',NULL,NULL,NULL,NULL,NULL,NULL,323,1),(2494,'en','default','Tennis Elbow Strap',NULL,NULL,NULL,NULL,NULL,NULL,323,2),(2495,NULL,NULL,NULL,NULL,NULL,239.0000,NULL,NULL,NULL,323,11),(2496,NULL,NULL,'0',NULL,NULL,NULL,NULL,NULL,NULL,323,22),(2497,NULL,NULL,NULL,1,NULL,NULL,NULL,NULL,NULL,323,8),(2498,NULL,NULL,NULL,NULL,22,NULL,NULL,NULL,NULL,323,23),(2499,NULL,NULL,NULL,NULL,6,NULL,NULL,NULL,NULL,323,24),(2500,NULL,NULL,'mo-5003-variant-22-7',NULL,NULL,NULL,NULL,NULL,NULL,324,1),(2501,'en','default','Tennis Elbow Strap',NULL,NULL,NULL,NULL,NULL,NULL,324,2),(2502,NULL,NULL,NULL,NULL,NULL,239.0000,NULL,NULL,NULL,324,11),(2503,NULL,NULL,'0',NULL,NULL,NULL,NULL,NULL,NULL,324,22),(2504,NULL,NULL,NULL,1,NULL,NULL,NULL,NULL,NULL,324,8),(2505,NULL,NULL,NULL,NULL,22,NULL,NULL,NULL,NULL,324,23),(2506,NULL,NULL,NULL,NULL,7,NULL,NULL,NULL,NULL,324,24),(2507,NULL,NULL,'mo-5003-variant-22-8',NULL,NULL,NULL,NULL,NULL,NULL,325,1),(2508,'en','default','Tennis Elbow Strap',NULL,NULL,NULL,NULL,NULL,NULL,325,2),(2509,NULL,NULL,NULL,NULL,NULL,239.0000,NULL,NULL,NULL,325,11),(2510,NULL,NULL,'0',NULL,NULL,NULL,NULL,NULL,NULL,325,22),(2511,NULL,NULL,NULL,1,NULL,NULL,NULL,NULL,NULL,325,8),(2512,NULL,NULL,NULL,NULL,22,NULL,NULL,NULL,NULL,325,23),(2513,NULL,NULL,NULL,NULL,8,NULL,NULL,NULL,NULL,325,24),(2514,NULL,NULL,'mo-5003-variant-22-9',NULL,NULL,NULL,NULL,NULL,NULL,326,1),(2515,'en','default','Tennis Elbow Strap',NULL,NULL,NULL,NULL,NULL,NULL,326,2),(2516,NULL,NULL,NULL,NULL,NULL,239.0000,NULL,NULL,NULL,326,11),(2517,NULL,NULL,'0',NULL,NULL,NULL,NULL,NULL,NULL,326,22),(2518,NULL,NULL,NULL,1,NULL,NULL,NULL,NULL,NULL,326,8),(2519,NULL,NULL,NULL,NULL,22,NULL,NULL,NULL,NULL,326,23),(2520,NULL,NULL,NULL,NULL,9,NULL,NULL,NULL,NULL,326,24),(2521,'en','default','<ul>\r\n<li class=\"col-md-3\">\r\n<div class=\"content-wrap\">Adjustable</div>\r\n</li>\r\n<li class=\"col-md-3\">\r\n<div class=\"content-wrap\">Durable</div>\r\n</li>\r\n</ul>',NULL,NULL,NULL,NULL,NULL,NULL,322,9),(2522,'en','default','<div class=\"page\" title=\"Page 39\">\r\n<div class=\"section\">\r\n<div class=\"layoutArea\">\r\n<div class=\"column\">\r\n<ul>\r\n<li><span style=\"font-size: 11pt; font-family: Swiss721BT; color: #373435;\">&nbsp;Reverse buckle for customized grip and&nbsp;</span><span style=\"color: #373435; font-family: Swiss721BT; font-size: 11pt;\">compression.</span></li>\r\n<li><span style=\"color: #373435; font-family: Swiss721BT; font-size: 11pt;\">Breathable and moisture transporting&nbsp;</span><span style=\"color: #373435; font-family: Swiss721BT; font-size: 11pt;\">weaving.</span></li>\r\n</ul>\r\n</div>\r\n</div>\r\n</div>\r\n</div>',NULL,NULL,NULL,NULL,NULL,NULL,322,10),(2523,NULL,NULL,'mo-5003',NULL,NULL,NULL,NULL,NULL,NULL,322,1),(2524,'en','default','Tennis Elbow Strap',NULL,NULL,NULL,NULL,NULL,NULL,322,2),(2525,NULL,NULL,'tennis-elbow-strap',NULL,NULL,NULL,NULL,NULL,NULL,322,3),(2526,NULL,'default',NULL,NULL,3,NULL,NULL,NULL,NULL,322,4),(2527,NULL,NULL,NULL,1,NULL,NULL,NULL,NULL,NULL,322,5),(2528,NULL,NULL,NULL,1,NULL,NULL,NULL,NULL,NULL,322,6),(2529,NULL,NULL,NULL,1,NULL,NULL,NULL,NULL,NULL,322,7),(2530,NULL,NULL,NULL,1,NULL,NULL,NULL,NULL,NULL,322,8),(2531,NULL,NULL,NULL,NULL,20,NULL,NULL,NULL,NULL,322,25),(2532,NULL,NULL,NULL,1,NULL,NULL,NULL,NULL,NULL,322,26),(2533,NULL,NULL,NULL,1,NULL,NULL,NULL,NULL,NULL,322,31),(2534,'en','default','Tennis Elbow Strap',NULL,NULL,NULL,NULL,NULL,NULL,322,16),(2535,'en','default','Tennis Elbow Strap, tennis belt, elbow support',NULL,NULL,NULL,NULL,NULL,NULL,322,17),(2536,'en','default','Tennis/golf elbow, Tendonitis, Swelling',NULL,NULL,NULL,NULL,NULL,NULL,322,18),(2537,NULL,NULL,'mo-5004-variant-22-6',NULL,NULL,NULL,NULL,NULL,NULL,328,1),(2538,'en','default','Elbow Support',NULL,NULL,NULL,NULL,NULL,NULL,328,2),(2539,NULL,NULL,NULL,NULL,NULL,225.0000,NULL,NULL,NULL,328,11),(2540,NULL,NULL,'0',NULL,NULL,NULL,NULL,NULL,NULL,328,22),(2541,NULL,NULL,NULL,1,NULL,NULL,NULL,NULL,NULL,328,8),(2542,NULL,NULL,NULL,NULL,22,NULL,NULL,NULL,NULL,328,23),(2543,NULL,NULL,NULL,NULL,6,NULL,NULL,NULL,NULL,328,24),(2544,NULL,NULL,'mo-5004-variant-22-7',NULL,NULL,NULL,NULL,NULL,NULL,329,1),(2545,'en','default','Elbow Support',NULL,NULL,NULL,NULL,NULL,NULL,329,2),(2546,NULL,NULL,NULL,NULL,NULL,225.0000,NULL,NULL,NULL,329,11),(2547,NULL,NULL,'0',NULL,NULL,NULL,NULL,NULL,NULL,329,22),(2548,NULL,NULL,NULL,1,NULL,NULL,NULL,NULL,NULL,329,8),(2549,NULL,NULL,NULL,NULL,22,NULL,NULL,NULL,NULL,329,23),(2550,NULL,NULL,NULL,NULL,7,NULL,NULL,NULL,NULL,329,24),(2551,NULL,NULL,'mo-5004-variant-22-8',NULL,NULL,NULL,NULL,NULL,NULL,330,1),(2552,'en','default','Elbow Support',NULL,NULL,NULL,NULL,NULL,NULL,330,2),(2553,NULL,NULL,NULL,NULL,NULL,225.0000,NULL,NULL,NULL,330,11),(2554,NULL,NULL,'0',NULL,NULL,NULL,NULL,NULL,NULL,330,22),(2555,NULL,NULL,NULL,1,NULL,NULL,NULL,NULL,NULL,330,8),(2556,NULL,NULL,NULL,NULL,22,NULL,NULL,NULL,NULL,330,23),(2557,NULL,NULL,NULL,NULL,8,NULL,NULL,NULL,NULL,330,24),(2558,NULL,NULL,'mo-5004-variant-22-9',NULL,NULL,NULL,NULL,NULL,NULL,331,1),(2559,'en','default','Elbow Support',NULL,NULL,NULL,NULL,NULL,NULL,331,2),(2560,NULL,NULL,NULL,NULL,NULL,250.0000,NULL,NULL,NULL,331,11),(2561,NULL,NULL,'0',NULL,NULL,NULL,NULL,NULL,NULL,331,22),(2562,NULL,NULL,NULL,1,NULL,NULL,NULL,NULL,NULL,331,8),(2563,NULL,NULL,NULL,NULL,22,NULL,NULL,NULL,NULL,331,23),(2564,NULL,NULL,NULL,NULL,9,NULL,NULL,NULL,NULL,331,24),(2565,NULL,NULL,'mo-5004-variant-22-23',NULL,NULL,NULL,NULL,NULL,NULL,332,1),(2566,'en','default','Elbow Support',NULL,NULL,NULL,NULL,NULL,NULL,332,2),(2567,NULL,NULL,NULL,NULL,NULL,250.0000,NULL,NULL,NULL,332,11),(2568,NULL,NULL,'0',NULL,NULL,NULL,NULL,NULL,NULL,332,22),(2569,NULL,NULL,NULL,1,NULL,NULL,NULL,NULL,NULL,332,8),(2570,NULL,NULL,NULL,NULL,22,NULL,NULL,NULL,NULL,332,23),(2571,NULL,NULL,NULL,NULL,23,NULL,NULL,NULL,NULL,332,24),(2572,'en','default','<ul>\r\n<li class=\"col-md-3\">\r\n<div class=\"content-wrap\">Comfortable</div>\r\n</li>\r\n<li class=\"col-md-3\">\r\n<div class=\"content-wrap\">Duarble</div>\r\n</li>\r\n<li class=\"col-md-3\">\r\n<div class=\"content-wrap\">Elastic</div>\r\n</li>\r\n</ul>',NULL,NULL,NULL,NULL,NULL,NULL,327,9),(2573,'en','default','<div class=\"page\" title=\"Page 40\">\r\n<div class=\"section\">\r\n<div class=\"layoutArea\">\r\n<div class=\"column\">\r\n<ul>\r\n<li><span style=\"font-size: 11pt; font-family: Swiss721BT; color: #373435;\">Made from sturdy, tapered, four way elasticized fabric.</span></li>\r\n<li><span style=\"color: #373435; font-family: Swiss721BT; font-size: 11pt;\">Breathable and moisture transporting&nbsp;</span><span style=\"color: #373435; font-family: Swiss721BT; font-size: 11pt;\">weaving.</span></li>\r\n<li><span style=\"color: #373435; font-family: Swiss721BT; font-size: 11pt;\">Simple and quick wear with easy pull-on&nbsp;</span><span style=\"color: #373435; font-family: Swiss721BT; font-size: 11pt;\">application.</span></li>\r\n</ul>\r\n</div>\r\n</div>\r\n</div>\r\n</div>',NULL,NULL,NULL,NULL,NULL,NULL,327,10),(2574,NULL,NULL,'mo-5004',NULL,NULL,NULL,NULL,NULL,NULL,327,1),(2575,'en','default','Elbow Support',NULL,NULL,NULL,NULL,NULL,NULL,327,2),(2576,NULL,NULL,'elbow-support',NULL,NULL,NULL,NULL,NULL,NULL,327,3),(2577,NULL,'default',NULL,NULL,3,NULL,NULL,NULL,NULL,327,4),(2578,NULL,NULL,NULL,1,NULL,NULL,NULL,NULL,NULL,327,5),(2579,NULL,NULL,NULL,1,NULL,NULL,NULL,NULL,NULL,327,6),(2580,NULL,NULL,NULL,1,NULL,NULL,NULL,NULL,NULL,327,7),(2581,NULL,NULL,NULL,1,NULL,NULL,NULL,NULL,NULL,327,8),(2582,NULL,NULL,NULL,NULL,20,NULL,NULL,NULL,NULL,327,25),(2583,NULL,NULL,NULL,1,NULL,NULL,NULL,NULL,NULL,327,26),(2584,NULL,NULL,NULL,1,NULL,NULL,NULL,NULL,NULL,327,31),(2585,'en','default','Elbow Support',NULL,NULL,NULL,NULL,NULL,NULL,327,16),(2586,'en','default','Elbow Support, elbow brace',NULL,NULL,NULL,NULL,NULL,NULL,327,17),(2587,'en','default','Strains and Sprains, Arthritis or Bursitis, Post operative and post traumatic irritation, Pain and inflammation, Post elbow Arthroscopy, Chronic swelling and edema, Prevention of sports injuries.',NULL,NULL,NULL,NULL,NULL,NULL,327,18),(2588,NULL,NULL,'mo-5005-variant-22-6',NULL,NULL,NULL,NULL,NULL,NULL,334,1),(2589,'en','default','Thumb Spica Splint',NULL,NULL,NULL,NULL,NULL,NULL,334,2),(2590,NULL,NULL,NULL,NULL,NULL,260.0000,NULL,NULL,NULL,334,11),(2591,NULL,NULL,'0',NULL,NULL,NULL,NULL,NULL,NULL,334,22),(2592,NULL,NULL,NULL,1,NULL,NULL,NULL,NULL,NULL,334,8),(2593,NULL,NULL,NULL,NULL,22,NULL,NULL,NULL,NULL,334,23),(2594,NULL,NULL,NULL,NULL,6,NULL,NULL,NULL,NULL,334,24),(2595,NULL,NULL,'mo-5005-variant-22-7',NULL,NULL,NULL,NULL,NULL,NULL,335,1),(2596,'en','default','Thumb Spica Splint',NULL,NULL,NULL,NULL,NULL,NULL,335,2),(2597,NULL,NULL,NULL,NULL,NULL,260.0000,NULL,NULL,NULL,335,11),(2598,NULL,NULL,'0',NULL,NULL,NULL,NULL,NULL,NULL,335,22),(2599,NULL,NULL,NULL,1,NULL,NULL,NULL,NULL,NULL,335,8),(2600,NULL,NULL,NULL,NULL,22,NULL,NULL,NULL,NULL,335,23),(2601,NULL,NULL,NULL,NULL,7,NULL,NULL,NULL,NULL,335,24),(2602,NULL,NULL,'mo-5005-variant-22-8',NULL,NULL,NULL,NULL,NULL,NULL,336,1),(2603,'en','default','Thumb Spica Splint',NULL,NULL,NULL,NULL,NULL,NULL,336,2),(2604,NULL,NULL,NULL,NULL,NULL,260.0000,NULL,NULL,NULL,336,11),(2605,NULL,NULL,'0',NULL,NULL,NULL,NULL,NULL,NULL,336,22),(2606,NULL,NULL,NULL,1,NULL,NULL,NULL,NULL,NULL,336,8),(2607,NULL,NULL,NULL,NULL,22,NULL,NULL,NULL,NULL,336,23),(2608,NULL,NULL,NULL,NULL,8,NULL,NULL,NULL,NULL,336,24),(2609,NULL,NULL,'mo-5005-variant-22-9',NULL,NULL,NULL,NULL,NULL,NULL,337,1),(2610,'en','default','Thumb Spica Splint',NULL,NULL,NULL,NULL,NULL,NULL,337,2),(2611,NULL,NULL,NULL,NULL,NULL,260.0000,NULL,NULL,NULL,337,11),(2612,NULL,NULL,'0',NULL,NULL,NULL,NULL,NULL,NULL,337,22),(2613,NULL,NULL,NULL,1,NULL,NULL,NULL,NULL,NULL,337,8),(2614,NULL,NULL,NULL,NULL,22,NULL,NULL,NULL,NULL,337,23),(2615,NULL,NULL,NULL,NULL,9,NULL,NULL,NULL,NULL,337,24),(2616,NULL,NULL,'mo-5005-variant-22-23',NULL,NULL,NULL,NULL,NULL,NULL,338,1),(2617,'en','default','Thumb Spica Splint',NULL,NULL,NULL,NULL,NULL,NULL,338,2),(2618,NULL,NULL,NULL,NULL,NULL,260.0000,NULL,NULL,NULL,338,11),(2619,NULL,NULL,'0',NULL,NULL,NULL,NULL,NULL,NULL,338,22),(2620,NULL,NULL,NULL,1,NULL,NULL,NULL,NULL,NULL,338,8),(2621,NULL,NULL,NULL,NULL,22,NULL,NULL,NULL,NULL,338,23),(2622,NULL,NULL,NULL,NULL,23,NULL,NULL,NULL,NULL,338,24),(2623,'en','default','<ul>\r\n<li class=\"col-md-3\">\r\n<div class=\"content-wrap\">Comfortable</div>\r\n</li>\r\n<li class=\"col-md-3\">\r\n<div class=\"content-wrap\">Duarble</div>\r\n</li>\r\n</ul>',NULL,NULL,NULL,NULL,NULL,NULL,333,9),(2624,'en','default','<div class=\"page\" title=\"Page 41\">\r\n<div class=\"section\">\r\n<div class=\"layoutArea\">\r\n<div class=\"column\">\r\n<ul>\r\n<li><span style=\"font-size: 11pt; font-family: Swiss721BT; color: #373435;\">Removable and malleable splint</span></li>\r\n<li><span style=\"font-size: 11pt; font-family: Swiss721BT; color: #373435;\">Wrap-around design.</span></li>\r\n<li><span style=\"font-size: 11pt; font-family: Swiss721BT; color: #373435;\">Hook &amp; loop Closures for Proper Fitting.</span></li>\r\n</ul>\r\n</div>\r\n</div>\r\n</div>\r\n</div>',NULL,NULL,NULL,NULL,NULL,NULL,333,10),(2625,NULL,NULL,'mo-5005',NULL,NULL,NULL,NULL,NULL,NULL,333,1),(2626,'en','default','Thumb Spica Splint',NULL,NULL,NULL,NULL,NULL,NULL,333,2),(2627,NULL,NULL,'thumb-spica-splint',NULL,NULL,NULL,NULL,NULL,NULL,333,3),(2628,NULL,'default',NULL,NULL,3,NULL,NULL,NULL,NULL,333,4),(2629,NULL,NULL,NULL,1,NULL,NULL,NULL,NULL,NULL,333,5),(2630,NULL,NULL,NULL,1,NULL,NULL,NULL,NULL,NULL,333,6),(2631,NULL,NULL,NULL,1,NULL,NULL,NULL,NULL,NULL,333,7),(2632,NULL,NULL,NULL,1,NULL,NULL,NULL,NULL,NULL,333,8),(2633,NULL,NULL,NULL,NULL,20,NULL,NULL,NULL,NULL,333,25),(2634,NULL,NULL,NULL,1,NULL,NULL,NULL,NULL,NULL,333,26),(2635,NULL,NULL,NULL,1,NULL,NULL,NULL,NULL,NULL,333,31),(2636,'en','default','Thumb Spica Splint',NULL,NULL,NULL,NULL,NULL,NULL,333,16),(2637,'en','default','Thumb Spica Splint, thumb support ',NULL,NULL,NULL,NULL,NULL,NULL,333,17),(2638,'en','default','Bursitis, Sprains of thumb, Soft tissue injuries, Collateral ligament support, Avulsion fractures of the thumb, increase thumb stabilization, Decrease thumb pain symptoms, Immobilize and promotes healing of CMC & MCP joints',NULL,NULL,NULL,NULL,NULL,NULL,333,18),(2639,NULL,NULL,'mo-5006-variant-22-6',NULL,NULL,NULL,NULL,NULL,NULL,340,1),(2640,'en','default','Cock-up Splint',NULL,NULL,NULL,NULL,NULL,NULL,340,2),(2641,NULL,NULL,NULL,NULL,NULL,339.0000,NULL,NULL,NULL,340,11),(2642,NULL,NULL,'0',NULL,NULL,NULL,NULL,NULL,NULL,340,22),(2643,NULL,NULL,NULL,1,NULL,NULL,NULL,NULL,NULL,340,8),(2644,NULL,NULL,NULL,NULL,22,NULL,NULL,NULL,NULL,340,23),(2645,NULL,NULL,NULL,NULL,6,NULL,NULL,NULL,NULL,340,24),(2646,NULL,NULL,'mo-5006-variant-22-7',NULL,NULL,NULL,NULL,NULL,NULL,341,1),(2647,'en','default','Cock-up Splint',NULL,NULL,NULL,NULL,NULL,NULL,341,2),(2648,NULL,NULL,NULL,NULL,NULL,339.0000,NULL,NULL,NULL,341,11),(2649,NULL,NULL,'0',NULL,NULL,NULL,NULL,NULL,NULL,341,22),(2650,NULL,NULL,NULL,1,NULL,NULL,NULL,NULL,NULL,341,8),(2651,NULL,NULL,NULL,NULL,22,NULL,NULL,NULL,NULL,341,23),(2652,NULL,NULL,NULL,NULL,7,NULL,NULL,NULL,NULL,341,24),(2653,NULL,NULL,'mo-5006-variant-22-8',NULL,NULL,NULL,NULL,NULL,NULL,342,1),(2654,'en','default','Cock-up Splint',NULL,NULL,NULL,NULL,NULL,NULL,342,2),(2655,NULL,NULL,NULL,NULL,NULL,339.0000,NULL,NULL,NULL,342,11),(2656,NULL,NULL,'0',NULL,NULL,NULL,NULL,NULL,NULL,342,22),(2657,NULL,NULL,NULL,1,NULL,NULL,NULL,NULL,NULL,342,8),(2658,NULL,NULL,NULL,NULL,22,NULL,NULL,NULL,NULL,342,23),(2659,NULL,NULL,NULL,NULL,8,NULL,NULL,NULL,NULL,342,24),(2660,NULL,NULL,'mo-5006-variant-22-9',NULL,NULL,NULL,NULL,NULL,NULL,343,1),(2661,'en','default','Cock-up Splint',NULL,NULL,NULL,NULL,NULL,NULL,343,2),(2662,NULL,NULL,NULL,NULL,NULL,339.0000,NULL,NULL,NULL,343,11),(2663,NULL,NULL,'0',NULL,NULL,NULL,NULL,NULL,NULL,343,22),(2664,NULL,NULL,NULL,1,NULL,NULL,NULL,NULL,NULL,343,8),(2665,NULL,NULL,NULL,NULL,22,NULL,NULL,NULL,NULL,343,23),(2666,NULL,NULL,NULL,NULL,9,NULL,NULL,NULL,NULL,343,24),(2667,'en','default','<ul>\r\n<li class=\"col-md-3\">\r\n<div class=\"content-wrap\">Comfortable</div>\r\n</li>\r\n<li class=\"col-md-3\">\r\n<div class=\"content-wrap\">Duarble</div>\r\n</li>\r\n</ul>',NULL,NULL,NULL,NULL,NULL,NULL,339,9),(2668,'en','default','<div class=\"page\" title=\"Page 42\">\r\n<div class=\"section\">\r\n<div class=\"layoutArea\">\r\n<div class=\"column\">\r\n<ul>\r\n<li><span style=\"font-size: 11pt; font-family: Swiss721BT; color: #373435;\">Ambidextrous design fits both right and left hand. Leads to easier inventory management and availability.</span></li>\r\n<li><span style=\"color: #373435; font-family: Swiss721BT; font-size: 11pt;\">Removable aluminum splints allow customization, so that required degree of dorsi-flexion can be achieved. It improves immobilization, comfor t and fitting of the product.</span></li>\r\n<li><span style=\"color: #373435; font-family: Swiss721BT; font-size: 11pt;\">Thumb in abduction position reduces fatigue and improves healing.</span></li>\r\n</ul>\r\n</div>\r\n</div>\r\n</div>\r\n</div>',NULL,NULL,NULL,NULL,NULL,NULL,339,10),(2669,NULL,NULL,'mo-5006',NULL,NULL,NULL,NULL,NULL,NULL,339,1),(2670,'en','default','Cock-up Splint',NULL,NULL,NULL,NULL,NULL,NULL,339,2),(2671,NULL,NULL,'cock-up-splint',NULL,NULL,NULL,NULL,NULL,NULL,339,3),(2672,NULL,'default',NULL,NULL,3,NULL,NULL,NULL,NULL,339,4),(2673,NULL,NULL,NULL,1,NULL,NULL,NULL,NULL,NULL,339,5),(2674,NULL,NULL,NULL,1,NULL,NULL,NULL,NULL,NULL,339,6),(2675,NULL,NULL,NULL,1,NULL,NULL,NULL,NULL,NULL,339,7),(2676,NULL,NULL,NULL,1,NULL,NULL,NULL,NULL,NULL,339,8),(2677,NULL,NULL,NULL,NULL,20,NULL,NULL,NULL,NULL,339,25),(2678,NULL,NULL,NULL,1,NULL,NULL,NULL,NULL,NULL,339,26),(2679,NULL,NULL,NULL,1,NULL,NULL,NULL,NULL,NULL,339,31),(2680,'en','default','Cock-up Splint',NULL,NULL,NULL,NULL,NULL,NULL,339,16),(2681,'en','default','Cock-up Splint, wrist support splint, wrist belt',NULL,NULL,NULL,NULL,NULL,NULL,339,17),(2682,'en','default','Boxers Fracture, Wrist Sprain, Wrist Strain, Soft Tissue Injury, Distal Radial Fracture, Distal Ulnar Fracture, Wrist Contracture.',NULL,NULL,NULL,NULL,NULL,NULL,339,18),(2683,NULL,NULL,'mo-6001-variant-22-6',NULL,NULL,NULL,NULL,NULL,NULL,345,1),(2684,'en','default','Heel Cushion Silicone',NULL,NULL,NULL,NULL,NULL,NULL,345,2),(2685,NULL,NULL,NULL,NULL,NULL,749.0000,NULL,NULL,NULL,345,11),(2686,NULL,NULL,'0',NULL,NULL,NULL,NULL,NULL,NULL,345,22),(2687,NULL,NULL,NULL,1,NULL,NULL,NULL,NULL,NULL,345,8),(2688,NULL,NULL,NULL,NULL,22,NULL,NULL,NULL,NULL,345,23),(2689,NULL,NULL,NULL,NULL,6,NULL,NULL,NULL,NULL,345,24),(2690,NULL,NULL,'mo-6001-variant-22-7',NULL,NULL,NULL,NULL,NULL,NULL,346,1),(2691,'en','default','Heel Cushion Silicone',NULL,NULL,NULL,NULL,NULL,NULL,346,2),(2692,NULL,NULL,NULL,NULL,NULL,749.0000,NULL,NULL,NULL,346,11),(2693,NULL,NULL,'0',NULL,NULL,NULL,NULL,NULL,NULL,346,22),(2694,NULL,NULL,NULL,1,NULL,NULL,NULL,NULL,NULL,346,8),(2695,NULL,NULL,NULL,NULL,22,NULL,NULL,NULL,NULL,346,23),(2696,NULL,NULL,NULL,NULL,7,NULL,NULL,NULL,NULL,346,24),(2697,NULL,NULL,'mo-6001-variant-22-8',NULL,NULL,NULL,NULL,NULL,NULL,347,1),(2698,'en','default','Heel Cushion Silicone',NULL,NULL,NULL,NULL,NULL,NULL,347,2),(2699,NULL,NULL,NULL,NULL,NULL,749.0000,NULL,NULL,NULL,347,11),(2700,NULL,NULL,'0',NULL,NULL,NULL,NULL,NULL,NULL,347,22),(2701,NULL,NULL,NULL,1,NULL,NULL,NULL,NULL,NULL,347,8),(2702,NULL,NULL,NULL,NULL,22,NULL,NULL,NULL,NULL,347,23),(2703,NULL,NULL,NULL,NULL,8,NULL,NULL,NULL,NULL,347,24),(2704,NULL,NULL,'mo-6001-variant-22-9',NULL,NULL,NULL,NULL,NULL,NULL,348,1),(2705,'en','default','Heel Cushion Silicone',NULL,NULL,NULL,NULL,NULL,NULL,348,2),(2706,NULL,NULL,NULL,NULL,NULL,749.0000,NULL,NULL,NULL,348,11),(2707,NULL,NULL,'0',NULL,NULL,NULL,NULL,NULL,NULL,348,22),(2708,NULL,NULL,NULL,1,NULL,NULL,NULL,NULL,NULL,348,8),(2709,NULL,NULL,NULL,NULL,22,NULL,NULL,NULL,NULL,348,23),(2710,NULL,NULL,NULL,NULL,9,NULL,NULL,NULL,NULL,348,24),(2711,'en','default','<ul>\r\n<li class=\"col-md-3\">\r\n<div class=\"content-wrap\">Comfortable</div>\r\n</li>\r\n<li class=\"col-md-3\">\r\n<div class=\"content-wrap\">Duarble</div>\r\n</li>\r\n</ul>',NULL,NULL,NULL,NULL,NULL,NULL,344,9),(2712,'en','default','<div class=\"page\" title=\"Page 43\">\r\n<div class=\"section\">\r\n<div class=\"layoutArea\">\r\n<div class=\"column\">\r\n<ul>\r\n<li><span style=\"font-size: 11pt; font-family: Swiss721BT; color: #373435;\">Made of a medical grade silicone for long lasting support.</span></li>\r\n<li><span style=\"color: #373435; font-family: Swiss721BT; font-size: 11pt;\">Silicone gives optimal absorption of the shock generated from everyday and high impact heel strike.</span></li>\r\n<li><span style=\"color: #373435; font-family: Swiss721BT; font-size: 11pt;\">The softer blue insert relieves pressure on painful heel areas.</span></li>\r\n</ul>\r\n</div>\r\n</div>\r\n</div>\r\n</div>',NULL,NULL,NULL,NULL,NULL,NULL,344,10),(2713,NULL,NULL,'mo-6001',NULL,NULL,NULL,NULL,NULL,NULL,344,1),(2714,'en','default','Heel Cushion Silicone',NULL,NULL,NULL,NULL,NULL,NULL,344,2),(2715,NULL,NULL,'heel-cushion-silicone',NULL,NULL,NULL,NULL,NULL,NULL,344,3),(2716,NULL,'default',NULL,NULL,3,NULL,NULL,NULL,NULL,344,4),(2717,NULL,NULL,NULL,1,NULL,NULL,NULL,NULL,NULL,344,5),(2718,NULL,NULL,NULL,1,NULL,NULL,NULL,NULL,NULL,344,6),(2719,NULL,NULL,NULL,1,NULL,NULL,NULL,NULL,NULL,344,7),(2720,NULL,NULL,NULL,1,NULL,NULL,NULL,NULL,NULL,344,8),(2721,NULL,NULL,NULL,NULL,20,NULL,NULL,NULL,NULL,344,25),(2722,NULL,NULL,NULL,1,NULL,NULL,NULL,NULL,NULL,344,26),(2723,NULL,NULL,NULL,1,NULL,NULL,NULL,NULL,NULL,344,31),(2724,'en','default','Heel Cushion Silicone',NULL,NULL,NULL,NULL,NULL,NULL,344,16),(2725,'en','default','Heel Cushion Silicone, heel pad',NULL,NULL,NULL,NULL,NULL,NULL,344,17),(2726,'en','default','Achilles Tendonitis, Heel Pain, Heel Spurs, Improve quality of life, Provides optimum cushioning, protection, and shock absorption.',NULL,NULL,NULL,NULL,NULL,NULL,344,18),(2727,NULL,NULL,'mo-6002-variant-27-6',NULL,NULL,NULL,NULL,NULL,NULL,350,1),(2728,'en','default','Foot Insole Silicone',NULL,NULL,NULL,NULL,NULL,NULL,350,2),(2729,NULL,NULL,NULL,NULL,NULL,1199.0000,NULL,NULL,NULL,350,11),(2730,NULL,NULL,'0',NULL,NULL,NULL,NULL,NULL,NULL,350,22),(2731,NULL,NULL,NULL,1,NULL,NULL,NULL,NULL,NULL,350,8),(2732,NULL,NULL,NULL,NULL,27,NULL,NULL,NULL,NULL,350,23),(2733,NULL,NULL,NULL,NULL,6,NULL,NULL,NULL,NULL,350,24),(2734,NULL,NULL,'mo-6002-variant-27-7',NULL,NULL,NULL,NULL,NULL,NULL,351,1),(2735,'en','default','Foot Insole Silicone',NULL,NULL,NULL,NULL,NULL,NULL,351,2),(2736,NULL,NULL,NULL,NULL,NULL,1199.0000,NULL,NULL,NULL,351,11),(2737,NULL,NULL,'0',NULL,NULL,NULL,NULL,NULL,NULL,351,22),(2738,NULL,NULL,NULL,1,NULL,NULL,NULL,NULL,NULL,351,8),(2739,NULL,NULL,NULL,NULL,27,NULL,NULL,NULL,NULL,351,23),(2740,NULL,NULL,NULL,NULL,7,NULL,NULL,NULL,NULL,351,24),(2741,NULL,NULL,'mo-6002-variant-27-8',NULL,NULL,NULL,NULL,NULL,NULL,352,1),(2742,'en','default','Foot Insole Silicone',NULL,NULL,NULL,NULL,NULL,NULL,352,2),(2743,NULL,NULL,NULL,NULL,NULL,1199.0000,NULL,NULL,NULL,352,11),(2744,NULL,NULL,'0',NULL,NULL,NULL,NULL,NULL,NULL,352,22),(2745,NULL,NULL,NULL,1,NULL,NULL,NULL,NULL,NULL,352,8),(2746,NULL,NULL,NULL,NULL,27,NULL,NULL,NULL,NULL,352,23),(2747,NULL,NULL,NULL,NULL,8,NULL,NULL,NULL,NULL,352,24),(2748,NULL,NULL,'mo-6002-variant-27-9',NULL,NULL,NULL,NULL,NULL,NULL,353,1),(2749,'en','default','Foot Insole Silicone',NULL,NULL,NULL,NULL,NULL,NULL,353,2),(2750,NULL,NULL,NULL,NULL,NULL,1199.0000,NULL,NULL,NULL,353,11),(2751,NULL,NULL,'0',NULL,NULL,NULL,NULL,NULL,NULL,353,22),(2752,NULL,NULL,NULL,1,NULL,NULL,NULL,NULL,NULL,353,8),(2753,NULL,NULL,NULL,NULL,27,NULL,NULL,NULL,NULL,353,23),(2754,NULL,NULL,NULL,NULL,9,NULL,NULL,NULL,NULL,353,24),(2755,'en','default','<ul>\r\n<li class=\"col-md-3\">\r\n<div class=\"content-wrap\">Comfortable</div>\r\n</li>\r\n<li class=\"col-md-3\">\r\n<div class=\"content-wrap\">High coushioning</div>\r\n</li>\r\n<li class=\"col-md-3\">\r\n<div class=\"content-wrap\">hypoallergic</div>\r\n</li>\r\n</ul>',NULL,NULL,NULL,NULL,NULL,NULL,349,9),(2756,'en','default','<div class=\"page\" title=\"Page 44\">\r\n<div class=\"section\">\r\n<div class=\"layoutArea\">\r\n<div class=\"column\">\r\n<ul>\r\n<li><span style=\"font-size: 11pt; font-family: Swiss721BT; color: #373435;\">Made of a medical grade silicone for long lasting support and comfort.</span></li>\r\n<li><span style=\"color: #373435; font-family: Swiss721BT; font-size: 11pt;\">Silicone gives optimal absorption of the shock generated from everyday and high impact foot strike.</span></li>\r\n<li><span style=\"color: #373435; font-family: Swiss721BT; font-size: 11pt;\">&nbsp;It distributes pressure evenly throughout the foot, allowing normal blood circulation.</span></li>\r\n</ul>\r\n</div>\r\n</div>\r\n</div>\r\n</div>',NULL,NULL,NULL,NULL,NULL,NULL,349,10),(2757,NULL,NULL,'mo-6002',NULL,NULL,NULL,NULL,NULL,NULL,349,1),(2758,'en','default','Foot Insole Silicone',NULL,NULL,NULL,NULL,NULL,NULL,349,2),(2759,NULL,NULL,'foot-insole-silicone',NULL,NULL,NULL,NULL,NULL,NULL,349,3),(2760,NULL,'default',NULL,NULL,3,NULL,NULL,NULL,NULL,349,4),(2761,NULL,NULL,NULL,1,NULL,NULL,NULL,NULL,NULL,349,5),(2762,NULL,NULL,NULL,1,NULL,NULL,NULL,NULL,NULL,349,6),(2763,NULL,NULL,NULL,1,NULL,NULL,NULL,NULL,NULL,349,7),(2764,NULL,NULL,NULL,1,NULL,NULL,NULL,NULL,NULL,349,8),(2765,NULL,NULL,NULL,NULL,20,NULL,NULL,NULL,NULL,349,25),(2766,NULL,NULL,NULL,1,NULL,NULL,NULL,NULL,NULL,349,26),(2767,NULL,NULL,NULL,1,NULL,NULL,NULL,NULL,NULL,349,31),(2768,'en','default','Foot Insole Silicone',NULL,NULL,NULL,NULL,NULL,NULL,349,16),(2769,'en','default','Foot Insole Silicone',NULL,NULL,NULL,NULL,NULL,NULL,349,17),(2770,'en','default','Achilles Tendonitis, Heel Pain, Heel Spurs, Improve quality of life, Provides optimum cushioning, protection, and shock absorption.',NULL,NULL,NULL,NULL,NULL,NULL,349,18),(2771,NULL,NULL,'mo-6003-variant-27-6',NULL,NULL,NULL,NULL,NULL,NULL,355,1),(2772,'en','default','Foot Insole with Arch Silicone',NULL,NULL,NULL,NULL,NULL,NULL,355,2),(2773,NULL,NULL,NULL,NULL,NULL,1199.0000,NULL,NULL,NULL,355,11),(2774,NULL,NULL,'0',NULL,NULL,NULL,NULL,NULL,NULL,355,22),(2775,NULL,NULL,NULL,1,NULL,NULL,NULL,NULL,NULL,355,8),(2776,NULL,NULL,NULL,NULL,27,NULL,NULL,NULL,NULL,355,23),(2777,NULL,NULL,NULL,NULL,6,NULL,NULL,NULL,NULL,355,24),(2778,NULL,NULL,'mo-6003-variant-27-7',NULL,NULL,NULL,NULL,NULL,NULL,356,1),(2779,'en','default','Foot Insole with Arch Silicone',NULL,NULL,NULL,NULL,NULL,NULL,356,2),(2780,NULL,NULL,NULL,NULL,NULL,1199.0000,NULL,NULL,NULL,356,11),(2781,NULL,NULL,'0',NULL,NULL,NULL,NULL,NULL,NULL,356,22),(2782,NULL,NULL,NULL,1,NULL,NULL,NULL,NULL,NULL,356,8),(2783,NULL,NULL,NULL,NULL,27,NULL,NULL,NULL,NULL,356,23),(2784,NULL,NULL,NULL,NULL,7,NULL,NULL,NULL,NULL,356,24),(2785,NULL,NULL,'mo-6003-variant-27-8',NULL,NULL,NULL,NULL,NULL,NULL,357,1),(2786,'en','default','Foot Insole with Arch Silicone',NULL,NULL,NULL,NULL,NULL,NULL,357,2),(2787,NULL,NULL,NULL,NULL,NULL,1199.0000,NULL,NULL,NULL,357,11),(2788,NULL,NULL,'0',NULL,NULL,NULL,NULL,NULL,NULL,357,22),(2789,NULL,NULL,NULL,1,NULL,NULL,NULL,NULL,NULL,357,8),(2790,NULL,NULL,NULL,NULL,27,NULL,NULL,NULL,NULL,357,23),(2791,NULL,NULL,NULL,NULL,8,NULL,NULL,NULL,NULL,357,24),(2792,NULL,NULL,'mo-6003-variant-27-9',NULL,NULL,NULL,NULL,NULL,NULL,358,1),(2793,'en','default','Foot Insole with Arch Silicone',NULL,NULL,NULL,NULL,NULL,NULL,358,2),(2794,NULL,NULL,NULL,NULL,NULL,1199.0000,NULL,NULL,NULL,358,11),(2795,NULL,NULL,'0',NULL,NULL,NULL,NULL,NULL,NULL,358,22),(2796,NULL,NULL,NULL,1,NULL,NULL,NULL,NULL,NULL,358,8),(2797,NULL,NULL,NULL,NULL,27,NULL,NULL,NULL,NULL,358,23),(2798,NULL,NULL,NULL,NULL,9,NULL,NULL,NULL,NULL,358,24),(2799,'en','default','<ul>\r\n<li class=\"col-md-3\">\r\n<div class=\"content-wrap\">Comfortable</div>\r\n</li>\r\n<li class=\"col-md-3\">\r\n<div class=\"content-wrap\">high coushioning</div>\r\n</li>\r\n<li class=\"col-md-3\">\r\n<div class=\"content-wrap\">hypoallergic</div>\r\n</li>\r\n</ul>',NULL,NULL,NULL,NULL,NULL,NULL,354,9),(2800,'en','default','<div class=\"page\" title=\"Page 44\">\r\n<div class=\"section\">\r\n<div class=\"layoutArea\">\r\n<div class=\"column\">\r\n<ul>\r\n<li><span style=\"font-size: 11pt; font-family: Swiss721BT; color: #373435;\">Made of a medical grade silicone for long lasting support and comfort.</span></li>\r\n<li><span style=\"color: #373435; font-family: Swiss721BT; font-size: 11pt;\">Silicone gives optimal absorption of the shock generated from everyday and high impact foot strike.</span></li>\r\n<li><span style=\"color: #373435; font-family: Swiss721BT; font-size: 11pt;\">It distributes pressure evenly throughout the foot, allowing normal blood circulation.</span></li>\r\n</ul>\r\n</div>\r\n</div>\r\n</div>\r\n</div>',NULL,NULL,NULL,NULL,NULL,NULL,354,10),(2801,NULL,NULL,'mo-6003',NULL,NULL,NULL,NULL,NULL,NULL,354,1),(2802,'en','default','Foot Insole with Arch Silicone',NULL,NULL,NULL,NULL,NULL,NULL,354,2),(2803,NULL,NULL,'foot-insole-with-arch-silicone',NULL,NULL,NULL,NULL,NULL,NULL,354,3),(2804,NULL,'default',NULL,NULL,3,NULL,NULL,NULL,NULL,354,4),(2805,NULL,NULL,NULL,1,NULL,NULL,NULL,NULL,NULL,354,5),(2806,NULL,NULL,NULL,1,NULL,NULL,NULL,NULL,NULL,354,6),(2807,NULL,NULL,NULL,1,NULL,NULL,NULL,NULL,NULL,354,7),(2808,NULL,NULL,NULL,1,NULL,NULL,NULL,NULL,NULL,354,8),(2809,NULL,NULL,NULL,NULL,20,NULL,NULL,NULL,NULL,354,25),(2810,NULL,NULL,NULL,1,NULL,NULL,NULL,NULL,NULL,354,26),(2811,NULL,NULL,NULL,1,NULL,NULL,NULL,NULL,NULL,354,31),(2812,'en','default','Foot Insole with Arch Silicone',NULL,NULL,NULL,NULL,NULL,NULL,354,16),(2813,'en','default','Foot Insole with Arch Silicone, silicone insole',NULL,NULL,NULL,NULL,NULL,NULL,354,17),(2814,'en','default','Achilles Tendonitis, Heel Pain, Heel Spurs, Improve quality of life, Provides optimum cushioning, protection, and shock absorption.\r\nHelps prevent foot pain caused by long walking.',NULL,NULL,NULL,NULL,NULL,NULL,354,18),(2815,NULL,NULL,'mo-6004-variant-27-24',NULL,NULL,NULL,NULL,NULL,NULL,360,1),(2816,'en','default','Medial Arch Silicone',NULL,NULL,NULL,NULL,NULL,NULL,360,2),(2817,NULL,NULL,NULL,NULL,NULL,699.0000,NULL,NULL,NULL,360,11),(2818,NULL,NULL,'0',NULL,NULL,NULL,NULL,NULL,NULL,360,22),(2819,NULL,NULL,NULL,1,NULL,NULL,NULL,NULL,NULL,360,8),(2820,NULL,NULL,NULL,NULL,27,NULL,NULL,NULL,NULL,360,23),(2821,NULL,NULL,NULL,NULL,24,NULL,NULL,NULL,NULL,360,24),(2822,'en','default','<ul>\r\n<li class=\"col-md-3\">\r\n<div class=\"content-wrap\">Comfortable</div>\r\n</li>\r\n<li class=\"col-md-3\">\r\n<div class=\"content-wrap\">hypoallergic</div>\r\n</li>\r\n</ul>',NULL,NULL,NULL,NULL,NULL,NULL,359,9),(2823,'en','default','<div class=\"page\" title=\"Page 45\">\r\n<div class=\"section\">\r\n<div class=\"layoutArea\">\r\n<div class=\"column\">\r\n<ul>\r\n<li><span style=\"font-size: 11pt; font-family: Swiss721BT; color: #373435;\">Injuries &amp; disorders flat foot condition, features high impact cushion pad made of special grade silicone support the plantar arc of the foot.</span></li>\r\n<li><span style=\"color: #373435; font-family: Swiss721BT; font-size: 11pt;\">Designed bio-mechanically maintain the plantararccomfortably.</span></li>\r\n<li><span style=\"color: #373435; font-family: Swiss721BT; font-size: 11pt;\">ARC pads used within the socks by placing below middle foot.</span></li>\r\n</ul>\r\n</div>\r\n</div>\r\n</div>\r\n</div>',NULL,NULL,NULL,NULL,NULL,NULL,359,10),(2824,NULL,NULL,'mo-6004',NULL,NULL,NULL,NULL,NULL,NULL,359,1),(2825,'en','default','Medial Arch Silicone',NULL,NULL,NULL,NULL,NULL,NULL,359,2),(2826,NULL,NULL,'medial-arch-silicone',NULL,NULL,NULL,NULL,NULL,NULL,359,3),(2827,NULL,'default',NULL,NULL,3,NULL,NULL,NULL,NULL,359,4),(2828,NULL,NULL,NULL,1,NULL,NULL,NULL,NULL,NULL,359,5),(2829,NULL,NULL,NULL,1,NULL,NULL,NULL,NULL,NULL,359,6),(2830,NULL,NULL,NULL,1,NULL,NULL,NULL,NULL,NULL,359,7),(2831,NULL,NULL,NULL,1,NULL,NULL,NULL,NULL,NULL,359,8),(2832,NULL,NULL,NULL,NULL,20,NULL,NULL,NULL,NULL,359,25),(2833,NULL,NULL,NULL,1,NULL,NULL,NULL,NULL,NULL,359,26),(2834,NULL,NULL,NULL,1,NULL,NULL,NULL,NULL,NULL,359,31),(2835,'en','default','Medial Arch Silicone',NULL,NULL,NULL,NULL,NULL,NULL,359,16),(2836,'en','default','Medial Arch Silicone',NULL,NULL,NULL,NULL,NULL,NULL,359,17),(2837,'en','default','For improper feet architecture, crossed toes, fractured toes correction.',NULL,NULL,NULL,NULL,NULL,NULL,359,18),(2838,NULL,NULL,'mo-6005-variant-27-24',NULL,NULL,NULL,NULL,NULL,NULL,362,1),(2839,'en','default','Toe Separator Silicone',NULL,NULL,NULL,NULL,NULL,NULL,362,2),(2840,NULL,NULL,NULL,NULL,NULL,259.0000,NULL,NULL,NULL,362,11),(2841,NULL,NULL,'0',NULL,NULL,NULL,NULL,NULL,NULL,362,22),(2842,NULL,NULL,NULL,1,NULL,NULL,NULL,NULL,NULL,362,8),(2843,NULL,NULL,NULL,NULL,27,NULL,NULL,NULL,NULL,362,23),(2844,NULL,NULL,NULL,NULL,24,NULL,NULL,NULL,NULL,362,24),(2845,'en','default','<ul>\r\n<li class=\"col-md-3\">\r\n<div class=\"content-wrap\">Comfortable</div>\r\n</li>\r\n<li class=\"col-md-3\">\r\n<div class=\"content-wrap\">High cushioning</div>\r\n</li>\r\n<li class=\"col-md-3\">\r\n<div class=\"content-wrap\">hypo allergic</div>\r\n</li>\r\n</ul>',NULL,NULL,NULL,NULL,NULL,NULL,361,9),(2846,'en','default','<div class=\"page\" title=\"Page 46\">\r\n<div class=\"section\">\r\n<div class=\"layoutArea\">\r\n<div class=\"column\">\r\n<ul>\r\n<li><span style=\"font-size: 11pt; font-family: Swiss721BT; color: #373435;\">Injuries &amp; disorders flat foot condition, features high impact cushion pad made of special grade silicone suppor t the plantar arc of the foot.</span></li>\r\n<li><span style=\"color: #373435; font-family: Swiss721BT; font-size: 11pt;\">Designed bio-mechanically maintain the plantar arc comfortably.</span></li>\r\n<li><span style=\"color: #373435; font-family: Swiss721BT; font-size: 11pt;\">ARC pads used within the socks by placing below middle foot.</span></li>\r\n</ul>\r\n</div>\r\n</div>\r\n</div>\r\n</div>',NULL,NULL,NULL,NULL,NULL,NULL,361,10),(2847,NULL,NULL,'mo-6005',NULL,NULL,NULL,NULL,NULL,NULL,361,1),(2848,'en','default','Toe Separator Silicone',NULL,NULL,NULL,NULL,NULL,NULL,361,2),(2849,NULL,NULL,'toe-separator-silicone',NULL,NULL,NULL,NULL,NULL,NULL,361,3),(2850,NULL,'default',NULL,NULL,3,NULL,NULL,NULL,NULL,361,4),(2851,NULL,NULL,NULL,1,NULL,NULL,NULL,NULL,NULL,361,5),(2852,NULL,NULL,NULL,1,NULL,NULL,NULL,NULL,NULL,361,6),(2853,NULL,NULL,NULL,1,NULL,NULL,NULL,NULL,NULL,361,7),(2854,NULL,NULL,NULL,1,NULL,NULL,NULL,NULL,NULL,361,8),(2855,NULL,NULL,NULL,NULL,20,NULL,NULL,NULL,NULL,361,25),(2856,NULL,NULL,NULL,1,NULL,NULL,NULL,NULL,NULL,361,26),(2857,NULL,NULL,NULL,1,NULL,NULL,NULL,NULL,NULL,361,31),(2858,'en','default','Toe Separator Silicone',NULL,NULL,NULL,NULL,NULL,NULL,361,16),(2859,'en','default','Toe Separator Silicone, toe sprayer',NULL,NULL,NULL,NULL,NULL,NULL,361,17),(2860,'en','default','Care and treatment of hammer toes, Claw toes,  Mallet toes, Toenail injuries, Fractured toes, Hammer toe surgery',NULL,NULL,NULL,NULL,NULL,NULL,361,18),(2861,NULL,NULL,'mo-6006-variant-27-24',NULL,NULL,NULL,NULL,NULL,NULL,364,1),(2862,'en','default','Toe Separator with Finger Silicone',NULL,NULL,NULL,NULL,NULL,NULL,364,2),(2863,NULL,NULL,NULL,NULL,NULL,339.0000,NULL,NULL,NULL,364,11),(2864,NULL,NULL,'0',NULL,NULL,NULL,NULL,NULL,NULL,364,22),(2865,NULL,NULL,NULL,1,NULL,NULL,NULL,NULL,NULL,364,8),(2866,NULL,NULL,NULL,NULL,27,NULL,NULL,NULL,NULL,364,23),(2867,NULL,NULL,NULL,NULL,24,NULL,NULL,NULL,NULL,364,24),(2868,'en','default','<ul>\r\n<li class=\"col-md-3\">\r\n<div class=\"content-wrap\">Comfortable</div>\r\n</li>\r\n<li class=\"col-md-3\">\r\n<div class=\"content-wrap\">High cushioning</div>\r\n</li>\r\n<li class=\"col-md-3\">\r\n<div class=\"content-wrap\">Hypo allergic</div>\r\n</li>\r\n</ul>',NULL,NULL,NULL,NULL,NULL,NULL,363,9),(2869,'en','default','<div class=\"page\" title=\"Page 46\">\r\n<div class=\"section\">\r\n<div class=\"layoutArea\">\r\n<div class=\"column\">\r\n<ul>\r\n<li><span style=\"font-size: 11pt; font-family: Swiss721BT; color: #373435;\">Injuries &amp; disorders flat foot condition, features high impact cushion pad made of special grade silicone support the plantar arc of the foot.</span></li>\r\n<li><span style=\"color: #373435; font-family: Swiss721BT; font-size: 11pt;\">Designed bio-mechanically maintain the plantar arc comfortably.</span></li>\r\n<li><span style=\"color: #373435; font-family: Swiss721BT; font-size: 11pt;\">ARC pads used within the socks by placing below middle foot.</span></li>\r\n</ul>\r\n</div>\r\n</div>\r\n</div>\r\n</div>',NULL,NULL,NULL,NULL,NULL,NULL,363,10),(2870,NULL,NULL,'mo-6006',NULL,NULL,NULL,NULL,NULL,NULL,363,1),(2871,'en','default','Toe Separator with Finger Silicone',NULL,NULL,NULL,NULL,NULL,NULL,363,2),(2872,NULL,NULL,'toe-separator-with-finger-silicone',NULL,NULL,NULL,NULL,NULL,NULL,363,3),(2873,NULL,'default',NULL,NULL,3,NULL,NULL,NULL,NULL,363,4),(2874,NULL,NULL,NULL,1,NULL,NULL,NULL,NULL,NULL,363,5),(2875,NULL,NULL,NULL,1,NULL,NULL,NULL,NULL,NULL,363,6),(2876,NULL,NULL,NULL,1,NULL,NULL,NULL,NULL,NULL,363,7),(2877,NULL,NULL,NULL,1,NULL,NULL,NULL,NULL,NULL,363,8),(2878,NULL,NULL,NULL,NULL,20,NULL,NULL,NULL,NULL,363,25),(2879,NULL,NULL,NULL,1,NULL,NULL,NULL,NULL,NULL,363,26),(2880,NULL,NULL,NULL,1,NULL,NULL,NULL,NULL,NULL,363,31),(2881,'en','default','Toe Separator with\r\nFinger Silicone',NULL,NULL,NULL,NULL,NULL,NULL,363,16),(2882,'en','default','Toe Separator with\r\nFinger Silicone',NULL,NULL,NULL,NULL,NULL,NULL,363,17),(2883,'en','default','Care and treatment of hammer toes, Claw toes, Mallet toes, Toenail injuries, Fractured toes, Hammer toe surgery',NULL,NULL,NULL,NULL,NULL,NULL,363,18),(2884,NULL,NULL,'mo-6007-variant-27-24',NULL,NULL,NULL,NULL,NULL,NULL,366,1),(2885,'en','default','Heel Pad',NULL,NULL,NULL,NULL,NULL,NULL,366,2),(2886,NULL,NULL,NULL,NULL,NULL,589.0000,NULL,NULL,NULL,366,11),(2887,NULL,NULL,'0',NULL,NULL,NULL,NULL,NULL,NULL,366,22),(2888,NULL,NULL,NULL,1,NULL,NULL,NULL,NULL,NULL,366,8),(2889,NULL,NULL,NULL,NULL,27,NULL,NULL,NULL,NULL,366,23),(2890,NULL,NULL,NULL,NULL,24,NULL,NULL,NULL,NULL,366,24),(2891,'en','default','<ul>\r\n<li class=\"col-md-3\">\r\n<div class=\"content-wrap\">Comfortable</div>\r\n</li>\r\n<li class=\"col-md-3\">\r\n<div class=\"content-wrap\">Hypo allegic</div>\r\n</li>\r\n<li class=\"col-md-3\">\r\n<div class=\"content-wrap\">High cushioning</div>\r\n</li>\r\n</ul>',NULL,NULL,NULL,NULL,NULL,NULL,365,9),(2892,'en','default','<div class=\"page\" title=\"Page 47\">\r\n<div class=\"section\">\r\n<div class=\"layoutArea\">\r\n<div class=\"column\">\r\n<ul>\r\n<li><span style=\"font-size: 11pt; font-family: Swiss721BT; color: #373435;\">Your heel pad is a thick layer of tissue found on the soles of your feet. It&rsquo;s made up of dense fat pockets surrounded by tough but stretchy muscle fibers.</span></li>\r\n<li><span style=\"color: #373435; font-family: Swiss721BT; font-size: 11pt;\">&nbsp;Whenever you walk, run, or jump, your heel pads act as cushions, distributing your body weight, absorbing shock, and protecting your bones and joints.</span></li>\r\n<li><span style=\"color: #373435; font-family: Swiss721BT; font-size: 11pt;\">You may not realize it, but your heels endure a lot. Because of this, it&rsquo;s normal for them to wear down a bit over time.</span></li>\r\n</ul>\r\n</div>\r\n</div>\r\n</div>\r\n</div>',NULL,NULL,NULL,NULL,NULL,NULL,365,10),(2893,NULL,NULL,'mo-6007',NULL,NULL,NULL,NULL,NULL,NULL,365,1),(2894,'en','default','Heel Pad',NULL,NULL,NULL,NULL,NULL,NULL,365,2),(2895,NULL,NULL,'heel-pad',NULL,NULL,NULL,NULL,NULL,NULL,365,3),(2896,NULL,'default',NULL,NULL,3,NULL,NULL,NULL,NULL,365,4),(2897,NULL,NULL,NULL,1,NULL,NULL,NULL,NULL,NULL,365,5),(2898,NULL,NULL,NULL,1,NULL,NULL,NULL,NULL,NULL,365,6),(2899,NULL,NULL,NULL,1,NULL,NULL,NULL,NULL,NULL,365,7),(2900,NULL,NULL,NULL,1,NULL,NULL,NULL,NULL,NULL,365,8),(2901,NULL,NULL,NULL,NULL,20,NULL,NULL,NULL,NULL,365,25),(2902,NULL,NULL,NULL,1,NULL,NULL,NULL,NULL,NULL,365,26),(2903,NULL,NULL,NULL,1,NULL,NULL,NULL,NULL,NULL,365,31),(2904,'en','default','Heel Pad',NULL,NULL,NULL,NULL,NULL,NULL,365,16),(2905,'en','default','Heel Pad, heel support',NULL,NULL,NULL,NULL,NULL,NULL,365,17),(2906,'en','default','Heel Protectors, Relief Joints & Foot Pain,Reduce pain from ill-fitting footwear',NULL,NULL,NULL,NULL,NULL,NULL,365,18),(2907,NULL,NULL,'zpdfm3esl-variant-27',NULL,NULL,NULL,NULL,NULL,NULL,368,1),(2908,'en','default','zpdfm3esl-variant-27',NULL,NULL,NULL,NULL,NULL,NULL,368,2),(2909,NULL,NULL,NULL,NULL,NULL,750.0000,NULL,NULL,NULL,368,11),(2910,NULL,NULL,'0',NULL,NULL,NULL,NULL,NULL,NULL,368,22),(2911,NULL,NULL,NULL,1,NULL,NULL,NULL,NULL,NULL,368,8),(2912,NULL,NULL,NULL,NULL,27,NULL,NULL,NULL,NULL,368,23),(2913,'en','default','<ul>\r\n<li class=\"col-md-3\">\r\n<div class=\"content-wrap\">comfort</div>\r\n</li>\r\n<li class=\"col-md-3\">\r\n<div class=\"content-wrap\">high quality</div>\r\n</li>\r\n<li class=\"col-md-3\">\r\n<div class=\"content-wrap\">soft elastic</div>\r\n</li>\r\n</ul>',NULL,NULL,NULL,NULL,NULL,NULL,367,9),(2914,'en','default','<p>Benefits Of C-Cure 3 Ply Pullout Face Mask :</p>\r\n<p>Breathable and hypoallergenic non-woven fabric</p>\r\n<p>It is latex-free and soft on skin</p>\r\n<p>It is comfortable for long wear</p>\r\n<p>Filtration more than 99%</p>\r\n<p>Nose strip for better fit</p>\r\n<p>3 layers with Meltblown filter</p>\r\n<p>&nbsp;</p>\r\n<p>How To Use :</p>\r\n<p>Lightly pick up the ear loop with finger</p>\r\n<p>Unfold the ear loop</p>\r\n<p>Unfold the second layer of ear loop</p>\r\n<p>Wear it as usual with nose clip facing upwards</p>',NULL,NULL,NULL,NULL,NULL,NULL,367,10),(2915,NULL,NULL,'zpdfm3esl',NULL,NULL,NULL,NULL,NULL,NULL,367,1),(2916,'en','default','C-Cure 3 Ply Pullout Face Mask For Adult - 50 Pieces (Blue)',NULL,NULL,NULL,NULL,NULL,NULL,367,2),(2917,NULL,NULL,'c-cure-3-ply-pullout-face-mask-for-adult---50-pieces-blue',NULL,NULL,NULL,NULL,NULL,NULL,367,3),(2918,NULL,'default',NULL,NULL,3,NULL,NULL,NULL,NULL,367,4),(2919,NULL,NULL,NULL,1,NULL,NULL,NULL,NULL,NULL,367,5),(2920,NULL,NULL,NULL,1,NULL,NULL,NULL,NULL,NULL,367,6),(2921,NULL,NULL,NULL,1,NULL,NULL,NULL,NULL,NULL,367,7),(2922,NULL,NULL,NULL,1,NULL,NULL,NULL,NULL,NULL,367,8),(2923,NULL,NULL,NULL,NULL,28,NULL,NULL,NULL,NULL,367,25),(2924,NULL,NULL,NULL,1,NULL,NULL,NULL,NULL,NULL,367,26),(2925,NULL,NULL,'',NULL,NULL,NULL,NULL,NULL,NULL,367,27),(2926,'en','default','',NULL,NULL,NULL,NULL,NULL,NULL,367,16),(2927,'en','default','',NULL,NULL,NULL,NULL,NULL,NULL,367,17),(2928,'en','default','',NULL,NULL,NULL,NULL,NULL,NULL,367,18),(2929,'en','default','<p>xcvbnm,.</p>',NULL,NULL,NULL,NULL,NULL,NULL,369,9),(2930,'en','default','<p>asdfghjkl</p>',NULL,NULL,NULL,NULL,NULL,NULL,369,10),(2931,NULL,NULL,'testproduct',NULL,NULL,NULL,NULL,NULL,NULL,369,1),(2932,'en','default','Test product',NULL,NULL,NULL,NULL,NULL,NULL,369,2),(2933,NULL,NULL,'test-product',NULL,NULL,NULL,NULL,NULL,NULL,369,3),(2934,NULL,'default',NULL,NULL,1,NULL,NULL,NULL,NULL,369,4),(2935,NULL,NULL,NULL,0,NULL,NULL,NULL,NULL,NULL,369,5),(2936,NULL,NULL,NULL,0,NULL,NULL,NULL,NULL,NULL,369,6),(2937,NULL,NULL,NULL,0,NULL,NULL,NULL,NULL,NULL,369,7),(2938,NULL,NULL,NULL,0,NULL,NULL,NULL,NULL,NULL,369,8),(2939,NULL,NULL,NULL,NULL,1,NULL,NULL,NULL,NULL,369,23),(2940,NULL,NULL,NULL,NULL,6,NULL,NULL,NULL,NULL,369,24),(2941,NULL,NULL,NULL,NULL,28,NULL,NULL,NULL,NULL,369,25),(2942,NULL,NULL,NULL,1,NULL,NULL,NULL,NULL,NULL,369,26),(2943,NULL,NULL,NULL,0,NULL,NULL,NULL,NULL,NULL,369,31),(2944,NULL,NULL,NULL,NULL,NULL,100.0000,NULL,NULL,NULL,369,11),(2945,NULL,'default',NULL,NULL,NULL,NULL,NULL,NULL,NULL,369,12),(2946,NULL,NULL,NULL,NULL,NULL,NULL,NULL,NULL,NULL,369,13),(2947,NULL,'default',NULL,NULL,NULL,NULL,NULL,NULL,NULL,369,14),(2948,NULL,'default',NULL,NULL,NULL,NULL,NULL,NULL,NULL,369,15),(2949,'en','default','',NULL,NULL,NULL,NULL,NULL,NULL,369,16),(2950,'en','default','',NULL,NULL,NULL,NULL,NULL,NULL,369,17),(2951,'en','default','',NULL,NULL,NULL,NULL,NULL,NULL,369,18),(2952,NULL,NULL,'',NULL,NULL,NULL,NULL,NULL,NULL,369,19),(2953,NULL,NULL,'',NULL,NULL,NULL,NULL,NULL,NULL,369,20),(2954,NULL,NULL,'',NULL,NULL,NULL,NULL,NULL,NULL,369,21),(2955,NULL,NULL,'10',NULL,NULL,NULL,NULL,NULL,NULL,369,22),(2956,NULL,NULL,NULL,NULL,10,NULL,NULL,NULL,NULL,369,28),(2957,NULL,NULL,'zpdn95hl-variant-5-24',NULL,NULL,NULL,NULL,NULL,NULL,371,1),(2958,'en','default','zpdn95hl-variant-5-24',NULL,NULL,NULL,NULL,NULL,NULL,371,2),(2959,NULL,NULL,NULL,NULL,NULL,3250.0000,NULL,NULL,NULL,371,11),(2960,NULL,NULL,'0',NULL,NULL,NULL,NULL,NULL,NULL,371,22),(2961,NULL,NULL,NULL,1,NULL,NULL,NULL,NULL,NULL,371,8),(2962,NULL,NULL,NULL,NULL,5,NULL,NULL,NULL,NULL,371,23),(2963,NULL,NULL,NULL,NULL,24,NULL,NULL,NULL,NULL,371,24),(2964,'en','default','<ul>\r\n<li class=\"col-md-3\">\r\n<div class=\"content-wrap\">comfort</div>\r\n</li>\r\n<li class=\"col-md-3\">\r\n<div class=\"content-wrap\">high quality</div>\r\n</li>\r\n<li class=\"col-md-3\">\r\n<div class=\"content-wrap\">soft elastic</div>\r\n</li>\r\n</ul>',NULL,NULL,NULL,NULL,NULL,NULL,370,9),(2965,'en','default','<p>CE certified &amp; Disposable.</p>\r\n<p>ONE SIZE FITS MOST: Its stretchable ear loop straps can be adjusted to meet the most head sizes while assurance that it won\'t hurt your ears or nose during extended hours of wearing. Ideal for wearing by men, women &amp; adolescents alike.</p>\r\n<p>LIGHTWEIGHT MATERIAL - Made up of soft &amp; super light NON-WOVEN &amp; MELT BLOWN material which does not cause any irritation even after prolonged wearing. N-95 FACE MASK WITHOUT FILTER VALVE - filtration efficiency more than 99% of 2.5 PM. Protects your face, nose, mouth, against dust, smoke, ash, pollution and other particulate matter in all weather conditions. The design provided on the mask filters the air properly and allows it to pass through, letting you breathe even while long time wearing.</p>\r\n<p>PACK OF 50: This is a pack of 50, hence you get 50 face masks that can be used by Men Women Boys Girls.</p>',NULL,NULL,NULL,NULL,NULL,NULL,370,10),(2966,NULL,NULL,'zpdn95hl',NULL,NULL,NULL,NULL,NULL,NULL,370,1),(2967,'en','default','C-Cure ISI Marked Head Loop N95 Mask with Five Protective Layers',NULL,NULL,NULL,NULL,NULL,NULL,370,2),(2968,NULL,NULL,'c-cure-isi-marked-head-loop-n95-mask-with-five-protective-layers',NULL,NULL,NULL,NULL,NULL,NULL,370,3),(2969,NULL,'default',NULL,NULL,3,NULL,NULL,NULL,NULL,370,4),(2970,NULL,NULL,NULL,0,NULL,NULL,NULL,NULL,NULL,370,5),(2971,NULL,NULL,NULL,0,NULL,NULL,NULL,NULL,NULL,370,6),(2972,NULL,NULL,NULL,1,NULL,NULL,NULL,NULL,NULL,370,7),(2973,NULL,NULL,NULL,1,NULL,NULL,NULL,NULL,NULL,370,8),(2974,NULL,NULL,NULL,NULL,28,NULL,NULL,NULL,NULL,370,25),(2975,NULL,NULL,NULL,1,NULL,NULL,NULL,NULL,NULL,370,26),(2976,'en','default','',NULL,NULL,NULL,NULL,NULL,NULL,370,16),(2977,'en','default','',NULL,NULL,NULL,NULL,NULL,NULL,370,17),(2978,'en','default','',NULL,NULL,NULL,NULL,NULL,NULL,370,18);
/*!40000 ALTER TABLE `product_attribute_values` ENABLE KEYS */;
UNLOCK TABLES;

--
-- Table structure for table `product_bundle_option_products`
--

DROP TABLE IF EXISTS `product_bundle_option_products`;
/*!40101 SET @saved_cs_client     = @@character_set_client */;
/*!50503 SET character_set_client = utf8mb4 */;
CREATE TABLE `product_bundle_option_products` (
  `id` int unsigned NOT NULL AUTO_INCREMENT,
  `qty` int NOT NULL DEFAULT '0',
  `is_user_defined` tinyint(1) NOT NULL DEFAULT '1',
  `is_default` tinyint(1) NOT NULL DEFAULT '0',
  `sort_order` int NOT NULL DEFAULT '0',
  `product_bundle_option_id` int unsigned NOT NULL,
  `product_id` int unsigned NOT NULL,
  PRIMARY KEY (`id`),
  KEY `product_bundle_option_products_product_bundle_option_id_foreign` (`product_bundle_option_id`),
  KEY `product_bundle_option_products_product_id_foreign` (`product_id`)
) ENGINE=InnoDB DEFAULT CHARSET=utf8mb4 COLLATE=utf8mb4_unicode_ci ROW_FORMAT=DYNAMIC;
/*!40101 SET character_set_client = @saved_cs_client */;

--
-- Dumping data for table `product_bundle_option_products`
--

LOCK TABLES `product_bundle_option_products` WRITE;
/*!40000 ALTER TABLE `product_bundle_option_products` DISABLE KEYS */;
/*!40000 ALTER TABLE `product_bundle_option_products` ENABLE KEYS */;
UNLOCK TABLES;

--
-- Table structure for table `product_bundle_option_translations`
--

DROP TABLE IF EXISTS `product_bundle_option_translations`;
/*!40101 SET @saved_cs_client     = @@character_set_client */;
/*!50503 SET character_set_client = utf8mb4 */;
CREATE TABLE `product_bundle_option_translations` (
  `id` int unsigned NOT NULL AUTO_INCREMENT,
  `locale` varchar(191) CHARACTER SET utf8mb4 COLLATE utf8mb4_unicode_ci NOT NULL,
  `label` text CHARACTER SET utf8mb4 COLLATE utf8mb4_unicode_ci,
  `product_bundle_option_id` int unsigned NOT NULL,
  PRIMARY KEY (`id`),
  UNIQUE KEY `product_bundle_option_translations_option_id_locale_unique` (`product_bundle_option_id`,`locale`)
) ENGINE=InnoDB DEFAULT CHARSET=utf8mb4 COLLATE=utf8mb4_unicode_ci ROW_FORMAT=DYNAMIC;
/*!40101 SET character_set_client = @saved_cs_client */;

--
-- Dumping data for table `product_bundle_option_translations`
--

LOCK TABLES `product_bundle_option_translations` WRITE;
/*!40000 ALTER TABLE `product_bundle_option_translations` DISABLE KEYS */;
/*!40000 ALTER TABLE `product_bundle_option_translations` ENABLE KEYS */;
UNLOCK TABLES;

--
-- Table structure for table `product_bundle_options`
--

DROP TABLE IF EXISTS `product_bundle_options`;
/*!40101 SET @saved_cs_client     = @@character_set_client */;
/*!50503 SET character_set_client = utf8mb4 */;
CREATE TABLE `product_bundle_options` (
  `id` int unsigned NOT NULL AUTO_INCREMENT,
  `type` varchar(191) CHARACTER SET utf8mb4 COLLATE utf8mb4_unicode_ci NOT NULL,
  `is_required` tinyint(1) NOT NULL DEFAULT '1',
  `sort_order` int NOT NULL DEFAULT '0',
  `product_id` int unsigned NOT NULL,
  PRIMARY KEY (`id`),
  KEY `product_bundle_options_product_id_foreign` (`product_id`)
) ENGINE=InnoDB DEFAULT CHARSET=utf8mb4 COLLATE=utf8mb4_unicode_ci ROW_FORMAT=DYNAMIC;
/*!40101 SET character_set_client = @saved_cs_client */;

--
-- Dumping data for table `product_bundle_options`
--

LOCK TABLES `product_bundle_options` WRITE;
/*!40000 ALTER TABLE `product_bundle_options` DISABLE KEYS */;
/*!40000 ALTER TABLE `product_bundle_options` ENABLE KEYS */;
UNLOCK TABLES;

--
-- Table structure for table `product_categories`
--

DROP TABLE IF EXISTS `product_categories`;
/*!40101 SET @saved_cs_client     = @@character_set_client */;
/*!50503 SET character_set_client = utf8mb4 */;
CREATE TABLE `product_categories` (
  `product_id` int unsigned NOT NULL,
  `category_id` int unsigned NOT NULL,
  KEY `product_categories_product_id_foreign` (`product_id`),
  KEY `product_categories_category_id_foreign` (`category_id`)
) ENGINE=InnoDB DEFAULT CHARSET=utf8mb4 COLLATE=utf8mb4_unicode_ci ROW_FORMAT=DYNAMIC;
/*!40101 SET character_set_client = @saved_cs_client */;

--
-- Dumping data for table `product_categories`
--

LOCK TABLES `product_categories` WRITE;
/*!40000 ALTER TABLE `product_categories` DISABLE KEYS */;
INSERT INTO `product_categories` VALUES (17,2),(62,2),(68,2),(68,3),(68,4),(62,3),(62,4),(17,3),(17,4),(74,2),(80,2),(86,2),(92,2),(98,2),(104,2),(110,2),(116,2),(122,2),(128,2),(134,2),(140,2),(160,2),(163,2),(169,2),(175,2),(182,3),(190,2),(196,2),(199,2),(202,2),(214,2),(208,2),(277,2),(282,2),(288,2),(294,2),(300,2),(306,2),(311,2),(315,2),(320,2),(322,2),(327,2),(333,2),(339,2),(344,2),(349,2),(354,2),(359,2),(361,2),(363,2),(365,2),(369,2),(370,3);
/*!40000 ALTER TABLE `product_categories` ENABLE KEYS */;
UNLOCK TABLES;

--
-- Table structure for table `product_cross_sells`
--

DROP TABLE IF EXISTS `product_cross_sells`;
/*!40101 SET @saved_cs_client     = @@character_set_client */;
/*!50503 SET character_set_client = utf8mb4 */;
CREATE TABLE `product_cross_sells` (
  `parent_id` int unsigned NOT NULL,
  `child_id` int unsigned NOT NULL,
  KEY `product_cross_sells_parent_id_foreign` (`parent_id`),
  KEY `product_cross_sells_child_id_foreign` (`child_id`)
) ENGINE=InnoDB DEFAULT CHARSET=utf8mb4 COLLATE=utf8mb4_unicode_ci ROW_FORMAT=DYNAMIC;
/*!40101 SET character_set_client = @saved_cs_client */;

--
-- Dumping data for table `product_cross_sells`
--

LOCK TABLES `product_cross_sells` WRITE;
/*!40000 ALTER TABLE `product_cross_sells` DISABLE KEYS */;
INSERT INTO `product_cross_sells` VALUES (185,182),(188,185),(188,182),(367,185);
/*!40000 ALTER TABLE `product_cross_sells` ENABLE KEYS */;
UNLOCK TABLES;

--
-- Table structure for table `product_customer_group_prices`
--

DROP TABLE IF EXISTS `product_customer_group_prices`;
/*!40101 SET @saved_cs_client     = @@character_set_client */;
/*!50503 SET character_set_client = utf8mb4 */;
CREATE TABLE `product_customer_group_prices` (
  `id` bigint unsigned NOT NULL AUTO_INCREMENT,
  `qty` int NOT NULL DEFAULT '0',
  `value_type` varchar(191) CHARACTER SET utf8mb4 COLLATE utf8mb4_unicode_ci NOT NULL,
  `value` decimal(12,4) NOT NULL DEFAULT '0.0000',
  `product_id` int unsigned NOT NULL,
  `customer_group_id` int unsigned DEFAULT NULL,
  `created_at` timestamp NULL DEFAULT NULL,
  `updated_at` timestamp NULL DEFAULT NULL,
  PRIMARY KEY (`id`),
  KEY `product_customer_group_prices_product_id_foreign` (`product_id`),
  KEY `product_customer_group_prices_customer_group_id_foreign` (`customer_group_id`)
) ENGINE=InnoDB DEFAULT CHARSET=utf8mb4 COLLATE=utf8mb4_unicode_ci ROW_FORMAT=DYNAMIC;
/*!40101 SET character_set_client = @saved_cs_client */;

--
-- Dumping data for table `product_customer_group_prices`
--

LOCK TABLES `product_customer_group_prices` WRITE;
/*!40000 ALTER TABLE `product_customer_group_prices` DISABLE KEYS */;
/*!40000 ALTER TABLE `product_customer_group_prices` ENABLE KEYS */;
UNLOCK TABLES;

--
-- Table structure for table `product_downloadable_link_translations`
--

DROP TABLE IF EXISTS `product_downloadable_link_translations`;
/*!40101 SET @saved_cs_client     = @@character_set_client */;
/*!50503 SET character_set_client = utf8mb4 */;
CREATE TABLE `product_downloadable_link_translations` (
  `id` int unsigned NOT NULL AUTO_INCREMENT,
  `locale` varchar(191) CHARACTER SET utf8mb4 COLLATE utf8mb4_unicode_ci NOT NULL,
  `title` text CHARACTER SET utf8mb4 COLLATE utf8mb4_unicode_ci,
  `product_downloadable_link_id` int unsigned NOT NULL,
  PRIMARY KEY (`id`),
  KEY `link_translations_link_id_foreign` (`product_downloadable_link_id`)
) ENGINE=InnoDB DEFAULT CHARSET=utf8mb4 COLLATE=utf8mb4_unicode_ci ROW_FORMAT=DYNAMIC;
/*!40101 SET character_set_client = @saved_cs_client */;

--
-- Dumping data for table `product_downloadable_link_translations`
--

LOCK TABLES `product_downloadable_link_translations` WRITE;
/*!40000 ALTER TABLE `product_downloadable_link_translations` DISABLE KEYS */;
/*!40000 ALTER TABLE `product_downloadable_link_translations` ENABLE KEYS */;
UNLOCK TABLES;

--
-- Table structure for table `product_downloadable_links`
--

DROP TABLE IF EXISTS `product_downloadable_links`;
/*!40101 SET @saved_cs_client     = @@character_set_client */;
/*!50503 SET character_set_client = utf8mb4 */;
CREATE TABLE `product_downloadable_links` (
  `id` int unsigned NOT NULL AUTO_INCREMENT,
  `url` varchar(191) CHARACTER SET utf8mb4 COLLATE utf8mb4_unicode_ci DEFAULT NULL,
  `file` varchar(191) CHARACTER SET utf8mb4 COLLATE utf8mb4_unicode_ci DEFAULT NULL,
  `file_name` varchar(191) CHARACTER SET utf8mb4 COLLATE utf8mb4_unicode_ci DEFAULT NULL,
  `type` varchar(191) CHARACTER SET utf8mb4 COLLATE utf8mb4_unicode_ci NOT NULL,
  `price` decimal(12,4) NOT NULL DEFAULT '0.0000',
  `sample_url` varchar(191) CHARACTER SET utf8mb4 COLLATE utf8mb4_unicode_ci DEFAULT NULL,
  `sample_file` varchar(191) CHARACTER SET utf8mb4 COLLATE utf8mb4_unicode_ci DEFAULT NULL,
  `sample_file_name` varchar(191) CHARACTER SET utf8mb4 COLLATE utf8mb4_unicode_ci DEFAULT NULL,
  `sample_type` varchar(191) CHARACTER SET utf8mb4 COLLATE utf8mb4_unicode_ci DEFAULT NULL,
  `downloads` int NOT NULL DEFAULT '0',
  `sort_order` int DEFAULT NULL,
  `product_id` int unsigned NOT NULL,
  `created_at` timestamp NULL DEFAULT NULL,
  `updated_at` timestamp NULL DEFAULT NULL,
  PRIMARY KEY (`id`),
  KEY `product_downloadable_links_product_id_foreign` (`product_id`)
) ENGINE=InnoDB DEFAULT CHARSET=utf8mb4 COLLATE=utf8mb4_unicode_ci ROW_FORMAT=DYNAMIC;
/*!40101 SET character_set_client = @saved_cs_client */;

--
-- Dumping data for table `product_downloadable_links`
--

LOCK TABLES `product_downloadable_links` WRITE;
/*!40000 ALTER TABLE `product_downloadable_links` DISABLE KEYS */;
/*!40000 ALTER TABLE `product_downloadable_links` ENABLE KEYS */;
UNLOCK TABLES;

--
-- Table structure for table `product_downloadable_sample_translations`
--

DROP TABLE IF EXISTS `product_downloadable_sample_translations`;
/*!40101 SET @saved_cs_client     = @@character_set_client */;
/*!50503 SET character_set_client = utf8mb4 */;
CREATE TABLE `product_downloadable_sample_translations` (
  `id` int unsigned NOT NULL AUTO_INCREMENT,
  `locale` varchar(191) CHARACTER SET utf8mb4 COLLATE utf8mb4_unicode_ci NOT NULL,
  `title` text CHARACTER SET utf8mb4 COLLATE utf8mb4_unicode_ci,
  `product_downloadable_sample_id` int unsigned NOT NULL,
  PRIMARY KEY (`id`),
  KEY `sample_translations_sample_id_foreign` (`product_downloadable_sample_id`)
) ENGINE=InnoDB DEFAULT CHARSET=utf8mb4 COLLATE=utf8mb4_unicode_ci ROW_FORMAT=DYNAMIC;
/*!40101 SET character_set_client = @saved_cs_client */;

--
-- Dumping data for table `product_downloadable_sample_translations`
--

LOCK TABLES `product_downloadable_sample_translations` WRITE;
/*!40000 ALTER TABLE `product_downloadable_sample_translations` DISABLE KEYS */;
/*!40000 ALTER TABLE `product_downloadable_sample_translations` ENABLE KEYS */;
UNLOCK TABLES;

--
-- Table structure for table `product_downloadable_samples`
--

DROP TABLE IF EXISTS `product_downloadable_samples`;
/*!40101 SET @saved_cs_client     = @@character_set_client */;
/*!50503 SET character_set_client = utf8mb4 */;
CREATE TABLE `product_downloadable_samples` (
  `id` int unsigned NOT NULL AUTO_INCREMENT,
  `url` varchar(191) CHARACTER SET utf8mb4 COLLATE utf8mb4_unicode_ci DEFAULT NULL,
  `file` varchar(191) CHARACTER SET utf8mb4 COLLATE utf8mb4_unicode_ci DEFAULT NULL,
  `file_name` varchar(191) CHARACTER SET utf8mb4 COLLATE utf8mb4_unicode_ci DEFAULT NULL,
  `type` varchar(191) CHARACTER SET utf8mb4 COLLATE utf8mb4_unicode_ci NOT NULL,
  `sort_order` int DEFAULT NULL,
  `product_id` int unsigned NOT NULL,
  `created_at` timestamp NULL DEFAULT NULL,
  `updated_at` timestamp NULL DEFAULT NULL,
  PRIMARY KEY (`id`),
  KEY `product_downloadable_samples_product_id_foreign` (`product_id`)
) ENGINE=InnoDB DEFAULT CHARSET=utf8mb4 COLLATE=utf8mb4_unicode_ci ROW_FORMAT=DYNAMIC;
/*!40101 SET character_set_client = @saved_cs_client */;

--
-- Dumping data for table `product_downloadable_samples`
--

LOCK TABLES `product_downloadable_samples` WRITE;
/*!40000 ALTER TABLE `product_downloadable_samples` DISABLE KEYS */;
/*!40000 ALTER TABLE `product_downloadable_samples` ENABLE KEYS */;
UNLOCK TABLES;

--
-- Table structure for table `product_flat`
--

DROP TABLE IF EXISTS `product_flat`;
/*!40101 SET @saved_cs_client     = @@character_set_client */;
/*!50503 SET character_set_client = utf8mb4 */;
CREATE TABLE `product_flat` (
  `id` int unsigned NOT NULL AUTO_INCREMENT,
  `sku` varchar(191) CHARACTER SET utf8mb4 COLLATE utf8mb4_unicode_ci NOT NULL,
  `name` varchar(191) CHARACTER SET utf8mb4 COLLATE utf8mb4_unicode_ci DEFAULT NULL,
  `description` text CHARACTER SET utf8mb4 COLLATE utf8mb4_unicode_ci,
  `url_key` varchar(191) CHARACTER SET utf8mb4 COLLATE utf8mb4_unicode_ci DEFAULT NULL,
  `new` tinyint(1) DEFAULT NULL,
  `featured` tinyint(1) DEFAULT NULL,
  `status` tinyint(1) DEFAULT NULL,
  `thumbnail` varchar(191) CHARACTER SET utf8mb4 COLLATE utf8mb4_unicode_ci DEFAULT NULL,
  `price` decimal(12,4) DEFAULT NULL,
  `cost` decimal(12,4) DEFAULT NULL,
  `special_price` decimal(12,4) DEFAULT NULL,
  `special_price_from` date DEFAULT NULL,
  `special_price_to` date DEFAULT NULL,
  `weight` decimal(12,4) DEFAULT NULL,
  `color` int DEFAULT NULL,
  `color_label` varchar(191) CHARACTER SET utf8mb4 COLLATE utf8mb4_unicode_ci DEFAULT NULL,
  `size` int DEFAULT NULL,
  `size_label` varchar(191) CHARACTER SET utf8mb4 COLLATE utf8mb4_unicode_ci DEFAULT NULL,
  `created_at` datetime DEFAULT NULL,
  `locale` varchar(191) CHARACTER SET utf8mb4 COLLATE utf8mb4_unicode_ci DEFAULT NULL,
  `channel` varchar(191) CHARACTER SET utf8mb4 COLLATE utf8mb4_unicode_ci DEFAULT NULL,
  `product_id` int unsigned NOT NULL,
  `updated_at` datetime DEFAULT NULL,
  `parent_id` int unsigned DEFAULT NULL,
  `visible_individually` tinyint(1) DEFAULT NULL,
  `min_price` decimal(12,4) DEFAULT NULL,
  `max_price` decimal(12,4) DEFAULT NULL,
  `short_description` text CHARACTER SET utf8mb4 COLLATE utf8mb4_unicode_ci,
  `meta_title` text CHARACTER SET utf8mb4 COLLATE utf8mb4_unicode_ci,
  `meta_keywords` text CHARACTER SET utf8mb4 COLLATE utf8mb4_unicode_ci,
  `meta_description` text CHARACTER SET utf8mb4 COLLATE utf8mb4_unicode_ci,
  `width` decimal(12,4) DEFAULT NULL,
  `height` decimal(12,4) DEFAULT NULL,
  `depth` decimal(12,4) DEFAULT NULL,
  `bulk` tinyint(1) DEFAULT NULL,
  `expirydate` date DEFAULT NULL,
  PRIMARY KEY (`id`),
  UNIQUE KEY `product_flat_unique_index` (`product_id`,`channel`,`locale`),
  KEY `product_flat_parent_id_foreign` (`parent_id`)
) ENGINE=InnoDB AUTO_INCREMENT=373 DEFAULT CHARSET=utf8mb4 COLLATE=utf8mb4_unicode_ci ROW_FORMAT=DYNAMIC;
/*!40101 SET character_set_client = @saved_cs_client */;

--
-- Dumping data for table `product_flat`
--

LOCK TABLES `product_flat` WRITE;
/*!40000 ALTER TABLE `product_flat` DISABLE KEYS */;
INSERT INTO `product_flat` VALUES (17,'mo-1001','Abdominal Belt','<div class=\"page\" title=\"Page 4\">\r\n<div class=\"section\">\r\n<div class=\"layoutArea\">\r\n<div class=\"column\">\r\n<ul>\r\n<li><span style=\"font-size: 11pt; font-family: Swiss721BT; color: #373435;\">Stand in an upright position. This will make the application of abdominal belt easier.</span></li>\r\n<li><span style=\"color: #373435; font-size: 11pt; font-family: Swiss721BT;\">Place the top of the abdominal suppor t just below the navel.</span></li>\r\n<li><span style=\"color: #373435; font-size: 11pt; font-family: Swiss721BT;\">Stretch out the abdominal belt with both hands, maintaining the position of the belt below the navel line.</span></li>\r\n</ul>\r\n</div>\r\n</div>\r\n</div>\r\n</div>','abdominal-belt',1,1,1,NULL,NULL,NULL,NULL,NULL,NULL,NULL,NULL,NULL,NULL,NULL,'2021-08-10 09:23:54','en','default',17,'2021-08-16 11:25:04',NULL,1,669.0000,769.0000,'<ul>\r\n<li class=\"col-md-3\">\r\n<div class=\"content-wrap\">Dermophillic</div>\r\n</li>\r\n<li class=\"col-md-3\">\r\n<div class=\"content-wrap\">Perfect Elasticity</div>\r\n</li>\r\n<li class=\"col-md-3\">\r\n<div class=\"content-wrap\">Durable</div>\r\n</li>\r\n</ul>','Abdominal Belt','Abdominal Belt,AbdominalBelt,Belt,Body Braces,BodyBraces,BodyBelts','Postoperative conditions of the abdomen',NULL,NULL,NULL,0,NULL),(18,'mo-1001-variant-22-6','Abdominal Belt',NULL,NULL,NULL,NULL,1,NULL,669.0000,NULL,NULL,NULL,NULL,0.0000,22,'Grey',6,'S','2021-08-10 09:23:54','en','default',18,'2021-08-10 09:23:54',17,NULL,669.0000,669.0000,NULL,NULL,NULL,NULL,NULL,NULL,NULL,NULL,NULL),(19,'mo-1001-variant-22-7','Abdominal Belt',NULL,NULL,NULL,NULL,1,NULL,669.0000,NULL,NULL,NULL,NULL,0.0000,22,'Grey',7,'M','2021-08-10 09:23:54','en','default',19,'2021-08-10 09:23:54',17,NULL,669.0000,669.0000,NULL,NULL,NULL,NULL,NULL,NULL,NULL,NULL,NULL),(20,'mo-1001-variant-22-8','Abdominal Belt',NULL,NULL,NULL,NULL,1,NULL,669.0000,NULL,NULL,NULL,NULL,0.0000,22,'Grey',8,'L','2021-08-10 09:23:54','en','default',20,'2021-08-10 09:23:54',17,NULL,669.0000,669.0000,NULL,NULL,NULL,NULL,NULL,NULL,NULL,NULL,NULL),(21,'mo-1001-variant-22-9','Abdominal Belt',NULL,NULL,NULL,NULL,1,NULL,769.0000,NULL,NULL,NULL,NULL,0.0000,22,'Grey',9,'XL','2021-08-10 09:23:54','en','default',21,'2021-08-10 09:23:54',17,NULL,769.0000,769.0000,NULL,NULL,NULL,NULL,NULL,NULL,NULL,NULL,NULL),(22,'mo-1001-variant-22-23','Abdominal Belt',NULL,NULL,NULL,NULL,1,NULL,769.0000,NULL,NULL,NULL,NULL,0.0000,22,'Grey',23,'XXL','2021-08-10 09:23:54','en','default',22,'2021-08-10 09:23:54',17,NULL,769.0000,769.0000,NULL,NULL,NULL,NULL,NULL,NULL,NULL,NULL,NULL),(62,'mo-1002','Lumbo Sacral Support Belt with Double Strapping','<div class=\"page\" title=\"Page 5\">\r\n<div class=\"section\">\r\n<div class=\"layoutArea\">\r\n<div class=\"column\">\r\n<ul>\r\n<li><span style=\"font-size: 11pt; font-family: Swiss721BT; color: #373435;\">Anatomically contoured rigid splints.</span></li>\r\n<li><span style=\"font-size: 11pt; font-family: Swiss721BT; color: #373435;\">Side pulls for added suppor t..</span></li>\r\n<li><span style=\"font-size: 11pt; font-family: Swiss721BT; color: #373435;\">Hook &amp; loop closure for proper fitting.</span></li>\r\n<li><span style=\"font-size: 11pt; font-family: Swiss721BT; color: #373435;\">Simple and quick application.</span></li>\r\n<li><span style=\"color: #373435; font-family: Swiss721BT; font-size: 11pt;\">Breathable and moisture transpor ting weaving.</span></li>\r\n</ul>\r\n</div>\r\n</div>\r\n</div>\r\n</div>\r\n<p>&nbsp;</p>','lumbo-sacral-support-belt-with-double-strapping',1,1,1,NULL,NULL,NULL,NULL,NULL,NULL,NULL,NULL,NULL,NULL,NULL,'2021-08-13 16:55:11','en','default',62,'2021-08-16 11:27:06',NULL,1,749.0000,860.0000,'<ul>\r\n<li class=\"col-md-3\">\r\n<div class=\"content-wrap\">flexible</div>\r\n</li>\r\n<li class=\"col-md-3\">\r\n<div class=\"content-wrap\">duarble</div>\r\n</li>\r\n<li class=\"col-md-3\">\r\n<div class=\"content-wrap\">elastic</div>\r\n</li>\r\n</ul>','Lumbo Sacral Support Belt with Double Strapping','Lumbo Sacral Support Belt with Double Strapping, LS belt, lumbar belt, back support belt.','Use for correct posture, Postoperative care of the lumbar spine, Low back pain, Low back sprains/strains, Lumbar disc injury, Degenerative Disc Disease, Herniated Disc or PIVD',NULL,NULL,NULL,0,NULL),(63,'mo-1002-variant-22-6','Lumbo Sacral Support Belt with Double Strapping',NULL,NULL,NULL,NULL,1,NULL,749.0000,NULL,NULL,NULL,NULL,0.0000,22,'Grey',6,'S','2021-08-13 16:55:11','en','default',63,'2021-08-13 16:55:11',62,NULL,749.0000,749.0000,NULL,NULL,NULL,NULL,NULL,NULL,NULL,NULL,NULL),(64,'mo-1002-variant-22-7','Lumbo Sacral Support Belt with Double Strapping',NULL,NULL,NULL,NULL,1,NULL,749.0000,NULL,NULL,NULL,NULL,0.0000,22,'Grey',7,'M','2021-08-13 16:55:11','en','default',64,'2021-08-13 16:55:11',62,NULL,749.0000,749.0000,NULL,NULL,NULL,NULL,NULL,NULL,NULL,NULL,NULL),(65,'mo-1002-variant-22-8','Lumbo Sacral Support Belt with Double Strapping',NULL,NULL,NULL,NULL,1,NULL,749.0000,NULL,NULL,NULL,NULL,0.0000,22,'Grey',8,'L','2021-08-13 16:55:11','en','default',65,'2021-08-13 16:55:11',62,NULL,749.0000,749.0000,NULL,NULL,NULL,NULL,NULL,NULL,NULL,NULL,NULL),(66,'mo-1002-variant-22-9','Lumbo Sacral Support Belt with Double Strapping',NULL,NULL,NULL,NULL,1,NULL,860.0000,NULL,NULL,NULL,NULL,0.0000,22,'Grey',9,'XL','2021-08-13 16:55:11','en','default',66,'2021-08-13 16:55:11',62,NULL,860.0000,860.0000,NULL,NULL,NULL,NULL,NULL,NULL,NULL,NULL,NULL),(67,'mo-1002-variant-22-23','Lumbo Sacral Support Belt with Double Strapping',NULL,NULL,NULL,NULL,1,NULL,860.0000,NULL,NULL,NULL,NULL,0.0000,22,'Grey',23,'XXL','2021-08-13 16:55:11','en','default',67,'2021-08-13 16:55:11',62,NULL,860.0000,860.0000,NULL,NULL,NULL,NULL,NULL,NULL,NULL,NULL,NULL),(68,'mo-1003','Lumbo Sacral Comfort Belt','<div class=\"page\" title=\"Page 6\">\r\n<div class=\"section\">\r\n<div class=\"layoutArea\">\r\n<div class=\"column\">\r\n<ul>\r\n<li><span style=\"font-size: 11pt; font-family: Swiss721BT; color: #373435;\">Anatomically contoured rigid splints.</span></li>\r\n<li><span style=\"font-size: 11pt; font-family: Swiss721BT; color: #373435;\">Simple and quick application.</span></li>\r\n<li><span style=\"color: #373435; font-family: Swiss721BT; font-size: 11pt;\">&nbsp;Breathable and moisture transporting weaving.</span></li>\r\n</ul>\r\n</div>\r\n</div>\r\n</div>\r\n</div>','lumbo-sacral-comfort-belt',1,1,1,NULL,NULL,NULL,NULL,NULL,NULL,NULL,NULL,NULL,NULL,NULL,'2021-08-13 17:05:57','en','default',68,'2021-08-16 11:27:26',NULL,1,749.0000,877.0000,'<ul>\r\n<li class=\"col-md-3\">\r\n<div class=\"content-wrap\">flexible</div>\r\n</li>\r\n<li class=\"col-md-3\">\r\n<div class=\"content-wrap\">duarble</div>\r\n</li>\r\n<li class=\"col-md-3\">\r\n<div class=\"content-wrap\">comfortable</div>\r\n</li>\r\n</ul>','Lumbo Sacral Comfort Belt','Lumbo Sacral Comfort Belt, LS belt, back support belt, lumbar belt.','Use for correct posture of lower back, Postoperative care of the lumbar spine, Low back pain, Low back sprains/strains, Lumbar disc injury, Degenerative Disc Disease, Herniated Disc or PIVD',NULL,NULL,NULL,1,NULL),(69,'mo-1003-variant-22-6','Lumbo Sacral Comfort Belt',NULL,NULL,NULL,NULL,1,NULL,749.0000,NULL,NULL,NULL,NULL,0.0000,22,'Grey',6,'S','2021-08-13 17:05:57','en','default',69,'2021-08-13 17:05:57',68,NULL,749.0000,749.0000,NULL,NULL,NULL,NULL,NULL,NULL,NULL,NULL,NULL),(70,'mo-1003-variant-22-7','Lumbo Sacral Comfort Belt',NULL,NULL,NULL,NULL,1,NULL,749.0000,NULL,NULL,NULL,NULL,0.0000,22,'Grey',7,'M','2021-08-13 17:05:57','en','default',70,'2021-08-13 17:05:57',68,NULL,749.0000,749.0000,NULL,NULL,NULL,NULL,NULL,NULL,NULL,NULL,NULL),(71,'mo-1003-variant-22-8','Lumbo Sacral Comfort Belt',NULL,NULL,NULL,NULL,1,NULL,749.0000,NULL,NULL,NULL,NULL,0.0000,22,'Grey',8,'L','2021-08-13 17:05:58','en','default',71,'2021-08-13 17:05:58',68,NULL,749.0000,749.0000,NULL,NULL,NULL,NULL,NULL,NULL,NULL,NULL,NULL),(72,'mo-1003-variant-22-9','Lumbo Sacral Comfort Belt',NULL,NULL,NULL,NULL,1,NULL,877.0000,NULL,NULL,NULL,NULL,0.0000,22,'Grey',9,'XL','2021-08-13 17:05:58','en','default',72,'2021-08-13 17:05:58',68,NULL,877.0000,877.0000,NULL,NULL,NULL,NULL,NULL,NULL,NULL,NULL,NULL),(73,'mo-1003-variant-22-23','Lumbo Sacral Comfort Belt',NULL,NULL,NULL,NULL,1,NULL,877.0000,NULL,NULL,NULL,NULL,0.0000,22,'Grey',23,'XXL','2021-08-13 17:05:58','en','default',73,'2021-08-13 17:05:58',68,NULL,877.0000,877.0000,NULL,NULL,NULL,NULL,NULL,NULL,NULL,NULL,NULL),(74,'mo-1004','Lumbo Sacral Corset Belt','<div class=\"page\" title=\"Page 7\">\r\n<div class=\"section\">\r\n<div class=\"layoutArea\">\r\n<div class=\"column\">\r\n<ul>\r\n<li><span style=\"font-size: 11pt; font-family: Swiss721BT; color: #373435;\">Anatomically contoured rigid splints.</span></li>\r\n<li><span style=\"font-size: 11pt; font-family: Swiss721BT; color: #373435;\">Side pulls for added support.</span></li>\r\n<li><span style=\"font-size: 11pt; font-family: Swiss721BT; color: #373435;\">Hook &amp; loop closure for proper fitting.</span></li>\r\n<li><span style=\"font-size: 11pt; font-family: Swiss721BT; color: #373435;\">Simple and quick application.</span></li>\r\n<li><span style=\"color: #373435; font-family: Swiss721BT; font-size: 11pt;\">Breathable and moisture transporting weaving.</span></li>\r\n</ul>\r\n</div>\r\n</div>\r\n</div>\r\n</div>','lumbo-sacral-corset-belt',1,1,1,NULL,NULL,NULL,NULL,NULL,NULL,NULL,NULL,NULL,NULL,NULL,'2021-08-23 17:23:51','en','default',74,'2021-08-23 18:09:33',NULL,1,0.0000,0.0000,'<ul>\r\n<li class=\"col-md-3\">\r\n<div class=\"content-wrap\">Rigid</div>\r\n</li>\r\n<li class=\"col-md-3\">\r\n<div class=\"content-wrap\">Duarble</div>\r\n</li>\r\n<li class=\"col-md-3\">\r\n<div class=\"content-wrap\">Simple</div>\r\n</li>\r\n</ul>','Lumbo Sacral Corset Belt.','Lumbo Sacral Corset Belt, sacral belt, LS belt.','Used anytime while sitting, walking or driving to maintain the correct posture of lower back, Postoperative care of the lumbar spine, Low back pain, Low back sprains/strains, Lumbar disc injury, Degenerative Disc Disease, Herniated Disc or PIVD',NULL,NULL,NULL,1,NULL),(75,'mo-1004-variant-22-6','Lumbo Sacral Corset Belt',NULL,NULL,NULL,NULL,1,NULL,1010.0000,NULL,NULL,NULL,NULL,0.0000,22,'Grey',6,'S','2021-08-23 17:23:51','en','default',75,'2021-08-23 17:23:51',74,NULL,1010.0000,1010.0000,NULL,NULL,NULL,NULL,NULL,NULL,NULL,NULL,NULL),(76,'mo-1004-variant-22-7','Lumbo Sacral Corset Belt',NULL,NULL,NULL,NULL,1,NULL,1010.0000,NULL,NULL,NULL,NULL,0.0000,22,'Grey',7,'M','2021-08-23 17:23:51','en','default',76,'2021-08-23 17:23:51',74,NULL,1010.0000,1010.0000,NULL,NULL,NULL,NULL,NULL,NULL,NULL,NULL,NULL),(77,'mo-1004-variant-22-8','Lumbo Sacral Corset Belt',NULL,NULL,NULL,NULL,1,NULL,1010.0000,NULL,NULL,NULL,NULL,0.0000,22,'Grey',8,'L','2021-08-23 17:23:51','en','default',77,'2021-08-23 17:23:51',74,NULL,1010.0000,1010.0000,NULL,NULL,NULL,NULL,NULL,NULL,NULL,NULL,NULL),(78,'mo-1004-variant-22-9','Lumbo Sacral Corset Belt',NULL,NULL,NULL,NULL,1,NULL,1111.0000,NULL,NULL,NULL,NULL,0.0000,22,'Grey',9,'XL','2021-08-23 17:23:51','en','default',78,'2021-08-23 17:23:51',74,NULL,1111.0000,1111.0000,NULL,NULL,NULL,NULL,NULL,NULL,NULL,NULL,NULL),(79,'mo-1004-variant-22-23','Lumbo Sacral Corset Belt',NULL,NULL,NULL,NULL,1,NULL,1111.0000,NULL,NULL,NULL,NULL,0.0000,22,'Grey',23,'XXL','2021-08-23 17:23:51','en','default',79,'2021-08-23 17:23:51',74,NULL,1111.0000,1111.0000,NULL,NULL,NULL,NULL,NULL,NULL,NULL,NULL,NULL),(80,'mo-1005','Rib Belt','<div class=\"page\" title=\"Page 8\">\r\n<div class=\"section\">\r\n<div class=\"layoutArea\">\r\n<div class=\"column\">\r\n<ul>\r\n<li><span style=\"font-size: 11pt; font-family: Swiss721BT; color: #373435;\">Hook &amp; loop closure for easy application and removable.</span></li>\r\n<li><span style=\"color: #373435; font-family: Swiss721BT; font-size: 11pt;\">Breathable and moisture-transporting&nbsp;</span><span style=\"color: #373435; font-family: Swiss721BT; font-size: 11pt;\">weaving.</span></li>\r\n<li><span style=\"color: #373435; font-family: Swiss721BT; font-size: 11pt;\">Simple and quick application.</span></li>\r\n</ul>\r\n</div>\r\n</div>\r\n</div>\r\n</div>','rib-belt',1,1,1,NULL,NULL,NULL,NULL,NULL,NULL,NULL,NULL,NULL,NULL,NULL,'2021-08-23 18:14:32','en','default',80,'2021-08-23 18:28:02',NULL,1,0.0000,0.0000,'<ul>\r\n<li class=\"col-md-3\">\r\n<div class=\"content-wrap\">Porous</div>\r\n</li>\r\n<li class=\"col-md-3\">\r\n<div class=\"content-wrap\">Breathable</div>\r\n</li>\r\n<li class=\"col-md-3\">\r\n<div class=\"content-wrap\">Comfortable</div>\r\n</li>\r\n</ul>','Rib Belt','Rib Belt, chest support.','Rib fracture, Intercostal muscle strain, Chest pain\r\n',NULL,NULL,NULL,1,NULL),(81,'mo-1005-variant-22-6','Rib Belt',NULL,NULL,NULL,NULL,1,NULL,549.0000,NULL,NULL,NULL,NULL,0.0000,22,'Grey',6,'S','2021-08-23 18:14:32','en','default',81,'2021-08-23 18:14:32',80,NULL,549.0000,549.0000,NULL,NULL,NULL,NULL,NULL,NULL,NULL,NULL,NULL),(82,'mo-1005-variant-22-7','Rib Belt',NULL,NULL,NULL,NULL,1,NULL,549.0000,NULL,NULL,NULL,NULL,0.0000,22,'Grey',7,'M','2021-08-23 18:14:32','en','default',82,'2021-08-23 18:14:32',80,NULL,549.0000,549.0000,NULL,NULL,NULL,NULL,NULL,NULL,NULL,NULL,NULL),(83,'mo-1005-variant-22-8','Rib Belt',NULL,NULL,NULL,NULL,1,NULL,549.0000,NULL,NULL,NULL,NULL,0.0000,22,'Grey',8,'L','2021-08-23 18:14:32','en','default',83,'2021-08-23 18:14:32',80,NULL,549.0000,549.0000,NULL,NULL,NULL,NULL,NULL,NULL,NULL,NULL,NULL),(84,'mo-1005-variant-22-9','Rib Belt',NULL,NULL,NULL,NULL,1,NULL,630.0000,NULL,NULL,NULL,NULL,0.0000,22,'Grey',9,'XL','2021-08-23 18:14:32','en','default',84,'2021-08-23 18:14:32',80,NULL,630.0000,630.0000,NULL,NULL,NULL,NULL,NULL,NULL,NULL,NULL,NULL),(85,'mo-1005-variant-22-23','Rib Belt',NULL,NULL,NULL,NULL,1,NULL,630.0000,NULL,NULL,NULL,NULL,0.0000,22,'Grey',23,'XXL','2021-08-23 18:14:32','en','default',85,'2021-08-23 18:14:32',80,NULL,630.0000,630.0000,NULL,NULL,NULL,NULL,NULL,NULL,NULL,NULL,NULL),(86,'mo-1006','Chest Belt','<div class=\"page\" title=\"Page 9\">\r\n<div class=\"section\">\r\n<div class=\"layoutArea\">\r\n<div class=\"column\">\r\n<ul>\r\n<li><span style=\"font-size: 11pt; font-family: Swiss721BT; color: #373435;\">Hook &amp; loop closure for easy application and removal.</span></li>\r\n<li><span style=\"color: #373435; font-family: Swiss721BT; font-size: 11pt;\">With splinting pad for patent comfort.</span></li>\r\n<li><span style=\"color: #373435; font-family: Swiss721BT; font-size: 11pt;\">Breathable and moisture-transporting&nbsp;</span><span style=\"color: #373435; font-family: Swiss721BT; font-size: 11pt;\">weaving.</span></li>\r\n</ul>\r\n<p>&nbsp;</p>\r\n</div>\r\n</div>\r\n</div>\r\n</div>','chest-belt',1,1,1,NULL,NULL,NULL,NULL,NULL,NULL,NULL,NULL,NULL,NULL,NULL,'2021-08-23 18:48:14','en','default',86,'2021-08-23 19:04:04',NULL,1,0.0000,0.0000,'<ul>\r\n<li class=\"col-md-3\">\r\n<div class=\"content-wrap\">Simple</div>\r\n</li>\r\n<li class=\"col-md-3\">\r\n<div class=\"content-wrap\">Brethable</div>\r\n</li>\r\n<li class=\"col-md-3\">\r\n<div class=\"content-wrap\">Comfortable</div>\r\n</li>\r\n</ul>','Chest Belt','Chest Belt, chest support, rib fracture belt','Stabilization of fracture of sternum, Protecting and binding surgical incision of the chest, Post Cardio-thoracic surgeries, pain management.',NULL,NULL,NULL,1,NULL),(87,'mo-1006-variant-22-6','Chest Belt',NULL,NULL,NULL,NULL,1,NULL,799.0000,NULL,NULL,NULL,NULL,0.0000,22,'Grey',6,'S','2021-08-23 18:48:14','en','default',87,'2021-08-23 18:48:14',86,NULL,799.0000,799.0000,NULL,NULL,NULL,NULL,NULL,NULL,NULL,NULL,NULL),(88,'mo-1006-variant-22-7','Chest Belt',NULL,NULL,NULL,NULL,1,NULL,799.0000,NULL,NULL,NULL,NULL,0.0000,22,'Grey',7,'M','2021-08-23 18:48:14','en','default',88,'2021-08-23 18:48:14',86,NULL,799.0000,799.0000,NULL,NULL,NULL,NULL,NULL,NULL,NULL,NULL,NULL),(89,'mo-1006-variant-22-8','Chest Belt',NULL,NULL,NULL,NULL,1,NULL,799.0000,NULL,NULL,NULL,NULL,0.0000,22,'Grey',8,'L','2021-08-23 18:48:14','en','default',89,'2021-08-23 18:48:14',86,NULL,799.0000,799.0000,NULL,NULL,NULL,NULL,NULL,NULL,NULL,NULL,NULL),(90,'mo-1006-variant-22-9','Chest Belt',NULL,NULL,NULL,NULL,1,NULL,918.0000,NULL,NULL,NULL,NULL,0.0000,22,'Grey',9,'XL','2021-08-23 18:48:14','en','default',90,'2021-08-23 18:48:14',86,NULL,918.0000,918.0000,NULL,NULL,NULL,NULL,NULL,NULL,NULL,NULL,NULL),(91,'mo-1006-variant-22-23','Chest Belt',NULL,NULL,NULL,NULL,1,NULL,918.0000,NULL,NULL,NULL,NULL,0.0000,22,'Grey',23,'XXL','2021-08-23 18:48:14','en','default',91,'2021-08-23 18:48:14',86,NULL,918.0000,918.0000,NULL,NULL,NULL,NULL,NULL,NULL,NULL,NULL,NULL),(92,'mo-1007','Taylor Brace','<div class=\"page\" title=\"Page 10\">\r\n<div class=\"section\">\r\n<div class=\"layoutArea\">\r\n<div class=\"column\">\r\n<ul>\r\n<li><span style=\"font-size: 11pt; font-family: Swiss721BT; color: #373435;\">Anatomically contoured splints for perfect immobilization.</span></li>\r\n<li><span style=\"color: #373435; font-family: Swiss721BT; font-size: 11pt;\">Clavicle straps with cotton stockinet to correct shoulder posture.</span></li>\r\n<li><span style=\"color: #373435; font-family: Swiss721BT; font-size: 11pt;\">Thoracic straps provides additional support.</span></li>\r\n<li><span style=\"color: #373435; font-family: Swiss721BT; font-size: 11pt;\">Abdomen elastic panel with hook loop closers for easy application and support.</span></li>\r\n<li><span style=\"color: #373435; font-family: Swiss721BT; font-size: 11pt;\">Hook &amp; loop closure for proper fitting.</span></li>\r\n<li><span style=\"color: #373435; font-family: Swiss721BT; font-size: 11pt;\">Simple and quick application.</span></li>\r\n</ul>\r\n</div>\r\n</div>\r\n</div>\r\n</div>','taylor-brace',1,1,1,NULL,NULL,NULL,NULL,NULL,NULL,NULL,NULL,NULL,NULL,NULL,'2021-08-23 19:05:06','en','default',92,'2021-08-23 19:21:36',NULL,1,0.0000,0.0000,'<ul>\r\n<li class=\"col-md-3\">\r\n<div class=\"content-wrap\">Flexible</div>\r\n</li>\r\n<li class=\"col-md-3\">\r\n<div class=\"content-wrap\">Comfortable</div>\r\n</li>\r\n</ul>','Taylor Brace','Taylor Brace, posture correct belt, lumbo sacral belt','Postural deformity,Osteoporosis of the spine, Post operative care of spine, Mild thoraces and Lumber injuries, Degenerative Disc Disease\r\nHerniated Disc or PIVD',NULL,NULL,NULL,1,NULL),(93,'mo-1007-variant-22-6','Taylor Brace',NULL,NULL,NULL,NULL,1,NULL,1828.0000,NULL,NULL,NULL,NULL,0.0000,22,'Grey',6,'S','2021-08-23 19:05:06','en','default',93,'2021-08-23 19:05:06',92,NULL,1828.0000,1828.0000,NULL,NULL,NULL,NULL,NULL,NULL,NULL,NULL,NULL),(94,'mo-1007-variant-22-7','Taylor Brace',NULL,NULL,NULL,NULL,1,NULL,1828.0000,NULL,NULL,NULL,NULL,0.0000,22,'Grey',7,'M','2021-08-23 19:05:06','en','default',94,'2021-08-23 19:05:06',92,NULL,1828.0000,1828.0000,NULL,NULL,NULL,NULL,NULL,NULL,NULL,NULL,NULL),(95,'mo-1007-variant-22-8','Taylor Brace',NULL,NULL,NULL,NULL,1,NULL,1828.0000,NULL,NULL,NULL,NULL,0.0000,22,'Grey',8,'L','2021-08-23 19:05:06','en','default',95,'2021-08-23 19:05:06',92,NULL,1828.0000,1828.0000,NULL,NULL,NULL,NULL,NULL,NULL,NULL,NULL,NULL),(96,'mo-1007-variant-22-9','Taylor Brace',NULL,NULL,NULL,NULL,1,NULL,1949.0000,NULL,NULL,NULL,NULL,0.0000,22,'Grey',9,'XL','2021-08-23 19:05:07','en','default',96,'2021-08-23 19:05:07',92,NULL,1949.0000,1949.0000,NULL,NULL,NULL,NULL,NULL,NULL,NULL,NULL,NULL),(97,'mo-1007-variant-22-23','Taylor Brace',NULL,NULL,NULL,NULL,1,NULL,1949.0000,NULL,NULL,NULL,NULL,0.0000,22,'Grey',23,'XXL','2021-08-23 19:05:07','en','default',97,'2021-08-23 19:05:07',92,NULL,1949.0000,1949.0000,NULL,NULL,NULL,NULL,NULL,NULL,NULL,NULL,NULL),(98,'mo-1008','Maternity Belt','<div class=\"page\" title=\"Page 11\">\r\n<div class=\"section\">\r\n<div class=\"layoutArea\">\r\n<div class=\"column\">\r\n<ul>\r\n<li><span style=\"font-size: 10pt; font-family: Swiss721BT; color: #373435;\">Split elastic panel gives a good grip to the back splints, ensure no harsh pressure to the baby. Lifts the baby to reduce load to the mother.</span></li>\r\n<li><span style=\"color: #373435; font-family: Swiss721BT; font-size: 10pt;\">Anatomical pre shaped splints ensure comfortable support to the spine, provide perfect fitting and allays back pain associated with pregnancy.</span></li>\r\n<li><span style=\"color: #373435; font-family: Swiss721BT; font-size: 10pt;\"> Provides effective immobilization of the back and relieves muscular stress due to wrong posture.</span></li>\r\n</ul>\r\n</div>\r\n</div>\r\n</div>\r\n</div>','maternity-belt',1,1,1,NULL,NULL,NULL,NULL,NULL,NULL,NULL,NULL,NULL,NULL,NULL,'2021-08-23 19:22:35','en','default',98,'2021-08-23 19:37:20',NULL,1,0.0000,0.0000,'<ul>\r\n<li class=\"col-md-3\">\r\n<div class=\"content-wrap\">Flexible</div>\r\n</li>\r\n<li class=\"col-md-3\">\r\n<div class=\"content-wrap\">Duarble</div>\r\n</li>\r\n<li class=\"col-md-3\">\r\n<div class=\"content-wrap\">Porous</div>\r\n</li>\r\n</ul>','Maternity Belt','Maternity Belt, pregnancy belt','Belly bands help decrease your pain, Round ligament pain, External cues for posture, Allow you to engage comfortably in daily\r\nactivities, It can be worn after pregnancy for support, Supporting the lower back, cesarean delivery, Improving blood circulation.',NULL,NULL,NULL,1,NULL),(99,'mo-1008-variant-22-6','Maternity Belt',NULL,NULL,NULL,NULL,1,NULL,650.0000,NULL,NULL,NULL,NULL,0.0000,22,'Grey',6,'S','2021-08-23 19:22:35','en','default',99,'2021-08-23 19:22:35',98,NULL,650.0000,650.0000,NULL,NULL,NULL,NULL,NULL,NULL,NULL,NULL,NULL),(100,'mo-1008-variant-22-7','Maternity Belt',NULL,NULL,NULL,NULL,1,NULL,650.0000,NULL,NULL,NULL,NULL,0.0000,22,'Grey',7,'M','2021-08-23 19:22:35','en','default',100,'2021-08-23 19:22:35',98,NULL,650.0000,650.0000,NULL,NULL,NULL,NULL,NULL,NULL,NULL,NULL,NULL),(101,'mo-1008-variant-22-8','Maternity Belt',NULL,NULL,NULL,NULL,1,NULL,650.0000,NULL,NULL,NULL,NULL,0.0000,22,'Grey',8,'L','2021-08-23 19:22:35','en','default',101,'2021-08-23 19:22:35',98,NULL,650.0000,650.0000,NULL,NULL,NULL,NULL,NULL,NULL,NULL,NULL,NULL),(102,'mo-1008-variant-22-9','Maternity Belt',NULL,NULL,NULL,NULL,1,NULL,650.0000,NULL,NULL,NULL,NULL,0.0000,22,'Grey',9,'XL','2021-08-23 19:22:35','en','default',102,'2021-08-23 19:22:35',98,NULL,650.0000,650.0000,NULL,NULL,NULL,NULL,NULL,NULL,NULL,NULL,NULL),(103,'mo-1008-variant-22-23','Maternity Belt',NULL,NULL,NULL,NULL,1,NULL,650.0000,NULL,NULL,NULL,NULL,0.0000,22,'Grey',23,'XXL','2021-08-23 19:22:36','en','default',103,'2021-08-23 19:22:36',98,NULL,650.0000,650.0000,NULL,NULL,NULL,NULL,NULL,NULL,NULL,NULL,NULL),(104,'mo-1009','Pelvic Binder','<div class=\"page\" title=\"Page 12\">\r\n<div class=\"section\">\r\n<div class=\"layoutArea\">\r\n<div class=\"column\">\r\n<ul>\r\n<li><span style=\"font-size: 11pt; font-family: Swiss721BT; color: #373435;\">Pelvic Binder lessens pain and movement during transfer and permit clean access for Laparotomy and Angiography by releasing individual strap fastener.</span></li>\r\n</ul>\r\n<p>&nbsp;</p>\r\n</div>\r\n</div>\r\n</div>\r\n</div>','pelvic-binder',1,1,1,NULL,NULL,NULL,NULL,NULL,NULL,NULL,NULL,NULL,NULL,NULL,'2021-08-23 19:38:32','en','default',104,'2021-08-23 19:49:08',NULL,1,590.0000,678.0000,'<ul>\r\n<li class=\"col-md-3\">\r\n<div class=\"content-wrap\">Comfortable</div>\r\n</li>\r\n<li class=\"col-md-3\">\r\n<div class=\"content-wrap\">Easy to apply</div>\r\n</li>\r\n</ul>','Pelvic Binder','Pelvic Binder, tummy binder',' Pelvic Fracture, Associated Visceral / Neural Injury',NULL,NULL,NULL,1,NULL),(105,'mo-1009-variant-22-6','Pelvic Binder',NULL,NULL,NULL,NULL,1,NULL,590.0000,NULL,NULL,NULL,NULL,0.0000,22,'Grey',6,'S','2021-08-23 19:38:32','en','default',105,'2021-08-23 19:38:32',104,NULL,590.0000,590.0000,NULL,NULL,NULL,NULL,NULL,NULL,NULL,NULL,NULL),(106,'mo-1009-variant-22-7','Pelvic Binder',NULL,NULL,NULL,NULL,1,NULL,590.0000,NULL,NULL,NULL,NULL,0.0000,22,'Grey',7,'M','2021-08-23 19:38:32','en','default',106,'2021-08-23 19:38:32',104,NULL,590.0000,590.0000,NULL,NULL,NULL,NULL,NULL,NULL,NULL,NULL,NULL),(107,'mo-1009-variant-22-8','Pelvic Binder',NULL,NULL,NULL,NULL,1,NULL,590.0000,NULL,NULL,NULL,NULL,0.0000,22,'Grey',8,'L','2021-08-23 19:38:32','en','default',107,'2021-08-23 19:38:32',104,NULL,590.0000,590.0000,NULL,NULL,NULL,NULL,NULL,NULL,NULL,NULL,NULL),(108,'mo-1009-variant-22-9','Pelvic Binder',NULL,NULL,NULL,NULL,1,NULL,678.0000,NULL,NULL,NULL,NULL,0.0000,22,'Grey',9,'XL','2021-08-23 19:38:32','en','default',108,'2021-08-23 19:38:32',104,NULL,678.0000,678.0000,NULL,NULL,NULL,NULL,NULL,NULL,NULL,NULL,NULL),(109,'mo-1009-variant-22-23','Pelvic Binder',NULL,NULL,NULL,NULL,1,NULL,678.0000,NULL,NULL,NULL,NULL,0.0000,22,'Grey',23,'XXL','2021-08-23 19:38:32','en','default',109,'2021-08-23 19:38:32',104,NULL,678.0000,678.0000,NULL,NULL,NULL,NULL,NULL,NULL,NULL,NULL,NULL),(110,'mo-2001','Cervical Collar Soft with Support (O.E.)','<div class=\"page\" title=\"Page 13\">\r\n<div class=\"section\">\r\n<div class=\"layoutArea\">\r\n<div class=\"column\">\r\n<ul>\r\n<li><span style=\"font-size: 11pt; font-family: Swiss721BT; color: #373435;\">Made of firm density foam,&nbsp;Covered with a soft. s</span></li>\r\n<li><span style=\"font-size: 11pt; font-family: Swiss721BT; color: #373435;\">Smooth cotton&nbsp;</span><span style=\"font-size: 11pt; font-family: Swiss721BT; color: #373435;\">stockinet,&nbsp;Splint inside for better neck support.</span></li>\r\n<li><span style=\"font-size: 11pt; font-family: Swiss721BT; color: #373435;\"> Eyelets for better ventilation.</span></li>\r\n<li><span style=\"font-size: 11pt; font-family: Swiss721BT; color: #373435;\">Hook &amp; Loop closers for proper fit.</span></li>\r\n</ul>\r\n</div>\r\n</div>\r\n</div>\r\n</div>','cervical-collar-soft-with-support-oe',1,1,1,NULL,NULL,NULL,NULL,NULL,NULL,NULL,NULL,NULL,NULL,NULL,'2021-08-23 19:50:48','en','default',110,'2021-08-23 21:15:31',NULL,1,0.0000,0.0000,'<ul>\r\n<li class=\"col-md-3\">\r\n<div class=\"content-wrap\">Comfortable</div>\r\n</li>\r\n<li class=\"col-md-3\">\r\n<div class=\"content-wrap\">Duarble</div>\r\n</li>\r\n<li class=\"col-md-3\">\r\n<div class=\"content-wrap\">Brethable</div>\r\n</li>\r\n</ul>','Cervical Collar Soft with\r\nSupport (O.E.)','Cervical Collar Soft with Support  (O.E.), cervical belt, cervical collar, cervical support','Cervical Trauma, Neck Pain and Stiffness, Excessive Mobility, Rheumatoid Arthritis, Strain of Neck Muscles, Whiplash Recovery, Degenerative Disc Disease',NULL,NULL,NULL,1,NULL),(111,'mo-2001-variant-22-6','Cervical Collar Soft with Support (O.E.)',NULL,NULL,NULL,NULL,1,NULL,300.0000,NULL,NULL,NULL,NULL,0.0000,22,'Grey',6,'S','2021-08-23 19:50:48','en','default',111,'2021-08-23 19:50:48',110,NULL,300.0000,300.0000,NULL,NULL,NULL,NULL,NULL,NULL,NULL,NULL,NULL),(112,'mo-2001-variant-22-7','Cervical Collar Soft with Support (O.E.)',NULL,NULL,NULL,NULL,1,NULL,300.0000,NULL,NULL,NULL,NULL,0.0000,22,'Grey',7,'M','2021-08-23 19:50:48','en','default',112,'2021-08-23 19:50:48',110,NULL,300.0000,300.0000,NULL,NULL,NULL,NULL,NULL,NULL,NULL,NULL,NULL),(113,'mo-2001-variant-22-8','Cervical Collar Soft with Support (O.E.)',NULL,NULL,NULL,NULL,1,NULL,300.0000,NULL,NULL,NULL,NULL,0.0000,22,'Grey',8,'L','2021-08-23 19:50:48','en','default',113,'2021-08-23 19:50:48',110,NULL,300.0000,300.0000,NULL,NULL,NULL,NULL,NULL,NULL,NULL,NULL,NULL),(114,'mo-2001-variant-22-9','Cervical Collar Soft with Support (O.E.)',NULL,NULL,NULL,NULL,1,NULL,300.0000,NULL,NULL,NULL,NULL,0.0000,22,'Grey',9,'XL','2021-08-23 19:50:48','en','default',114,'2021-08-23 19:50:48',110,NULL,300.0000,300.0000,NULL,NULL,NULL,NULL,NULL,NULL,NULL,NULL,NULL),(115,'mo-2001-variant-22-23','Cervical Collar Soft with Support (O.E.)',NULL,NULL,NULL,NULL,1,NULL,300.0000,NULL,NULL,NULL,NULL,0.0000,22,'Grey',23,'XXL','2021-08-23 19:50:48','en','default',115,'2021-08-23 19:50:48',110,NULL,300.0000,300.0000,NULL,NULL,NULL,NULL,NULL,NULL,NULL,NULL,NULL),(116,'mo-2002','Cervical Collar Soft','<div class=\"page\" title=\"Page 14\">\r\n<div class=\"page\" title=\"Page 14\">\r\n<div class=\"section\">\r\n<div class=\"layoutArea\">\r\n<div class=\"column\">\r\n<ul>\r\n<li><span style=\"font-size: 11pt; font-family: Swiss721BT; color: #373435;\">Made of firm density foam.</span></li>\r\n<li><span style=\"font-size: 11pt; font-family: Swiss721BT; color: #373435;\">Covered with a soft, smooth cotton&nbsp;</span><span style=\"color: #373435; font-family: Swiss721BT; font-size: 11pt;\">stockinet.</span></li>\r\n<li><span style=\"color: #373435; font-family: Swiss721BT; font-size: 11pt;\">&nbsp;Splint inside for better neck support.</span></li>\r\n<li><span style=\"color: #373435; font-family: Swiss721BT; font-size: 11pt;\">Eyelets for better ventilation.</span></li>\r\n<li><span style=\"color: #373435; font-family: Swiss721BT; font-size: 11pt;\">Hook &amp; Loop closers for proper fit.</span></li>\r\n</ul>\r\n</div>\r\n</div>\r\n</div>\r\n</div>\r\n</div>','cervical-collar-soft',1,1,1,NULL,NULL,NULL,NULL,NULL,NULL,NULL,NULL,NULL,NULL,NULL,'2021-08-23 21:20:27','en','default',116,'2021-08-23 21:34:02',NULL,1,0.0000,0.0000,'<ul>\r\n<li class=\"col-md-3\">\r\n<div class=\"content-wrap\">flexible</div>\r\n</li>\r\n<li class=\"col-md-3\">\r\n<div class=\"content-wrap\">duarble</div>\r\n</li>\r\n<li class=\"col-md-3\">\r\n<div class=\"content-wrap\">comfortable</div>\r\n</li>\r\n</ul>','Cervical Collar Soft','Cervical Collar Soft, neck belt, cervical belt.','Cervical Trauma, Neck Pain and Stiffness, Excessive Mobility, Rheumatoid Arthritis, Strain of Neck Muscles, Whiplash Recovery -Degenerative Disc Disease',NULL,NULL,NULL,1,NULL),(117,'mo-2002-variant-22-6','Cervical Collar Soft',NULL,NULL,NULL,NULL,1,NULL,270.0000,NULL,NULL,NULL,NULL,0.0000,22,'Grey',6,'S','2021-08-23 21:20:27','en','default',117,'2021-08-23 21:20:27',116,NULL,270.0000,270.0000,NULL,NULL,NULL,NULL,NULL,NULL,NULL,NULL,NULL),(118,'mo-2002-variant-22-7','Cervical Collar Soft',NULL,NULL,NULL,NULL,1,NULL,270.0000,NULL,NULL,NULL,NULL,0.0000,22,'Grey',7,'M','2021-08-23 21:20:27','en','default',118,'2021-08-23 21:20:27',116,NULL,270.0000,270.0000,NULL,NULL,NULL,NULL,NULL,NULL,NULL,NULL,NULL),(119,'mo-2002-variant-22-8','Cervical Collar Soft',NULL,NULL,NULL,NULL,1,NULL,270.0000,NULL,NULL,NULL,NULL,0.0000,22,'Grey',8,'L','2021-08-23 21:20:27','en','default',119,'2021-08-23 21:20:27',116,NULL,270.0000,270.0000,NULL,NULL,NULL,NULL,NULL,NULL,NULL,NULL,NULL),(120,'mo-2002-variant-22-9','Cervical Collar Soft',NULL,NULL,NULL,NULL,1,NULL,270.0000,NULL,NULL,NULL,NULL,0.0000,22,'Grey',9,'XL','2021-08-23 21:20:27','en','default',120,'2021-08-23 21:20:27',116,NULL,270.0000,270.0000,NULL,NULL,NULL,NULL,NULL,NULL,NULL,NULL,NULL),(121,'mo-2002-variant-22-23','Cervical Collar Soft',NULL,NULL,NULL,NULL,1,NULL,270.0000,NULL,NULL,NULL,NULL,0.0000,22,'Grey',23,'XXL','2021-08-23 21:20:28','en','default',121,'2021-08-23 21:20:28',116,NULL,270.0000,270.0000,NULL,NULL,NULL,NULL,NULL,NULL,NULL,NULL,NULL),(122,'mo-2003','Cervical Collar Hard','<div class=\"page\" title=\"Page 15\">\r\n<div class=\"section\">\r\n<div class=\"layoutArea\">\r\n<div class=\"column\">\r\n<ul>\r\n<li><span style=\"font-size: 11pt; font-family: Swiss721BT; color: #373435;\">Two-piece design with height adjustment ensures perfect immobilization of the neck.</span></li>\r\n<li><span style=\"color: #373435; font-family: Swiss721BT; font-size: 11pt;\">Easy to clean maintain.</span></li>\r\n<li><span style=\"color: #373435; font-family: Swiss721BT; font-size: 11pt;\">Hook &amp; Loop closers for proper fit.&nbsp;</span></li>\r\n</ul>\r\n</div>\r\n</div>\r\n</div>\r\n</div>','cervical-collar-hard',1,1,1,NULL,NULL,NULL,NULL,NULL,NULL,NULL,NULL,NULL,NULL,NULL,'2021-08-23 21:35:15','en','default',122,'2021-08-23 21:43:53',NULL,1,0.0000,0.0000,'<ul>\r\n<li class=\"col-md-3\">\r\n<div class=\"content-wrap\">flexible</div>\r\n</li>\r\n<li class=\"col-md-3\">\r\n<div class=\"content-wrap\">duarble</div>\r\n</li>\r\n<li class=\"col-md-3\">\r\n<div class=\"content-wrap\">comfortable</div>\r\n</li>\r\n</ul>','Cervical Collar Hard','Cervical Collar Hard, cervical collar, cervical brace','Cervical Trauma, Accidental Trauma, Cervical Spondylitis, Rheumatoid. Arthritis, Strain of Neck Muscles, Whiplash Recovery, Degenerative Disc Disease',NULL,NULL,NULL,1,NULL),(123,'mo-2003-variant-22-6','Cervical Collar Hard',NULL,NULL,NULL,NULL,1,NULL,450.0000,NULL,NULL,NULL,NULL,0.0000,22,'Grey',6,'S','2021-08-23 21:35:15','en','default',123,'2021-08-23 21:35:15',122,NULL,450.0000,450.0000,NULL,NULL,NULL,NULL,NULL,NULL,NULL,NULL,NULL),(124,'mo-2003-variant-22-7','Cervical Collar Hard',NULL,NULL,NULL,NULL,1,NULL,450.0000,NULL,NULL,NULL,NULL,0.0000,22,'Grey',7,'M','2021-08-23 21:35:15','en','default',124,'2021-08-23 21:35:15',122,NULL,450.0000,450.0000,NULL,NULL,NULL,NULL,NULL,NULL,NULL,NULL,NULL),(125,'mo-2003-variant-22-8','Cervical Collar Hard',NULL,NULL,NULL,NULL,1,NULL,450.0000,NULL,NULL,NULL,NULL,0.0000,22,'Grey',8,'L','2021-08-23 21:35:15','en','default',125,'2021-08-23 21:35:15',122,NULL,450.0000,450.0000,NULL,NULL,NULL,NULL,NULL,NULL,NULL,NULL,NULL),(126,'mo-2003-variant-22-9','Cervical Collar Hard',NULL,NULL,NULL,NULL,1,NULL,450.0000,NULL,NULL,NULL,NULL,0.0000,22,'Grey',9,'XL','2021-08-23 21:35:15','en','default',126,'2021-08-23 21:35:15',122,NULL,450.0000,450.0000,NULL,NULL,NULL,NULL,NULL,NULL,NULL,NULL,NULL),(127,'mo-2003-variant-22-23','Cervical Collar Hard',NULL,NULL,NULL,NULL,1,NULL,450.0000,NULL,NULL,NULL,NULL,0.0000,22,'Grey',23,'XXL','2021-08-23 21:35:15','en','default',127,'2021-08-23 21:35:15',122,NULL,450.0000,450.0000,NULL,NULL,NULL,NULL,NULL,NULL,NULL,NULL,NULL),(128,'mo-2004','Philadelphia Collar','<div class=\"page\" title=\"Page 16\">\r\n<div class=\"section\">\r\n<div class=\"layoutArea\">\r\n<div class=\"column\">\r\n<ul>\r\n<li><span style=\"font-size: 11pt; font-family: Swiss721BT; color: #373435;\">Made of Ethafoam material.</span></li>\r\n<li><span style=\"font-size: 11pt; font-family: Swiss721BT; color: #373435;\">Trachea opening In front alleviates heat &amp;&nbsp;</span><span style=\"color: #373435; font-family: Swiss721BT; font-size: 11pt;\">moisture.</span></li>\r\n<li><span style=\"color: #373435; font-family: Swiss721BT; font-size: 11pt;\">Two-Piece design for perfect&nbsp;</span><span style=\"color: #373435; font-family: Swiss721BT; font-size: 11pt;\">immobilization of the neck.</span></li>\r\n<li><span style=\"color: #373435; font-family: Swiss721BT; font-size: 11pt;\">Chain support ensures a comfort fit.</span></li>\r\n<li><span style=\"color: #373435; font-family: Swiss721BT; font-size: 11pt;\">Hook &amp; Loop closers for proper fit.</span></li>\r\n</ul>\r\n<p>&nbsp;</p>\r\n</div>\r\n</div>\r\n</div>\r\n</div>','philadelphia-collar',1,1,1,NULL,NULL,NULL,NULL,NULL,NULL,NULL,NULL,NULL,NULL,NULL,'2021-08-23 21:45:26','en','default',128,'2021-08-23 21:57:09',NULL,1,0.0000,0.0000,'<ul>\r\n<li class=\"col-md-3\">\r\n<div class=\"content-wrap\">Comfotable</div>\r\n</li>\r\n<li class=\"col-md-3\">\r\n<div class=\"content-wrap\">Durable</div>\r\n</li>\r\n</ul>','Philadelphia Collar','Philadelphia Collar, cervical fracture belt','Cervical Trauma, Accidental and Trauma, Cervical Spondylitis, Burn',NULL,NULL,NULL,1,NULL),(129,'mo-2004-variant-22-6','Philadelphia Collar',NULL,NULL,NULL,NULL,1,NULL,949.0000,NULL,NULL,NULL,NULL,0.0000,22,'Grey',6,'S','2021-08-23 21:45:26','en','default',129,'2021-08-23 21:45:26',128,NULL,949.0000,949.0000,NULL,NULL,NULL,NULL,NULL,NULL,NULL,NULL,NULL),(130,'mo-2004-variant-22-7','Philadelphia Collar',NULL,NULL,NULL,NULL,1,NULL,949.0000,NULL,NULL,NULL,NULL,0.0000,22,'Grey',7,'M','2021-08-23 21:45:26','en','default',130,'2021-08-23 21:45:26',128,NULL,949.0000,949.0000,NULL,NULL,NULL,NULL,NULL,NULL,NULL,NULL,NULL),(131,'mo-2004-variant-22-8','Philadelphia Collar',NULL,NULL,NULL,NULL,1,NULL,949.0000,NULL,NULL,NULL,NULL,0.0000,22,'Grey',8,'L','2021-08-23 21:45:26','en','default',131,'2021-08-23 21:45:26',128,NULL,949.0000,949.0000,NULL,NULL,NULL,NULL,NULL,NULL,NULL,NULL,NULL),(132,'mo-2004-variant-22-9','Philadelphia Collar',NULL,NULL,NULL,NULL,1,NULL,949.0000,NULL,NULL,NULL,NULL,0.0000,22,'Grey',9,'XL','2021-08-23 21:45:26','en','default',132,'2021-08-23 21:45:26',128,NULL,949.0000,949.0000,NULL,NULL,NULL,NULL,NULL,NULL,NULL,NULL,NULL),(133,'mo-2004-variant-22-23','Philadelphia Collar',NULL,NULL,NULL,NULL,1,NULL,949.0000,NULL,NULL,NULL,NULL,0.0000,22,'Grey',23,'XXL','2021-08-23 21:45:26','en','default',133,'2021-08-23 21:45:26',128,NULL,949.0000,949.0000,NULL,NULL,NULL,NULL,NULL,NULL,NULL,NULL,NULL),(134,'mo-3001','Arm Sling Pouch','<div class=\"page\" title=\"Page 17\">\r\n<div class=\"section\">\r\n<div class=\"layoutArea\">\r\n<div class=\"column\">\r\n<ul>\r\n<li><span style=\"font-size: 11pt; font-family: Swiss721BT; color: #373435;\">Thumb cradle for added support.</span></li>\r\n<li><span style=\"font-size: 11pt; font-family: Swiss721BT; color: #373435;\">Shoulder pad relieves pressure from the&nbsp;</span><span style=\"color: #373435; font-family: Swiss721BT; font-size: 11pt;\">shoulder.</span></li>\r\n<li><span style=\"color: #373435; font-family: Swiss721BT; font-size: 11pt;\">Adjustable strap with a buckle for a&nbsp;</span><span style=\"color: #373435; font-family: Swiss721BT; font-size: 11pt;\">customized fit.</span></li>\r\n</ul>\r\n<p>&nbsp;</p>\r\n</div>\r\n</div>\r\n</div>\r\n</div>','arm-sling-pouch',1,1,1,NULL,NULL,NULL,NULL,NULL,NULL,NULL,NULL,NULL,NULL,NULL,'2021-08-23 21:59:31','en','default',134,'2021-08-23 22:10:12',NULL,1,0.0000,0.0000,'<ul>\r\n<li class=\"col-md-3\">\r\n<div class=\"content-wrap\">Comfortable</div>\r\n</li>\r\n<li class=\"col-md-3\">\r\n<div class=\"content-wrap\">Brethable</div>\r\n</li>\r\n</ul>','Arm Sling Pouch','Arm Sling Pouch, arm support','Fracture of arm, Wrist fracture, Sprains, Arm/Shoulder immobilization, Post-surgery/Post-cast care',NULL,NULL,NULL,1,NULL),(135,'mo-3001-variant-22-6','Arm Sling Pouch',NULL,NULL,NULL,NULL,1,NULL,325.0000,NULL,NULL,NULL,NULL,0.0000,22,'Grey',6,'S','2021-08-23 21:59:31','en','default',135,'2021-08-23 21:59:31',134,NULL,325.0000,325.0000,NULL,NULL,NULL,NULL,NULL,NULL,NULL,NULL,NULL),(136,'mo-3001-variant-22-7','Arm Sling Pouch',NULL,NULL,NULL,NULL,1,NULL,325.0000,NULL,NULL,NULL,NULL,0.0000,22,'Grey',7,'M','2021-08-23 21:59:31','en','default',136,'2021-08-23 21:59:31',134,NULL,325.0000,325.0000,NULL,NULL,NULL,NULL,NULL,NULL,NULL,NULL,NULL),(137,'mo-3001-variant-22-8','Arm Sling Pouch',NULL,NULL,NULL,NULL,1,NULL,325.0000,NULL,NULL,NULL,NULL,0.0000,22,'Grey',8,'L','2021-08-23 21:59:31','en','default',137,'2021-08-23 21:59:31',134,NULL,325.0000,325.0000,NULL,NULL,NULL,NULL,NULL,NULL,NULL,NULL,NULL),(138,'mo-3001-variant-22-9','Arm Sling Pouch',NULL,NULL,NULL,NULL,1,NULL,325.0000,NULL,NULL,NULL,NULL,0.0000,22,'Grey',9,'XL','2021-08-23 21:59:31','en','default',138,'2021-08-23 21:59:31',134,NULL,325.0000,325.0000,NULL,NULL,NULL,NULL,NULL,NULL,NULL,NULL,NULL),(139,'mo-3001-variant-22-23','Arm Sling Pouch',NULL,NULL,NULL,NULL,1,NULL,325.0000,NULL,NULL,NULL,NULL,0.0000,22,'Grey',23,'XXL','2021-08-23 21:59:31','en','default',139,'2021-08-23 21:59:31',134,NULL,325.0000,325.0000,NULL,NULL,NULL,NULL,NULL,NULL,NULL,NULL,NULL),(140,'mo-3002','Elastic Shoulder Immobilizer','<div class=\"page\" title=\"Page 18\">\r\n<div class=\"section\">\r\n<div class=\"layoutArea\">\r\n<div class=\"column\">\r\n<ul>\r\n<li><span style=\"font-size: 11pt; font-family: Swiss721BT; color: #373435;\">Elastic chest band and humerus and forearm cuff with contact closure.</span></li>\r\n<li><span style=\"font-size: 11pt; font-family: Swiss721BT; color: #373435;\">Extra shoulder cup for perfect immobilization and compression.</span></li>\r\n<li><span style=\"font-size: 11pt; font-family: Swiss721BT; color: #373435;\">Made from high-quality elastic materials Hook and loop closures for proper fit. Breathable and moisture transporting weaving.</span></li>\r\n</ul>\r\n</div>\r\n</div>\r\n</div>\r\n</div>','elastic-shoulder-immobilizer',1,1,1,NULL,NULL,NULL,NULL,NULL,NULL,NULL,NULL,NULL,NULL,NULL,'2021-08-23 22:11:26','en','default',140,'2021-08-23 22:38:48',NULL,1,0.0000,0.0000,'<ul>\r\n<li class=\"col-md-3\">\r\n<div class=\"content-wrap\">Comfotable</div>\r\n</li>\r\n<li class=\"col-md-3\">\r\n<div class=\"content-wrap\">Duarble</div>\r\n</li>\r\n<li class=\"col-md-3\">\r\n<div class=\"content-wrap\">ElastIc</div>\r\n</li>\r\n</ul>','Elastic Shoulder Immobilizer','Elastic Shoulder Immobilizer, shoulder support belt','Shoulder dislocation, Shoulder immobilizing, Decrease anti-inflammatory medications, Decrease pain symptoms.\r\n',NULL,NULL,NULL,1,NULL),(141,'mo-3002-variant-22-6','Elastic Shoulder Immobilizer',NULL,NULL,NULL,NULL,1,NULL,499.0000,NULL,NULL,NULL,NULL,0.0000,22,'Grey',6,'S','2021-08-23 22:11:26','en','default',141,'2021-08-23 22:11:26',140,NULL,499.0000,499.0000,NULL,NULL,NULL,NULL,NULL,NULL,NULL,NULL,NULL),(142,'mo-3002-variant-22-7','Elastic Shoulder Immobilizer',NULL,NULL,NULL,NULL,1,NULL,499.0000,NULL,NULL,NULL,NULL,0.0000,22,'Grey',7,'M','2021-08-23 22:11:26','en','default',142,'2021-08-23 22:11:26',140,NULL,499.0000,499.0000,NULL,NULL,NULL,NULL,NULL,NULL,NULL,NULL,NULL),(143,'mo-3002-variant-22-8','Elastic Shoulder Immobilizer',NULL,NULL,NULL,NULL,1,NULL,499.0000,NULL,NULL,NULL,NULL,0.0000,22,'Grey',8,'L','2021-08-23 22:11:26','en','default',143,'2021-08-23 22:11:26',140,NULL,499.0000,499.0000,NULL,NULL,NULL,NULL,NULL,NULL,NULL,NULL,NULL),(144,'mo-3002-variant-22-9','Elastic Shoulder Immobilizer',NULL,NULL,NULL,NULL,1,NULL,549.0000,NULL,NULL,NULL,NULL,0.0000,22,'Grey',9,'XL','2021-08-23 22:11:26','en','default',144,'2021-08-23 22:11:26',140,NULL,549.0000,549.0000,NULL,NULL,NULL,NULL,NULL,NULL,NULL,NULL,NULL),(145,'mo-3002-variant-22-23','Elastic Shoulder Immobilizer',NULL,NULL,NULL,NULL,1,NULL,549.0000,NULL,NULL,NULL,NULL,0.0000,22,'Grey',23,'XXL','2021-08-23 22:11:26','en','default',145,'2021-08-23 22:11:26',140,NULL,549.0000,549.0000,NULL,NULL,NULL,NULL,NULL,NULL,NULL,NULL,NULL),(147,'mo-3003-variant-22-6','',NULL,NULL,NULL,NULL,1,NULL,0.0000,NULL,NULL,NULL,NULL,0.0000,22,'Grey',6,'S','2021-08-23 22:40:28','en','default',147,'2021-08-23 22:40:28',146,NULL,0.0000,0.0000,NULL,NULL,NULL,NULL,NULL,NULL,NULL,NULL,NULL),(148,'mo-3003-variant-22-7','',NULL,NULL,NULL,NULL,1,NULL,0.0000,NULL,NULL,NULL,NULL,0.0000,22,'Grey',7,'M','2021-08-23 22:40:28','en','default',148,'2021-08-23 22:40:28',146,NULL,0.0000,0.0000,NULL,NULL,NULL,NULL,NULL,NULL,NULL,NULL,NULL),(149,'mo-3003-variant-22-8','',NULL,NULL,NULL,NULL,1,NULL,0.0000,NULL,NULL,NULL,NULL,0.0000,22,'Grey',8,'L','2021-08-23 22:40:28','en','default',149,'2021-08-23 22:40:28',146,NULL,0.0000,0.0000,NULL,NULL,NULL,NULL,NULL,NULL,NULL,NULL,NULL),(150,'mo-3003-variant-22-9','',NULL,NULL,NULL,NULL,1,NULL,0.0000,NULL,NULL,NULL,NULL,0.0000,22,'Grey',9,'XL','2021-08-23 22:40:28','en','default',150,'2021-08-23 22:40:28',146,NULL,0.0000,0.0000,NULL,NULL,NULL,NULL,NULL,NULL,NULL,NULL,NULL),(151,'mo-3003-variant-22-23','',NULL,NULL,NULL,NULL,1,NULL,0.0000,NULL,NULL,NULL,NULL,0.0000,22,'Grey',23,'XXL','2021-08-23 22:40:28','en','default',151,'2021-08-23 22:40:28',146,NULL,0.0000,0.0000,NULL,NULL,NULL,NULL,NULL,NULL,NULL,NULL,NULL),(152,'',NULL,NULL,NULL,NULL,NULL,NULL,NULL,NULL,NULL,NULL,NULL,NULL,NULL,NULL,NULL,NULL,NULL,'2021-08-23 23:34:56','en','default',152,'2021-08-23 23:34:56',NULL,NULL,0.0000,NULL,NULL,NULL,NULL,NULL,NULL,NULL,NULL,NULL,NULL),(153,'mo-3004-variant-22-6','',NULL,NULL,NULL,NULL,1,NULL,0.0000,NULL,NULL,NULL,NULL,0.0000,22,'Grey',6,'S','2021-08-23 23:34:56','en','default',153,'2021-08-23 23:34:56',152,NULL,0.0000,0.0000,NULL,NULL,NULL,NULL,NULL,NULL,NULL,NULL,NULL),(154,'mo-3004-variant-22-7','',NULL,NULL,NULL,NULL,1,NULL,0.0000,NULL,NULL,NULL,NULL,0.0000,22,'Grey',7,'M','2021-08-23 23:34:56','en','default',154,'2021-08-23 23:34:56',152,NULL,0.0000,0.0000,NULL,NULL,NULL,NULL,NULL,NULL,NULL,NULL,NULL),(155,'mo-3004-variant-22-8','',NULL,NULL,NULL,NULL,1,NULL,0.0000,NULL,NULL,NULL,NULL,0.0000,22,'Grey',8,'L','2021-08-23 23:34:56','en','default',155,'2021-08-23 23:34:56',152,NULL,0.0000,0.0000,NULL,NULL,NULL,NULL,NULL,NULL,NULL,NULL,NULL),(156,'mo-3004-variant-22-9','',NULL,NULL,NULL,NULL,1,NULL,0.0000,NULL,NULL,NULL,NULL,0.0000,22,'Grey',9,'XL','2021-08-23 23:34:56','en','default',156,'2021-08-23 23:34:56',152,NULL,0.0000,0.0000,NULL,NULL,NULL,NULL,NULL,NULL,NULL,NULL,NULL),(157,'mo-3004-variant-22-23','',NULL,NULL,NULL,NULL,1,NULL,0.0000,NULL,NULL,NULL,NULL,0.0000,22,'Grey',23,'XXL','2021-08-23 23:34:56','en','default',157,'2021-08-23 23:34:56',152,NULL,0.0000,0.0000,NULL,NULL,NULL,NULL,NULL,NULL,NULL,NULL,NULL),(158,'mo-3004-variant-22-24','',NULL,NULL,NULL,NULL,1,NULL,0.0000,NULL,NULL,NULL,NULL,0.0000,22,'Grey',24,'Universal','2021-08-23 23:34:57','en','default',158,'2021-08-23 23:34:57',152,NULL,0.0000,0.0000,NULL,NULL,NULL,NULL,NULL,NULL,NULL,NULL,NULL),(159,'mo-3004-variant-22-25','',NULL,NULL,NULL,NULL,1,NULL,0.0000,NULL,NULL,NULL,NULL,0.0000,22,'Grey',25,'Special','2021-08-23 23:34:57','en','default',159,'2021-08-23 23:34:57',152,NULL,0.0000,0.0000,NULL,NULL,NULL,NULL,NULL,NULL,NULL,NULL,NULL),(160,'mo-3005','Shoulder Support','<div class=\"page\" title=\"Page 21\">\r\n<div class=\"section\">\r\n<div class=\"layoutArea\">\r\n<div class=\"column\">\r\n<ul>\r\n<li><span style=\"font-size: 11pt; font-family: Swiss721BT; color: #373435;\">Made from Neoprene bonded nylon fabric.</span></li>\r\n<li><span style=\"font-size: 11pt; font-family: Swiss721BT; color: #373435;\">Anatomical shape ensures.</span></li>\r\n<li><span style=\"font-size: 11pt; font-family: Swiss721BT; color: #373435;\">Perfect fitting and optimal immobilization.</span></li>\r\n<li><span style=\"font-size: 11pt; font-family: Swiss721BT; color: #373435;\">Retains body heat for pain relief and&nbsp;</span><span style=\"color: #373435; font-family: Swiss721BT; font-size: 11pt;\">quicker healing.</span></li>\r\n</ul>\r\n<p>&nbsp;</p>\r\n</div>\r\n</div>\r\n</div>\r\n</div>','shoulder-support',1,1,1,NULL,NULL,NULL,NULL,NULL,NULL,NULL,NULL,NULL,NULL,NULL,'2021-08-23 23:46:17','en','default',160,'2021-08-23 23:53:21',NULL,1,0.0000,0.0000,'<ul>\r\n<li class=\"col-md-3\">\r\n<div class=\"content-wrap\">Comfortable</div>\r\n</li>\r\n<li class=\"col-md-3\">\r\n<div class=\"content-wrap\">Easy to wear</div>\r\n</li>\r\n<li class=\"col-md-3\">\r\n<div class=\"content-wrap\">Flexible</div>\r\n</li>\r\n</ul>','Shoulder Support','Shoulder Support,shoulder brace','Shoulder Injury, Arthritic pain of the shoulder joint, Bursitis and tendonitis, Shoulder dislocation, Rotator cuff injury\r\n',NULL,NULL,NULL,1,NULL),(161,'mo-3005-variant-22-24','Shoulder Support',NULL,NULL,NULL,NULL,1,NULL,899.0000,NULL,NULL,NULL,NULL,0.0000,22,'Grey',24,'Universal','2021-08-23 23:46:17','en','default',161,'2021-08-23 23:46:17',160,NULL,899.0000,899.0000,NULL,NULL,NULL,NULL,NULL,NULL,NULL,NULL,NULL),(162,'mo-3005-variant-22-25','Shoulder Support',NULL,NULL,NULL,NULL,1,NULL,999.0000,NULL,NULL,NULL,NULL,0.0000,22,'Grey',25,'Special','2021-08-23 23:46:17','en','default',162,'2021-08-23 23:46:17',160,NULL,999.0000,999.0000,NULL,NULL,NULL,NULL,NULL,NULL,NULL,NULL,NULL),(163,'mo-3006','Cuff N Collar Sling','<div class=\"page\" title=\"Page 22\">\r\n<div class=\"section\">\r\n<div class=\"layoutArea\">\r\n<div class=\"column\">\r\n<ul>\r\n<li><span style=\"font-size: 11pt; font-family: Swiss721BT; color: #373435;\">Made from soft, comfortable and skin- friendly material.</span></li>\r\n<li><span style=\"color: #373435; font-family: Swiss721BT; font-size: 11pt;\">&nbsp;Thumb cradle for added support.</span></li>\r\n<li><span style=\"color: #373435; font-family: Swiss721BT; font-size: 11pt;\">Shoulder pad relieves pressure from the&nbsp;</span><span style=\"color: #373435; font-family: Swiss721BT; font-size: 11pt;\">shoulder.</span></li>\r\n<li><span style=\"color: #373435; font-family: Swiss721BT; font-size: 11pt;\">Adjustable strap with a buckle for a&nbsp;</span><span style=\"color: #373435; font-family: Swiss721BT; font-size: 11pt;\">customized fit.</span></li>\r\n</ul>\r\n<p>&nbsp;</p>\r\n</div>\r\n</div>\r\n</div>\r\n</div>','cuff-n-collar-sling',1,1,1,NULL,NULL,NULL,NULL,NULL,NULL,NULL,NULL,NULL,NULL,NULL,'2021-08-23 23:59:00','en','default',163,'2021-08-24 00:05:36',NULL,1,181.0000,189.0000,'<ul>\r\n<li class=\"col-md-3\">\r\n<div class=\"content-wrap\">Comfortable</div>\r\n</li>\r\n<li class=\"col-md-3\">\r\n<div class=\"content-wrap\">Flexible</div>\r\n</li>\r\n<li class=\"col-md-3\">\r\n<div class=\"content-wrap\">Brethable</div>\r\n</li>\r\n</ul>','Cuff N Collar Sling','Cuff N Collar Sling, shoulder sling',' Fracture of arm, Wrist fracture, Sprains, Arm/Shoulder immobilization,    Post-surgery/Post-cast care',NULL,NULL,NULL,1,NULL),(164,'mo-3006-variant-22-6','Cuff N Collar Sling',NULL,NULL,NULL,NULL,1,NULL,189.0000,NULL,NULL,NULL,NULL,0.0000,22,'Grey',6,'S','2021-08-23 23:59:00','en','default',164,'2021-08-23 23:59:00',163,NULL,189.0000,189.0000,NULL,NULL,NULL,NULL,NULL,NULL,NULL,NULL,NULL),(165,'mo-3006-variant-22-7','Cuff N Collar Sling',NULL,NULL,NULL,NULL,1,NULL,189.0000,NULL,NULL,NULL,NULL,0.0000,22,'Grey',7,'M','2021-08-23 23:59:00','en','default',165,'2021-08-23 23:59:00',163,NULL,189.0000,189.0000,NULL,NULL,NULL,NULL,NULL,NULL,NULL,NULL,NULL),(166,'mo-3006-variant-22-8','Cuff N Collar Sling',NULL,NULL,NULL,NULL,1,NULL,189.0000,NULL,NULL,NULL,NULL,0.0000,22,'Grey',8,'L','2021-08-23 23:59:00','en','default',166,'2021-08-23 23:59:00',163,NULL,189.0000,189.0000,NULL,NULL,NULL,NULL,NULL,NULL,NULL,NULL,NULL),(167,'mo-3006-variant-22-9','Cuff N Collar Sling',NULL,NULL,NULL,NULL,1,NULL,189.0000,NULL,NULL,NULL,NULL,0.0000,22,'Grey',9,'XL','2021-08-23 23:59:00','en','default',167,'2021-08-23 23:59:00',163,NULL,189.0000,189.0000,NULL,NULL,NULL,NULL,NULL,NULL,NULL,NULL,NULL),(168,'mo-3006-variant-22-26','Cuff N Collar Sling',NULL,NULL,NULL,NULL,1,NULL,189.0000,NULL,NULL,NULL,NULL,0.0000,22,'Grey',26,'Child','2021-08-23 23:59:01','en','default',168,'2021-08-23 23:59:01',163,NULL,189.0000,189.0000,NULL,NULL,NULL,NULL,NULL,NULL,NULL,NULL,NULL),(169,'mo-4001','Knee Cap','<div class=\"page\" title=\"Page 23\">\r\n<div class=\"section\">\r\n<div class=\"layoutArea\">\r\n<div class=\"column\">\r\n<ul>\r\n<li><span style=\"font-size: 11pt; font-family: Swiss721BT; color: #373435;\">Made from sturdy, tapered, fourway elasticized fabric.</span></li>\r\n<li><span style=\"font-size: 11pt; font-family: Swiss721BT; color: #373435;\">Breathable and moisture transporting&nbsp;</span><span style=\"color: #373435; font-family: Swiss721BT; font-size: 11pt;\">weaving</span></li>\r\n</ul>\r\n</div>\r\n</div>\r\n</div>\r\n</div>','knee-cap',1,1,1,NULL,NULL,NULL,NULL,NULL,NULL,NULL,NULL,NULL,NULL,NULL,'2021-08-24 00:19:49','en','default',169,'2021-08-24 00:30:04',NULL,1,0.0000,0.0000,'<ul>\r\n<li class=\"col-md-3\">\r\n<div class=\"content-wrap\">Comfotable</div>\r\n</li>\r\n<li class=\"col-md-3\">\r\n<div class=\"content-wrap\">Duarble</div>\r\n</li>\r\n<li class=\"col-md-3\">\r\n<div class=\"content-wrap\">Easy to wear</div>\r\n</li>\r\n</ul>','Knee Cap','Knee Cap, knee cap, knee support.','Arthritic pain, Swelling, Ligaments or muscles injury, Post-operative knee support, Sprains and strains of the knee, Stabilization of weak knees\r\nPrevention of sports injuries',NULL,NULL,NULL,1,NULL),(170,'mo-4001-variant-22-6','Knee Cap',NULL,NULL,NULL,NULL,1,NULL,349.0000,NULL,NULL,NULL,NULL,0.0000,22,'Grey',6,'S','2021-08-24 00:19:49','en','default',170,'2021-08-24 00:19:49',169,NULL,349.0000,349.0000,NULL,NULL,NULL,NULL,NULL,NULL,NULL,NULL,NULL),(171,'mo-4001-variant-22-7','Knee Cap',NULL,NULL,NULL,NULL,1,NULL,349.0000,NULL,NULL,NULL,NULL,0.0000,22,'Grey',7,'M','2021-08-24 00:19:49','en','default',171,'2021-08-24 00:19:49',169,NULL,349.0000,349.0000,NULL,NULL,NULL,NULL,NULL,NULL,NULL,NULL,NULL),(172,'mo-4001-variant-22-8','Knee Cap',NULL,NULL,NULL,NULL,1,NULL,349.0000,NULL,NULL,NULL,NULL,0.0000,22,'Grey',8,'L','2021-08-24 00:19:49','en','default',172,'2021-08-24 00:19:49',169,NULL,349.0000,349.0000,NULL,NULL,NULL,NULL,NULL,NULL,NULL,NULL,NULL),(173,'mo-4001-variant-22-9','Knee Cap',NULL,NULL,NULL,NULL,1,NULL,379.0000,NULL,NULL,NULL,NULL,0.0000,22,'Grey',9,'XL','2021-08-24 00:19:49','en','default',173,'2021-08-24 00:19:49',169,NULL,379.0000,379.0000,NULL,NULL,NULL,NULL,NULL,NULL,NULL,NULL,NULL),(174,'mo-4001-variant-22-23','Knee Cap',NULL,NULL,NULL,NULL,1,NULL,379.0000,NULL,NULL,NULL,NULL,0.0000,22,'Grey',23,'XXL','2021-08-24 00:19:49','en','default',174,'2021-08-24 00:19:49',169,NULL,379.0000,379.0000,NULL,NULL,NULL,NULL,NULL,NULL,NULL,NULL,NULL),(175,'mo-4002','Hinged knee brace with Open Patella','<div class=\"page\" title=\"Page 24\">\r\n<div class=\"section\">\r\n<div class=\"layoutArea\">\r\n<div class=\"column\">\r\n<ul>\r\n<li><span style=\"font-size: 11pt; font-family: Swiss721BT; color: #373435;\">Anterior patellar opening relieves pressure from patella.</span></li>\r\n<li><span style=\"font-size: 11pt; font-family: Swiss721BT; color: #373435;\">Made from sturdy, tapered, four way elasticized fabric.</span></li>\r\n<li><span style=\"color: #373435; font-family: Swiss721BT; font-size: 11pt;\">Breathable and moisture transporting&nbsp;</span><span style=\"color: #373435; font-family: Swiss721BT; font-size: 11pt;\">weaving.</span></li>\r\n<li><span style=\"color: #373435; font-family: Swiss721BT; font-size: 11pt;\">Simple and quick wear with easy pull on&nbsp;</span><span style=\"color: #373435; font-family: Swiss721BT; font-size: 11pt;\">application.</span></li>\r\n</ul>\r\n</div>\r\n</div>\r\n</div>\r\n</div>','hinged-knee-brace-with-open-patella',1,1,1,NULL,NULL,NULL,NULL,NULL,NULL,NULL,NULL,NULL,NULL,NULL,'2021-08-24 00:33:23','en','default',175,'2021-08-24 00:43:00',NULL,1,0.0000,0.0000,'<ul>\r\n<li class=\"col-md-3\">\r\n<div class=\"content-wrap\">Flexible</div>\r\n</li>\r\n<li class=\"col-md-3\">\r\n<div class=\"content-wrap\">Duarble</div>\r\n</li>\r\n<li class=\"col-md-3\">\r\n<div class=\"content-wrap\">Elastic</div>\r\n</li>\r\n</ul>','Hinged knee brace with\r\nOpen Patella','Hinged knee brace with\r\nOpen Patella','Arthritic pain, Swelling, Ligaments or muscles injury,  Mild Sprains and strains, Stabilization of weak knees, revention of sports injuries.',NULL,NULL,NULL,1,NULL),(176,'mo-4002-variant-22-6','Hinged knee brace with Open Patella',NULL,NULL,NULL,NULL,1,NULL,420.0000,NULL,NULL,NULL,NULL,0.0000,22,'Grey',6,'S','2021-08-24 00:33:23','en','default',176,'2021-08-24 00:33:23',175,NULL,420.0000,420.0000,NULL,NULL,NULL,NULL,NULL,NULL,NULL,NULL,NULL),(177,'mo-4002-variant-22-7','Hinged knee brace with Open Patella',NULL,NULL,NULL,NULL,1,NULL,420.0000,NULL,NULL,NULL,NULL,0.0000,22,'Grey',7,'M','2021-08-24 00:33:23','en','default',177,'2021-08-24 00:33:23',175,NULL,420.0000,420.0000,NULL,NULL,NULL,NULL,NULL,NULL,NULL,NULL,NULL),(178,'mo-4002-variant-22-8','Hinged knee brace with Open Patella',NULL,NULL,NULL,NULL,1,NULL,420.0000,NULL,NULL,NULL,NULL,0.0000,22,'Grey',8,'L','2021-08-24 00:33:24','en','default',178,'2021-08-24 00:33:24',175,NULL,420.0000,420.0000,NULL,NULL,NULL,NULL,NULL,NULL,NULL,NULL,NULL),(179,'mo-4002-variant-22-9','Hinged knee brace with Open Patella',NULL,NULL,NULL,NULL,1,NULL,470.0000,NULL,NULL,NULL,NULL,0.0000,22,'Grey',9,'XL','2021-08-24 00:33:24','en','default',179,'2021-08-24 00:33:24',175,NULL,470.0000,470.0000,NULL,NULL,NULL,NULL,NULL,NULL,NULL,NULL,NULL),(180,'mo-4002-variant-22-23','Hinged knee brace with Open Patella',NULL,NULL,NULL,NULL,1,NULL,470.0000,NULL,NULL,NULL,NULL,0.0000,22,'Grey',23,'XXL','2021-08-24 00:33:24','en','default',180,'2021-08-24 00:33:24',175,NULL,470.0000,470.0000,NULL,NULL,NULL,NULL,NULL,NULL,NULL,NULL,NULL),(181,'',NULL,NULL,NULL,NULL,NULL,NULL,NULL,NULL,NULL,NULL,NULL,NULL,NULL,NULL,NULL,NULL,NULL,'2021-08-25 19:06:08','en','default',181,'2021-08-25 19:06:08',NULL,NULL,NULL,NULL,NULL,NULL,NULL,NULL,NULL,NULL,NULL,NULL,NULL),(182,'zpdfm3e','C-Cure 3 Ply Elastic Face Mask 100Pcs./Box ','<p>About this item</p>\r\n<p>Comes with 3-ply construction of non-woven fabric to offer protection against dust and germs in air</p>\r\n<p>Comes with an elastic ear loop for a comfortable fit, No Nose Clip</p>\r\n<p>Disposable surgical mask offer protection against dust, saliva and other air borne particles</p>\r\n<p>Made of Non-Woven fabric and offers a soft and lightweight touch on face</p>\r\n<p>Can be used in both indoor and outdoor environment for day to day activities</p>\r\n<p>Protects from saliva droplets released when someone sneezes or coughs</p>','c-cure-3-ply-elastic-face-mask-100pcsbox-',1,1,1,NULL,NULL,NULL,NULL,NULL,NULL,NULL,NULL,NULL,6,'S','2021-08-25 19:18:22','en','default',182,'2021-08-25 19:18:22',NULL,1,250.0000,250.0000,'<ul>\r\n<li class=\"col-md-3\">\r\n<div class=\"content-wrap\">Disposable</div>\r\n</li>\r\n<li class=\"col-md-3\">\r\n<div class=\"content-wrap\">Comfort</div>\r\n</li>\r\n<li class=\"col-md-3\">\r\n<div class=\"content-wrap\">soft elastic</div>\r\n</li>\r\n</ul>','','','',NULL,NULL,NULL,NULL,NULL),(183,'zpdfm3e-variant-5','C-Cure 3 Ply Elastic Face Mask 100Pcs./Box ',NULL,NULL,NULL,NULL,1,NULL,250.0000,NULL,NULL,NULL,NULL,0.0000,5,'White',NULL,NULL,'2021-08-25 19:18:22','en','default',183,'2021-08-25 19:18:22',182,NULL,250.0000,250.0000,NULL,NULL,NULL,NULL,NULL,NULL,NULL,NULL,NULL),(184,'zpdfm3e-variant-27','C-Cure 3 Ply Elastic Face Mask 100Pcs./Box ',NULL,NULL,NULL,NULL,1,NULL,250.0000,NULL,NULL,NULL,NULL,0.0000,27,'Blue',NULL,NULL,'2021-08-25 19:18:22','en','default',184,'2021-08-25 19:18:22',182,NULL,250.0000,250.0000,NULL,NULL,NULL,NULL,NULL,NULL,NULL,NULL,NULL),(185,'zpdfm3ec','C-Cure 3 Ply Elastic Mask for Child 50Pcs./Box ','<p>3-layer Filter Support Kids Daily Protection - Kids Disposable Face Mask has the Melt-blown Layer that Helps Filter Cover out Pollen, Smoke, Air pollution and More.</p>\r\n<p>Universal Design Fits Girls and Boys 4 to 12 Years Old -Disposable Face Mask Featuring high quality soft elastic ear loops that fit snugly around both ears, and an adjustable nose wire for a perfect fit the nose.</p>\r\n<p>Each mask comes with an adjustable nose clip and ultra comfirt elastic ear loops to ensure a comfortable fit.</p>\r\n<p>Dustproof,Anti-spittle,Anti smog</p>\r\n<p>Suitable for kids of all ages. Can be used for outdoor public areas, schools, offices, and home usage. With the new 3-ply design, It can help block pollution so you can breathe easily and safely in any environment.</p>','c-cure-3-ply-elastic-mask-for-child-50pcsbox-',1,1,1,NULL,NULL,NULL,NULL,NULL,NULL,NULL,NULL,NULL,NULL,NULL,'2021-08-25 19:35:18','en','default',185,'2021-08-25 19:35:18',NULL,1,300.0000,300.0000,'<ul>\r\n<li class=\"col-md-3\">\r\n<div class=\"content-wrap\">comfort</div>\r\n</li>\r\n<li class=\"col-md-3\">\r\n<div class=\"content-wrap\">high quality</div>\r\n</li>\r\n<li class=\"col-md-3\">\r\n<div class=\"content-wrap\">soft elastic</div>\r\n</li>\r\n</ul>','','','',NULL,NULL,NULL,NULL,NULL),(186,'zpdfm3ec-variant-5','C-Cure 3 Ply Elastic Mask for Child 50Pcs./Box ',NULL,NULL,NULL,NULL,1,NULL,300.0000,NULL,NULL,NULL,NULL,0.0000,5,'White',NULL,NULL,'2021-08-25 19:35:18','en','default',186,'2021-08-25 19:35:18',185,NULL,300.0000,300.0000,NULL,NULL,NULL,NULL,NULL,NULL,NULL,NULL,NULL),(187,'zpdfm3ec-variant-27','C-Cure 3 Ply Elastic Mask for Child 50Pcs./Box ',NULL,NULL,NULL,NULL,1,NULL,300.0000,NULL,NULL,NULL,NULL,0.0000,27,'Blue',NULL,NULL,'2021-08-25 19:35:18','en','default',187,'2021-08-25 19:35:18',185,NULL,300.0000,300.0000,NULL,NULL,NULL,NULL,NULL,NULL,NULL,NULL,NULL),(188,'zpdfmn95','C-Cure ISI marked N95 Respirator Disposable Face Mask (Pack of 50Pcs.)','<p>Premium Quality - Advanced skin-friendly non-woven fabric electret melt-blown fabric provides easy breath. The moderate thickness for particle absorption. High efficiency in filtering out particles. Specially made with safe materials that have an unscented smell and has no chemical odor for your convenience and pleasurable usage.</p>\r\n<p>Reusable Mask. Filters are inbuilt in the mask. No need for separate filters. Features: Breathable, soft lining, latex and fiberglass free, nose clip and ear loop Daily use Style: Elastic ear-loop or tie on Breathing resistance (delta p)99% , particle filtration efficiency(bfe%)&gt;99%.</p>\r\n<p>The 3D shape is designed according to the human face shape to ensure the tightness, to increase the breathing volume of the mask, to greatly improve the permeability, and to make wearing and exhaling more comfortable.</p>\r\n<p>Reliable Face Masks: Made of dust-proof, non-toxic, non-irritating, soft and comfortable</p>\r\n<p>Includes - Pack of 50</p>','c-cure-isi-marked-n95-respirator-disposable-face-mask-pack-of-50pcs',1,1,1,NULL,NULL,NULL,NULL,NULL,NULL,NULL,NULL,NULL,NULL,NULL,'2021-08-27 16:30:13','en','default',188,'2021-08-27 16:30:13',NULL,1,3250.0000,3250.0000,'<ul>\r\n<li class=\"col-md-3\">\r\n<div class=\"content-wrap\">comfort</div>\r\n</li>\r\n<li class=\"col-md-3\">\r\n<div class=\"content-wrap\">high quality</div>\r\n</li>\r\n<li class=\"col-md-3\">\r\n<div class=\"content-wrap\">soft elastic</div>\r\n</li>\r\n</ul>','','','',NULL,NULL,NULL,NULL,NULL),(189,'zpdfmn95-variant-5','C-Cure ISI marked N95 Respirator Disposable Face Mask (Pack of 50Pcs.)',NULL,NULL,NULL,NULL,1,NULL,3250.0000,NULL,NULL,NULL,NULL,0.0000,5,'White',NULL,NULL,'2021-08-27 16:30:13','en','default',189,'2021-08-27 16:30:13',188,NULL,3250.0000,3250.0000,NULL,NULL,NULL,NULL,NULL,NULL,NULL,NULL,NULL),(190,'mo-4003','Knee Cap with Rigid Hinge','<div class=\"page\" title=\"Page 25\">\r\n<div class=\"section\">\r\n<div class=\"layoutArea\">\r\n<div class=\"column\">\r\n<ul>\r\n<li><span style=\"font-size: 11pt; font-family: Swiss721BT; color: #373435;\">Breathable and moisture transporting weaving.</span></li>\r\n<li><span style=\"color: #373435; font-family: Swiss721BT; font-size: 11pt;\">Simple and quick wear with easy pull-on application.</span></li>\r\n</ul>\r\n</div>\r\n</div>\r\n</div>\r\n</div>','knee-cap-with-rigid-hinge',1,1,1,NULL,NULL,NULL,NULL,NULL,NULL,NULL,NULL,NULL,NULL,NULL,'2021-08-30 18:40:06','en','default',190,'2021-08-30 18:52:34',NULL,1,0.0000,0.0000,'<ul>\r\n<li class=\"col-md-3\">\r\n<div class=\"content-wrap\">Comfortable</div>\r\n</li>\r\n<li class=\"col-md-3\">\r\n<div class=\"content-wrap\">Duarble</div>\r\n</li>\r\n<li class=\"col-md-3\">\r\n<div class=\"content-wrap\">Elastic</div>\r\n</li>\r\n</ul>','Knee Cap with Rigid Hinge','Knee Cap with Rigid Hinge, knee cap , knee brace rigid.','Arthritic pain of sports injury, Osteoarthritis of the knee  ligament or tendon injury , Post-operative knee support , Sprains or strains, Stabilization of weak knees',NULL,NULL,NULL,1,NULL),(191,'mo-4003-variant-22-6','Knee Cap with Rigid Hinge',NULL,NULL,NULL,NULL,1,NULL,480.0000,NULL,NULL,NULL,NULL,0.0000,22,'Grey',6,'S','2021-08-30 18:40:06','en','default',191,'2021-08-30 18:40:06',190,NULL,480.0000,480.0000,NULL,NULL,NULL,NULL,NULL,NULL,NULL,NULL,NULL),(192,'mo-4003-variant-22-7','Knee Cap with Rigid Hinge',NULL,NULL,NULL,NULL,1,NULL,480.0000,NULL,NULL,NULL,NULL,0.0000,22,'Grey',7,'M','2021-08-30 18:40:06','en','default',192,'2021-08-30 18:40:06',190,NULL,480.0000,480.0000,NULL,NULL,NULL,NULL,NULL,NULL,NULL,NULL,NULL),(193,'mo-4003-variant-22-8','Knee Cap with Rigid Hinge',NULL,NULL,NULL,NULL,1,NULL,480.0000,NULL,NULL,NULL,NULL,0.0000,22,'Grey',8,'L','2021-08-30 18:40:06','en','default',193,'2021-08-30 18:40:06',190,NULL,480.0000,480.0000,NULL,NULL,NULL,NULL,NULL,NULL,NULL,NULL,NULL),(194,'mo-4003-variant-22-9','Knee Cap with Rigid Hinge',NULL,NULL,NULL,NULL,1,NULL,510.0000,NULL,NULL,NULL,NULL,0.0000,22,'Grey',9,'XL','2021-08-30 18:40:06','en','default',194,'2021-08-30 18:40:06',190,NULL,510.0000,510.0000,NULL,NULL,NULL,NULL,NULL,NULL,NULL,NULL,NULL),(195,'mo-4003-variant-22-23','Knee Cap with Rigid Hinge',NULL,NULL,NULL,NULL,1,NULL,510.0000,NULL,NULL,NULL,NULL,0.0000,22,'Grey',23,'XXL','2021-08-30 18:40:06','en','default',195,'2021-08-30 18:40:06',190,NULL,510.0000,510.0000,NULL,NULL,NULL,NULL,NULL,NULL,NULL,NULL,NULL),(196,'mo-4004','Knee Brace Long','<div class=\"page\" title=\"Page 26\">\r\n<div class=\"section\">\r\n<div class=\"layoutArea\">\r\n<div class=\"column\">\r\n<ul>\r\n<li><span style=\"font-size: 11pt; font-family: Swiss721BT; color: #373435;\">Anatomically contoured posterior and lateral splints for perfect immobilization.</span></li>\r\n<li><span style=\"color: #373435; font-family: Swiss721BT; font-size: 11pt;\">Extra Patellar strap.</span></li>\r\n<li><span style=\"color: #373435; font-family: Swiss721BT; font-size: 11pt;\">Hook &amp; loop straps with loop closures.</span></li>\r\n<li><span style=\"color: #373435; font-family: Swiss721BT; font-size: 11pt;\">Made of extra soft and skin-friendly&nbsp;</span><span style=\"color: #373435; font-family: Swiss721BT; font-size: 11pt;\">material.</span></li>\r\n<li><span style=\"color: #373435; font-family: Swiss721BT; font-size: 11pt;\">Accommodates both right and left leg.</span></li>\r\n</ul>\r\n</div>\r\n</div>\r\n</div>\r\n</div>','knee-brace-long',1,1,1,NULL,NULL,NULL,NULL,NULL,NULL,NULL,NULL,NULL,NULL,NULL,'2021-08-30 18:54:40','en','default',196,'2021-08-30 19:13:27',NULL,1,699.0000,779.0000,'<ul>\r\n<li class=\"col-md-3\">\r\n<div class=\"content-wrap\">Comfortable</div>\r\n</li>\r\n<li class=\"col-md-3\">\r\n<div class=\"content-wrap\">Soft</div>\r\n</li>\r\n</ul>','Knee Brace Long','Knee Brace Long, knee brace.',' Ligament injuries, Tibial plateau fractures, Osteochondral repairs Patellar tendon repairs , Acute sprains/strains of the knee , Post Cast care, Post/Pre operative care',NULL,NULL,NULL,1,NULL),(197,'mo-4004-variant-4-8','Knee Brace Long',NULL,NULL,NULL,NULL,1,NULL,1029.0000,NULL,NULL,NULL,NULL,0.0000,4,'Black',8,'L','2021-08-30 18:54:40','en','default',197,'2021-08-30 18:54:40',196,NULL,1029.0000,1029.0000,NULL,NULL,NULL,NULL,NULL,NULL,NULL,NULL,NULL),(198,'mo-4004-variant-4-9','Knee Brace Long',NULL,NULL,NULL,NULL,1,NULL,1149.0000,NULL,NULL,NULL,NULL,0.0000,4,'Black',9,'XL','2021-08-30 18:54:40','en','default',198,'2021-08-30 18:54:40',196,NULL,1149.0000,1149.0000,NULL,NULL,NULL,NULL,NULL,NULL,NULL,NULL,NULL),(199,'mo-4005','Knee Brace Short','<div class=\"page\" title=\"Page 27\">\r\n<div class=\"section\">\r\n<div class=\"layoutArea\">\r\n<div class=\"column\">\r\n<ul>\r\n<li><span style=\"font-size: 11pt; font-family: Swiss721BT; color: #373435;\">Anatomically contoured posterior and lateral splints for perfect immobilization.</span></li>\r\n<li><span style=\"color: #373435; font-family: Swiss721BT; font-size: 11pt;\">Extra Patellar strap.</span></li>\r\n<li><span style=\"color: #373435; font-family: Swiss721BT; font-size: 11pt;\">Hook &amp; loop straps with loop closures.</span></li>\r\n<li><span style=\"color: #373435; font-family: Swiss721BT; font-size: 11pt;\">Made of extra soft and skin-friendly&nbsp;</span><span style=\"color: #373435; font-family: Swiss721BT; font-size: 11pt;\">material.</span></li>\r\n<li><span style=\"color: #373435; font-family: Swiss721BT; font-size: 11pt;\">Accommodates both right and left leg.</span></li>\r\n</ul>\r\n</div>\r\n</div>\r\n</div>\r\n</div>','knee-brace-short',1,1,1,NULL,NULL,NULL,NULL,NULL,NULL,NULL,NULL,NULL,NULL,NULL,'2021-08-30 19:16:30','en','default',199,'2021-08-30 19:22:38',NULL,1,0.0000,0.0000,'<ul>\r\n<li class=\"col-md-3\">\r\n<div class=\"content-wrap\">Light weight</div>\r\n</li>\r\n<li class=\"col-md-3\">\r\n<div class=\"content-wrap\">Comfortable</div>\r\n</li>\r\n</ul>','Knee Brace Short','Knee Brace Short, knee brace, knee support belt.',' Ligament injuries, Tibial plateau fractures, Osteochondral repairs, Patellar tendon repairs, Acute sprains/strains of the knee, Post Cast care, Post/Pre operative care',NULL,NULL,NULL,1,NULL),(200,'mo-4005-variant-22-6','Knee Brace Short',NULL,NULL,NULL,NULL,1,NULL,699.0000,NULL,NULL,NULL,NULL,0.0000,22,'Grey',6,'S','2021-08-30 19:16:30','en','default',200,'2021-08-30 19:16:30',199,NULL,699.0000,699.0000,NULL,NULL,NULL,NULL,NULL,NULL,NULL,NULL,NULL),(201,'mo-4005-variant-22-7','Knee Brace Short',NULL,NULL,NULL,NULL,1,NULL,779.0000,NULL,NULL,NULL,NULL,0.0000,22,'Grey',7,'M','2021-08-30 19:16:30','en','default',201,'2021-08-30 19:16:30',199,NULL,779.0000,779.0000,NULL,NULL,NULL,NULL,NULL,NULL,NULL,NULL,NULL),(202,'mo-4006','Elastic Vericose Vein Stocking-AK','<div class=\"page\" title=\"Page 28\">\r\n<div class=\"section\">\r\n<div class=\"layoutArea\">\r\n<div class=\"column\">\r\n<ul>\r\n<li><span style=\"font-size: 11pt; font-family: Swiss721BT; color: #373435;\">Skin Friendly quality.</span></li>\r\n<li><span style=\"font-size: 11pt; font-family: Swiss721BT; color: #373435;\">High denier yarns.</span></li>\r\n<li><span style=\"font-size: 11pt; font-family: Swiss721BT; color: #373435;\">Durability</span></li>\r\n<li><span style=\"font-size: 11pt; font-family: Swiss721BT; color: #373435;\">Higher Spandex content ensure effective&nbsp;</span><span style=\"color: #373435; font-family: Swiss721BT; font-size: 11pt;\">compression.</span></li>\r\n<li><span style=\"color: #373435; font-family: Swiss721BT; font-size: 11pt;\">4 Way Stretch.</span></li>\r\n<li><span style=\"color: #373435; font-family: Swiss721BT; font-size: 11pt;\">Tapered Shape</span></li>\r\n</ul>\r\n</div>\r\n</div>\r\n</div>\r\n</div>','elastic-vericose-vein-stocking-ak',1,1,1,NULL,NULL,NULL,NULL,NULL,NULL,NULL,NULL,NULL,NULL,NULL,'2021-08-30 19:27:04','en','default',202,'2021-08-30 19:34:00',NULL,1,0.0000,0.0000,'<ul>\r\n<li class=\"col-md-3\">\r\n<div class=\"content-wrap\">Flexible</div>\r\n</li>\r\n<li class=\"col-md-3\">\r\n<div class=\"content-wrap\">Comfortable</div>\r\n</li>\r\n<li class=\"col-md-3\">\r\n<div class=\"content-wrap\">Elastic</div>\r\n</li>\r\n</ul>','Elastic Vericose Vein\r\nStocking-AK','Elastic Vericose Vein\r\nStocking-AK, varicose stocking.','Varicose Veins, Spider Veins, Inflammation of the veins, Tired, Aching or swollen legs.',NULL,NULL,NULL,1,NULL),(203,'mo-4006-variant-22-6','Elastic Vericose Vein Stocking-AK',NULL,NULL,NULL,NULL,1,NULL,900.0000,NULL,NULL,NULL,NULL,0.0000,22,'Grey',6,'S','2021-08-30 19:27:04','en','default',203,'2021-08-30 19:27:04',202,NULL,900.0000,900.0000,NULL,NULL,NULL,NULL,NULL,NULL,NULL,NULL,NULL),(204,'mo-4006-variant-22-7','Elastic Vericose Vein Stocking-AK',NULL,NULL,NULL,NULL,1,NULL,900.0000,NULL,NULL,NULL,NULL,0.0000,22,'Grey',7,'M','2021-08-30 19:27:05','en','default',204,'2021-08-30 19:27:05',202,NULL,900.0000,900.0000,NULL,NULL,NULL,NULL,NULL,NULL,NULL,NULL,NULL),(205,'mo-4006-variant-22-8','Elastic Vericose Vein Stocking-AK',NULL,NULL,NULL,NULL,1,NULL,900.0000,NULL,NULL,NULL,NULL,0.0000,22,'Grey',8,'L','2021-08-30 19:27:05','en','default',205,'2021-08-30 19:27:05',202,NULL,900.0000,900.0000,NULL,NULL,NULL,NULL,NULL,NULL,NULL,NULL,NULL),(206,'mo-4006-variant-22-9','Elastic Vericose Vein Stocking-AK',NULL,NULL,NULL,NULL,1,NULL,1035.0000,NULL,NULL,NULL,NULL,0.0000,22,'Grey',9,'XL','2021-08-30 19:27:05','en','default',206,'2021-08-30 19:27:05',202,NULL,1035.0000,1035.0000,NULL,NULL,NULL,NULL,NULL,NULL,NULL,NULL,NULL),(207,'mo-4006-variant-22-23','Elastic Vericose Vein Stocking-AK',NULL,NULL,NULL,NULL,1,NULL,1035.0000,NULL,NULL,NULL,NULL,0.0000,22,'Grey',23,'XXL','2021-08-30 19:27:05','en','default',207,'2021-08-30 19:27:05',202,NULL,1035.0000,1035.0000,NULL,NULL,NULL,NULL,NULL,NULL,NULL,NULL,NULL),(208,'mo-4007','Elastic Vericose Vein Stocking-BK','<div class=\"page\" title=\"Page 29\">\r\n<div class=\"section\">\r\n<div class=\"layoutArea\">\r\n<div class=\"column\">\r\n<ul>\r\n<li><span style=\"font-size: 11pt; font-family: Swiss721BT; color: #373435;\">Skin Friendly quality</span></li>\r\n<li><span style=\"font-size: 11pt; font-family: Swiss721BT; color: #373435;\">High denier yarns</span></li>\r\n<li><span style=\"font-size: 11pt; font-family: Swiss721BT; color: #373435;\">Higher Spandex content ensure effective&nbsp;</span><span style=\"color: #373435; font-family: Swiss721BT; font-size: 11pt;\">compression.</span></li>\r\n<li><span style=\"color: #373435; font-family: Swiss721BT; font-size: 11pt;\">4 Way Stretch.</span></li>\r\n<li><span style=\"color: #373435; font-family: Swiss721BT; font-size: 11pt;\">Tapered Shape</span></li>\r\n</ul>\r\n</div>\r\n</div>\r\n</div>\r\n</div>','elastic-vericose-vein-stocking-bk',1,1,1,NULL,NULL,NULL,NULL,NULL,NULL,NULL,NULL,NULL,NULL,NULL,'2021-08-30 19:35:26','en','default',208,'2021-08-30 23:30:24',NULL,1,0.0000,0.0000,'<ul>\r\n<li class=\"col-md-3\">\r\n<div class=\"content-wrap\">Flexible</div>\r\n</li>\r\n<li class=\"col-md-3\">\r\n<div class=\"content-wrap\">Duarble</div>\r\n</li>\r\n<li class=\"col-md-3\">\r\n<div class=\"content-wrap\">Elastic</div>\r\n</li>\r\n</ul>','Elastic Vericose Vein\r\nStocking-BK','Elastic Vericose Vein\r\nStocking-BK','Varicose Veins, Spider Veins, Inflammation of the veins,Tired, Aching or swollen legs.',NULL,NULL,NULL,1,NULL),(209,'mo-4007-variant-22-6','Elastic Vericose Vein Stocking-BK',NULL,NULL,NULL,NULL,1,NULL,620.0000,NULL,NULL,NULL,NULL,0.0000,22,'Grey',6,'S','2021-08-30 19:35:26','en','default',209,'2021-08-30 19:35:26',208,NULL,620.0000,620.0000,NULL,NULL,NULL,NULL,NULL,NULL,NULL,NULL,NULL),(210,'mo-4007-variant-22-7','Elastic Vericose Vein Stocking-BK',NULL,NULL,NULL,NULL,1,NULL,620.0000,NULL,NULL,NULL,NULL,0.0000,22,'Grey',7,'M','2021-08-30 19:35:26','en','default',210,'2021-08-30 19:35:26',208,NULL,620.0000,620.0000,NULL,NULL,NULL,NULL,NULL,NULL,NULL,NULL,NULL),(211,'mo-4007-variant-22-8','Elastic Vericose Vein Stocking-BK',NULL,NULL,NULL,NULL,1,NULL,620.0000,NULL,NULL,NULL,NULL,0.0000,22,'Grey',8,'L','2021-08-30 19:35:26','en','default',211,'2021-08-30 19:35:26',208,NULL,620.0000,620.0000,NULL,NULL,NULL,NULL,NULL,NULL,NULL,NULL,NULL),(212,'mo-4007-variant-22-9','Elastic Vericose Vein Stocking-BK',NULL,NULL,NULL,NULL,1,NULL,680.0000,NULL,NULL,NULL,NULL,0.0000,22,'Grey',9,'XL','2021-08-30 19:35:26','en','default',212,'2021-08-30 19:35:26',208,NULL,680.0000,680.0000,NULL,NULL,NULL,NULL,NULL,NULL,NULL,NULL,NULL),(213,'mo-4007-variant-22-23','Elastic Vericose Vein Stocking-BK',NULL,NULL,NULL,NULL,1,NULL,680.0000,NULL,NULL,NULL,NULL,0.0000,22,'Grey',23,'XXL','2021-08-30 19:35:26','en','default',213,'2021-08-30 19:35:26',208,NULL,680.0000,680.0000,NULL,NULL,NULL,NULL,NULL,NULL,NULL,NULL,NULL),(214,'mo-4008','Calf Support','<div class=\"page\" title=\"Page 30\">\r\n<div class=\"section\">\r\n<div class=\"layoutArea\">\r\n<div class=\"column\">\r\n<ul>\r\n<li><span style=\"font-size: 11pt; font-family: Swiss721BT; color: #373435;\">Ideal for aching and painful calf. </span></li>\r\n<li><span style=\"font-size: 11pt; font-family: Swiss721BT; color: #373435;\">Recommended for sports persons as preventive measures and especially for Athletes and sprinters.</span></li>\r\n<li><span style=\"color: #373435; font-family: Swiss721BT; font-size: 11pt;\">A calf support provides protection and support.</span></li>\r\n<li><span style=\"color: #373435; font-family: Swiss721BT; font-size: 11pt;\">It retains the heat produced by the body in a specific area and so aids healing. </span><span style=\"color: #373435; font-family: Swiss721BT; font-size: 11pt;\">Heat encourages blood vessels to dilate and so allows more blood to the injured area. </span><span style=\"color: #373435; font-family: Swiss721BT; font-size: 11pt;\">The more blood that gets to the injured area, the more nutrients it will get and the faster it will heal.</span></li>\r\n</ul>\r\n</div>\r\n</div>\r\n</div>\r\n</div>','calf-support',1,1,1,NULL,NULL,NULL,NULL,NULL,NULL,NULL,NULL,NULL,NULL,NULL,'2021-08-30 22:53:54','en','default',214,'2021-08-30 23:21:49',NULL,1,0.0000,0.0000,'<ul>\r\n<li class=\"col-md-3\">\r\n<div class=\"content-wrap\">Flexible</div>\r\n</li>\r\n<li class=\"col-md-3\">\r\n<div class=\"content-wrap\">Elastic</div>\r\n</li>\r\n</ul>','Calf Support','Calf Support, calf stocking','Arthritic pain, Swelling, Ligaments or muscles injury, Post-operative Calf support, Sprains and strains of the Calf, Stabilization of weak calf\r\nPrevention of sports injuries',NULL,NULL,NULL,1,NULL),(215,'mo-4008-variant-4-6','Calf Support',NULL,NULL,NULL,NULL,1,NULL,330.0000,NULL,NULL,NULL,NULL,0.0000,4,'Black',6,'S','2021-08-30 22:53:54','en','default',215,'2021-08-30 22:53:54',214,NULL,330.0000,330.0000,NULL,NULL,NULL,NULL,NULL,NULL,NULL,NULL,NULL),(216,'mo-4008-variant-4-7','Calf Support',NULL,NULL,NULL,NULL,1,NULL,330.0000,NULL,NULL,NULL,NULL,0.0000,4,'Black',7,'M','2021-08-30 22:53:54','en','default',216,'2021-08-30 22:53:54',214,NULL,330.0000,330.0000,NULL,NULL,NULL,NULL,NULL,NULL,NULL,NULL,NULL),(217,'mo-4008-variant-4-8','Calf Support',NULL,NULL,NULL,NULL,1,NULL,330.0000,NULL,NULL,NULL,NULL,0.0000,4,'Black',8,'L','2021-08-30 22:53:54','en','default',217,'2021-08-30 22:53:54',214,NULL,330.0000,330.0000,NULL,NULL,NULL,NULL,NULL,NULL,NULL,NULL,NULL),(218,'mo-4008-variant-4-9','Calf Support',NULL,NULL,NULL,NULL,1,NULL,379.0000,NULL,NULL,NULL,NULL,0.0000,4,'Black',9,'XL','2021-08-30 22:53:54','en','default',218,'2021-08-30 22:53:54',214,NULL,379.0000,379.0000,NULL,NULL,NULL,NULL,NULL,NULL,NULL,NULL,NULL),(219,'mo-4008-variant-4-23','Calf Support',NULL,NULL,NULL,NULL,1,NULL,379.0000,NULL,NULL,NULL,NULL,0.0000,4,'Black',23,'XXL','2021-08-30 22:53:54','en','default',219,'2021-08-30 22:53:54',214,NULL,379.0000,379.0000,NULL,NULL,NULL,NULL,NULL,NULL,NULL,NULL,NULL),(220,'',NULL,NULL,NULL,NULL,NULL,NULL,NULL,NULL,NULL,NULL,NULL,NULL,NULL,NULL,NULL,NULL,NULL,'2021-08-30 23:32:17','en','default',220,'2021-08-30 23:32:17',NULL,NULL,0.0000,NULL,NULL,NULL,NULL,NULL,NULL,NULL,NULL,NULL,NULL),(221,'mo-4009-variant-1-6','',NULL,NULL,NULL,NULL,1,NULL,0.0000,NULL,NULL,NULL,NULL,0.0000,1,'Red',6,'S','2021-08-30 23:32:17','en','default',221,'2021-08-30 23:32:17',220,NULL,0.0000,0.0000,NULL,NULL,NULL,NULL,NULL,NULL,NULL,NULL,NULL),(222,'mo-4009-variant-2-6','',NULL,NULL,NULL,NULL,1,NULL,0.0000,NULL,NULL,NULL,NULL,0.0000,2,'Green',6,'S','2021-08-30 23:32:17','en','default',222,'2021-08-30 23:32:17',220,NULL,0.0000,0.0000,NULL,NULL,NULL,NULL,NULL,NULL,NULL,NULL,NULL),(223,'mo-4009-variant-3-6','',NULL,NULL,NULL,NULL,1,NULL,0.0000,NULL,NULL,NULL,NULL,0.0000,3,'Yellow',6,'S','2021-08-30 23:32:17','en','default',223,'2021-08-30 23:32:17',220,NULL,0.0000,0.0000,NULL,NULL,NULL,NULL,NULL,NULL,NULL,NULL,NULL),(224,'mo-4009-variant-4-6','',NULL,NULL,NULL,NULL,1,NULL,0.0000,NULL,NULL,NULL,NULL,0.0000,4,'Black',6,'S','2021-08-30 23:32:17','en','default',224,'2021-08-30 23:32:17',220,NULL,0.0000,0.0000,NULL,NULL,NULL,NULL,NULL,NULL,NULL,NULL,NULL),(225,'mo-4009-variant-5-6','',NULL,NULL,NULL,NULL,1,NULL,0.0000,NULL,NULL,NULL,NULL,0.0000,5,'White',6,'S','2021-08-30 23:32:17','en','default',225,'2021-08-30 23:32:17',220,NULL,0.0000,0.0000,NULL,NULL,NULL,NULL,NULL,NULL,NULL,NULL,NULL),(226,'mo-4009-variant-22-6','',NULL,NULL,NULL,NULL,1,NULL,0.0000,NULL,NULL,NULL,NULL,0.0000,22,'Grey',6,'S','2021-08-30 23:32:17','en','default',226,'2021-08-30 23:32:17',220,NULL,0.0000,0.0000,NULL,NULL,NULL,NULL,NULL,NULL,NULL,NULL,NULL),(227,'mo-4009-variant-27-6','',NULL,NULL,NULL,NULL,1,NULL,0.0000,NULL,NULL,NULL,NULL,0.0000,27,'Blue',6,'S','2021-08-30 23:32:17','en','default',227,'2021-08-30 23:32:17',220,NULL,0.0000,0.0000,NULL,NULL,NULL,NULL,NULL,NULL,NULL,NULL,NULL),(228,'mo-4009-variant-1-7','',NULL,NULL,NULL,NULL,1,NULL,0.0000,NULL,NULL,NULL,NULL,0.0000,1,'Red',7,'M','2021-08-30 23:32:17','en','default',228,'2021-08-30 23:32:17',220,NULL,0.0000,0.0000,NULL,NULL,NULL,NULL,NULL,NULL,NULL,NULL,NULL),(229,'mo-4009-variant-1-8','',NULL,NULL,NULL,NULL,1,NULL,0.0000,NULL,NULL,NULL,NULL,0.0000,1,'Red',8,'L','2021-08-30 23:32:17','en','default',229,'2021-08-30 23:32:17',220,NULL,0.0000,0.0000,NULL,NULL,NULL,NULL,NULL,NULL,NULL,NULL,NULL),(230,'mo-4009-variant-1-9','',NULL,NULL,NULL,NULL,1,NULL,0.0000,NULL,NULL,NULL,NULL,0.0000,1,'Red',9,'XL','2021-08-30 23:32:17','en','default',230,'2021-08-30 23:32:17',220,NULL,0.0000,0.0000,NULL,NULL,NULL,NULL,NULL,NULL,NULL,NULL,NULL),(231,'mo-4009-variant-1-23','',NULL,NULL,NULL,NULL,1,NULL,0.0000,NULL,NULL,NULL,NULL,0.0000,1,'Red',23,'XXL','2021-08-30 23:32:17','en','default',231,'2021-08-30 23:32:17',220,NULL,0.0000,0.0000,NULL,NULL,NULL,NULL,NULL,NULL,NULL,NULL,NULL),(232,'mo-4009-variant-1-24','',NULL,NULL,NULL,NULL,1,NULL,0.0000,NULL,NULL,NULL,NULL,0.0000,1,'Red',24,'Universal','2021-08-30 23:32:17','en','default',232,'2021-08-30 23:32:17',220,NULL,0.0000,0.0000,NULL,NULL,NULL,NULL,NULL,NULL,NULL,NULL,NULL),(233,'mo-4009-variant-1-25','',NULL,NULL,NULL,NULL,1,NULL,0.0000,NULL,NULL,NULL,NULL,0.0000,1,'Red',25,'Special','2021-08-30 23:32:18','en','default',233,'2021-08-30 23:32:18',220,NULL,0.0000,0.0000,NULL,NULL,NULL,NULL,NULL,NULL,NULL,NULL,NULL),(234,'mo-4009-variant-1-26','',NULL,NULL,NULL,NULL,1,NULL,0.0000,NULL,NULL,NULL,NULL,0.0000,1,'Red',26,'Child','2021-08-30 23:32:18','en','default',234,'2021-08-30 23:32:18',220,NULL,0.0000,0.0000,NULL,NULL,NULL,NULL,NULL,NULL,NULL,NULL,NULL),(235,'mo-4009-variant-2-7','',NULL,NULL,NULL,NULL,1,NULL,0.0000,NULL,NULL,NULL,NULL,0.0000,2,'Green',7,'M','2021-08-30 23:32:18','en','default',235,'2021-08-30 23:32:18',220,NULL,0.0000,0.0000,NULL,NULL,NULL,NULL,NULL,NULL,NULL,NULL,NULL),(236,'mo-4009-variant-2-8','',NULL,NULL,NULL,NULL,1,NULL,0.0000,NULL,NULL,NULL,NULL,0.0000,2,'Green',8,'L','2021-08-30 23:32:18','en','default',236,'2021-08-30 23:32:18',220,NULL,0.0000,0.0000,NULL,NULL,NULL,NULL,NULL,NULL,NULL,NULL,NULL),(237,'mo-4009-variant-2-9','',NULL,NULL,NULL,NULL,1,NULL,0.0000,NULL,NULL,NULL,NULL,0.0000,2,'Green',9,'XL','2021-08-30 23:32:18','en','default',237,'2021-08-30 23:32:18',220,NULL,0.0000,0.0000,NULL,NULL,NULL,NULL,NULL,NULL,NULL,NULL,NULL),(238,'mo-4009-variant-2-23','',NULL,NULL,NULL,NULL,1,NULL,0.0000,NULL,NULL,NULL,NULL,0.0000,2,'Green',23,'XXL','2021-08-30 23:32:18','en','default',238,'2021-08-30 23:32:18',220,NULL,0.0000,0.0000,NULL,NULL,NULL,NULL,NULL,NULL,NULL,NULL,NULL),(239,'mo-4009-variant-2-24','',NULL,NULL,NULL,NULL,1,NULL,0.0000,NULL,NULL,NULL,NULL,0.0000,2,'Green',24,'Universal','2021-08-30 23:32:18','en','default',239,'2021-08-30 23:32:18',220,NULL,0.0000,0.0000,NULL,NULL,NULL,NULL,NULL,NULL,NULL,NULL,NULL),(240,'mo-4009-variant-2-25','',NULL,NULL,NULL,NULL,1,NULL,0.0000,NULL,NULL,NULL,NULL,0.0000,2,'Green',25,'Special','2021-08-30 23:32:18','en','default',240,'2021-08-30 23:32:18',220,NULL,0.0000,0.0000,NULL,NULL,NULL,NULL,NULL,NULL,NULL,NULL,NULL),(241,'mo-4009-variant-2-26','',NULL,NULL,NULL,NULL,1,NULL,0.0000,NULL,NULL,NULL,NULL,0.0000,2,'Green',26,'Child','2021-08-30 23:32:18','en','default',241,'2021-08-30 23:32:18',220,NULL,0.0000,0.0000,NULL,NULL,NULL,NULL,NULL,NULL,NULL,NULL,NULL),(242,'mo-4009-variant-3-7','',NULL,NULL,NULL,NULL,1,NULL,0.0000,NULL,NULL,NULL,NULL,0.0000,3,'Yellow',7,'M','2021-08-30 23:32:18','en','default',242,'2021-08-30 23:32:18',220,NULL,0.0000,0.0000,NULL,NULL,NULL,NULL,NULL,NULL,NULL,NULL,NULL),(243,'mo-4009-variant-3-8','',NULL,NULL,NULL,NULL,1,NULL,0.0000,NULL,NULL,NULL,NULL,0.0000,3,'Yellow',8,'L','2021-08-30 23:32:18','en','default',243,'2021-08-30 23:32:18',220,NULL,0.0000,0.0000,NULL,NULL,NULL,NULL,NULL,NULL,NULL,NULL,NULL),(244,'mo-4009-variant-3-9','',NULL,NULL,NULL,NULL,1,NULL,0.0000,NULL,NULL,NULL,NULL,0.0000,3,'Yellow',9,'XL','2021-08-30 23:32:18','en','default',244,'2021-08-30 23:32:18',220,NULL,0.0000,0.0000,NULL,NULL,NULL,NULL,NULL,NULL,NULL,NULL,NULL),(245,'mo-4009-variant-3-23','',NULL,NULL,NULL,NULL,1,NULL,0.0000,NULL,NULL,NULL,NULL,0.0000,3,'Yellow',23,'XXL','2021-08-30 23:32:18','en','default',245,'2021-08-30 23:32:18',220,NULL,0.0000,0.0000,NULL,NULL,NULL,NULL,NULL,NULL,NULL,NULL,NULL),(246,'mo-4009-variant-3-24','',NULL,NULL,NULL,NULL,1,NULL,0.0000,NULL,NULL,NULL,NULL,0.0000,3,'Yellow',24,'Universal','2021-08-30 23:32:18','en','default',246,'2021-08-30 23:32:18',220,NULL,0.0000,0.0000,NULL,NULL,NULL,NULL,NULL,NULL,NULL,NULL,NULL),(247,'mo-4009-variant-3-25','',NULL,NULL,NULL,NULL,1,NULL,0.0000,NULL,NULL,NULL,NULL,0.0000,3,'Yellow',25,'Special','2021-08-30 23:32:18','en','default',247,'2021-08-30 23:32:18',220,NULL,0.0000,0.0000,NULL,NULL,NULL,NULL,NULL,NULL,NULL,NULL,NULL),(248,'mo-4009-variant-3-26','',NULL,NULL,NULL,NULL,1,NULL,0.0000,NULL,NULL,NULL,NULL,0.0000,3,'Yellow',26,'Child','2021-08-30 23:32:18','en','default',248,'2021-08-30 23:32:18',220,NULL,0.0000,0.0000,NULL,NULL,NULL,NULL,NULL,NULL,NULL,NULL,NULL),(249,'mo-4009-variant-4-7','',NULL,NULL,NULL,NULL,1,NULL,0.0000,NULL,NULL,NULL,NULL,0.0000,4,'Black',7,'M','2021-08-30 23:32:18','en','default',249,'2021-08-30 23:32:18',220,NULL,0.0000,0.0000,NULL,NULL,NULL,NULL,NULL,NULL,NULL,NULL,NULL),(250,'mo-4009-variant-4-8','',NULL,NULL,NULL,NULL,1,NULL,0.0000,NULL,NULL,NULL,NULL,0.0000,4,'Black',8,'L','2021-08-30 23:32:18','en','default',250,'2021-08-30 23:32:18',220,NULL,0.0000,0.0000,NULL,NULL,NULL,NULL,NULL,NULL,NULL,NULL,NULL),(251,'mo-4009-variant-4-9','',NULL,NULL,NULL,NULL,1,NULL,0.0000,NULL,NULL,NULL,NULL,0.0000,4,'Black',9,'XL','2021-08-30 23:32:19','en','default',251,'2021-08-30 23:32:19',220,NULL,0.0000,0.0000,NULL,NULL,NULL,NULL,NULL,NULL,NULL,NULL,NULL),(252,'mo-4009-variant-4-23','',NULL,NULL,NULL,NULL,1,NULL,0.0000,NULL,NULL,NULL,NULL,0.0000,4,'Black',23,'XXL','2021-08-30 23:32:19','en','default',252,'2021-08-30 23:32:19',220,NULL,0.0000,0.0000,NULL,NULL,NULL,NULL,NULL,NULL,NULL,NULL,NULL),(253,'mo-4009-variant-4-24','',NULL,NULL,NULL,NULL,1,NULL,0.0000,NULL,NULL,NULL,NULL,0.0000,4,'Black',24,'Universal','2021-08-30 23:32:19','en','default',253,'2021-08-30 23:32:19',220,NULL,0.0000,0.0000,NULL,NULL,NULL,NULL,NULL,NULL,NULL,NULL,NULL),(254,'mo-4009-variant-4-25','',NULL,NULL,NULL,NULL,1,NULL,0.0000,NULL,NULL,NULL,NULL,0.0000,4,'Black',25,'Special','2021-08-30 23:32:19','en','default',254,'2021-08-30 23:32:19',220,NULL,0.0000,0.0000,NULL,NULL,NULL,NULL,NULL,NULL,NULL,NULL,NULL),(255,'mo-4009-variant-4-26','',NULL,NULL,NULL,NULL,1,NULL,0.0000,NULL,NULL,NULL,NULL,0.0000,4,'Black',26,'Child','2021-08-30 23:32:19','en','default',255,'2021-08-30 23:32:19',220,NULL,0.0000,0.0000,NULL,NULL,NULL,NULL,NULL,NULL,NULL,NULL,NULL),(256,'mo-4009-variant-5-7','',NULL,NULL,NULL,NULL,1,NULL,0.0000,NULL,NULL,NULL,NULL,0.0000,5,'White',7,'M','2021-08-30 23:32:19','en','default',256,'2021-08-30 23:32:19',220,NULL,0.0000,0.0000,NULL,NULL,NULL,NULL,NULL,NULL,NULL,NULL,NULL),(257,'mo-4009-variant-5-8','',NULL,NULL,NULL,NULL,1,NULL,0.0000,NULL,NULL,NULL,NULL,0.0000,5,'White',8,'L','2021-08-30 23:32:19','en','default',257,'2021-08-30 23:32:19',220,NULL,0.0000,0.0000,NULL,NULL,NULL,NULL,NULL,NULL,NULL,NULL,NULL),(258,'mo-4009-variant-5-9','',NULL,NULL,NULL,NULL,1,NULL,0.0000,NULL,NULL,NULL,NULL,0.0000,5,'White',9,'XL','2021-08-30 23:32:19','en','default',258,'2021-08-30 23:32:19',220,NULL,0.0000,0.0000,NULL,NULL,NULL,NULL,NULL,NULL,NULL,NULL,NULL),(259,'mo-4009-variant-5-23','',NULL,NULL,NULL,NULL,1,NULL,0.0000,NULL,NULL,NULL,NULL,0.0000,5,'White',23,'XXL','2021-08-30 23:32:19','en','default',259,'2021-08-30 23:32:19',220,NULL,0.0000,0.0000,NULL,NULL,NULL,NULL,NULL,NULL,NULL,NULL,NULL),(260,'mo-4009-variant-5-24','',NULL,NULL,NULL,NULL,1,NULL,0.0000,NULL,NULL,NULL,NULL,0.0000,5,'White',24,'Universal','2021-08-30 23:32:19','en','default',260,'2021-08-30 23:32:19',220,NULL,0.0000,0.0000,NULL,NULL,NULL,NULL,NULL,NULL,NULL,NULL,NULL),(261,'mo-4009-variant-5-25','',NULL,NULL,NULL,NULL,1,NULL,0.0000,NULL,NULL,NULL,NULL,0.0000,5,'White',25,'Special','2021-08-30 23:32:19','en','default',261,'2021-08-30 23:32:19',220,NULL,0.0000,0.0000,NULL,NULL,NULL,NULL,NULL,NULL,NULL,NULL,NULL),(262,'mo-4009-variant-5-26','',NULL,NULL,NULL,NULL,1,NULL,0.0000,NULL,NULL,NULL,NULL,0.0000,5,'White',26,'Child','2021-08-30 23:32:19','en','default',262,'2021-08-30 23:32:19',220,NULL,0.0000,0.0000,NULL,NULL,NULL,NULL,NULL,NULL,NULL,NULL,NULL),(263,'mo-4009-variant-22-7','',NULL,NULL,NULL,NULL,1,NULL,0.0000,NULL,NULL,NULL,NULL,0.0000,22,'Grey',7,'M','2021-08-30 23:32:19','en','default',263,'2021-08-30 23:32:19',220,NULL,0.0000,0.0000,NULL,NULL,NULL,NULL,NULL,NULL,NULL,NULL,NULL),(264,'mo-4009-variant-22-8','',NULL,NULL,NULL,NULL,1,NULL,0.0000,NULL,NULL,NULL,NULL,0.0000,22,'Grey',8,'L','2021-08-30 23:32:19','en','default',264,'2021-08-30 23:32:19',220,NULL,0.0000,0.0000,NULL,NULL,NULL,NULL,NULL,NULL,NULL,NULL,NULL),(265,'mo-4009-variant-22-9','',NULL,NULL,NULL,NULL,1,NULL,0.0000,NULL,NULL,NULL,NULL,0.0000,22,'Grey',9,'XL','2021-08-30 23:32:19','en','default',265,'2021-08-30 23:32:19',220,NULL,0.0000,0.0000,NULL,NULL,NULL,NULL,NULL,NULL,NULL,NULL,NULL),(266,'mo-4009-variant-22-23','',NULL,NULL,NULL,NULL,1,NULL,0.0000,NULL,NULL,NULL,NULL,0.0000,22,'Grey',23,'XXL','2021-08-30 23:32:19','en','default',266,'2021-08-30 23:32:19',220,NULL,0.0000,0.0000,NULL,NULL,NULL,NULL,NULL,NULL,NULL,NULL,NULL),(267,'mo-4009-variant-22-24','',NULL,NULL,NULL,NULL,1,NULL,0.0000,NULL,NULL,NULL,NULL,0.0000,22,'Grey',24,'Universal','2021-08-30 23:32:19','en','default',267,'2021-08-30 23:32:19',220,NULL,0.0000,0.0000,NULL,NULL,NULL,NULL,NULL,NULL,NULL,NULL,NULL),(268,'mo-4009-variant-22-25','',NULL,NULL,NULL,NULL,1,NULL,0.0000,NULL,NULL,NULL,NULL,0.0000,22,'Grey',25,'Special','2021-08-30 23:32:20','en','default',268,'2021-08-30 23:32:20',220,NULL,0.0000,0.0000,NULL,NULL,NULL,NULL,NULL,NULL,NULL,NULL,NULL),(269,'mo-4009-variant-22-26','',NULL,NULL,NULL,NULL,1,NULL,0.0000,NULL,NULL,NULL,NULL,0.0000,22,'Grey',26,'Child','2021-08-30 23:32:20','en','default',269,'2021-08-30 23:32:20',220,NULL,0.0000,0.0000,NULL,NULL,NULL,NULL,NULL,NULL,NULL,NULL,NULL),(270,'mo-4009-variant-27-7','',NULL,NULL,NULL,NULL,1,NULL,0.0000,NULL,NULL,NULL,NULL,0.0000,27,'Blue',7,'M','2021-08-30 23:32:20','en','default',270,'2021-08-30 23:32:20',220,NULL,0.0000,0.0000,NULL,NULL,NULL,NULL,NULL,NULL,NULL,NULL,NULL),(271,'mo-4009-variant-27-8','',NULL,NULL,NULL,NULL,1,NULL,0.0000,NULL,NULL,NULL,NULL,0.0000,27,'Blue',8,'L','2021-08-30 23:32:20','en','default',271,'2021-08-30 23:32:20',220,NULL,0.0000,0.0000,NULL,NULL,NULL,NULL,NULL,NULL,NULL,NULL,NULL),(272,'mo-4009-variant-27-9','',NULL,NULL,NULL,NULL,1,NULL,0.0000,NULL,NULL,NULL,NULL,0.0000,27,'Blue',9,'XL','2021-08-30 23:32:20','en','default',272,'2021-08-30 23:32:20',220,NULL,0.0000,0.0000,NULL,NULL,NULL,NULL,NULL,NULL,NULL,NULL,NULL),(273,'mo-4009-variant-27-23','',NULL,NULL,NULL,NULL,1,NULL,0.0000,NULL,NULL,NULL,NULL,0.0000,27,'Blue',23,'XXL','2021-08-30 23:32:20','en','default',273,'2021-08-30 23:32:20',220,NULL,0.0000,0.0000,NULL,NULL,NULL,NULL,NULL,NULL,NULL,NULL,NULL),(274,'mo-4009-variant-27-24','',NULL,NULL,NULL,NULL,1,NULL,0.0000,NULL,NULL,NULL,NULL,0.0000,27,'Blue',24,'Universal','2021-08-30 23:32:20','en','default',274,'2021-08-30 23:32:20',220,NULL,0.0000,0.0000,NULL,NULL,NULL,NULL,NULL,NULL,NULL,NULL,NULL),(275,'mo-4009-variant-27-25','',NULL,NULL,NULL,NULL,1,NULL,0.0000,NULL,NULL,NULL,NULL,0.0000,27,'Blue',25,'Special','2021-08-30 23:32:20','en','default',275,'2021-08-30 23:32:20',220,NULL,0.0000,0.0000,NULL,NULL,NULL,NULL,NULL,NULL,NULL,NULL,NULL),(276,'mo-4009-variant-27-26','',NULL,NULL,NULL,NULL,1,NULL,0.0000,NULL,NULL,NULL,NULL,0.0000,27,'Blue',26,'Child','2021-08-30 23:32:20','en','default',276,'2021-08-30 23:32:20',220,NULL,0.0000,0.0000,NULL,NULL,NULL,NULL,NULL,NULL,NULL,NULL,NULL),(277,'mo-4010','Ankle Binder Elastic','<div class=\"page\" title=\"Page 32\">\r\n<div class=\"section\">\r\n<div class=\"layoutArea\">\r\n<div class=\"column\">\r\n<ul>\r\n<li><span style=\"font-size: 11pt; font-family: Swiss721BT; color: #373435;\">Adjusts and fits the ankle firmly.</span></li>\r\n<li><span style=\"font-size: 11pt; font-family: Swiss721BT; color: #373435;\">Stretched knitted material allows for&nbsp;</span><span style=\"color: #373435; font-family: Swiss721BT; font-size: 11pt;\">targeted compression and support to&nbsp;</span><span style=\"color: #373435; font-family: Swiss721BT; font-size: 11pt;\">sprained ankles.</span></li>\r\n<li><span style=\"color: #373435; font-family: Swiss721BT; font-size: 11pt;\">Can be tightened or worn as comfortably&nbsp;</span><span style=\"color: #373435; font-family: Swiss721BT; font-size: 11pt;\">as required.</span></li>\r\n<li><span style=\"color: #373435; font-family: Swiss721BT; font-size: 11pt;\">&nbsp;Hook and loop fasteners provide ease of&nbsp;</span><span style=\"color: #373435; font-family: Swiss721BT; font-size: 11pt;\">adjustment.</span></li>\r\n<li><span style=\"color: #373435; font-family: Swiss721BT; font-size: 11pt;\">Can be worn under shoes or normal&nbsp;</span><span style=\"color: #373435; font-family: Swiss721BT; font-size: 11pt;\">footwear.</span></li>\r\n</ul>\r\n</div>\r\n</div>\r\n</div>\r\n</div>','ankle-binder-elastic',1,1,1,NULL,NULL,NULL,NULL,NULL,NULL,NULL,NULL,NULL,NULL,NULL,'2021-08-30 23:48:40','en','default',277,'2021-08-30 23:56:42',NULL,1,0.0000,0.0000,'<ul>\r\n<li class=\"col-md-3\">\r\n<div class=\"content-wrap\">Flexible</div>\r\n</li>\r\n<li class=\"col-md-3\">\r\n<div class=\"content-wrap\">Comfortable</div>\r\n</li>\r\n<li class=\"col-md-3\">\r\n<div class=\"content-wrap\">Elastic</div>\r\n</li>\r\n</ul>','Ankle Binder Elastic','Ankle Binder Elastic, ankle support, ankle brace','  For stabilization of weak ankles, increase of circulation, and reduction of pain, For tenosynovitis, foot drop, edematous swellings and other conditions requiring orthopedic support, For prevention of sports injuries, ankle sprains, and ankle strains',NULL,NULL,NULL,1,NULL),(278,'mo-4010-variant-4-6','Ankle Binder Elastic',NULL,NULL,NULL,NULL,1,NULL,180.0000,NULL,NULL,NULL,NULL,0.0000,4,'Black',6,'S','2021-08-30 23:48:40','en','default',278,'2021-08-30 23:48:40',277,NULL,180.0000,180.0000,NULL,NULL,NULL,NULL,NULL,NULL,NULL,NULL,NULL),(279,'mo-4010-variant-4-7','Ankle Binder Elastic',NULL,NULL,NULL,NULL,1,NULL,180.0000,NULL,NULL,NULL,NULL,0.0000,4,'Black',7,'M','2021-08-30 23:48:40','en','default',279,'2021-08-30 23:48:40',277,NULL,180.0000,180.0000,NULL,NULL,NULL,NULL,NULL,NULL,NULL,NULL,NULL),(280,'mo-4010-variant-4-8','Ankle Binder Elastic',NULL,NULL,NULL,NULL,1,NULL,180.0000,NULL,NULL,NULL,NULL,0.0000,4,'Black',8,'L','2021-08-30 23:48:40','en','default',280,'2021-08-30 23:48:40',277,NULL,180.0000,180.0000,NULL,NULL,NULL,NULL,NULL,NULL,NULL,NULL,NULL),(281,'mo-4010-variant-4-9','Ankle Binder Elastic',NULL,NULL,NULL,NULL,1,NULL,180.0000,NULL,NULL,NULL,NULL,0.0000,4,'Black',9,'XL','2021-08-30 23:48:40','en','default',281,'2021-08-30 23:48:40',277,NULL,180.0000,180.0000,NULL,NULL,NULL,NULL,NULL,NULL,NULL,NULL,NULL),(282,'mo-4011','Ankle Support','<div class=\"page\" title=\"Page 33\">\r\n<div class=\"section\">\r\n<div class=\"layoutArea\">\r\n<div class=\"column\">\r\n<ul>\r\n<li><span style=\"font-size: 11pt; font-family: Swiss721BT; color: #373435;\">Made from sturdy. </span></li>\r\n<li><span style=\"font-size: 11pt; font-family: Swiss721BT; color: #373435;\">four way elasticized fabric</span></li>\r\n<li><span style=\"color: #373435; font-family: Swiss721BT; font-size: 11pt;\">Simple and quick wear with easy pull on&nbsp;</span><span style=\"color: #373435; font-family: Swiss721BT; font-size: 11pt;\">application</span></li>\r\n<li><span style=\"color: #373435; font-family: Swiss721BT; font-size: 11pt;\">Breathable and moisture transpor ting</span></li>\r\n</ul>\r\n</div>\r\n</div>\r\n</div>\r\n</div>','ankle-support',1,1,1,NULL,NULL,NULL,NULL,NULL,NULL,NULL,NULL,NULL,NULL,NULL,'2021-08-31 00:00:07','en','default',282,'2021-08-31 00:07:36',NULL,1,0.0000,0.0000,'<ul>\r\n<li class=\"col-md-3\">\r\n<div class=\"content-wrap\">Flexible</div>\r\n</li>\r\n<li class=\"col-md-3\">\r\n<div class=\"content-wrap\">Duarble</div>\r\n</li>\r\n<li class=\"col-md-3\">\r\n<div class=\"content-wrap\">Elastic</div>\r\n</li>\r\n</ul>','Ankle Support','Ankle Support, ankle brace, ankle socks.','Sprains, Swelling, Arthritis, Tendonitis, Pain and inflammation',NULL,NULL,NULL,1,NULL),(283,'mo-4011-variant-4-6','Ankle Support',NULL,NULL,NULL,NULL,1,NULL,320.0000,NULL,NULL,NULL,NULL,0.0000,4,'Black',6,'S','2021-08-31 00:00:07','en','default',283,'2021-08-31 00:00:07',282,NULL,320.0000,320.0000,NULL,NULL,NULL,NULL,NULL,NULL,NULL,NULL,NULL),(284,'mo-4011-variant-4-7','Ankle Support',NULL,NULL,NULL,NULL,1,NULL,320.0000,NULL,NULL,NULL,NULL,0.0000,4,'Black',7,'M','2021-08-31 00:00:07','en','default',284,'2021-08-31 00:00:07',282,NULL,320.0000,320.0000,NULL,NULL,NULL,NULL,NULL,NULL,NULL,NULL,NULL),(285,'mo-4011-variant-4-8','Ankle Support',NULL,NULL,NULL,NULL,1,NULL,320.0000,NULL,NULL,NULL,NULL,0.0000,4,'Black',8,'L','2021-08-31 00:00:07','en','default',285,'2021-08-31 00:00:07',282,NULL,320.0000,320.0000,NULL,NULL,NULL,NULL,NULL,NULL,NULL,NULL,NULL),(286,'mo-4011-variant-4-9','Ankle Support',NULL,NULL,NULL,NULL,1,NULL,368.0000,NULL,NULL,NULL,NULL,0.0000,4,'Black',9,'XL','2021-08-31 00:00:07','en','default',286,'2021-08-31 00:00:07',282,NULL,368.0000,368.0000,NULL,NULL,NULL,NULL,NULL,NULL,NULL,NULL,NULL),(287,'mo-4011-variant-4-23','Ankle Support',NULL,NULL,NULL,NULL,1,NULL,368.0000,NULL,NULL,NULL,NULL,0.0000,4,'Black',23,'XXL','2021-08-31 00:00:08','en','default',287,'2021-08-31 00:00:08',282,NULL,368.0000,368.0000,NULL,NULL,NULL,NULL,NULL,NULL,NULL,NULL,NULL),(288,'mo-4012','Ankle Support with Elastic','<div class=\"page\" title=\"Page 33\">\r\n<div class=\"section\">\r\n<div class=\"layoutArea\">\r\n<div class=\"column\">\r\n<ul>\r\n<li><span style=\"font-size: 11pt; font-family: Swiss721BT; color: #373435;\">Made from sturdy, four way elasticized fabric</span></li>\r\n<li><span style=\"color: #373435; font-family: Swiss721BT; font-size: 11pt;\">Comfortable and durable material</span></li>\r\n<li><span style=\"color: #373435; font-family: Swiss721BT; font-size: 11pt;\">Breathable and moisture transporting&nbsp;</span><span style=\"color: #373435; font-family: Swiss721BT; font-size: 11pt;\">weaving</span></li>\r\n<li><span style=\"color: #373435; font-family: Swiss721BT; font-size: 11pt;\">Simple and quick wear with easy pull on&nbsp;</span><span style=\"color: #373435; font-family: Swiss721BT; font-size: 11pt;\">application</span></li>\r\n</ul>\r\n</div>\r\n</div>\r\n</div>\r\n</div>','ankle-support-with-elastic',1,1,1,NULL,NULL,NULL,NULL,NULL,NULL,NULL,NULL,NULL,NULL,NULL,'2021-08-31 00:10:33','en','default',288,'2021-08-31 00:16:31',NULL,1,0.0000,0.0000,'<ul>\r\n<li class=\"col-md-3\">\r\n<div class=\"content-wrap\">Flexible</div>\r\n</li>\r\n<li class=\"col-md-3\">\r\n<div class=\"content-wrap\">Duarble</div>\r\n</li>\r\n<li class=\"col-md-3\">\r\n<div class=\"content-wrap\">Elastic</div>\r\n</li>\r\n</ul>','Ankle Support with Elastic','Ankle Support with Elastic, ankle support, ankle brace','Sprains, Swelling, Arthritis, Tendonitis, Pain and inflammation',NULL,NULL,NULL,1,NULL),(289,'mo-4012-variant-4-6','Ankle Support with Elastic',NULL,NULL,NULL,NULL,1,NULL,390.0000,NULL,NULL,NULL,NULL,0.0000,4,'Black',6,'S','2021-08-31 00:10:33','en','default',289,'2021-08-31 00:10:33',288,NULL,390.0000,390.0000,NULL,NULL,NULL,NULL,NULL,NULL,NULL,NULL,NULL),(290,'mo-4012-variant-4-7','Ankle Support with Elastic',NULL,NULL,NULL,NULL,1,NULL,390.0000,NULL,NULL,NULL,NULL,0.0000,4,'Black',7,'M','2021-08-31 00:10:33','en','default',290,'2021-08-31 00:10:33',288,NULL,390.0000,390.0000,NULL,NULL,NULL,NULL,NULL,NULL,NULL,NULL,NULL),(291,'mo-4012-variant-4-8','Ankle Support with Elastic',NULL,NULL,NULL,NULL,1,NULL,390.0000,NULL,NULL,NULL,NULL,0.0000,4,'Black',8,'L','2021-08-31 00:10:33','en','default',291,'2021-08-31 00:10:33',288,NULL,390.0000,390.0000,NULL,NULL,NULL,NULL,NULL,NULL,NULL,NULL,NULL),(292,'mo-4012-variant-4-9','Ankle Support with Elastic',NULL,NULL,NULL,NULL,1,NULL,449.0000,NULL,NULL,NULL,NULL,0.0000,4,'Black',9,'XL','2021-08-31 00:10:33','en','default',292,'2021-08-31 00:10:33',288,NULL,449.0000,449.0000,NULL,NULL,NULL,NULL,NULL,NULL,NULL,NULL,NULL),(293,'mo-4012-variant-4-23','Ankle Support with Elastic',NULL,NULL,NULL,NULL,1,NULL,449.0000,NULL,NULL,NULL,NULL,0.0000,4,'Black',23,'XXL','2021-08-31 00:10:33','en','default',293,'2021-08-31 00:10:33',288,NULL,449.0000,449.0000,NULL,NULL,NULL,NULL,NULL,NULL,NULL,NULL,NULL),(294,'mo-4013','Open Ankle Support','<div class=\"page\" title=\"Page 34\">\r\n<div class=\"section\">\r\n<div class=\"layoutArea\">\r\n<div class=\"column\">\r\n<ul>\r\n<li><span style=\"font-size: 11pt; font-family: Swiss721BT; color: #373435;\">Breathable and moisture transporting&nbsp;</span><span style=\"color: #373435; font-family: Swiss721BT; font-size: 11pt;\">weaving.</span></li>\r\n<li><span style=\"color: #373435; font-family: Swiss721BT; font-size: 11pt;\">Simple and quick wear with easy pull on&nbsp;</span><span style=\"color: #373435; font-family: Swiss721BT; font-size: 11pt;\">application</span></li>\r\n</ul>\r\n</div>\r\n</div>\r\n</div>\r\n</div>','open-ankle-support',1,1,1,NULL,NULL,NULL,NULL,NULL,NULL,NULL,NULL,NULL,NULL,NULL,'2021-08-31 00:19:02','en','default',294,'2021-08-31 00:24:08',NULL,1,0.0000,0.0000,'<ul>\r\n<li class=\"col-md-3\">\r\n<div class=\"content-wrap\">Flexible</div>\r\n</li>\r\n<li class=\"col-md-3\">\r\n<div class=\"content-wrap\">Duarble</div>\r\n</li>\r\n<li class=\"col-md-3\">\r\n<div class=\"content-wrap\">Elastic</div>\r\n</li>\r\n</ul>','Open Ankle Support','Open Ankle Support, ankle support, ankle brace','sprains, Swelling, Arthritis, Tendonitis, Pain and inflammation',NULL,NULL,NULL,1,NULL),(295,'mo-4013-variant-22-6','Open Ankle Support',NULL,NULL,NULL,NULL,1,NULL,330.0000,NULL,NULL,NULL,NULL,0.0000,22,'Grey',6,'S','2021-08-31 00:19:02','en','default',295,'2021-08-31 00:19:02',294,NULL,330.0000,330.0000,NULL,NULL,NULL,NULL,NULL,NULL,NULL,NULL,NULL),(296,'mo-4013-variant-22-7','Open Ankle Support',NULL,NULL,NULL,NULL,1,NULL,330.0000,NULL,NULL,NULL,NULL,0.0000,22,'Grey',7,'M','2021-08-31 00:19:02','en','default',296,'2021-08-31 00:19:02',294,NULL,330.0000,330.0000,NULL,NULL,NULL,NULL,NULL,NULL,NULL,NULL,NULL),(297,'mo-4013-variant-22-8','Open Ankle Support',NULL,NULL,NULL,NULL,1,NULL,330.0000,NULL,NULL,NULL,NULL,0.0000,22,'Grey',8,'L','2021-08-31 00:19:02','en','default',297,'2021-08-31 00:19:02',294,NULL,330.0000,330.0000,NULL,NULL,NULL,NULL,NULL,NULL,NULL,NULL,NULL),(298,'mo-4013-variant-22-9','Open Ankle Support',NULL,NULL,NULL,NULL,1,NULL,379.0000,NULL,NULL,NULL,NULL,0.0000,22,'Grey',9,'XL','2021-08-31 00:19:02','en','default',298,'2021-08-31 00:19:02',294,NULL,379.0000,379.0000,NULL,NULL,NULL,NULL,NULL,NULL,NULL,NULL,NULL),(299,'mo-4013-variant-22-23','Open Ankle Support',NULL,NULL,NULL,NULL,1,NULL,379.0000,NULL,NULL,NULL,NULL,0.0000,22,'Grey',23,'XXL','2021-08-31 00:19:02','en','default',299,'2021-08-31 00:19:02',294,NULL,379.0000,379.0000,NULL,NULL,NULL,NULL,NULL,NULL,NULL,NULL,NULL),(300,'mo-4014','Open Ankle Support with Elastic','<div class=\"page\" title=\"Page 34\">\r\n<div class=\"section\">\r\n<div class=\"layoutArea\">\r\n<div class=\"column\">\r\n<ul>\r\n<li><span style=\"font-size: 11pt; font-family: Swiss721BT; color: #373435;\">Made from sturdy,four way elasticized fabric</span></li>\r\n<li><span style=\"color: #373435; font-family: Swiss721BT; font-size: 11pt;\">Simple and quick wear with easy pull on&nbsp;</span><span style=\"color: #373435; font-family: Swiss721BT; font-size: 11pt;\">application</span></li>\r\n<li><span style=\"color: #373435; font-family: Swiss721BT; font-size: 11pt;\">Breathable and moisture transpor ting</span></li>\r\n</ul>\r\n</div>\r\n</div>\r\n</div>\r\n</div>','open-ankle-support-with-elastic',1,1,1,NULL,NULL,NULL,NULL,NULL,NULL,NULL,NULL,NULL,NULL,NULL,'2021-08-31 00:25:36','en','default',300,'2021-08-31 00:32:08',NULL,1,0.0000,0.0000,'<ul>\r\n<li class=\"col-md-3\">\r\n<div class=\"content-wrap\">Flexible</div>\r\n</li>\r\n<li class=\"col-md-3\">\r\n<div class=\"content-wrap\">Duarble</div>\r\n</li>\r\n<li class=\"col-md-3\">\r\n<div class=\"content-wrap\">Elastic</div>\r\n</li>\r\n</ul>','Open Ankle Support with Elastic','Open Ankle Support with Elastic','\r\nSprains, Swelling, Arthritis, Tendonitis, Pain and inflammation',NULL,NULL,NULL,1,NULL),(301,'mo-4014-variant-22-6','Open Ankle Support with Elastic',NULL,NULL,NULL,NULL,1,NULL,394.0000,NULL,NULL,NULL,NULL,0.0000,22,'Grey',6,'S','2021-08-31 00:25:36','en','default',301,'2021-08-31 00:25:36',300,NULL,394.0000,394.0000,NULL,NULL,NULL,NULL,NULL,NULL,NULL,NULL,NULL),(302,'mo-4014-variant-22-7','Open Ankle Support with Elastic',NULL,NULL,NULL,NULL,1,NULL,394.0000,NULL,NULL,NULL,NULL,0.0000,22,'Grey',7,'M','2021-08-31 00:25:36','en','default',302,'2021-08-31 00:25:36',300,NULL,394.0000,394.0000,NULL,NULL,NULL,NULL,NULL,NULL,NULL,NULL,NULL),(303,'mo-4014-variant-22-8','Open Ankle Support with Elastic',NULL,NULL,NULL,NULL,1,NULL,394.0000,NULL,NULL,NULL,NULL,0.0000,22,'Grey',8,'L','2021-08-31 00:25:36','en','default',303,'2021-08-31 00:25:36',300,NULL,394.0000,394.0000,NULL,NULL,NULL,NULL,NULL,NULL,NULL,NULL,NULL),(304,'mo-4014-variant-22-9','Open Ankle Support with Elastic',NULL,NULL,NULL,NULL,1,NULL,453.0000,NULL,NULL,NULL,NULL,0.0000,22,'Grey',9,'XL','2021-08-31 00:25:36','en','default',304,'2021-08-31 00:25:36',300,NULL,453.0000,453.0000,NULL,NULL,NULL,NULL,NULL,NULL,NULL,NULL,NULL),(305,'mo-4014-variant-22-23','Open Ankle Support with Elastic',NULL,NULL,NULL,NULL,1,NULL,453.0000,NULL,NULL,NULL,NULL,0.0000,22,'Grey',23,'XXL','2021-08-31 00:25:36','en','default',305,'2021-08-31 00:25:36',300,NULL,453.0000,453.0000,NULL,NULL,NULL,NULL,NULL,NULL,NULL,NULL,NULL),(306,'mo-4015','Ankle Brace','<div class=\"page\" title=\"Page 35\">\r\n<div class=\"section\">\r\n<div class=\"layoutArea\">\r\n<div class=\"column\">\r\n<ul>\r\n<li><span style=\"font-size: 11pt; font-family: Swiss721BT; color: #373435;\">Triple stabilization concept. &nbsp;</span></li>\r\n<li><span style=\"font-size: 11pt; font-family: Swiss721BT; color: #373435;\">It provides extra protection to lateral ligament.</span></li>\r\n<li><span style=\"color: #373435; font-family: Swiss721BT; font-size: 11pt;\">Made of PU lined Polyester matte fabric which provides durability, appealing aesthetics, high cushioning coefficient and better comfort.</span></li>\r\n</ul>\r\n</div>\r\n</div>\r\n</div>\r\n</div>','ankle-brace',1,1,1,NULL,NULL,NULL,NULL,NULL,NULL,NULL,NULL,NULL,NULL,NULL,'2021-08-31 21:59:54','en','default',306,'2021-08-31 22:07:14',NULL,1,0.0000,0.0000,'<ul>\r\n<li class=\"col-md-3\">\r\n<div class=\"content-wrap\">Comfortable</div>\r\n</li>\r\n<li class=\"col-md-3\">\r\n<div class=\"content-wrap\">Easy to wear</div>\r\n</li>\r\n</ul>','Ankle Brace','Ankle Brace, ankle support','ankle trauma with small fractures or without fracture, immobilization of the joint, post operative synovitis, sprains or inflammations of the joint, weak muscles in the ankle, among others.',NULL,NULL,NULL,1,NULL),(307,'mo-4015-variant-4-6','Ankle Brace',NULL,NULL,NULL,NULL,1,NULL,700.0000,NULL,NULL,NULL,NULL,0.0000,4,'Black',6,'S','2021-08-31 21:59:54','en','default',307,'2021-08-31 21:59:54',306,NULL,700.0000,700.0000,NULL,NULL,NULL,NULL,NULL,NULL,NULL,NULL,NULL),(308,'mo-4015-variant-4-7','Ankle Brace',NULL,NULL,NULL,NULL,1,NULL,700.0000,NULL,NULL,NULL,NULL,0.0000,4,'Black',7,'M','2021-08-31 21:59:54','en','default',308,'2021-08-31 21:59:54',306,NULL,700.0000,700.0000,NULL,NULL,NULL,NULL,NULL,NULL,NULL,NULL,NULL),(309,'mo-4015-variant-4-8','Ankle Brace',NULL,NULL,NULL,NULL,1,NULL,770.0000,NULL,NULL,NULL,NULL,0.0000,4,'Black',8,'L','2021-08-31 21:59:54','en','default',309,'2021-08-31 21:59:54',306,NULL,770.0000,770.0000,NULL,NULL,NULL,NULL,NULL,NULL,NULL,NULL,NULL),(310,'mo-4015-variant-4-9','Ankle Brace',NULL,NULL,NULL,NULL,1,NULL,770.0000,NULL,NULL,NULL,NULL,0.0000,4,'Black',9,'XL','2021-08-31 21:59:54','en','default',310,'2021-08-31 21:59:54',306,NULL,770.0000,770.0000,NULL,NULL,NULL,NULL,NULL,NULL,NULL,NULL,NULL),(311,'mo-4016','Lag Traction Brace','<div class=\"page\" title=\"Page 36\">\r\n<div class=\"section\">\r\n<div class=\"layoutArea\">\r\n<div class=\"column\">\r\n<p>&nbsp;</p>\r\n<ul>\r\n<li><span style=\"font-size: 11pt; font-family: Swiss721BT; color: #373435;\">Multiple hook loop closures ensure controlled compression, easy application and removal and no loosening of the brace.</span></li>\r\n<li><span style=\"color: #373435; font-family: Swiss721BT; font-size: 11pt;\">Large skin contact area ensures no vaso- constriction, eliminates need of an adhesive, ensures no skin peeling, compatible to weak or geriatric skins.</span></li>\r\n</ul>\r\n<p><span style=\"font-size: 11pt; font-family: Swiss721BT; color: #373435;\"></span></p>\r\n</div>\r\n</div>\r\n</div>\r\n</div>','lag-traction-brace',1,1,1,NULL,NULL,NULL,NULL,NULL,NULL,NULL,NULL,NULL,NULL,NULL,'2021-08-31 22:10:01','en','default',311,'2021-08-31 22:17:29',NULL,1,0.0000,0.0000,'<ul>\r\n<li class=\"col-md-3\">\r\n<div class=\"content-wrap\">Comfortable</div>\r\n</li>\r\n<li class=\"col-md-3\">\r\n<div class=\"content-wrap\">Easy to wear</div>\r\n</li>\r\n</ul>','Lag Traction Brace','Lag Traction Brace, traction belt','Stabilize and realign bone fractures, such as a broken arm or leg, Help reduce the pain of a fracture before surgery, Treat bone deformities caused by certain conditions, such as scoliosis, Correct stiff and constricted muscles, joints, tendons, or skin.',NULL,NULL,NULL,1,NULL),(312,'mo-4016-variant-4-6','Lag Traction Brace',NULL,NULL,NULL,NULL,1,NULL,399.0000,NULL,NULL,NULL,NULL,0.0000,4,'Black',6,'S','2021-08-31 22:10:01','en','default',312,'2021-08-31 22:10:01',311,NULL,399.0000,399.0000,NULL,NULL,NULL,NULL,NULL,NULL,NULL,NULL,NULL),(313,'mo-4016-variant-4-7','Lag Traction Brace',NULL,NULL,NULL,NULL,1,NULL,399.0000,NULL,NULL,NULL,NULL,0.0000,4,'Black',7,'M','2021-08-31 22:10:01','en','default',313,'2021-08-31 22:10:01',311,NULL,399.0000,399.0000,NULL,NULL,NULL,NULL,NULL,NULL,NULL,NULL,NULL),(314,'mo-4016-variant-4-8','Lag Traction Brace',NULL,NULL,NULL,NULL,1,NULL,399.0000,NULL,NULL,NULL,NULL,0.0000,4,'Black',8,'L','2021-08-31 22:10:01','en','default',314,'2021-08-31 22:10:01',311,NULL,399.0000,399.0000,NULL,NULL,NULL,NULL,NULL,NULL,NULL,NULL,NULL),(315,'mo-5001','Wrist Binder','<div class=\"page\" title=\"Page 37\">\r\n<div class=\"section\">\r\n<div class=\"layoutArea\">\r\n<div class=\"column\">\r\n<ul>\r\n<li><span style=\"font-size: 11pt; font-family: Swiss721BT; color: #373435;\">Adjustable fasteners for customized fit.</span></li>\r\n<li><span style=\"font-size: 11pt; font-family: Swiss721BT; color: #373435;\">Allows free movement of the hand.</span></li>\r\n<li><span style=\"font-size: 11pt; font-family: Swiss721BT; color: #373435;\">Breathable and moisture transporting&nbsp;</span><span style=\"color: #373435; font-family: Swiss721BT; font-size: 11pt;\">weaving.</span></li>\r\n</ul>\r\n</div>\r\n</div>\r\n</div>\r\n</div>','wrist-binder',1,1,1,NULL,NULL,NULL,NULL,NULL,NULL,NULL,NULL,NULL,NULL,NULL,'2021-08-31 22:19:40','en','default',315,'2021-08-31 22:25:14',NULL,1,0.0000,0.0000,'<ul>\r\n<li class=\"col-md-3\">\r\n<div class=\"content-wrap\">Comfortable</div>\r\n</li>\r\n<li class=\"col-md-3\">\r\n<div class=\"content-wrap\">Easy to wear</div>\r\n</li>\r\n</ul>','Wrist Binder','Wrist Binder','Sprains and Strains, Mild Osteoarthritis, Swelling, Prevention of sports injury',NULL,NULL,NULL,1,NULL),(316,'mo-5001-variant-22-6','Wrist Binder',NULL,NULL,NULL,NULL,1,NULL,170.0000,NULL,NULL,NULL,NULL,0.0000,22,'Grey',6,'S','2021-08-31 22:19:40','en','default',316,'2021-08-31 22:19:40',315,NULL,170.0000,170.0000,NULL,NULL,NULL,NULL,NULL,NULL,NULL,NULL,NULL),(317,'mo-5001-variant-22-7','Wrist Binder',NULL,NULL,NULL,NULL,1,NULL,170.0000,NULL,NULL,NULL,NULL,0.0000,22,'Grey',7,'M','2021-08-31 22:19:40','en','default',317,'2021-08-31 22:19:40',315,NULL,170.0000,170.0000,NULL,NULL,NULL,NULL,NULL,NULL,NULL,NULL,NULL),(318,'mo-5001-variant-22-8','Wrist Binder',NULL,NULL,NULL,NULL,1,NULL,170.0000,NULL,NULL,NULL,NULL,0.0000,22,'Grey',8,'L','2021-08-31 22:19:40','en','default',318,'2021-08-31 22:19:40',315,NULL,170.0000,170.0000,NULL,NULL,NULL,NULL,NULL,NULL,NULL,NULL,NULL),(319,'mo-5001-variant-22-9','Wrist Binder',NULL,NULL,NULL,NULL,1,NULL,170.0000,NULL,NULL,NULL,NULL,0.0000,22,'Grey',9,'XL','2021-08-31 22:19:41','en','default',319,'2021-08-31 22:19:41',315,NULL,170.0000,170.0000,NULL,NULL,NULL,NULL,NULL,NULL,NULL,NULL,NULL),(320,'mo-5002','Thumb Wrist Binder','<div class=\"page\" title=\"Page 38\">\r\n<div class=\"section\">\r\n<div class=\"layoutArea\">\r\n<div class=\"column\">\r\n<ul>\r\n<li><span style=\"font-size: 11pt; font-family: Swiss721BT; color: #373435;\">Adjustable fasteners for customized fit.</span></li>\r\n<li><span style=\"font-size: 11pt; font-family: Swiss721BT; color: #373435;\">Allows free movement of the hand.</span></li>\r\n<li><span style=\"font-size: 11pt; font-family: Swiss721BT; color: #373435;\">Moisture transporting&nbsp;</span><span style=\"color: #373435; font-family: Swiss721BT; font-size: 11pt;\">weaving.</span></li>\r\n</ul>\r\n</div>\r\n</div>\r\n</div>\r\n</div>','thumb-wrist-binder',1,1,1,NULL,NULL,NULL,NULL,NULL,NULL,NULL,NULL,NULL,NULL,NULL,'2021-08-31 22:27:09','en','default',320,'2021-08-31 22:33:06',NULL,1,0.0000,0.0000,'<ul>\r\n<li class=\"col-md-3\">\r\n<div class=\"content-wrap\">Flexible</div>\r\n</li>\r\n<li class=\"col-md-3\">\r\n<div class=\"content-wrap\">Comfortable</div>\r\n</li>\r\n</ul>','Thumb Wrist Binder','Thumb Wrist Binder, thumb support belt, thumb support','Sprains and Strains, Mild Osteoarthritis, Swelling, Prevention of sports injury',NULL,NULL,NULL,1,NULL),(321,'mo-5002-variant-22-24','Thumb Wrist Binder',NULL,NULL,NULL,NULL,1,NULL,199.0000,NULL,NULL,NULL,NULL,0.0000,22,'Grey',24,'Universal','2021-08-31 22:27:09','en','default',321,'2021-08-31 22:27:09',320,NULL,199.0000,199.0000,NULL,NULL,NULL,NULL,NULL,NULL,NULL,NULL,NULL),(322,'mo-5003','Tennis Elbow Strap','<div class=\"page\" title=\"Page 39\">\r\n<div class=\"section\">\r\n<div class=\"layoutArea\">\r\n<div class=\"column\">\r\n<ul>\r\n<li><span style=\"font-size: 11pt; font-family: Swiss721BT; color: #373435;\">&nbsp;Reverse buckle for customized grip and&nbsp;</span><span style=\"color: #373435; font-family: Swiss721BT; font-size: 11pt;\">compression.</span></li>\r\n<li><span style=\"color: #373435; font-family: Swiss721BT; font-size: 11pt;\">Breathable and moisture transporting&nbsp;</span><span style=\"color: #373435; font-family: Swiss721BT; font-size: 11pt;\">weaving.</span></li>\r\n</ul>\r\n</div>\r\n</div>\r\n</div>\r\n</div>','tennis-elbow-strap',1,1,1,NULL,NULL,NULL,NULL,NULL,NULL,NULL,NULL,NULL,NULL,NULL,'2021-08-31 22:36:31','en','default',322,'2021-08-31 22:41:11',NULL,1,239.0000,239.0000,'<ul>\r\n<li class=\"col-md-3\">\r\n<div class=\"content-wrap\">Adjustable</div>\r\n</li>\r\n<li class=\"col-md-3\">\r\n<div class=\"content-wrap\">Durable</div>\r\n</li>\r\n</ul>','Tennis Elbow Strap','Tennis Elbow Strap, tennis belt, elbow support','Tennis/golf elbow, Tendonitis, Swelling',NULL,NULL,NULL,1,NULL),(323,'mo-5003-variant-22-6','Tennis Elbow Strap',NULL,NULL,NULL,NULL,1,NULL,239.0000,NULL,NULL,NULL,NULL,0.0000,22,'Grey',6,'S','2021-08-31 22:36:31','en','default',323,'2021-08-31 22:36:31',322,NULL,239.0000,239.0000,NULL,NULL,NULL,NULL,NULL,NULL,NULL,NULL,NULL),(324,'mo-5003-variant-22-7','Tennis Elbow Strap',NULL,NULL,NULL,NULL,1,NULL,239.0000,NULL,NULL,NULL,NULL,0.0000,22,'Grey',7,'M','2021-08-31 22:36:31','en','default',324,'2021-08-31 22:36:31',322,NULL,239.0000,239.0000,NULL,NULL,NULL,NULL,NULL,NULL,NULL,NULL,NULL),(325,'mo-5003-variant-22-8','Tennis Elbow Strap',NULL,NULL,NULL,NULL,1,NULL,239.0000,NULL,NULL,NULL,NULL,0.0000,22,'Grey',8,'L','2021-08-31 22:36:31','en','default',325,'2021-08-31 22:36:31',322,NULL,239.0000,239.0000,NULL,NULL,NULL,NULL,NULL,NULL,NULL,NULL,NULL),(326,'mo-5003-variant-22-9','Tennis Elbow Strap',NULL,NULL,NULL,NULL,1,NULL,239.0000,NULL,NULL,NULL,NULL,0.0000,22,'Grey',9,'XL','2021-08-31 22:36:31','en','default',326,'2021-08-31 22:36:31',322,NULL,239.0000,239.0000,NULL,NULL,NULL,NULL,NULL,NULL,NULL,NULL,NULL),(327,'mo-5004','Elbow Support','<div class=\"page\" title=\"Page 40\">\r\n<div class=\"section\">\r\n<div class=\"layoutArea\">\r\n<div class=\"column\">\r\n<ul>\r\n<li><span style=\"font-size: 11pt; font-family: Swiss721BT; color: #373435;\">Made from sturdy, tapered, four way elasticized fabric.</span></li>\r\n<li><span style=\"color: #373435; font-family: Swiss721BT; font-size: 11pt;\">Breathable and moisture transporting&nbsp;</span><span style=\"color: #373435; font-family: Swiss721BT; font-size: 11pt;\">weaving.</span></li>\r\n<li><span style=\"color: #373435; font-family: Swiss721BT; font-size: 11pt;\">Simple and quick wear with easy pull-on&nbsp;</span><span style=\"color: #373435; font-family: Swiss721BT; font-size: 11pt;\">application.</span></li>\r\n</ul>\r\n</div>\r\n</div>\r\n</div>\r\n</div>','elbow-support',1,1,1,NULL,NULL,NULL,NULL,NULL,NULL,NULL,NULL,NULL,NULL,NULL,'2021-08-31 22:42:39','en','default',327,'2021-08-31 22:48:34',NULL,1,0.0000,0.0000,'<ul>\r\n<li class=\"col-md-3\">\r\n<div class=\"content-wrap\">Comfortable</div>\r\n</li>\r\n<li class=\"col-md-3\">\r\n<div class=\"content-wrap\">Duarble</div>\r\n</li>\r\n<li class=\"col-md-3\">\r\n<div class=\"content-wrap\">Elastic</div>\r\n</li>\r\n</ul>','Elbow Support','Elbow Support, elbow brace','Strains and Sprains, Arthritis or Bursitis, Post operative and post traumatic irritation, Pain and inflammation, Post elbow Arthroscopy, Chronic swelling and edema, Prevention of sports injuries.',NULL,NULL,NULL,1,NULL),(328,'mo-5004-variant-22-6','Elbow Support',NULL,NULL,NULL,NULL,1,NULL,225.0000,NULL,NULL,NULL,NULL,0.0000,22,'Grey',6,'S','2021-08-31 22:42:39','en','default',328,'2021-08-31 22:42:39',327,NULL,225.0000,225.0000,NULL,NULL,NULL,NULL,NULL,NULL,NULL,NULL,NULL),(329,'mo-5004-variant-22-7','Elbow Support',NULL,NULL,NULL,NULL,1,NULL,225.0000,NULL,NULL,NULL,NULL,0.0000,22,'Grey',7,'M','2021-08-31 22:42:39','en','default',329,'2021-08-31 22:42:39',327,NULL,225.0000,225.0000,NULL,NULL,NULL,NULL,NULL,NULL,NULL,NULL,NULL),(330,'mo-5004-variant-22-8','Elbow Support',NULL,NULL,NULL,NULL,1,NULL,225.0000,NULL,NULL,NULL,NULL,0.0000,22,'Grey',8,'L','2021-08-31 22:42:39','en','default',330,'2021-08-31 22:42:39',327,NULL,225.0000,225.0000,NULL,NULL,NULL,NULL,NULL,NULL,NULL,NULL,NULL),(331,'mo-5004-variant-22-9','Elbow Support',NULL,NULL,NULL,NULL,1,NULL,250.0000,NULL,NULL,NULL,NULL,0.0000,22,'Grey',9,'XL','2021-08-31 22:42:39','en','default',331,'2021-08-31 22:42:39',327,NULL,250.0000,250.0000,NULL,NULL,NULL,NULL,NULL,NULL,NULL,NULL,NULL),(332,'mo-5004-variant-22-23','Elbow Support',NULL,NULL,NULL,NULL,1,NULL,250.0000,NULL,NULL,NULL,NULL,0.0000,22,'Grey',23,'XXL','2021-08-31 22:42:39','en','default',332,'2021-08-31 22:42:39',327,NULL,250.0000,250.0000,NULL,NULL,NULL,NULL,NULL,NULL,NULL,NULL,NULL),(333,'mo-5005','Thumb Spica Splint','<div class=\"page\" title=\"Page 41\">\r\n<div class=\"section\">\r\n<div class=\"layoutArea\">\r\n<div class=\"column\">\r\n<ul>\r\n<li><span style=\"font-size: 11pt; font-family: Swiss721BT; color: #373435;\">Removable and malleable splint</span></li>\r\n<li><span style=\"font-size: 11pt; font-family: Swiss721BT; color: #373435;\">Wrap-around design.</span></li>\r\n<li><span style=\"font-size: 11pt; font-family: Swiss721BT; color: #373435;\">Hook &amp; loop Closures for Proper Fitting.</span></li>\r\n</ul>\r\n</div>\r\n</div>\r\n</div>\r\n</div>','thumb-spica-splint',1,1,1,NULL,NULL,NULL,NULL,NULL,NULL,NULL,NULL,NULL,NULL,NULL,'2021-08-31 22:53:06','en','default',333,'2021-08-31 22:58:57',NULL,1,0.0000,0.0000,'<ul>\r\n<li class=\"col-md-3\">\r\n<div class=\"content-wrap\">Comfortable</div>\r\n</li>\r\n<li class=\"col-md-3\">\r\n<div class=\"content-wrap\">Duarble</div>\r\n</li>\r\n</ul>','Thumb Spica Splint','Thumb Spica Splint, thumb support ','Bursitis, Sprains of thumb, Soft tissue injuries, Collateral ligament support, Avulsion fractures of the thumb, increase thumb stabilization, Decrease thumb pain symptoms, Immobilize and promotes healing of CMC & MCP joints',NULL,NULL,NULL,1,NULL),(334,'mo-5005-variant-22-6','Thumb Spica Splint',NULL,NULL,NULL,NULL,1,NULL,260.0000,NULL,NULL,NULL,NULL,0.0000,22,'Grey',6,'S','2021-08-31 22:53:06','en','default',334,'2021-08-31 22:53:06',333,NULL,260.0000,260.0000,NULL,NULL,NULL,NULL,NULL,NULL,NULL,NULL,NULL),(335,'mo-5005-variant-22-7','Thumb Spica Splint',NULL,NULL,NULL,NULL,1,NULL,260.0000,NULL,NULL,NULL,NULL,0.0000,22,'Grey',7,'M','2021-08-31 22:53:06','en','default',335,'2021-08-31 22:53:06',333,NULL,260.0000,260.0000,NULL,NULL,NULL,NULL,NULL,NULL,NULL,NULL,NULL),(336,'mo-5005-variant-22-8','Thumb Spica Splint',NULL,NULL,NULL,NULL,1,NULL,260.0000,NULL,NULL,NULL,NULL,0.0000,22,'Grey',8,'L','2021-08-31 22:53:06','en','default',336,'2021-08-31 22:53:06',333,NULL,260.0000,260.0000,NULL,NULL,NULL,NULL,NULL,NULL,NULL,NULL,NULL),(337,'mo-5005-variant-22-9','Thumb Spica Splint',NULL,NULL,NULL,NULL,1,NULL,260.0000,NULL,NULL,NULL,NULL,0.0000,22,'Grey',9,'XL','2021-08-31 22:53:06','en','default',337,'2021-08-31 22:53:06',333,NULL,260.0000,260.0000,NULL,NULL,NULL,NULL,NULL,NULL,NULL,NULL,NULL),(338,'mo-5005-variant-22-23','Thumb Spica Splint',NULL,NULL,NULL,NULL,1,NULL,260.0000,NULL,NULL,NULL,NULL,0.0000,22,'Grey',23,'XXL','2021-08-31 22:53:06','en','default',338,'2021-08-31 22:53:06',333,NULL,260.0000,260.0000,NULL,NULL,NULL,NULL,NULL,NULL,NULL,NULL,NULL),(339,'mo-5006','Cock-up Splint','<div class=\"page\" title=\"Page 42\">\r\n<div class=\"section\">\r\n<div class=\"layoutArea\">\r\n<div class=\"column\">\r\n<ul>\r\n<li><span style=\"font-size: 11pt; font-family: Swiss721BT; color: #373435;\">Ambidextrous design fits both right and left hand. Leads to easier inventory management and availability.</span></li>\r\n<li><span style=\"color: #373435; font-family: Swiss721BT; font-size: 11pt;\">Removable aluminum splints allow customization, so that required degree of dorsi-flexion can be achieved. It improves immobilization, comfor t and fitting of the product.</span></li>\r\n<li><span style=\"color: #373435; font-family: Swiss721BT; font-size: 11pt;\">Thumb in abduction position reduces fatigue and improves healing.</span></li>\r\n</ul>\r\n</div>\r\n</div>\r\n</div>\r\n</div>','cock-up-splint',1,1,1,NULL,NULL,NULL,NULL,NULL,NULL,NULL,NULL,NULL,NULL,NULL,'2021-08-31 23:00:47','en','default',339,'2021-08-31 23:06:51',NULL,1,0.0000,0.0000,'<ul>\r\n<li class=\"col-md-3\">\r\n<div class=\"content-wrap\">Comfortable</div>\r\n</li>\r\n<li class=\"col-md-3\">\r\n<div class=\"content-wrap\">Duarble</div>\r\n</li>\r\n</ul>','Cock-up Splint','Cock-up Splint, wrist support splint, wrist belt','Boxers Fracture, Wrist Sprain, Wrist Strain, Soft Tissue Injury, Distal Radial Fracture, Distal Ulnar Fracture, Wrist Contracture.',NULL,NULL,NULL,1,NULL),(340,'mo-5006-variant-22-6','Cock-up Splint',NULL,NULL,NULL,NULL,1,NULL,339.0000,NULL,NULL,NULL,NULL,0.0000,22,'Grey',6,'S','2021-08-31 23:00:47','en','default',340,'2021-08-31 23:00:47',339,NULL,339.0000,339.0000,NULL,NULL,NULL,NULL,NULL,NULL,NULL,NULL,NULL),(341,'mo-5006-variant-22-7','Cock-up Splint',NULL,NULL,NULL,NULL,1,NULL,339.0000,NULL,NULL,NULL,NULL,0.0000,22,'Grey',7,'M','2021-08-31 23:00:47','en','default',341,'2021-08-31 23:00:47',339,NULL,339.0000,339.0000,NULL,NULL,NULL,NULL,NULL,NULL,NULL,NULL,NULL),(342,'mo-5006-variant-22-8','Cock-up Splint',NULL,NULL,NULL,NULL,1,NULL,339.0000,NULL,NULL,NULL,NULL,0.0000,22,'Grey',8,'L','2021-08-31 23:00:47','en','default',342,'2021-08-31 23:00:47',339,NULL,339.0000,339.0000,NULL,NULL,NULL,NULL,NULL,NULL,NULL,NULL,NULL),(343,'mo-5006-variant-22-9','Cock-up Splint',NULL,NULL,NULL,NULL,1,NULL,339.0000,NULL,NULL,NULL,NULL,0.0000,22,'Grey',9,'XL','2021-08-31 23:00:47','en','default',343,'2021-08-31 23:00:47',339,NULL,339.0000,339.0000,NULL,NULL,NULL,NULL,NULL,NULL,NULL,NULL,NULL),(344,'mo-6001','Heel Cushion Silicone','<div class=\"page\" title=\"Page 43\">\r\n<div class=\"section\">\r\n<div class=\"layoutArea\">\r\n<div class=\"column\">\r\n<ul>\r\n<li><span style=\"font-size: 11pt; font-family: Swiss721BT; color: #373435;\">Made of a medical grade silicone for long lasting support.</span></li>\r\n<li><span style=\"color: #373435; font-family: Swiss721BT; font-size: 11pt;\">Silicone gives optimal absorption of the shock generated from everyday and high impact heel strike.</span></li>\r\n<li><span style=\"color: #373435; font-family: Swiss721BT; font-size: 11pt;\">The softer blue insert relieves pressure on painful heel areas.</span></li>\r\n</ul>\r\n</div>\r\n</div>\r\n</div>\r\n</div>','heel-cushion-silicone',1,1,1,NULL,NULL,NULL,NULL,NULL,NULL,NULL,NULL,NULL,NULL,NULL,'2021-08-31 23:10:37','en','default',344,'2021-08-31 23:15:27',NULL,1,0.0000,0.0000,'<ul>\r\n<li class=\"col-md-3\">\r\n<div class=\"content-wrap\">Comfortable</div>\r\n</li>\r\n<li class=\"col-md-3\">\r\n<div class=\"content-wrap\">Duarble</div>\r\n</li>\r\n</ul>','Heel Cushion Silicone','Heel Cushion Silicone, heel pad','Achilles Tendonitis, Heel Pain, Heel Spurs, Improve quality of life, Provides optimum cushioning, protection, and shock absorption.',NULL,NULL,NULL,1,NULL),(345,'mo-6001-variant-22-6','Heel Cushion Silicone',NULL,NULL,NULL,NULL,1,NULL,749.0000,NULL,NULL,NULL,NULL,0.0000,22,'Grey',6,'S','2021-08-31 23:10:37','en','default',345,'2021-08-31 23:10:37',344,NULL,749.0000,749.0000,NULL,NULL,NULL,NULL,NULL,NULL,NULL,NULL,NULL),(346,'mo-6001-variant-22-7','Heel Cushion Silicone',NULL,NULL,NULL,NULL,1,NULL,749.0000,NULL,NULL,NULL,NULL,0.0000,22,'Grey',7,'M','2021-08-31 23:10:37','en','default',346,'2021-08-31 23:10:37',344,NULL,749.0000,749.0000,NULL,NULL,NULL,NULL,NULL,NULL,NULL,NULL,NULL),(347,'mo-6001-variant-22-8','Heel Cushion Silicone',NULL,NULL,NULL,NULL,1,NULL,749.0000,NULL,NULL,NULL,NULL,0.0000,22,'Grey',8,'L','2021-08-31 23:10:37','en','default',347,'2021-08-31 23:10:37',344,NULL,749.0000,749.0000,NULL,NULL,NULL,NULL,NULL,NULL,NULL,NULL,NULL),(348,'mo-6001-variant-22-9','Heel Cushion Silicone',NULL,NULL,NULL,NULL,1,NULL,749.0000,NULL,NULL,NULL,NULL,0.0000,22,'Grey',9,'XL','2021-08-31 23:10:38','en','default',348,'2021-08-31 23:10:38',344,NULL,749.0000,749.0000,NULL,NULL,NULL,NULL,NULL,NULL,NULL,NULL,NULL),(349,'mo-6002','Foot Insole Silicone','<div class=\"page\" title=\"Page 44\">\r\n<div class=\"section\">\r\n<div class=\"layoutArea\">\r\n<div class=\"column\">\r\n<ul>\r\n<li><span style=\"font-size: 11pt; font-family: Swiss721BT; color: #373435;\">Made of a medical grade silicone for long lasting support and comfort.</span></li>\r\n<li><span style=\"color: #373435; font-family: Swiss721BT; font-size: 11pt;\">Silicone gives optimal absorption of the shock generated from everyday and high impact foot strike.</span></li>\r\n<li><span style=\"color: #373435; font-family: Swiss721BT; font-size: 11pt;\">&nbsp;It distributes pressure evenly throughout the foot, allowing normal blood circulation.</span></li>\r\n</ul>\r\n</div>\r\n</div>\r\n</div>\r\n</div>','foot-insole-silicone',1,1,1,NULL,NULL,NULL,NULL,NULL,NULL,NULL,NULL,NULL,NULL,NULL,'2021-08-31 23:21:42','en','default',349,'2021-08-31 23:28:06',NULL,1,0.0000,0.0000,'<ul>\r\n<li class=\"col-md-3\">\r\n<div class=\"content-wrap\">Comfortable</div>\r\n</li>\r\n<li class=\"col-md-3\">\r\n<div class=\"content-wrap\">High coushioning</div>\r\n</li>\r\n<li class=\"col-md-3\">\r\n<div class=\"content-wrap\">hypoallergic</div>\r\n</li>\r\n</ul>','Foot Insole Silicone','Foot Insole Silicone','Achilles Tendonitis, Heel Pain, Heel Spurs, Improve quality of life, Provides optimum cushioning, protection, and shock absorption.',NULL,NULL,NULL,1,NULL),(350,'mo-6002-variant-27-6','Foot Insole Silicone',NULL,NULL,NULL,NULL,1,NULL,1199.0000,NULL,NULL,NULL,NULL,0.0000,27,'Blue',6,'S','2021-08-31 23:21:43','en','default',350,'2021-08-31 23:21:43',349,NULL,1199.0000,1199.0000,NULL,NULL,NULL,NULL,NULL,NULL,NULL,NULL,NULL),(351,'mo-6002-variant-27-7','Foot Insole Silicone',NULL,NULL,NULL,NULL,1,NULL,1199.0000,NULL,NULL,NULL,NULL,0.0000,27,'Blue',7,'M','2021-08-31 23:21:43','en','default',351,'2021-08-31 23:21:43',349,NULL,1199.0000,1199.0000,NULL,NULL,NULL,NULL,NULL,NULL,NULL,NULL,NULL),(352,'mo-6002-variant-27-8','Foot Insole Silicone',NULL,NULL,NULL,NULL,1,NULL,1199.0000,NULL,NULL,NULL,NULL,0.0000,27,'Blue',8,'L','2021-08-31 23:21:43','en','default',352,'2021-08-31 23:21:43',349,NULL,1199.0000,1199.0000,NULL,NULL,NULL,NULL,NULL,NULL,NULL,NULL,NULL),(353,'mo-6002-variant-27-9','Foot Insole Silicone',NULL,NULL,NULL,NULL,1,NULL,1199.0000,NULL,NULL,NULL,NULL,0.0000,27,'Blue',9,'XL','2021-08-31 23:21:43','en','default',353,'2021-08-31 23:21:43',349,NULL,1199.0000,1199.0000,NULL,NULL,NULL,NULL,NULL,NULL,NULL,NULL,NULL),(354,'mo-6003','Foot Insole with Arch Silicone','<div class=\"page\" title=\"Page 44\">\r\n<div class=\"section\">\r\n<div class=\"layoutArea\">\r\n<div class=\"column\">\r\n<ul>\r\n<li><span style=\"font-size: 11pt; font-family: Swiss721BT; color: #373435;\">Made of a medical grade silicone for long lasting support and comfort.</span></li>\r\n<li><span style=\"color: #373435; font-family: Swiss721BT; font-size: 11pt;\">Silicone gives optimal absorption of the shock generated from everyday and high impact foot strike.</span></li>\r\n<li><span style=\"color: #373435; font-family: Swiss721BT; font-size: 11pt;\">It distributes pressure evenly throughout the foot, allowing normal blood circulation.</span></li>\r\n</ul>\r\n</div>\r\n</div>\r\n</div>\r\n</div>','foot-insole-with-arch-silicone',1,1,1,NULL,NULL,NULL,NULL,NULL,NULL,NULL,NULL,NULL,NULL,NULL,'2021-08-31 23:29:31','en','default',354,'2021-08-31 23:34:48',NULL,1,0.0000,0.0000,'<ul>\r\n<li class=\"col-md-3\">\r\n<div class=\"content-wrap\">Comfortable</div>\r\n</li>\r\n<li class=\"col-md-3\">\r\n<div class=\"content-wrap\">high coushioning</div>\r\n</li>\r\n<li class=\"col-md-3\">\r\n<div class=\"content-wrap\">hypoallergic</div>\r\n</li>\r\n</ul>','Foot Insole with Arch Silicone','Foot Insole with Arch Silicone, silicone insole','Achilles Tendonitis, Heel Pain, Heel Spurs, Improve quality of life, Provides optimum cushioning, protection, and shock absorption.\r\nHelps prevent foot pain caused by long walking.',NULL,NULL,NULL,1,NULL),(355,'mo-6003-variant-27-6','Foot Insole with Arch Silicone',NULL,NULL,NULL,NULL,1,NULL,1199.0000,NULL,NULL,NULL,NULL,0.0000,27,'Blue',6,'S','2021-08-31 23:29:31','en','default',355,'2021-08-31 23:29:31',354,NULL,1199.0000,1199.0000,NULL,NULL,NULL,NULL,NULL,NULL,NULL,NULL,NULL),(356,'mo-6003-variant-27-7','Foot Insole with Arch Silicone',NULL,NULL,NULL,NULL,1,NULL,1199.0000,NULL,NULL,NULL,NULL,0.0000,27,'Blue',7,'M','2021-08-31 23:29:31','en','default',356,'2021-08-31 23:29:31',354,NULL,1199.0000,1199.0000,NULL,NULL,NULL,NULL,NULL,NULL,NULL,NULL,NULL),(357,'mo-6003-variant-27-8','Foot Insole with Arch Silicone',NULL,NULL,NULL,NULL,1,NULL,1199.0000,NULL,NULL,NULL,NULL,0.0000,27,'Blue',8,'L','2021-08-31 23:29:31','en','default',357,'2021-08-31 23:29:31',354,NULL,1199.0000,1199.0000,NULL,NULL,NULL,NULL,NULL,NULL,NULL,NULL,NULL),(358,'mo-6003-variant-27-9','Foot Insole with Arch Silicone',NULL,NULL,NULL,NULL,1,NULL,1199.0000,NULL,NULL,NULL,NULL,0.0000,27,'Blue',9,'XL','2021-08-31 23:29:31','en','default',358,'2021-08-31 23:29:31',354,NULL,1199.0000,1199.0000,NULL,NULL,NULL,NULL,NULL,NULL,NULL,NULL,NULL),(359,'mo-6004','Medial Arch Silicone','<div class=\"page\" title=\"Page 45\">\r\n<div class=\"section\">\r\n<div class=\"layoutArea\">\r\n<div class=\"column\">\r\n<ul>\r\n<li><span style=\"font-size: 11pt; font-family: Swiss721BT; color: #373435;\">Injuries &amp; disorders flat foot condition, features high impact cushion pad made of special grade silicone support the plantar arc of the foot.</span></li>\r\n<li><span style=\"color: #373435; font-family: Swiss721BT; font-size: 11pt;\">Designed bio-mechanically maintain the plantararccomfortably.</span></li>\r\n<li><span style=\"color: #373435; font-family: Swiss721BT; font-size: 11pt;\">ARC pads used within the socks by placing below middle foot.</span></li>\r\n</ul>\r\n</div>\r\n</div>\r\n</div>\r\n</div>','medial-arch-silicone',1,1,1,NULL,NULL,NULL,NULL,NULL,NULL,NULL,NULL,NULL,NULL,NULL,'2021-08-31 23:36:44','en','default',359,'2021-08-31 23:41:44',NULL,1,0.0000,0.0000,'<ul>\r\n<li class=\"col-md-3\">\r\n<div class=\"content-wrap\">Comfortable</div>\r\n</li>\r\n<li class=\"col-md-3\">\r\n<div class=\"content-wrap\">hypoallergic</div>\r\n</li>\r\n</ul>','Medial Arch Silicone','Medial Arch Silicone','For improper feet architecture, crossed toes, fractured toes correction.',NULL,NULL,NULL,1,NULL),(360,'mo-6004-variant-27-24','Medial Arch Silicone',NULL,NULL,NULL,NULL,1,NULL,699.0000,NULL,NULL,NULL,NULL,0.0000,27,'Blue',24,'Universal','2021-08-31 23:36:44','en','default',360,'2021-08-31 23:36:44',359,NULL,699.0000,699.0000,NULL,NULL,NULL,NULL,NULL,NULL,NULL,NULL,NULL),(361,'mo-6005','Toe Separator Silicone','<div class=\"page\" title=\"Page 46\">\r\n<div class=\"section\">\r\n<div class=\"layoutArea\">\r\n<div class=\"column\">\r\n<ul>\r\n<li><span style=\"font-size: 11pt; font-family: Swiss721BT; color: #373435;\">Injuries &amp; disorders flat foot condition, features high impact cushion pad made of special grade silicone suppor t the plantar arc of the foot.</span></li>\r\n<li><span style=\"color: #373435; font-family: Swiss721BT; font-size: 11pt;\">Designed bio-mechanically maintain the plantar arc comfortably.</span></li>\r\n<li><span style=\"color: #373435; font-family: Swiss721BT; font-size: 11pt;\">ARC pads used within the socks by placing below middle foot.</span></li>\r\n</ul>\r\n</div>\r\n</div>\r\n</div>\r\n</div>','toe-separator-silicone',1,1,1,NULL,NULL,NULL,NULL,NULL,NULL,NULL,NULL,NULL,NULL,NULL,'2021-08-31 23:42:59','en','default',361,'2021-08-31 23:48:11',NULL,1,0.0000,0.0000,'<ul>\r\n<li class=\"col-md-3\">\r\n<div class=\"content-wrap\">Comfortable</div>\r\n</li>\r\n<li class=\"col-md-3\">\r\n<div class=\"content-wrap\">High cushioning</div>\r\n</li>\r\n<li class=\"col-md-3\">\r\n<div class=\"content-wrap\">hypo allergic</div>\r\n</li>\r\n</ul>','Toe Separator Silicone','Toe Separator Silicone, toe sprayer','Care and treatment of hammer toes, Claw toes,  Mallet toes, Toenail injuries, Fractured toes, Hammer toe surgery',NULL,NULL,NULL,1,NULL),(362,'mo-6005-variant-27-24','Toe Separator Silicone',NULL,NULL,NULL,NULL,1,NULL,259.0000,NULL,NULL,NULL,NULL,0.0000,27,'Blue',24,'Universal','2021-08-31 23:42:59','en','default',362,'2021-08-31 23:42:59',361,NULL,259.0000,259.0000,NULL,NULL,NULL,NULL,NULL,NULL,NULL,NULL,NULL),(363,'mo-6006','Toe Separator with Finger Silicone','<div class=\"page\" title=\"Page 46\">\r\n<div class=\"section\">\r\n<div class=\"layoutArea\">\r\n<div class=\"column\">\r\n<ul>\r\n<li><span style=\"font-size: 11pt; font-family: Swiss721BT; color: #373435;\">Injuries &amp; disorders flat foot condition, features high impact cushion pad made of special grade silicone support the plantar arc of the foot.</span></li>\r\n<li><span style=\"color: #373435; font-family: Swiss721BT; font-size: 11pt;\">Designed bio-mechanically maintain the plantar arc comfortably.</span></li>\r\n<li><span style=\"color: #373435; font-family: Swiss721BT; font-size: 11pt;\">ARC pads used within the socks by placing below middle foot.</span></li>\r\n</ul>\r\n</div>\r\n</div>\r\n</div>\r\n</div>','toe-separator-with-finger-silicone',1,1,1,NULL,NULL,NULL,NULL,NULL,NULL,NULL,NULL,NULL,NULL,NULL,'2021-08-31 23:49:20','en','default',363,'2021-08-31 23:53:16',NULL,1,339.0000,339.0000,'<ul>\r\n<li class=\"col-md-3\">\r\n<div class=\"content-wrap\">Comfortable</div>\r\n</li>\r\n<li class=\"col-md-3\">\r\n<div class=\"content-wrap\">High cushioning</div>\r\n</li>\r\n<li class=\"col-md-3\">\r\n<div class=\"content-wrap\">Hypo allergic</div>\r\n</li>\r\n</ul>','Toe Separator with\r\nFinger Silicone','Toe Separator with\r\nFinger Silicone','Care and treatment of hammer toes, Claw toes, Mallet toes, Toenail injuries, Fractured toes, Hammer toe surgery',NULL,NULL,NULL,1,NULL),(364,'mo-6006-variant-27-24','Toe Separator with Finger Silicone',NULL,NULL,NULL,NULL,1,NULL,339.0000,NULL,NULL,NULL,NULL,0.0000,27,'Blue',24,'Universal','2021-08-31 23:49:20','en','default',364,'2021-08-31 23:49:20',363,NULL,339.0000,339.0000,NULL,NULL,NULL,NULL,NULL,NULL,NULL,NULL,NULL),(365,'mo-6007','Heel Pad','<div class=\"page\" title=\"Page 47\">\r\n<div class=\"section\">\r\n<div class=\"layoutArea\">\r\n<div class=\"column\">\r\n<ul>\r\n<li><span style=\"font-size: 11pt; font-family: Swiss721BT; color: #373435;\">Your heel pad is a thick layer of tissue found on the soles of your feet. It&rsquo;s made up of dense fat pockets surrounded by tough but stretchy muscle fibers.</span></li>\r\n<li><span style=\"color: #373435; font-family: Swiss721BT; font-size: 11pt;\">&nbsp;Whenever you walk, run, or jump, your heel pads act as cushions, distributing your body weight, absorbing shock, and protecting your bones and joints.</span></li>\r\n<li><span style=\"color: #373435; font-family: Swiss721BT; font-size: 11pt;\">You may not realize it, but your heels endure a lot. Because of this, it&rsquo;s normal for them to wear down a bit over time.</span></li>\r\n</ul>\r\n</div>\r\n</div>\r\n</div>\r\n</div>','heel-pad',1,1,1,NULL,NULL,NULL,NULL,NULL,NULL,NULL,NULL,NULL,NULL,NULL,'2021-08-31 23:55:01','en','default',365,'2021-08-31 23:58:42',NULL,1,0.0000,0.0000,'<ul>\r\n<li class=\"col-md-3\">\r\n<div class=\"content-wrap\">Comfortable</div>\r\n</li>\r\n<li class=\"col-md-3\">\r\n<div class=\"content-wrap\">Hypo allegic</div>\r\n</li>\r\n<li class=\"col-md-3\">\r\n<div class=\"content-wrap\">High cushioning</div>\r\n</li>\r\n</ul>','Heel Pad','Heel Pad, heel support','Heel Protectors, Relief Joints & Foot Pain,Reduce pain from ill-fitting footwear',NULL,NULL,NULL,1,NULL),(366,'mo-6007-variant-27-24','Heel Pad',NULL,NULL,NULL,NULL,1,NULL,589.0000,NULL,NULL,NULL,NULL,0.0000,27,'Blue',24,'Universal','2021-08-31 23:55:01','en','default',366,'2021-08-31 23:55:01',365,NULL,589.0000,589.0000,NULL,NULL,NULL,NULL,NULL,NULL,NULL,NULL,NULL),(367,'zpdfm3esl','C-Cure 3 Ply Pullout Face Mask For Adult - 50 Pieces (Blue)','<p>Benefits Of C-Cure 3 Ply Pullout Face Mask :</p>\r\n<p>Breathable and hypoallergenic non-woven fabric</p>\r\n<p>It is latex-free and soft on skin</p>\r\n<p>It is comfortable for long wear</p>\r\n<p>Filtration more than 99%</p>\r\n<p>Nose strip for better fit</p>\r\n<p>3 layers with Meltblown filter</p>\r\n<p>&nbsp;</p>\r\n<p>How To Use :</p>\r\n<p>Lightly pick up the ear loop with finger</p>\r\n<p>Unfold the ear loop</p>\r\n<p>Unfold the second layer of ear loop</p>\r\n<p>Wear it as usual with nose clip facing upwards</p>','c-cure-3-ply-pullout-face-mask-for-adult---50-pieces-blue',1,1,1,NULL,NULL,NULL,NULL,NULL,NULL,NULL,NULL,NULL,NULL,NULL,'2021-09-01 18:26:17','en','default',367,'2021-09-01 18:33:31',NULL,1,750.0000,750.0000,'<ul>\r\n<li class=\"col-md-3\">\r\n<div class=\"content-wrap\">comfort</div>\r\n</li>\r\n<li class=\"col-md-3\">\r\n<div class=\"content-wrap\">high quality</div>\r\n</li>\r\n<li class=\"col-md-3\">\r\n<div class=\"content-wrap\">soft elastic</div>\r\n</li>\r\n</ul>','','','',NULL,NULL,NULL,NULL,NULL),(368,'zpdfm3esl-variant-27','zpdfm3esl-variant-27',NULL,NULL,NULL,NULL,1,NULL,750.0000,NULL,NULL,NULL,NULL,0.0000,27,'Blue',NULL,NULL,'2021-09-01 18:26:17','en','default',368,'2021-09-01 18:26:17',367,NULL,750.0000,750.0000,NULL,NULL,NULL,NULL,NULL,NULL,NULL,NULL,NULL),(370,'zpdn95hl','C-Cure ISI Marked Head Loop N95 Mask with Five Protective Layers','<p>CE certified &amp; Disposable.</p>\r\n<p>ONE SIZE FITS MOST: Its stretchable ear loop straps can be adjusted to meet the most head sizes while assurance that it won\'t hurt your ears or nose during extended hours of wearing. Ideal for wearing by men, women &amp; adolescents alike.</p>\r\n<p>LIGHTWEIGHT MATERIAL - Made up of soft &amp; super light NON-WOVEN &amp; MELT BLOWN material which does not cause any irritation even after prolonged wearing. N-95 FACE MASK WITHOUT FILTER VALVE - filtration efficiency more than 99% of 2.5 PM. Protects your face, nose, mouth, against dust, smoke, ash, pollution and other particulate matter in all weather conditions. The design provided on the mask filters the air properly and allows it to pass through, letting you breathe even while long time wearing.</p>\r\n<p>PACK OF 50: This is a pack of 50, hence you get 50 face masks that can be used by Men Women Boys Girls.</p>','c-cure-isi-marked-head-loop-n95-mask-with-five-protective-layers',0,0,1,NULL,NULL,NULL,NULL,NULL,NULL,NULL,NULL,NULL,NULL,NULL,'2021-09-02 10:52:07','en','default',370,'2021-09-02 10:59:11',NULL,1,3250.0000,3250.0000,'<ul>\r\n<li class=\"col-md-3\">\r\n<div class=\"content-wrap\">comfort</div>\r\n</li>\r\n<li class=\"col-md-3\">\r\n<div class=\"content-wrap\">high quality</div>\r\n</li>\r\n<li class=\"col-md-3\">\r\n<div class=\"content-wrap\">soft elastic</div>\r\n</li>\r\n</ul>','','','',NULL,NULL,NULL,NULL,NULL),(371,'zpdn95hl-variant-5-24','zpdn95hl-variant-5-24',NULL,NULL,NULL,NULL,1,NULL,3250.0000,NULL,NULL,NULL,NULL,0.0000,5,'White',24,'Universal','2021-09-02 10:52:07','en','default',371,'2021-09-02 10:52:07',370,NULL,3250.0000,3250.0000,NULL,NULL,NULL,NULL,NULL,NULL,NULL,NULL,NULL);
/*!40000 ALTER TABLE `product_flat` ENABLE KEYS */;
UNLOCK TABLES;

--
-- Table structure for table `product_grouped_products`
--

DROP TABLE IF EXISTS `product_grouped_products`;
/*!40101 SET @saved_cs_client     = @@character_set_client */;
/*!50503 SET character_set_client = utf8mb4 */;
CREATE TABLE `product_grouped_products` (
  `id` int unsigned NOT NULL AUTO_INCREMENT,
  `qty` int NOT NULL DEFAULT '0',
  `sort_order` int NOT NULL DEFAULT '0',
  `product_id` int unsigned NOT NULL,
  `associated_product_id` int unsigned NOT NULL,
  PRIMARY KEY (`id`),
  KEY `product_grouped_products_product_id_foreign` (`product_id`),
  KEY `product_grouped_products_associated_product_id_foreign` (`associated_product_id`)
) ENGINE=InnoDB DEFAULT CHARSET=utf8mb4 COLLATE=utf8mb4_unicode_ci ROW_FORMAT=DYNAMIC;
/*!40101 SET character_set_client = @saved_cs_client */;

--
-- Dumping data for table `product_grouped_products`
--

LOCK TABLES `product_grouped_products` WRITE;
/*!40000 ALTER TABLE `product_grouped_products` DISABLE KEYS */;
/*!40000 ALTER TABLE `product_grouped_products` ENABLE KEYS */;
UNLOCK TABLES;

--
-- Table structure for table `product_images`
--

DROP TABLE IF EXISTS `product_images`;
/*!40101 SET @saved_cs_client     = @@character_set_client */;
/*!50503 SET character_set_client = utf8mb4 */;
CREATE TABLE `product_images` (
  `id` int unsigned NOT NULL AUTO_INCREMENT,
  `type` varchar(191) CHARACTER SET utf8mb4 COLLATE utf8mb4_unicode_ci DEFAULT NULL,
  `path` varchar(191) CHARACTER SET utf8mb4 COLLATE utf8mb4_unicode_ci NOT NULL,
  `product_id` int unsigned NOT NULL,
  PRIMARY KEY (`id`),
  KEY `product_images_product_id_foreign` (`product_id`)
) ENGINE=InnoDB AUTO_INCREMENT=80 DEFAULT CHARSET=utf8mb4 COLLATE=utf8mb4_unicode_ci ROW_FORMAT=DYNAMIC;
/*!40101 SET character_set_client = @saved_cs_client */;

--
-- Dumping data for table `product_images`
--

LOCK TABLES `product_images` WRITE;
/*!40000 ALTER TABLE `product_images` DISABLE KEYS */;
INSERT INTO `product_images` VALUES (1,NULL,'product/17/pdIGvJxTdo9v5U2p7b3CvoT4vnXZqGHwkp6DEFKP.jpeg',17),(2,NULL,'product/62/mHEAgp2bLq1tfOQC821SIOT3OG0vRfd4FxMmWqtt.jpeg',62),(3,NULL,'product/68/LLCrvirZalZua9Rix2Q0neYDIJO7UkeCBrnTxUNo.jpeg',68),(4,NULL,'product/68/fTHb9t6f8t0hgbi2ESX2LTl91eQN1dVpKJD38ORJ.jpeg',68),(5,NULL,'product/80/GE7Dz2ipywjwyVN33QRxQlWoAVfjdScgGPpVdXC9.jpeg',80),(6,NULL,'product/80/oj3VjTaEXJJIt7Sae6eeME6q3XsEPayRaO4hUkqz.jpeg',80),(7,NULL,'product/86/A3MBZxVnMSUcwZcQClZZ0m9NK1etFOu6CcXfNplr.jpeg',86),(8,NULL,'product/92/PAbooJwnwcOG7PTU2eXOvAhGz8hZzDhUH657pulE.jpeg',92),(9,NULL,'product/92/PAKe0KzFhjmsQa0p56QdFraIsKquIvkGshLzb6sW.jpeg',92),(10,NULL,'product/104/aqJZwp1ox35kvYSllBVkGOGo5TZ99YZbb7omwttw.jpeg',104),(11,NULL,'product/104/TOGZtCvqKvLmSWT4ePtAXVC07kzDXoG1EQI1DIwG.jpeg',104),(12,NULL,'product/110/Tqjfz9BpK5OtR619PiihFNcoHdIer3Ot8YlNmzjW.jpeg',110),(13,NULL,'product/116/swmNoFO73tHVcHGHWpleazAvJ5RgBDz4vZqUZ4qb.jpeg',116),(14,NULL,'product/122/5TYH4IqwFVNPMXLwEpahPQgG4z5hnArW7z4KgsCa.jpeg',122),(15,NULL,'product/128/Io1pCgFkJjZXfL3T3raAbJuiGrnRZsYfb820Ch1m.jpeg',128),(16,NULL,'product/134/p1Pwd41N40eQ1fXH4KKcrFeuwpWu5D1OMV5ZGdp2.jpeg',134),(17,NULL,'product/134/WCtSD52nZAT4PJWvognofXNye2XhwbQuNdETACVZ.jpeg',134),(18,NULL,'product/140/if6FL74WWRYIKQtIPDLw5C3jguIDYIrtsoGlSiHj.jpeg',140),(19,NULL,'product/140/p5IwWIrKYltPRDCZcpWVZuoztU4weDToGK7EpHWc.jpeg',140),(20,NULL,'product/160/ILc0pbL72aD4J9b6PQoFul3wSt9NbpiJH5HmzPLK.jpeg',160),(21,NULL,'product/160/1XwkfjeD2cFp2N0Mtkatk7MVCRx2AneOxfAIJN6v.jpeg',160),(22,NULL,'product/163/EaWOBsmnvN8U3BTBtD3fdcF3HWpWMWqhnZ7p3lzl.jpeg',163),(23,NULL,'product/163/DTd1rMJKd6AgftwCusXTOoGMR4zsHnmkhCUW8K9A.jpeg',163),(24,NULL,'product/169/egP2DeRtq2YJ2lVsE4nNzxSr5UWchmtzLncYamk7.jpeg',169),(25,NULL,'product/175/ukTpLOUIrEGNhNybPduTawEuyYJ96GXi1JPbi0pu.jpeg',175),(26,NULL,'product/175/Aho82OiVQHzhgmNohQTeqI6VfmKA9bfhvPMWRtAT.jpeg',175),(29,NULL,'product/182/J8wqLucObdXzUbeUZ0XSN7HHqkQCEutXOIxXemf1.jpeg',182),(30,NULL,'product/182/rAvEOE7HteTB2qQLweyYvlTnxNZ1XceXj6A0Hhao.jpeg',182),(31,NULL,'product/185/eIfyPRBmoUejLq32RmBLsl34qFPYzL1B0J93TTWA.jpeg',185),(32,NULL,'product/185/JgNr4UPciR4kTblmJNM62nvhLY74vriKu0yYwTh3.jpeg',185),(33,NULL,'product/185/YTDTn8kWtcYesmaRYBBsS95VitRCRlrOJfhtui54.jpeg',185),(34,NULL,'product/182/xofPjjBrLDxA0WVnQGvIC14fMPVjsPtW1k1jcIYH.png',182),(35,NULL,'product/188/i61NAcj3qKO97OhS9AvscNwtGnbHY2BbfrQc5qGn.png',188),(36,NULL,'product/188/q2HquH6ux3Vlayzxi6A5no6aCj3birN1aqQGo39i.png',188),(37,NULL,'product/188/Lb9vkKj95XKkmZRgaWJNk69KRsEbhuNfdefWhNXL.png',188),(38,NULL,'product/188/rJfsyiyYwnKQia4Ia1C0Wxcx8glgAfBBiBgwf6eH.png',188),(39,NULL,'product/190/A7v92b0l5Az58cglXb6U8APbBkWl305OMB9MCKo6.jpeg',190),(40,NULL,'product/196/9FRMXKyaw4XvrhnvxuMCU6CCcL8LN9I4sLC7spFP.jpeg',196),(41,NULL,'product/199/wc1eTc5u8SqMjTGZN9UkSvdGStbMOt7dWXfINPsY.jpeg',199),(42,NULL,'product/202/lVsBoQp0dR5624mBlkGk6hlo1Q7WG4SYTC9tpywm.jpeg',202),(43,NULL,'product/214/q497DCnzyiyk0fJbBnpqug5JCjsSnVAZ732kwzC4.jpeg',214),(44,NULL,'product/208/8OIO4Bfj5Zzh1FDbPFqBBebchOr4mx3oqURT6Dxi.jpeg',208),(45,NULL,'product/277/XcdMaaygQ4iIEFkHR6VXWYAT51YHkrGE8c6VUSF6.jpeg',277),(46,NULL,'product/282/ela3Nny8YSo4xVRPHJPA98VVmsZrMNDA2X3LQYST.jpeg',282),(47,NULL,'product/288/BK7hi9NrkvQghH2lUzV8FPJiTRafkDXcLYlNsIpP.jpeg',288),(48,NULL,'product/294/3DOwn67IEGyqFiXPQyx62ysQRSDOz0KuHWEh40Wz.jpeg',294),(49,NULL,'product/300/wW2ABtdjCGC1Bh3XfwmiLnUy3Yk71dWIyXzAIerf.jpeg',300),(50,NULL,'product/306/7tkJIuvs2SZ0Q8jMgMFo2WdgoDuDPQbveNkzujOE.jpeg',306),(51,NULL,'product/306/RKSLsuSkVd1pm1F8lk06fCeljmSXvrvokFFW7zEE.jpeg',306),(52,NULL,'product/311/HgMiJgoq0KXOkWamu0OIYu0w2YFlUbGoMTeixrW4.jpeg',311),(53,NULL,'product/315/IGN2Q7jJt2rmZJEtNt43h0qrEVkdwgQJbhQQMWCE.jpeg',315),(54,NULL,'product/320/BEgQyaa8g4oIQRTMZ6dTmDrKuQ5VHjDl1bKX47JZ.jpeg',320),(55,NULL,'product/327/kyyfPOEV0hNkvx6pq38eFz7TUp6GAugoCXZr7Pkh.jpeg',327),(56,NULL,'product/322/nxBtyMP2HOJBExnW9qROJXFbHSxsWTgYqpjwQs7y.jpeg',322),(57,NULL,'product/333/EATDAQrNSLTaQe67HXfXXlxwxIzvp8u2DtfRKZ15.jpeg',333),(58,NULL,'product/333/cRbDmckOnZJ9T7V1RyauqB6cfoQ9DsQUPP19Qh8B.jpeg',333),(59,NULL,'product/339/Yl57ELe1jjYes4e7DTSXIErFWO4QaBDoR1NNQHSE.jpeg',339),(60,NULL,'product/339/sjpjg9hz7U3czrrn0NGZMQvavCKQbe0PzOoWV25M.jpeg',339),(70,NULL,'product/367/1DT2k2fHHQmDX0F8QODUQMZkJubwkxW5lwIrJpsx.jpeg',367),(71,NULL,'product/367/y3QxrcPgt8xJHtQVxOXyTPIDBd9JcPlNTYen3TeM.jpeg',367),(72,NULL,'product/367/MCk9tvl8E3C0vvxT2OPyX3cNouHhWk36hcG6yKVc.png',367),(73,NULL,'product/367/JylUkh8GSIRCeuD3M83wu7Wd3UHzHfXnfO4vkTE1.png',367),(74,NULL,'product/367/t6NG9HuXgskVeuvpnv1ZYkmBrzUTj76uNGFFvB5y.png',367),(78,NULL,'product/370/2CQqoELCmozgIoQ4TIAHPWaphZ9b4LuQzV4weJR7.png',370),(79,NULL,'product/370/laYa3AYJ69WTtKvFHiKc8xFAIeTWhg9oUZ1LfyCF.png',370);
/*!40000 ALTER TABLE `product_images` ENABLE KEYS */;
UNLOCK TABLES;

--
-- Table structure for table `product_inventories`
--

DROP TABLE IF EXISTS `product_inventories`;
/*!40101 SET @saved_cs_client     = @@character_set_client */;
/*!50503 SET character_set_client = utf8mb4 */;
CREATE TABLE `product_inventories` (
  `id` int unsigned NOT NULL AUTO_INCREMENT,
  `qty` int NOT NULL DEFAULT '0',
  `product_id` int unsigned NOT NULL,
  `inventory_source_id` int unsigned NOT NULL,
  `vendor_id` int NOT NULL DEFAULT '0',
  PRIMARY KEY (`id`),
  UNIQUE KEY `product_source_vendor_index_unique` (`product_id`,`inventory_source_id`,`vendor_id`),
  KEY `product_inventories_inventory_source_id_foreign` (`inventory_source_id`)
) ENGINE=InnoDB AUTO_INCREMENT=196 DEFAULT CHARSET=utf8mb4 COLLATE=utf8mb4_unicode_ci ROW_FORMAT=DYNAMIC;
/*!40101 SET character_set_client = @saved_cs_client */;

--
-- Dumping data for table `product_inventories`
--

LOCK TABLES `product_inventories` WRITE;
/*!40000 ALTER TABLE `product_inventories` DISABLE KEYS */;
INSERT INTO `product_inventories` VALUES (1,0,18,2,0),(2,0,19,2,0),(3,0,20,2,0),(4,0,21,2,0),(5,0,22,2,0),(6,10,63,2,0),(7,10,64,2,0),(8,10,65,2,0),(9,10,66,2,0),(10,10,67,2,0),(11,20,69,2,0),(12,30,70,2,0),(13,20,71,2,0),(14,30,72,2,0),(15,30,73,2,0),(16,20,75,2,0),(17,15,76,2,0),(18,20,77,2,0),(19,20,78,2,0),(20,15,79,2,0),(21,15,81,2,0),(22,20,82,2,0),(23,15,83,2,0),(24,20,84,2,0),(25,18,85,2,0),(26,15,87,2,0),(27,20,88,2,0),(28,20,89,2,0),(29,15,90,2,0),(30,20,91,2,0),(31,10,93,2,0),(32,10,94,2,0),(33,10,95,2,0),(34,20,96,2,0),(35,10,97,2,0),(36,10,99,2,0),(37,20,100,2,0),(38,10,101,2,0),(39,10,102,2,0),(40,20,103,2,0),(41,10,105,2,0),(42,20,106,2,0),(43,10,107,2,0),(44,20,108,2,0),(45,10,109,2,0),(46,10,111,2,0),(47,20,112,2,0),(48,15,113,2,0),(49,20,114,2,0),(50,10,115,2,0),(51,0,117,2,0),(52,0,118,2,0),(53,0,119,2,0),(54,0,120,2,0),(55,0,121,2,0),(56,20,123,2,0),(57,20,124,2,0),(58,10,125,2,0),(59,20,126,2,0),(60,10,127,2,0),(61,20,129,2,0),(62,10,130,2,0),(63,15,131,2,0),(64,20,132,2,0),(65,10,133,2,0),(66,20,135,2,0),(67,20,136,2,0),(68,20,137,2,0),(69,20,138,2,0),(70,20,139,2,0),(71,20,141,2,0),(72,20,142,2,0),(73,30,143,2,0),(74,10,144,2,0),(75,20,145,2,0),(76,30,161,2,0),(77,30,162,2,0),(78,0,164,2,0),(79,0,165,2,0),(80,0,166,2,0),(81,0,167,2,0),(82,0,168,2,0),(83,30,170,2,0),(84,20,171,2,0),(85,20,172,2,0),(86,15,173,2,0),(87,20,174,2,0),(88,20,176,2,0),(89,10,177,2,0),(90,15,178,2,0),(91,30,179,2,0),(92,20,180,2,0),(93,10,183,2,0),(94,10,184,2,0),(95,10,186,2,0),(96,10,187,2,0),(97,1000,189,2,0),(98,20,191,2,0),(99,20,192,2,0),(100,20,193,2,0),(101,20,194,2,0),(102,20,195,2,0),(103,20,197,2,0),(104,20,198,2,0),(105,30,200,2,0),(106,20,201,2,0),(107,20,203,2,0),(108,15,204,2,0),(109,30,205,2,0),(110,30,206,2,0),(111,20,207,2,0),(112,20,215,2,0),(113,30,216,2,0),(114,20,217,2,0),(115,10,218,2,0),(116,15,219,2,0),(117,20,209,2,0),(118,30,210,2,0),(119,30,211,2,0),(120,20,212,2,0),(121,30,213,2,0),(122,30,278,2,0),(123,40,279,2,0),(124,20,280,2,0),(125,10,281,2,0),(126,20,283,2,0),(127,20,284,2,0),(128,30,285,2,0),(129,30,286,2,0),(130,20,287,2,0),(131,30,289,2,0),(132,30,290,2,0),(133,20,291,2,0),(134,20,292,2,0),(135,20,293,2,0),(136,20,295,2,0),(137,20,296,2,0),(138,30,297,2,0),(139,30,298,2,0),(140,20,299,2,0),(141,20,301,2,0),(142,20,302,2,0),(143,30,303,2,0),(144,20,304,2,0),(145,20,305,2,0),(146,20,307,2,0),(147,30,308,2,0),(148,20,309,2,0),(149,20,310,2,0),(150,30,312,2,0),(151,20,313,2,0),(152,30,314,2,0),(153,20,316,2,0),(154,30,317,2,0),(155,40,318,2,0),(156,40,319,2,0),(157,40,321,2,0),(158,20,323,2,0),(159,30,324,2,0),(160,40,325,2,0),(161,20,326,2,0),(162,0,328,2,0),(163,0,329,2,0),(164,0,330,2,0),(165,0,331,2,0),(166,0,332,2,0),(167,30,334,2,0),(168,30,335,2,0),(169,30,336,2,0),(170,30,337,2,0),(171,30,338,2,0),(172,20,340,2,0),(173,20,341,2,0),(174,30,342,2,0),(175,30,343,2,0),(176,20,345,2,0),(177,20,346,2,0),(178,20,347,2,0),(179,30,348,2,0),(180,30,350,2,0),(181,20,351,2,0),(182,30,352,2,0),(183,30,353,2,0),(184,0,355,2,0),(185,0,356,2,0),(186,0,357,2,0),(187,0,358,2,0),(188,40,360,2,0),(189,50,362,2,0),(190,50,364,2,0),(191,50,366,2,0),(192,0,368,2,0),(193,0,369,2,0),(194,100,371,2,0);
/*!40000 ALTER TABLE `product_inventories` ENABLE KEYS */;
UNLOCK TABLES;

--
-- Table structure for table `product_ordered_inventories`
--

DROP TABLE IF EXISTS `product_ordered_inventories`;
/*!40101 SET @saved_cs_client     = @@character_set_client */;
/*!50503 SET character_set_client = utf8mb4 */;
CREATE TABLE `product_ordered_inventories` (
  `id` int unsigned NOT NULL AUTO_INCREMENT,
  `qty` int NOT NULL DEFAULT '0',
  `product_id` int unsigned NOT NULL,
  `channel_id` int unsigned NOT NULL,
  PRIMARY KEY (`id`),
  UNIQUE KEY `product_ordered_inventories_product_id_channel_id_unique` (`product_id`,`channel_id`),
  KEY `product_ordered_inventories_channel_id_foreign` (`channel_id`)
) ENGINE=InnoDB AUTO_INCREMENT=2 DEFAULT CHARSET=utf8mb4 COLLATE=utf8mb4_unicode_ci ROW_FORMAT=DYNAMIC;
/*!40101 SET character_set_client = @saved_cs_client */;

--
-- Dumping data for table `product_ordered_inventories`
--

LOCK TABLES `product_ordered_inventories` WRITE;
/*!40000 ALTER TABLE `product_ordered_inventories` DISABLE KEYS */;
INSERT INTO `product_ordered_inventories` VALUES (1,4,186,1);
/*!40000 ALTER TABLE `product_ordered_inventories` ENABLE KEYS */;
UNLOCK TABLES;

--
-- Table structure for table `product_relations`
--

DROP TABLE IF EXISTS `product_relations`;
/*!40101 SET @saved_cs_client     = @@character_set_client */;
/*!50503 SET character_set_client = utf8mb4 */;
CREATE TABLE `product_relations` (
  `parent_id` int unsigned NOT NULL,
  `child_id` int unsigned NOT NULL,
  KEY `product_relations_parent_id_foreign` (`parent_id`),
  KEY `product_relations_child_id_foreign` (`child_id`)
) ENGINE=InnoDB DEFAULT CHARSET=utf8mb4 COLLATE=utf8mb4_unicode_ci ROW_FORMAT=DYNAMIC;
/*!40101 SET character_set_client = @saved_cs_client */;

--
-- Dumping data for table `product_relations`
--

LOCK TABLES `product_relations` WRITE;
/*!40000 ALTER TABLE `product_relations` DISABLE KEYS */;
INSERT INTO `product_relations` VALUES (185,182),(188,185),(188,182),(182,188),(182,185),(367,188);
/*!40000 ALTER TABLE `product_relations` ENABLE KEYS */;
UNLOCK TABLES;

--
-- Table structure for table `product_reviews`
--

DROP TABLE IF EXISTS `product_reviews`;
/*!40101 SET @saved_cs_client     = @@character_set_client */;
/*!50503 SET character_set_client = utf8mb4 */;
CREATE TABLE `product_reviews` (
  `id` int unsigned NOT NULL AUTO_INCREMENT,
  `title` varchar(191) CHARACTER SET utf8mb4 COLLATE utf8mb4_unicode_ci NOT NULL,
  `rating` int NOT NULL,
  `comment` text CHARACTER SET utf8mb4 COLLATE utf8mb4_unicode_ci,
  `status` varchar(191) CHARACTER SET utf8mb4 COLLATE utf8mb4_unicode_ci NOT NULL,
  `created_at` timestamp NULL DEFAULT NULL,
  `updated_at` timestamp NULL DEFAULT NULL,
  `product_id` int unsigned NOT NULL,
  `customer_id` int DEFAULT NULL,
  `name` varchar(191) CHARACTER SET utf8mb4 COLLATE utf8mb4_unicode_ci NOT NULL DEFAULT '',
  PRIMARY KEY (`id`),
  KEY `product_reviews_product_id_foreign` (`product_id`),
  KEY `product_reviews_customer_id_foreign` (`customer_id`)
) ENGINE=InnoDB AUTO_INCREMENT=7 DEFAULT CHARSET=utf8mb4 COLLATE=utf8mb4_unicode_ci ROW_FORMAT=DYNAMIC;
/*!40101 SET character_set_client = @saved_cs_client */;

--
-- Dumping data for table `product_reviews`
--

LOCK TABLES `product_reviews` WRITE;
/*!40000 ALTER TABLE `product_reviews` DISABLE KEYS */;
INSERT INTO `product_reviews` VALUES (1,'good products',5,'very happy to getting this products','approved','2021-08-27 14:43:25','2021-08-27 15:40:23',169,NULL,'Ravindra Radadiya'),(2,'good products',5,'fewfwedfwe','approved','2021-08-27 14:44:16','2021-08-27 15:40:23',169,NULL,'Ravindra Radadiya'),(3,'good products',5,'rthty','approved','2021-08-27 14:45:22','2021-08-27 15:40:23',169,1,'Ravindra Radadiya'),(4,'goodproducts',5,'hyjygukr6','approved','2021-08-27 14:47:28','2021-08-27 15:40:23',182,1,'Ravindra Radadiya'),(5,'Good',5,'This is good product..!','approved','2021-08-27 15:38:22','2021-08-27 15:40:23',182,NULL,'Testing'),(6,'2',5,'eee','pending','2021-08-27 16:36:00','2021-08-27 16:36:00',92,2,'keyur patel');
/*!40000 ALTER TABLE `product_reviews` ENABLE KEYS */;
UNLOCK TABLES;

--
-- Table structure for table `product_super_attributes`
--

DROP TABLE IF EXISTS `product_super_attributes`;
/*!40101 SET @saved_cs_client     = @@character_set_client */;
/*!50503 SET character_set_client = utf8mb4 */;
CREATE TABLE `product_super_attributes` (
  `product_id` int unsigned NOT NULL,
  `attribute_id` int unsigned NOT NULL,
  KEY `product_super_attributes_product_id_foreign` (`product_id`),
  KEY `product_super_attributes_attribute_id_foreign` (`attribute_id`)
) ENGINE=InnoDB DEFAULT CHARSET=utf8mb4 COLLATE=utf8mb4_unicode_ci ROW_FORMAT=DYNAMIC;
/*!40101 SET character_set_client = @saved_cs_client */;

--
-- Dumping data for table `product_super_attributes`
--

LOCK TABLES `product_super_attributes` WRITE;
/*!40000 ALTER TABLE `product_super_attributes` DISABLE KEYS */;
INSERT INTO `product_super_attributes` VALUES (17,23),(17,24),(62,23),(62,24),(68,23),(68,24),(74,23),(74,24),(80,23),(80,24),(86,23),(86,24),(92,23),(92,24),(98,23),(98,24),(104,23),(104,24),(110,23),(110,24),(116,23),(116,24),(122,23),(122,24),(128,23),(128,24),(134,23),(134,24),(140,23),(140,24),(146,23),(146,24),(152,23),(152,24),(160,23),(160,24),(163,23),(163,24),(169,23),(169,24),(175,23),(175,24),(182,23),(185,23),(188,23),(190,23),(190,24),(196,23),(196,24),(199,23),(199,24),(202,23),(202,24),(208,23),(208,24),(214,23),(214,24),(220,23),(220,24),(277,23),(277,24),(282,23),(282,24),(288,23),(288,24),(294,23),(294,24),(300,23),(300,24),(306,23),(306,24),(311,23),(311,24),(315,23),(315,24),(320,23),(320,24),(322,23),(322,24),(327,23),(327,24),(333,23),(333,24),(339,23),(339,24),(344,23),(344,24),(349,23),(349,24),(354,23),(354,24),(359,23),(359,24),(361,23),(361,24),(363,23),(363,24),(365,23),(365,24),(367,23),(370,23),(370,24);
/*!40000 ALTER TABLE `product_super_attributes` ENABLE KEYS */;
UNLOCK TABLES;

--
-- Table structure for table `product_up_sells`
--

DROP TABLE IF EXISTS `product_up_sells`;
/*!40101 SET @saved_cs_client     = @@character_set_client */;
/*!50503 SET character_set_client = utf8mb4 */;
CREATE TABLE `product_up_sells` (
  `parent_id` int unsigned NOT NULL,
  `child_id` int unsigned NOT NULL,
  KEY `product_up_sells_parent_id_foreign` (`parent_id`),
  KEY `product_up_sells_child_id_foreign` (`child_id`)
) ENGINE=InnoDB DEFAULT CHARSET=utf8mb4 COLLATE=utf8mb4_unicode_ci ROW_FORMAT=DYNAMIC;
/*!40101 SET character_set_client = @saved_cs_client */;

--
-- Dumping data for table `product_up_sells`
--

LOCK TABLES `product_up_sells` WRITE;
/*!40000 ALTER TABLE `product_up_sells` DISABLE KEYS */;
INSERT INTO `product_up_sells` VALUES (185,182),(188,185),(188,182),(367,188),(367,185),(367,182);
/*!40000 ALTER TABLE `product_up_sells` ENABLE KEYS */;
UNLOCK TABLES;

--
-- Table structure for table `products`
--

DROP TABLE IF EXISTS `products`;
/*!40101 SET @saved_cs_client     = @@character_set_client */;
/*!50503 SET character_set_client = utf8mb4 */;
CREATE TABLE `products` (
  `id` int unsigned NOT NULL AUTO_INCREMENT,
  `seller_id` int DEFAULT NULL,
  `sku` varchar(191) CHARACTER SET utf8mb4 COLLATE utf8mb4_unicode_ci NOT NULL,
  `type` varchar(191) CHARACTER SET utf8mb4 COLLATE utf8mb4_unicode_ci NOT NULL,
  `catalog` varchar(255) CHARACTER SET utf8mb4 COLLATE utf8mb4_unicode_ci DEFAULT NULL,
  `datasheet` varchar(255) CHARACTER SET utf8mb4 COLLATE utf8mb4_unicode_ci DEFAULT NULL,
  `engraving_shipping_term` longtext CHARACTER SET utf8mb4 COLLATE utf8mb4_unicode_ci,
  `created_at` timestamp NULL DEFAULT NULL,
  `updated_at` timestamp NULL DEFAULT NULL,
  `parent_id` int unsigned DEFAULT NULL,
  `attribute_family_id` int unsigned DEFAULT NULL,
  PRIMARY KEY (`id`),
  UNIQUE KEY `products_sku_unique` (`sku`),
  KEY `products_attribute_family_id_foreign` (`attribute_family_id`),
  KEY `products_parent_id_foreign` (`parent_id`)
) ENGINE=InnoDB AUTO_INCREMENT=373 DEFAULT CHARSET=utf8mb4 COLLATE=utf8mb4_unicode_ci ROW_FORMAT=DYNAMIC;
/*!40101 SET character_set_client = @saved_cs_client */;

--
-- Dumping data for table `products`
--

LOCK TABLES `products` WRITE;
/*!40000 ALTER TABLE `products` DISABLE KEYS */;
INSERT INTO `products` VALUES (17,6,'mo-1001','configurable',NULL,NULL,'<h3>What is Lorem Ipsum?</h3>\r\n<p>Lorem Ipsum is simply dummy text of the printing and typesetting industry. Lorem Ipsum has been the industry\'s standard dummy text ever since the 1500s, when an unknown printer took a galley of type and scrambled it to make a type specimen book. It has survived not only five centuries, but also the leap into electronic typesetting, remaining essentially unchanged. It was popularised in the 1960s with the release of Letraset sheets containing Lorem Ipsum passages, and more recently with desktop publishing software like Aldus PageMaker including versions of Lorem Ipsum.</p>','2021-08-10 09:23:54','2021-08-16 11:25:04',NULL,8),(18,NULL,'mo-1001-variant-22-6','simple',NULL,NULL,NULL,'2021-08-10 09:23:54','2021-08-10 09:23:54',17,8),(19,NULL,'mo-1001-variant-22-7','simple',NULL,NULL,NULL,'2021-08-10 09:23:54','2021-08-10 09:23:54',17,8),(20,NULL,'mo-1001-variant-22-8','simple',NULL,NULL,NULL,'2021-08-10 09:23:54','2021-08-10 09:23:54',17,8),(21,NULL,'mo-1001-variant-22-9','simple',NULL,NULL,NULL,'2021-08-10 09:23:54','2021-08-10 09:23:54',17,8),(22,NULL,'mo-1001-variant-22-23','simple',NULL,NULL,NULL,'2021-08-10 09:23:54','2021-08-10 09:23:54',17,8),(62,6,'mo-1002','configurable',NULL,NULL,'<h3>What is Lorem Ipsum?</h3>\r\n<p>Lorem Ipsum is simply dummy text of the printing and typesetting industry. Lorem Ipsum has been the industry\'s standard dummy text ever since the 1500s, when an unknown printer took a galley of type and scrambled it to make a type specimen book. It has survived not only five centuries, but also the leap into electronic typesetting, remaining essentially unchanged. It was popularised in the 1960s with the release of Letraset sheets containing Lorem Ipsum passages, and more recently with desktop publishing software like Aldus PageMaker including versions of Lorem Ipsum.</p>','2021-08-13 16:55:11','2021-08-16 11:27:06',NULL,8),(63,NULL,'mo-1002-variant-22-6','simple',NULL,NULL,NULL,'2021-08-13 16:55:11','2021-08-13 16:55:11',62,8),(64,NULL,'mo-1002-variant-22-7','simple',NULL,NULL,NULL,'2021-08-13 16:55:11','2021-08-13 16:55:11',62,8),(65,NULL,'mo-1002-variant-22-8','simple',NULL,NULL,NULL,'2021-08-13 16:55:11','2021-08-13 16:55:11',62,8),(66,NULL,'mo-1002-variant-22-9','simple',NULL,NULL,NULL,'2021-08-13 16:55:11','2021-08-13 16:55:11',62,8),(67,NULL,'mo-1002-variant-22-23','simple',NULL,NULL,NULL,'2021-08-13 16:55:11','2021-08-13 16:55:11',62,8),(68,6,'mo-1003','configurable',NULL,NULL,'<h3>What is Lorem Ipsum?</h3>\r\n<p>Lorem Ipsum is simply dummy text of the printing and typesetting industry. Lorem Ipsum has been the industry\'s standard dummy text ever since the 1500s, when an unknown printer took a galley of type and scrambled it to make a type specimen book. It has survived not only five centuries, but also the leap into electronic typesetting, remaining essentially unchanged. It was popularised in the 1960s with the release of Letraset sheets containing Lorem Ipsum passages, and more recently with desktop publishing software like Aldus PageMaker including versions of Lorem Ipsum.</p>','2021-08-13 17:05:57','2021-08-16 11:27:26',NULL,8),(69,NULL,'mo-1003-variant-22-6','simple',NULL,NULL,NULL,'2021-08-13 17:05:57','2021-08-13 17:05:57',68,8),(70,NULL,'mo-1003-variant-22-7','simple',NULL,NULL,NULL,'2021-08-13 17:05:57','2021-08-13 17:05:57',68,8),(71,NULL,'mo-1003-variant-22-8','simple',NULL,NULL,NULL,'2021-08-13 17:05:58','2021-08-13 17:05:58',68,8),(72,NULL,'mo-1003-variant-22-9','simple',NULL,NULL,NULL,'2021-08-13 17:05:58','2021-08-13 17:05:58',68,8),(73,NULL,'mo-1003-variant-22-23','simple',NULL,NULL,NULL,'2021-08-13 17:05:58','2021-08-13 17:05:58',68,8),(74,6,'mo-1004','configurable',NULL,NULL,'<h3>What is Lorem Ipsum?</h3>\r\n<p>Lorem Ipsum is simply dummy text of the printing and typesetting industry. Lorem Ipsum has been the industry\'s standard dummy text ever since the 1500s, when an unknown printer took a galley of type and scrambled it to make a type specimen book. It has survived not only five centuries, but also the leap into electronic typesetting, remaining essentially unchanged. It was popularised in the 1960s with the release of Letraset sheets containing Lorem Ipsum passages, and more recently with desktop publishing software like Aldus PageMaker including versions of Lorem Ipsum.</p>','2021-08-23 17:23:51','2021-08-23 18:09:33',NULL,8),(75,NULL,'mo-1004-variant-22-6','simple',NULL,NULL,NULL,'2021-08-23 17:23:51','2021-08-23 17:23:51',74,8),(76,NULL,'mo-1004-variant-22-7','simple',NULL,NULL,NULL,'2021-08-23 17:23:51','2021-08-23 17:23:51',74,8),(77,NULL,'mo-1004-variant-22-8','simple',NULL,NULL,NULL,'2021-08-23 17:23:51','2021-08-23 17:23:51',74,8),(78,NULL,'mo-1004-variant-22-9','simple',NULL,NULL,NULL,'2021-08-23 17:23:51','2021-08-23 17:23:51',74,8),(79,NULL,'mo-1004-variant-22-23','simple',NULL,NULL,NULL,'2021-08-23 17:23:51','2021-08-23 17:23:51',74,8),(80,6,'mo-1005','configurable',NULL,NULL,'<h3>What is Lorem Ipsum?</h3>\r\n<p>Lorem Ipsum is simply dummy text of the printing and typesetting industry. Lorem Ipsum has been the industry\'s standard dummy text ever since the 1500s, when an unknown printer took a galley of type and scrambled it to make a type specimen book. It has survived not only five centuries, but also the leap into electronic typesetting, remaining essentially unchanged. It was popularised in the 1960s with the release of Letraset sheets containing Lorem Ipsum passages, and more recently with desktop publishing software like Aldus PageMaker including versions of Lorem Ipsum.</p>','2021-08-23 18:14:32','2021-08-23 18:28:02',NULL,8),(81,NULL,'mo-1005-variant-22-6','simple',NULL,NULL,NULL,'2021-08-23 18:14:32','2021-08-23 18:14:32',80,8),(82,NULL,'mo-1005-variant-22-7','simple',NULL,NULL,NULL,'2021-08-23 18:14:32','2021-08-23 18:14:32',80,8),(83,NULL,'mo-1005-variant-22-8','simple',NULL,NULL,NULL,'2021-08-23 18:14:32','2021-08-23 18:14:32',80,8),(84,NULL,'mo-1005-variant-22-9','simple',NULL,NULL,NULL,'2021-08-23 18:14:32','2021-08-23 18:14:32',80,8),(85,NULL,'mo-1005-variant-22-23','simple',NULL,NULL,NULL,'2021-08-23 18:14:32','2021-08-23 18:14:32',80,8),(86,6,'mo-1006','configurable',NULL,NULL,'<h3>What is Lorem Ipsum?</h3>\r\n<p>Lorem Ipsum is simply dummy text of the printing and typesetting industry. Lorem Ipsum has been the industry\'s standard dummy text ever since the 1500s, when an unknown printer took a galley of type and scrambled it to make a type specimen book. It has survived not only five centuries, but also the leap into electronic typesetting, remaining essentially unchanged. It was popularised in the 1960s with the release of Letraset sheets containing Lorem Ipsum passages, and more recently with desktop publishing software like Aldus PageMaker including versions of Lorem Ipsum.</p>','2021-08-23 18:48:14','2021-08-23 19:04:04',NULL,8),(87,NULL,'mo-1006-variant-22-6','simple',NULL,NULL,NULL,'2021-08-23 18:48:14','2021-08-23 18:48:14',86,8),(88,NULL,'mo-1006-variant-22-7','simple',NULL,NULL,NULL,'2021-08-23 18:48:14','2021-08-23 18:48:14',86,8),(89,NULL,'mo-1006-variant-22-8','simple',NULL,NULL,NULL,'2021-08-23 18:48:14','2021-08-23 18:48:14',86,8),(90,NULL,'mo-1006-variant-22-9','simple',NULL,NULL,NULL,'2021-08-23 18:48:14','2021-08-23 18:48:14',86,8),(91,NULL,'mo-1006-variant-22-23','simple',NULL,NULL,NULL,'2021-08-23 18:48:14','2021-08-23 18:48:14',86,8),(92,6,'mo-1007','configurable',NULL,NULL,'<h3>What is Lorem Ipsum?</h3>\r\n<p>Lorem Ipsum is simply dummy text of the printing and typesetting industry. Lorem Ipsum has been the industry\'s standard dummy text ever since the 1500s, when an unknown printer took a galley of type and scrambled it to make a type specimen book. It has survived not only five centuries, but also the leap into electronic typesetting, remaining essentially unchanged. It was popularised in the 1960s with the release of Letraset sheets containing Lorem Ipsum passages, and more recently with desktop publishing software like Aldus PageMaker including versions of Lorem Ipsum.</p>','2021-08-23 19:05:06','2021-08-23 19:21:36',NULL,8),(93,NULL,'mo-1007-variant-22-6','simple',NULL,NULL,NULL,'2021-08-23 19:05:06','2021-08-23 19:05:06',92,8),(94,NULL,'mo-1007-variant-22-7','simple',NULL,NULL,NULL,'2021-08-23 19:05:06','2021-08-23 19:05:06',92,8),(95,NULL,'mo-1007-variant-22-8','simple',NULL,NULL,NULL,'2021-08-23 19:05:06','2021-08-23 19:05:06',92,8),(96,NULL,'mo-1007-variant-22-9','simple',NULL,NULL,NULL,'2021-08-23 19:05:07','2021-08-23 19:05:07',92,8),(97,NULL,'mo-1007-variant-22-23','simple',NULL,NULL,NULL,'2021-08-23 19:05:07','2021-08-23 19:05:07',92,8),(98,6,'mo-1008','configurable',NULL,NULL,'<h3>What is Lorem Ipsum?</h3>\r\n<p>Lorem Ipsum is simply dummy text of the printing and typesetting industry. Lorem Ipsum has been the industry\'s standard dummy text ever since the 1500s, when an unknown printer took a galley of type and scrambled it to make a type specimen book. It has survived not only five centuries, but also the leap into electronic typesetting, remaining essentially unchanged. It was popularised in the 1960s with the release of Letraset sheets containing Lorem Ipsum passages, and more recently with desktop publishing software like Aldus PageMaker including versions of Lorem Ipsum.</p>','2021-08-23 19:22:35','2021-08-23 19:37:20',NULL,8),(99,NULL,'mo-1008-variant-22-6','simple',NULL,NULL,NULL,'2021-08-23 19:22:35','2021-08-23 19:22:35',98,8),(100,NULL,'mo-1008-variant-22-7','simple',NULL,NULL,NULL,'2021-08-23 19:22:35','2021-08-23 19:22:35',98,8),(101,NULL,'mo-1008-variant-22-8','simple',NULL,NULL,NULL,'2021-08-23 19:22:35','2021-08-23 19:22:35',98,8),(102,NULL,'mo-1008-variant-22-9','simple',NULL,NULL,NULL,'2021-08-23 19:22:35','2021-08-23 19:22:35',98,8),(103,NULL,'mo-1008-variant-22-23','simple',NULL,NULL,NULL,'2021-08-23 19:22:36','2021-08-23 19:22:36',98,8),(104,6,'mo-1009','configurable',NULL,NULL,'<h3>What is Lorem Ipsum?</h3>\r\n<p>Lorem Ipsum is simply dummy text of the printing and typesetting industry. Lorem Ipsum has been the industry\'s standard dummy text ever since the 1500s, when an unknown printer took a galley of type and scrambled it to make a type specimen book. It has survived not only five centuries, but also the leap into electronic typesetting, remaining essentially unchanged. It was popularised in the 1960s with the release of Letraset sheets containing Lorem Ipsum passages, and more recently with desktop publishing software like Aldus PageMaker including versions of Lorem Ipsum.</p>','2021-08-23 19:38:32','2021-08-23 19:49:08',NULL,8),(105,NULL,'mo-1009-variant-22-6','simple',NULL,NULL,NULL,'2021-08-23 19:38:32','2021-08-23 19:38:32',104,8),(106,NULL,'mo-1009-variant-22-7','simple',NULL,NULL,NULL,'2021-08-23 19:38:32','2021-08-23 19:38:32',104,8),(107,NULL,'mo-1009-variant-22-8','simple',NULL,NULL,NULL,'2021-08-23 19:38:32','2021-08-23 19:38:32',104,8),(108,NULL,'mo-1009-variant-22-9','simple',NULL,NULL,NULL,'2021-08-23 19:38:32','2021-08-23 19:38:32',104,8),(109,NULL,'mo-1009-variant-22-23','simple',NULL,NULL,NULL,'2021-08-23 19:38:32','2021-08-23 19:38:32',104,8),(110,6,'mo-2001','configurable',NULL,NULL,'<h3>What is Lorem Ipsum?</h3>\r\n<p>Lorem Ipsum is simply dummy text of the printing and typesetting industry. Lorem Ipsum has been the industry\'s standard dummy text ever since the 1500s, when an unknown printer took a galley of type and scrambled it to make a type specimen book. It has survived not only five centuries, but also the leap into electronic typesetting, remaining essentially unchanged. It was popularised in the 1960s with the release of Letraset sheets containing Lorem Ipsum passages, and more recently with desktop publishing software like Aldus PageMaker including versions of Lorem Ipsum.</p>','2021-08-23 19:50:48','2021-08-23 21:15:31',NULL,8),(111,NULL,'mo-2001-variant-22-6','simple',NULL,NULL,NULL,'2021-08-23 19:50:48','2021-08-23 19:50:48',110,8),(112,NULL,'mo-2001-variant-22-7','simple',NULL,NULL,NULL,'2021-08-23 19:50:48','2021-08-23 19:50:48',110,8),(113,NULL,'mo-2001-variant-22-8','simple',NULL,NULL,NULL,'2021-08-23 19:50:48','2021-08-23 19:50:48',110,8),(114,NULL,'mo-2001-variant-22-9','simple',NULL,NULL,NULL,'2021-08-23 19:50:48','2021-08-23 19:50:48',110,8),(115,NULL,'mo-2001-variant-22-23','simple',NULL,NULL,NULL,'2021-08-23 19:50:48','2021-08-23 19:50:48',110,8),(116,6,'mo-2002','configurable',NULL,NULL,'<h3>What is Lorem Ipsum?</h3>\r\n<p>Lorem Ipsum is simply dummy text of the printing and typesetting industry. Lorem Ipsum has been the industry\'s standard dummy text ever since the 1500s, when an unknown printer took a galley of type and scrambled it to make a type specimen book. It has survived not only five centuries, but also the leap into electronic typesetting, remaining essentially unchanged. It was popularised in the 1960s with the release of Letraset sheets containing Lorem Ipsum passages, and more recently with desktop publishing software like Aldus PageMaker including versions of Lorem Ipsum.</p>','2021-08-23 21:20:27','2021-08-23 21:34:02',NULL,8),(117,NULL,'mo-2002-variant-22-6','simple',NULL,NULL,NULL,'2021-08-23 21:20:27','2021-08-23 21:20:27',116,8),(118,NULL,'mo-2002-variant-22-7','simple',NULL,NULL,NULL,'2021-08-23 21:20:27','2021-08-23 21:20:27',116,8),(119,NULL,'mo-2002-variant-22-8','simple',NULL,NULL,NULL,'2021-08-23 21:20:27','2021-08-23 21:20:27',116,8),(120,NULL,'mo-2002-variant-22-9','simple',NULL,NULL,NULL,'2021-08-23 21:20:27','2021-08-23 21:20:27',116,8),(121,NULL,'mo-2002-variant-22-23','simple',NULL,NULL,NULL,'2021-08-23 21:20:28','2021-08-23 21:20:28',116,8),(122,6,'mo-2003','configurable',NULL,NULL,'<h3>What is Lorem Ipsum?</h3>\r\n<p>Lorem Ipsum is simply dummy text of the printing and typesetting industry. Lorem Ipsum has been the industry\'s standard dummy text ever since the 1500s, when an unknown printer took a galley of type and scrambled it to make a type specimen book. It has survived not only five centuries, but also the leap into electronic typesetting, remaining essentially unchanged. It was popularised in the 1960s with the release of Letraset sheets containing Lorem Ipsum passages, and more recently with desktop publishing software like Aldus PageMaker including versions of Lorem Ipsum.</p>','2021-08-23 21:35:15','2021-08-23 21:43:53',NULL,8),(123,NULL,'mo-2003-variant-22-6','simple',NULL,NULL,NULL,'2021-08-23 21:35:15','2021-08-23 21:35:15',122,8),(124,NULL,'mo-2003-variant-22-7','simple',NULL,NULL,NULL,'2021-08-23 21:35:15','2021-08-23 21:35:15',122,8),(125,NULL,'mo-2003-variant-22-8','simple',NULL,NULL,NULL,'2021-08-23 21:35:15','2021-08-23 21:35:15',122,8),(126,NULL,'mo-2003-variant-22-9','simple',NULL,NULL,NULL,'2021-08-23 21:35:15','2021-08-23 21:35:15',122,8),(127,NULL,'mo-2003-variant-22-23','simple',NULL,NULL,NULL,'2021-08-23 21:35:15','2021-08-23 21:35:15',122,8),(128,6,'mo-2004','configurable',NULL,NULL,'<h3>What is Lorem Ipsum?</h3>\r\n<p>Lorem Ipsum is simply dummy text of the printing and typesetting industry. Lorem Ipsum has been the industry\'s standard dummy text ever since the 1500s, when an unknown printer took a galley of type and scrambled it to make a type specimen book. It has survived not only five centuries, but also the leap into electronic typesetting, remaining essentially unchanged. It was popularised in the 1960s with the release of Letraset sheets containing Lorem Ipsum passages, and more recently with desktop publishing software like Aldus PageMaker including versions of Lorem Ipsum.</p>','2021-08-23 21:45:26','2021-08-23 21:57:09',NULL,8),(129,NULL,'mo-2004-variant-22-6','simple',NULL,NULL,NULL,'2021-08-23 21:45:26','2021-08-23 21:45:26',128,8),(130,NULL,'mo-2004-variant-22-7','simple',NULL,NULL,NULL,'2021-08-23 21:45:26','2021-08-23 21:45:26',128,8),(131,NULL,'mo-2004-variant-22-8','simple',NULL,NULL,NULL,'2021-08-23 21:45:26','2021-08-23 21:45:26',128,8),(132,NULL,'mo-2004-variant-22-9','simple',NULL,NULL,NULL,'2021-08-23 21:45:26','2021-08-23 21:45:26',128,8),(133,NULL,'mo-2004-variant-22-23','simple',NULL,NULL,NULL,'2021-08-23 21:45:26','2021-08-23 21:45:26',128,8),(134,6,'mo-3001','configurable',NULL,NULL,'<h3>What is Lorem Ipsum?</h3>\r\n<p>Lorem Ipsum is simply dummy text of the printing and typesetting industry. Lorem Ipsum has been the industry\'s standard dummy text ever since the 1500s, when an unknown printer took a galley of type and scrambled it to make a type specimen book. It has survived not only five centuries, but also the leap into electronic typesetting, remaining essentially unchanged. It was popularised in the 1960s with the release of Letraset sheets containing Lorem Ipsum passages, and more recently with desktop publishing software like Aldus PageMaker including versions of Lorem Ipsum.</p>','2021-08-23 21:59:31','2021-08-23 22:10:12',NULL,8),(135,NULL,'mo-3001-variant-22-6','simple',NULL,NULL,NULL,'2021-08-23 21:59:31','2021-08-23 21:59:31',134,8),(136,NULL,'mo-3001-variant-22-7','simple',NULL,NULL,NULL,'2021-08-23 21:59:31','2021-08-23 21:59:31',134,8),(137,NULL,'mo-3001-variant-22-8','simple',NULL,NULL,NULL,'2021-08-23 21:59:31','2021-08-23 21:59:31',134,8),(138,NULL,'mo-3001-variant-22-9','simple',NULL,NULL,NULL,'2021-08-23 21:59:31','2021-08-23 21:59:31',134,8),(139,NULL,'mo-3001-variant-22-23','simple',NULL,NULL,NULL,'2021-08-23 21:59:31','2021-08-23 21:59:31',134,8),(140,6,'mo-3002','configurable',NULL,NULL,'<h3>What is Lorem Ipsum?</h3>\r\n<p>Lorem Ipsum is simply dummy text of the printing and typesetting industry. Lorem Ipsum has been the industry\'s standard dummy text ever since the 1500s, when an unknown printer took a galley of type and scrambled it to make a type specimen book. It has survived not only five centuries, but also the leap into electronic typesetting, remaining essentially unchanged. It was popularised in the 1960s with the release of Letraset sheets containing Lorem Ipsum passages, and more recently with desktop publishing software like Aldus PageMaker including versions of Lorem Ipsum.</p>','2021-08-23 22:11:26','2021-08-23 22:38:48',NULL,8),(141,NULL,'mo-3002-variant-22-6','simple',NULL,NULL,NULL,'2021-08-23 22:11:26','2021-08-23 22:11:26',140,8),(142,NULL,'mo-3002-variant-22-7','simple',NULL,NULL,NULL,'2021-08-23 22:11:26','2021-08-23 22:11:26',140,8),(143,NULL,'mo-3002-variant-22-8','simple',NULL,NULL,NULL,'2021-08-23 22:11:26','2021-08-23 22:11:26',140,8),(144,NULL,'mo-3002-variant-22-9','simple',NULL,NULL,NULL,'2021-08-23 22:11:26','2021-08-23 22:11:26',140,8),(145,NULL,'mo-3002-variant-22-23','simple',NULL,NULL,NULL,'2021-08-23 22:11:26','2021-08-23 22:11:26',140,8),(147,NULL,'mo-3003-variant-22-6','simple',NULL,NULL,NULL,'2021-08-23 22:40:28','2021-08-23 22:40:28',146,8),(148,NULL,'mo-3003-variant-22-7','simple',NULL,NULL,NULL,'2021-08-23 22:40:28','2021-08-23 22:40:28',146,8),(149,NULL,'mo-3003-variant-22-8','simple',NULL,NULL,NULL,'2021-08-23 22:40:28','2021-08-23 22:40:28',146,8),(150,NULL,'mo-3003-variant-22-9','simple',NULL,NULL,NULL,'2021-08-23 22:40:28','2021-08-23 22:40:28',146,8),(152,6,'mo-3004','configurable',NULL,NULL,NULL,'2021-08-23 23:34:56','2021-08-23 23:34:56',NULL,8),(153,NULL,'mo-3004-variant-22-6','simple',NULL,NULL,NULL,'2021-08-23 23:34:56','2021-08-23 23:34:56',152,8),(154,NULL,'mo-3004-variant-22-7','simple',NULL,NULL,NULL,'2021-08-23 23:34:56','2021-08-23 23:34:56',152,8),(155,NULL,'mo-3004-variant-22-8','simple',NULL,NULL,NULL,'2021-08-23 23:34:56','2021-08-23 23:34:56',152,8),(156,NULL,'mo-3004-variant-22-9','simple',NULL,NULL,NULL,'2021-08-23 23:34:56','2021-08-23 23:34:56',152,8),(157,NULL,'mo-3004-variant-22-23','simple',NULL,NULL,NULL,'2021-08-23 23:34:56','2021-08-23 23:34:56',152,8),(160,6,'mo-3005','configurable',NULL,NULL,'<h3>What is Lorem Ipsum?</h3>\r\n<p>Lorem Ipsum is simply dummy text of the printing and typesetting industry. Lorem Ipsum has been the industry\'s standard dummy text ever since the 1500s, when an unknown printer took a galley of type and scrambled it to make a type specimen book. It has survived not only five centuries, but also the leap into electronic typesetting, remaining essentially unchanged. It was popularised in the 1960s with the release of Letraset sheets containing Lorem Ipsum passages, and more recently with desktop publishing software like Aldus PageMaker including versions of Lorem Ipsum.</p>','2021-08-23 23:46:17','2021-08-23 23:53:21',NULL,8),(161,NULL,'mo-3005-variant-22-24','simple',NULL,NULL,NULL,'2021-08-23 23:46:17','2021-08-23 23:46:17',160,8),(162,NULL,'mo-3005-variant-22-25','simple',NULL,NULL,NULL,'2021-08-23 23:46:17','2021-08-23 23:46:17',160,8),(163,6,'mo-3006','configurable',NULL,NULL,'<h3>What is Lorem Ipsum?</h3>\r\n<p>Lorem Ipsum is simply dummy text of the printing and typesetting industry. Lorem Ipsum has been the industry\'s standard dummy text ever since the 1500s, when an unknown printer took a galley of type and scrambled it to make a type specimen book. It has survived not only five centuries, but also the leap into electronic typesetting, remaining essentially unchanged. It was popularised in the 1960s with the release of Letraset sheets containing Lorem Ipsum passages, and more recently with desktop publishing software like Aldus PageMaker including versions of Lorem Ipsum.</p>','2021-08-23 23:59:00','2021-08-24 00:05:36',NULL,8),(164,NULL,'mo-3006-variant-22-6','simple',NULL,NULL,NULL,'2021-08-23 23:59:00','2021-08-23 23:59:00',163,8),(165,NULL,'mo-3006-variant-22-7','simple',NULL,NULL,NULL,'2021-08-23 23:59:00','2021-08-23 23:59:00',163,8),(166,NULL,'mo-3006-variant-22-8','simple',NULL,NULL,NULL,'2021-08-23 23:59:00','2021-08-23 23:59:00',163,8),(167,NULL,'mo-3006-variant-22-9','simple',NULL,NULL,NULL,'2021-08-23 23:59:00','2021-08-23 23:59:00',163,8),(168,NULL,'mo-3006-variant-22-26','simple',NULL,NULL,NULL,'2021-08-23 23:59:01','2021-08-23 23:59:01',163,8),(169,6,'mo-4001','configurable',NULL,NULL,'<h3>What is Lorem Ipsum?</h3>\r\n<p>Lorem Ipsum is simply dummy text of the printing and typesetting industry. Lorem Ipsum has been the industry\'s standard dummy text ever since the 1500s, when an unknown printer took a galley of type and scrambled it to make a type specimen book. It has survived not only five centuries, but also the leap into electronic typesetting, remaining essentially unchanged. It was popularised in the 1960s with the release of Letraset sheets containing Lorem Ipsum passages, and more recently with desktop publishing software like Aldus PageMaker including versions of Lorem Ipsum.</p>','2021-08-24 00:19:49','2021-08-24 00:30:04',NULL,8),(170,NULL,'mo-4001-variant-22-6','simple',NULL,NULL,NULL,'2021-08-24 00:19:49','2021-08-24 00:19:49',169,8),(171,NULL,'mo-4001-variant-22-7','simple',NULL,NULL,NULL,'2021-08-24 00:19:49','2021-08-24 00:19:49',169,8),(172,NULL,'mo-4001-variant-22-8','simple',NULL,NULL,NULL,'2021-08-24 00:19:49','2021-08-24 00:19:49',169,8),(173,NULL,'mo-4001-variant-22-9','simple',NULL,NULL,NULL,'2021-08-24 00:19:49','2021-08-24 00:19:49',169,8),(174,NULL,'mo-4001-variant-22-23','simple',NULL,NULL,NULL,'2021-08-24 00:19:49','2021-08-24 00:19:49',169,8),(175,6,'mo-4002','configurable',NULL,NULL,'<h3>What is Lorem Ipsum?</h3>\r\n<p>Lorem Ipsum is simply dummy text of the printing and typesetting industry. Lorem Ipsum has been the industry\'s standard dummy text ever since the 1500s, when an unknown printer took a galley of type and scrambled it to make a type specimen book. It has survived not only five centuries, but also the leap into electronic typesetting, remaining essentially unchanged. It was popularised in the 1960s with the release of Letraset sheets containing Lorem Ipsum passages, and more recently with desktop publishing software like Aldus PageMaker including versions of Lorem Ipsum.</p>','2021-08-24 00:33:23','2021-08-24 00:43:00',NULL,8),(176,NULL,'mo-4002-variant-22-6','simple',NULL,NULL,NULL,'2021-08-24 00:33:23','2021-08-24 00:33:23',175,8),(177,NULL,'mo-4002-variant-22-7','simple',NULL,NULL,NULL,'2021-08-24 00:33:23','2021-08-24 00:33:23',175,8),(178,NULL,'mo-4002-variant-22-8','simple',NULL,NULL,NULL,'2021-08-24 00:33:24','2021-08-24 00:33:24',175,8),(179,NULL,'mo-4002-variant-22-9','simple',NULL,NULL,NULL,'2021-08-24 00:33:24','2021-08-24 00:33:24',175,8),(180,NULL,'mo-4002-variant-22-23','simple',NULL,NULL,NULL,'2021-08-24 00:33:24','2021-08-24 00:33:24',175,8),(182,8,'zpdfm3e','configurable',NULL,NULL,NULL,'2021-08-25 19:18:22','2021-08-25 19:18:22',NULL,3),(183,NULL,'zpdfm3e-variant-5','simple',NULL,NULL,NULL,'2021-08-25 19:18:22','2021-08-25 19:18:22',182,3),(184,NULL,'zpdfm3e-variant-27','simple',NULL,NULL,NULL,'2021-08-25 19:18:22','2021-08-25 19:18:22',182,3),(185,8,'zpdfm3ec','configurable',NULL,NULL,NULL,'2021-08-25 19:35:18','2021-08-25 19:35:18',NULL,3),(186,NULL,'zpdfm3ec-variant-5','simple',NULL,NULL,NULL,'2021-08-25 19:35:18','2021-08-25 19:35:18',185,3),(187,NULL,'zpdfm3ec-variant-27','simple',NULL,NULL,NULL,'2021-08-25 19:35:18','2021-08-25 19:35:18',185,3),(188,8,'zpdfmn95','configurable',NULL,NULL,NULL,'2021-08-27 16:30:13','2021-08-27 16:30:13',NULL,3),(189,NULL,'zpdfmn95-variant-5','simple',NULL,NULL,NULL,'2021-08-27 16:30:13','2021-08-27 16:30:13',188,3),(190,6,'mo-4003','configurable',NULL,NULL,'<h3>What is Lorem Ipsum?</h3>\r\n<p>Lorem Ipsum is simply dummy text of the printing and typesetting industry. Lorem Ipsum has been the industry\'s standard dummy text ever since the 1500s, when an unknown printer took a galley of type and scrambled it to make a type specimen book. It has survived not only five centuries, but also the leap into electronic typesetting, remaining essentially unchanged. It was popularised in the 1960s with the release of Letraset sheets containing Lorem Ipsum passages, and more recently with desktop publishing software like Aldus PageMaker including versions of Lorem Ipsum.</p>','2021-08-30 18:40:06','2021-08-30 18:52:34',NULL,8),(191,NULL,'mo-4003-variant-22-6','simple',NULL,NULL,NULL,'2021-08-30 18:40:06','2021-08-30 18:40:06',190,8),(192,NULL,'mo-4003-variant-22-7','simple',NULL,NULL,NULL,'2021-08-30 18:40:06','2021-08-30 18:40:06',190,8),(193,NULL,'mo-4003-variant-22-8','simple',NULL,NULL,NULL,'2021-08-30 18:40:06','2021-08-30 18:40:06',190,8),(194,NULL,'mo-4003-variant-22-9','simple',NULL,NULL,NULL,'2021-08-30 18:40:06','2021-08-30 18:40:06',190,8),(195,NULL,'mo-4003-variant-22-23','simple',NULL,NULL,NULL,'2021-08-30 18:40:06','2021-08-30 18:40:06',190,8),(196,6,'mo-4004','configurable',NULL,NULL,'<h3>What is Lorem Ipsum?</h3>\r\n<p>Lorem Ipsum is simply dummy text of the printing and typesetting industry. Lorem Ipsum has been the industry\'s standard dummy text ever since the 1500s, when an unknown printer took a galley of type and scrambled it to make a type specimen book. It has survived not only five centuries, but also the leap into electronic typesetting, remaining essentially unchanged. It was popularised in the 1960s with the release of Letraset sheets containing Lorem Ipsum passages, and more recently with desktop publishing software like Aldus PageMaker including versions of Lorem Ipsum.</p>','2021-08-30 18:54:40','2021-08-30 19:13:27',NULL,8),(197,NULL,'mo-4004-variant-4-8','simple',NULL,NULL,NULL,'2021-08-30 18:54:40','2021-08-30 18:54:40',196,8),(198,NULL,'mo-4004-variant-4-9','simple',NULL,NULL,NULL,'2021-08-30 18:54:40','2021-08-30 18:54:40',196,8),(199,6,'mo-4005','configurable',NULL,NULL,'<h3>What is Lorem Ipsum?</h3>\r\n<p>Lorem Ipsum is simply dummy text of the printing and typesetting industry. Lorem Ipsum has been the industry\'s standard dummy text ever since the 1500s, when an unknown printer took a galley of type and scrambled it to make a type specimen book. It has survived not only five centuries, but also the leap into electronic typesetting, remaining essentially unchanged. It was popularised in the 1960s with the release of Letraset sheets containing Lorem Ipsum passages, and more recently with desktop publishing software like Aldus PageMaker including versions of Lorem Ipsum.</p>','2021-08-30 19:16:30','2021-08-30 19:22:38',NULL,8),(200,NULL,'mo-4005-variant-22-6','simple',NULL,NULL,NULL,'2021-08-30 19:16:30','2021-08-30 19:16:30',199,8),(201,NULL,'mo-4005-variant-22-7','simple',NULL,NULL,NULL,'2021-08-30 19:16:30','2021-08-30 19:16:30',199,8),(202,6,'mo-4006','configurable',NULL,NULL,'<h3>What is Lorem Ipsum?</h3>\r\n<p>Lorem Ipsum is simply dummy text of the printing and typesetting industry. Lorem Ipsum has been the industry\'s standard dummy text ever since the 1500s, when an unknown printer took a galley of type and scrambled it to make a type specimen book. It has survived not only five centuries, but also the leap into electronic typesetting, remaining essentially unchanged. It was popularised in the 1960s with the release of Letraset sheets containing Lorem Ipsum passages, and more recently with desktop publishing software like Aldus PageMaker including versions of Lorem Ipsum.</p>','2021-08-30 19:27:04','2021-08-30 19:34:00',NULL,8),(203,NULL,'mo-4006-variant-22-6','simple',NULL,NULL,NULL,'2021-08-30 19:27:04','2021-08-30 19:27:04',202,8),(204,NULL,'mo-4006-variant-22-7','simple',NULL,NULL,NULL,'2021-08-30 19:27:05','2021-08-30 19:27:05',202,8),(205,NULL,'mo-4006-variant-22-8','simple',NULL,NULL,NULL,'2021-08-30 19:27:05','2021-08-30 19:27:05',202,8),(206,NULL,'mo-4006-variant-22-9','simple',NULL,NULL,NULL,'2021-08-30 19:27:05','2021-08-30 19:27:05',202,8),(207,NULL,'mo-4006-variant-22-23','simple',NULL,NULL,NULL,'2021-08-30 19:27:05','2021-08-30 19:27:05',202,8),(208,6,'mo-4007','configurable',NULL,NULL,'<h3>What is Lorem Ipsum?</h3>\r\n<p>Lorem Ipsum is simply dummy text of the printing and typesetting industry. Lorem Ipsum has been the industry\'s standard dummy text ever since the 1500s, when an unknown printer took a galley of type and scrambled it to make a type specimen book. It has survived not only five centuries, but also the leap into electronic typesetting, remaining essentially unchanged. It was popularised in the 1960s with the release of Letraset sheets containing Lorem Ipsum passages, and more recently with desktop publishing software like Aldus PageMaker including versions of Lorem Ipsum.</p>','2021-08-30 19:35:26','2021-08-30 23:30:24',NULL,8),(209,NULL,'mo-4007-variant-22-6','simple',NULL,NULL,NULL,'2021-08-30 19:35:26','2021-08-30 19:35:26',208,8),(210,NULL,'mo-4007-variant-22-7','simple',NULL,NULL,NULL,'2021-08-30 19:35:26','2021-08-30 19:35:26',208,8),(211,NULL,'mo-4007-variant-22-8','simple',NULL,NULL,NULL,'2021-08-30 19:35:26','2021-08-30 19:35:26',208,8),(212,NULL,'mo-4007-variant-22-9','simple',NULL,NULL,NULL,'2021-08-30 19:35:26','2021-08-30 19:35:26',208,8),(213,NULL,'mo-4007-variant-22-23','simple',NULL,NULL,NULL,'2021-08-30 19:35:26','2021-08-30 19:35:26',208,8),(214,6,'mo-4008','configurable',NULL,NULL,'<h3>What is Lorem Ipsum?</h3>\r\n<p>Lorem Ipsum is simply dummy text of the printing and typesetting industry. Lorem Ipsum has been the industry\'s standard dummy text ever since the 1500s, when an unknown printer took a galley of type and scrambled it to make a type specimen book. It has survived not only five centuries, but also the leap into electronic typesetting, remaining essentially unchanged. It was popularised in the 1960s with the release of Letraset sheets containing Lorem Ipsum passages, and more recently with desktop publishing software like Aldus PageMaker including versions of Lorem Ipsum.</p>','2021-08-30 22:53:54','2021-08-30 23:21:49',NULL,8),(215,NULL,'mo-4008-variant-4-6','simple',NULL,NULL,NULL,'2021-08-30 22:53:54','2021-08-30 22:53:54',214,8),(216,NULL,'mo-4008-variant-4-7','simple',NULL,NULL,NULL,'2021-08-30 22:53:54','2021-08-30 22:53:54',214,8),(217,NULL,'mo-4008-variant-4-8','simple',NULL,NULL,NULL,'2021-08-30 22:53:54','2021-08-30 22:53:54',214,8),(218,NULL,'mo-4008-variant-4-9','simple',NULL,NULL,NULL,'2021-08-30 22:53:54','2021-08-30 22:53:54',214,8),(219,NULL,'mo-4008-variant-4-23','simple',NULL,NULL,NULL,'2021-08-30 22:53:54','2021-08-30 22:53:54',214,8),(222,NULL,'mo-4009-variant-2-6','simple',NULL,NULL,NULL,'2021-08-30 23:32:17','2021-08-30 23:32:17',220,8),(223,NULL,'mo-4009-variant-3-6','simple',NULL,NULL,NULL,'2021-08-30 23:32:17','2021-08-30 23:32:17',220,8),(224,NULL,'mo-4009-variant-4-6','simple',NULL,NULL,NULL,'2021-08-30 23:32:17','2021-08-30 23:32:17',220,8),(225,NULL,'mo-4009-variant-5-6','simple',NULL,NULL,NULL,'2021-08-30 23:32:17','2021-08-30 23:32:17',220,8),(226,NULL,'mo-4009-variant-22-6','simple',NULL,NULL,NULL,'2021-08-30 23:32:17','2021-08-30 23:32:17',220,8),(227,NULL,'mo-4009-variant-27-6','simple',NULL,NULL,NULL,'2021-08-30 23:32:17','2021-08-30 23:32:17',220,8),(228,NULL,'mo-4009-variant-1-7','simple',NULL,NULL,NULL,'2021-08-30 23:32:17','2021-08-30 23:32:17',220,8),(229,NULL,'mo-4009-variant-1-8','simple',NULL,NULL,NULL,'2021-08-30 23:32:17','2021-08-30 23:32:17',220,8),(230,NULL,'mo-4009-variant-1-9','simple',NULL,NULL,NULL,'2021-08-30 23:32:17','2021-08-30 23:32:17',220,8),(231,NULL,'mo-4009-variant-1-23','simple',NULL,NULL,NULL,'2021-08-30 23:32:17','2021-08-30 23:32:17',220,8),(232,NULL,'mo-4009-variant-1-24','simple',NULL,NULL,NULL,'2021-08-30 23:32:17','2021-08-30 23:32:17',220,8),(233,NULL,'mo-4009-variant-1-25','simple',NULL,NULL,NULL,'2021-08-30 23:32:18','2021-08-30 23:32:18',220,8),(234,NULL,'mo-4009-variant-1-26','simple',NULL,NULL,NULL,'2021-08-30 23:32:18','2021-08-30 23:32:18',220,8),(235,NULL,'mo-4009-variant-2-7','simple',NULL,NULL,NULL,'2021-08-30 23:32:18','2021-08-30 23:32:18',220,8),(236,NULL,'mo-4009-variant-2-8','simple',NULL,NULL,NULL,'2021-08-30 23:32:18','2021-08-30 23:32:18',220,8),(237,NULL,'mo-4009-variant-2-9','simple',NULL,NULL,NULL,'2021-08-30 23:32:18','2021-08-30 23:32:18',220,8),(238,NULL,'mo-4009-variant-2-23','simple',NULL,NULL,NULL,'2021-08-30 23:32:18','2021-08-30 23:32:18',220,8),(239,NULL,'mo-4009-variant-2-24','simple',NULL,NULL,NULL,'2021-08-30 23:32:18','2021-08-30 23:32:18',220,8),(240,NULL,'mo-4009-variant-2-25','simple',NULL,NULL,NULL,'2021-08-30 23:32:18','2021-08-30 23:32:18',220,8),(241,NULL,'mo-4009-variant-2-26','simple',NULL,NULL,NULL,'2021-08-30 23:32:18','2021-08-30 23:32:18',220,8),(242,NULL,'mo-4009-variant-3-7','simple',NULL,NULL,NULL,'2021-08-30 23:32:18','2021-08-30 23:32:18',220,8),(243,NULL,'mo-4009-variant-3-8','simple',NULL,NULL,NULL,'2021-08-30 23:32:18','2021-08-30 23:32:18',220,8),(244,NULL,'mo-4009-variant-3-9','simple',NULL,NULL,NULL,'2021-08-30 23:32:18','2021-08-30 23:32:18',220,8),(245,NULL,'mo-4009-variant-3-23','simple',NULL,NULL,NULL,'2021-08-30 23:32:18','2021-08-30 23:32:18',220,8),(246,NULL,'mo-4009-variant-3-24','simple',NULL,NULL,NULL,'2021-08-30 23:32:18','2021-08-30 23:32:18',220,8),(247,NULL,'mo-4009-variant-3-25','simple',NULL,NULL,NULL,'2021-08-30 23:32:18','2021-08-30 23:32:18',220,8),(248,NULL,'mo-4009-variant-3-26','simple',NULL,NULL,NULL,'2021-08-30 23:32:18','2021-08-30 23:32:18',220,8),(249,NULL,'mo-4009-variant-4-7','simple',NULL,NULL,NULL,'2021-08-30 23:32:18','2021-08-30 23:32:18',220,8),(250,NULL,'mo-4009-variant-4-8','simple',NULL,NULL,NULL,'2021-08-30 23:32:18','2021-08-30 23:32:18',220,8),(251,NULL,'mo-4009-variant-4-9','simple',NULL,NULL,NULL,'2021-08-30 23:32:19','2021-08-30 23:32:19',220,8),(252,NULL,'mo-4009-variant-4-23','simple',NULL,NULL,NULL,'2021-08-30 23:32:19','2021-08-30 23:32:19',220,8),(253,NULL,'mo-4009-variant-4-24','simple',NULL,NULL,NULL,'2021-08-30 23:32:19','2021-08-30 23:32:19',220,8),(254,NULL,'mo-4009-variant-4-25','simple',NULL,NULL,NULL,'2021-08-30 23:32:19','2021-08-30 23:32:19',220,8),(255,NULL,'mo-4009-variant-4-26','simple',NULL,NULL,NULL,'2021-08-30 23:32:19','2021-08-30 23:32:19',220,8),(256,NULL,'mo-4009-variant-5-7','simple',NULL,NULL,NULL,'2021-08-30 23:32:19','2021-08-30 23:32:19',220,8),(257,NULL,'mo-4009-variant-5-8','simple',NULL,NULL,NULL,'2021-08-30 23:32:19','2021-08-30 23:32:19',220,8),(258,NULL,'mo-4009-variant-5-9','simple',NULL,NULL,NULL,'2021-08-30 23:32:19','2021-08-30 23:32:19',220,8),(259,NULL,'mo-4009-variant-5-23','simple',NULL,NULL,NULL,'2021-08-30 23:32:19','2021-08-30 23:32:19',220,8),(260,NULL,'mo-4009-variant-5-24','simple',NULL,NULL,NULL,'2021-08-30 23:32:19','2021-08-30 23:32:19',220,8),(261,NULL,'mo-4009-variant-5-25','simple',NULL,NULL,NULL,'2021-08-30 23:32:19','2021-08-30 23:32:19',220,8),(262,NULL,'mo-4009-variant-5-26','simple',NULL,NULL,NULL,'2021-08-30 23:32:19','2021-08-30 23:32:19',220,8),(263,NULL,'mo-4009-variant-22-7','simple',NULL,NULL,NULL,'2021-08-30 23:32:19','2021-08-30 23:32:19',220,8),(264,NULL,'mo-4009-variant-22-8','simple',NULL,NULL,NULL,'2021-08-30 23:32:19','2021-08-30 23:32:19',220,8),(265,NULL,'mo-4009-variant-22-9','simple',NULL,NULL,NULL,'2021-08-30 23:32:19','2021-08-30 23:32:19',220,8),(266,NULL,'mo-4009-variant-22-23','simple',NULL,NULL,NULL,'2021-08-30 23:32:19','2021-08-30 23:32:19',220,8),(267,NULL,'mo-4009-variant-22-24','simple',NULL,NULL,NULL,'2021-08-30 23:32:19','2021-08-30 23:32:19',220,8),(268,NULL,'mo-4009-variant-22-25','simple',NULL,NULL,NULL,'2021-08-30 23:32:20','2021-08-30 23:32:20',220,8),(269,NULL,'mo-4009-variant-22-26','simple',NULL,NULL,NULL,'2021-08-30 23:32:20','2021-08-30 23:32:20',220,8),(270,NULL,'mo-4009-variant-27-7','simple',NULL,NULL,NULL,'2021-08-30 23:32:20','2021-08-30 23:32:20',220,8),(271,NULL,'mo-4009-variant-27-8','simple',NULL,NULL,NULL,'2021-08-30 23:32:20','2021-08-30 23:32:20',220,8),(272,NULL,'mo-4009-variant-27-9','simple',NULL,NULL,NULL,'2021-08-30 23:32:20','2021-08-30 23:32:20',220,8),(273,NULL,'mo-4009-variant-27-23','simple',NULL,NULL,NULL,'2021-08-30 23:32:20','2021-08-30 23:32:20',220,8),(274,NULL,'mo-4009-variant-27-24','simple',NULL,NULL,NULL,'2021-08-30 23:32:20','2021-08-30 23:32:20',220,8),(275,NULL,'mo-4009-variant-27-25','simple',NULL,NULL,NULL,'2021-08-30 23:32:20','2021-08-30 23:32:20',220,8),(276,NULL,'mo-4009-variant-27-26','simple',NULL,NULL,NULL,'2021-08-30 23:32:20','2021-08-30 23:32:20',220,8),(277,6,'mo-4010','configurable',NULL,NULL,'<h3>What is Lorem Ipsum?</h3>\r\n<p>Lorem Ipsum is simply dummy text of the printing and typesetting industry. Lorem Ipsum has been the industry\'s standard dummy text ever since the 1500s, when an unknown printer took a galley of type and scrambled it to make a type specimen book. It has survived not only five centuries, but also the leap into electronic typesetting, remaining essentially unchanged. It was popularised in the 1960s with the release of Letraset sheets containing Lorem Ipsum passages, and more recently with desktop publishing software like Aldus PageMaker including versions of Lorem Ipsum.</p>','2021-08-30 23:48:40','2021-08-30 23:56:42',NULL,8),(278,NULL,'mo-4010-variant-4-6','simple',NULL,NULL,NULL,'2021-08-30 23:48:40','2021-08-30 23:48:40',277,8),(279,NULL,'mo-4010-variant-4-7','simple',NULL,NULL,NULL,'2021-08-30 23:48:40','2021-08-30 23:48:40',277,8),(280,NULL,'mo-4010-variant-4-8','simple',NULL,NULL,NULL,'2021-08-30 23:48:40','2021-08-30 23:48:40',277,8),(281,NULL,'mo-4010-variant-4-9','simple',NULL,NULL,NULL,'2021-08-30 23:48:40','2021-08-30 23:48:40',277,8),(282,6,'mo-4011','configurable',NULL,NULL,'<h3>What is Lorem Ipsum?</h3>\r\n<p>Lorem Ipsum is simply dummy text of the printing and typesetting industry. Lorem Ipsum has been the industry\'s standard dummy text ever since the 1500s, when an unknown printer took a galley of type and scrambled it to make a type specimen book. It has survived not only five centuries, but also the leap into electronic typesetting, remaining essentially unchanged. It was popularised in the 1960s with the release of Letraset sheets containing Lorem Ipsum passages, and more recently with desktop publishing software like Aldus PageMaker including versions of Lorem Ipsum.</p>','2021-08-31 00:00:07','2021-08-31 00:07:36',NULL,8),(283,NULL,'mo-4011-variant-4-6','simple',NULL,NULL,NULL,'2021-08-31 00:00:07','2021-08-31 00:00:07',282,8),(284,NULL,'mo-4011-variant-4-7','simple',NULL,NULL,NULL,'2021-08-31 00:00:07','2021-08-31 00:00:07',282,8),(285,NULL,'mo-4011-variant-4-8','simple',NULL,NULL,NULL,'2021-08-31 00:00:07','2021-08-31 00:00:07',282,8),(286,NULL,'mo-4011-variant-4-9','simple',NULL,NULL,NULL,'2021-08-31 00:00:07','2021-08-31 00:00:07',282,8),(287,NULL,'mo-4011-variant-4-23','simple',NULL,NULL,NULL,'2021-08-31 00:00:08','2021-08-31 00:00:08',282,8),(288,6,'mo-4012','configurable',NULL,NULL,'<h3>What is Lorem Ipsum?</h3>\r\n<p>Lorem Ipsum is simply dummy text of the printing and typesetting industry. Lorem Ipsum has been the industry\'s standard dummy text ever since the 1500s, when an unknown printer took a galley of type and scrambled it to make a type specimen book. It has survived not only five centuries, but also the leap into electronic typesetting, remaining essentially unchanged. It was popularised in the 1960s with the release of Letraset sheets containing Lorem Ipsum passages, and more recently with desktop publishing software like Aldus PageMaker including versions of Lorem Ipsum.</p>','2021-08-31 00:10:33','2021-08-31 00:16:31',NULL,8),(289,NULL,'mo-4012-variant-4-6','simple',NULL,NULL,NULL,'2021-08-31 00:10:33','2021-08-31 00:10:33',288,8),(290,NULL,'mo-4012-variant-4-7','simple',NULL,NULL,NULL,'2021-08-31 00:10:33','2021-08-31 00:10:33',288,8),(291,NULL,'mo-4012-variant-4-8','simple',NULL,NULL,NULL,'2021-08-31 00:10:33','2021-08-31 00:10:33',288,8),(292,NULL,'mo-4012-variant-4-9','simple',NULL,NULL,NULL,'2021-08-31 00:10:33','2021-08-31 00:10:33',288,8),(293,NULL,'mo-4012-variant-4-23','simple',NULL,NULL,NULL,'2021-08-31 00:10:33','2021-08-31 00:10:33',288,8),(294,6,'mo-4013','configurable',NULL,NULL,'<h3>What is Lorem Ipsum?</h3>\r\n<p>Lorem Ipsum is simply dummy text of the printing and typesetting industry. Lorem Ipsum has been the industry\'s standard dummy text ever since the 1500s, when an unknown printer took a galley of type and scrambled it to make a type specimen book. It has survived not only five centuries, but also the leap into electronic typesetting, remaining essentially unchanged. It was popularised in the 1960s with the release of Letraset sheets containing Lorem Ipsum passages, and more recently with desktop publishing software like Aldus PageMaker including versions of Lorem Ipsum.</p>','2021-08-31 00:19:02','2021-08-31 00:24:08',NULL,8),(295,NULL,'mo-4013-variant-22-6','simple',NULL,NULL,NULL,'2021-08-31 00:19:02','2021-08-31 00:19:02',294,8),(296,NULL,'mo-4013-variant-22-7','simple',NULL,NULL,NULL,'2021-08-31 00:19:02','2021-08-31 00:19:02',294,8),(297,NULL,'mo-4013-variant-22-8','simple',NULL,NULL,NULL,'2021-08-31 00:19:02','2021-08-31 00:19:02',294,8),(298,NULL,'mo-4013-variant-22-9','simple',NULL,NULL,NULL,'2021-08-31 00:19:02','2021-08-31 00:19:02',294,8),(299,NULL,'mo-4013-variant-22-23','simple',NULL,NULL,NULL,'2021-08-31 00:19:02','2021-08-31 00:19:02',294,8),(300,6,'mo-4014','configurable',NULL,NULL,'<h3>What is Lorem Ipsum?</h3>\r\n<p>Lorem Ipsum is simply dummy text of the printing and typesetting industry. Lorem Ipsum has been the industry\'s standard dummy text ever since the 1500s, when an unknown printer took a galley of type and scrambled it to make a type specimen book. It has survived not only five centuries, but also the leap into electronic typesetting, remaining essentially unchanged. It was popularised in the 1960s with the release of Letraset sheets containing Lorem Ipsum passages, and more recently with desktop publishing software like Aldus PageMaker including versions of Lorem Ipsum.</p>','2021-08-31 00:25:36','2021-08-31 00:32:08',NULL,8),(301,NULL,'mo-4014-variant-22-6','simple',NULL,NULL,NULL,'2021-08-31 00:25:36','2021-08-31 00:25:36',300,8),(302,NULL,'mo-4014-variant-22-7','simple',NULL,NULL,NULL,'2021-08-31 00:25:36','2021-08-31 00:25:36',300,8),(303,NULL,'mo-4014-variant-22-8','simple',NULL,NULL,NULL,'2021-08-31 00:25:36','2021-08-31 00:25:36',300,8),(304,NULL,'mo-4014-variant-22-9','simple',NULL,NULL,NULL,'2021-08-31 00:25:36','2021-08-31 00:25:36',300,8),(305,NULL,'mo-4014-variant-22-23','simple',NULL,NULL,NULL,'2021-08-31 00:25:36','2021-08-31 00:25:36',300,8),(306,6,'mo-4015','configurable',NULL,NULL,'<h3>What is Lorem Ipsum?</h3>\r\n<p>Lorem Ipsum is simply dummy text of the printing and typesetting industry. Lorem Ipsum has been the industry\'s standard dummy text ever since the 1500s, when an unknown printer took a galley of type and scrambled it to make a type specimen book. It has survived not only five centuries, but also the leap into electronic typesetting, remaining essentially unchanged. It was popularised in the 1960s with the release of Letraset sheets containing Lorem Ipsum passages, and more recently with desktop publishing software like Aldus PageMaker including versions of Lorem Ipsum.</p>','2021-08-31 21:59:54','2021-08-31 22:07:14',NULL,8),(307,NULL,'mo-4015-variant-4-6','simple',NULL,NULL,NULL,'2021-08-31 21:59:54','2021-08-31 21:59:54',306,8),(308,NULL,'mo-4015-variant-4-7','simple',NULL,NULL,NULL,'2021-08-31 21:59:54','2021-08-31 21:59:54',306,8),(309,NULL,'mo-4015-variant-4-8','simple',NULL,NULL,NULL,'2021-08-31 21:59:54','2021-08-31 21:59:54',306,8),(310,NULL,'mo-4015-variant-4-9','simple',NULL,NULL,NULL,'2021-08-31 21:59:54','2021-08-31 21:59:54',306,8),(311,6,'mo-4016','configurable',NULL,NULL,'<h3>What is Lorem Ipsum?</h3>\r\n<p>Lorem Ipsum is simply dummy text of the printing and typesetting industry. Lorem Ipsum has been the industry\'s standard dummy text ever since the 1500s, when an unknown printer took a galley of type and scrambled it to make a type specimen book. It has survived not only five centuries, but also the leap into electronic typesetting, remaining essentially unchanged. It was popularised in the 1960s with the release of Letraset sheets containing Lorem Ipsum passages, and more recently with desktop publishing software like Aldus PageMaker including versions of Lorem Ipsum.</p>','2021-08-31 22:10:01','2021-08-31 22:17:29',NULL,8),(312,NULL,'mo-4016-variant-4-6','simple',NULL,NULL,NULL,'2021-08-31 22:10:01','2021-08-31 22:10:01',311,8),(313,NULL,'mo-4016-variant-4-7','simple',NULL,NULL,NULL,'2021-08-31 22:10:01','2021-08-31 22:10:01',311,8),(314,NULL,'mo-4016-variant-4-8','simple',NULL,NULL,NULL,'2021-08-31 22:10:01','2021-08-31 22:10:01',311,8),(315,6,'mo-5001','configurable',NULL,NULL,'<h3>What is Lorem Ipsum?</h3>\r\n<p>Lorem Ipsum is simply dummy text of the printing and typesetting industry. Lorem Ipsum has been the industry\'s standard dummy text ever since the 1500s, when an unknown printer took a galley of type and scrambled it to make a type specimen book. It has survived not only five centuries, but also the leap into electronic typesetting, remaining essentially unchanged. It was popularised in the 1960s with the release of Letraset sheets containing Lorem Ipsum passages, and more recently with desktop publishing software like Aldus PageMaker including versions of Lorem Ipsum.</p>','2021-08-31 22:19:40','2021-08-31 22:25:14',NULL,8),(316,NULL,'mo-5001-variant-22-6','simple',NULL,NULL,NULL,'2021-08-31 22:19:40','2021-08-31 22:19:40',315,8),(317,NULL,'mo-5001-variant-22-7','simple',NULL,NULL,NULL,'2021-08-31 22:19:40','2021-08-31 22:19:40',315,8),(318,NULL,'mo-5001-variant-22-8','simple',NULL,NULL,NULL,'2021-08-31 22:19:40','2021-08-31 22:19:40',315,8),(319,NULL,'mo-5001-variant-22-9','simple',NULL,NULL,NULL,'2021-08-31 22:19:41','2021-08-31 22:19:41',315,8),(320,6,'mo-5002','configurable',NULL,NULL,'<h3>What is Lorem Ipsum?</h3>\r\n<p>Lorem Ipsum is simply dummy text of the printing and typesetting industry. Lorem Ipsum has been the industry\'s standard dummy text ever since the 1500s, when an unknown printer took a galley of type and scrambled it to make a type specimen book. It has survived not only five centuries, but also the leap into electronic typesetting, remaining essentially unchanged. It was popularised in the 1960s with the release of Letraset sheets containing Lorem Ipsum passages, and more recently with desktop publishing software like Aldus PageMaker including versions of Lorem Ipsum.</p>','2021-08-31 22:27:09','2021-08-31 22:33:06',NULL,8),(321,NULL,'mo-5002-variant-22-24','simple',NULL,NULL,NULL,'2021-08-31 22:27:09','2021-08-31 22:27:09',320,8),(322,6,'mo-5003','configurable',NULL,NULL,'<h3>What is Lorem Ipsum?</h3>\r\n<p>Lorem Ipsum is simply dummy text of the printing and typesetting industry. Lorem Ipsum has been the industry\'s standard dummy text ever since the 1500s, when an unknown printer took a galley of type and scrambled it to make a type specimen book. It has survived not only five centuries, but also the leap into electronic typesetting, remaining essentially unchanged. It was popularised in the 1960s with the release of Letraset sheets containing Lorem Ipsum passages, and more recently with desktop publishing software like Aldus PageMaker including versions of Lorem Ipsum.</p>','2021-08-31 22:36:31','2021-08-31 22:41:11',NULL,8),(323,NULL,'mo-5003-variant-22-6','simple',NULL,NULL,NULL,'2021-08-31 22:36:31','2021-08-31 22:36:31',322,8),(324,NULL,'mo-5003-variant-22-7','simple',NULL,NULL,NULL,'2021-08-31 22:36:31','2021-08-31 22:36:31',322,8),(325,NULL,'mo-5003-variant-22-8','simple',NULL,NULL,NULL,'2021-08-31 22:36:31','2021-08-31 22:36:31',322,8),(326,NULL,'mo-5003-variant-22-9','simple',NULL,NULL,NULL,'2021-08-31 22:36:31','2021-08-31 22:36:31',322,8),(327,6,'mo-5004','configurable',NULL,NULL,'<h3>What is Lorem Ipsum?</h3>\r\n<p>Lorem Ipsum is simply dummy text of the printing and typesetting industry. Lorem Ipsum has been the industry\'s standard dummy text ever since the 1500s, when an unknown printer took a galley of type and scrambled it to make a type specimen book. It has survived not only five centuries, but also the leap into electronic typesetting, remaining essentially unchanged. It was popularised in the 1960s with the release of Letraset sheets containing Lorem Ipsum passages, and more recently with desktop publishing software like Aldus PageMaker including versions of Lorem Ipsum.</p>','2021-08-31 22:42:39','2021-08-31 22:48:34',NULL,8),(328,NULL,'mo-5004-variant-22-6','simple',NULL,NULL,NULL,'2021-08-31 22:42:39','2021-08-31 22:42:39',327,8),(329,NULL,'mo-5004-variant-22-7','simple',NULL,NULL,NULL,'2021-08-31 22:42:39','2021-08-31 22:42:39',327,8),(330,NULL,'mo-5004-variant-22-8','simple',NULL,NULL,NULL,'2021-08-31 22:42:39','2021-08-31 22:42:39',327,8),(331,NULL,'mo-5004-variant-22-9','simple',NULL,NULL,NULL,'2021-08-31 22:42:39','2021-08-31 22:42:39',327,8),(332,NULL,'mo-5004-variant-22-23','simple',NULL,NULL,NULL,'2021-08-31 22:42:39','2021-08-31 22:42:39',327,8),(333,6,'mo-5005','configurable',NULL,NULL,'<h3>What is Lorem Ipsum?</h3>\r\n<p>Lorem Ipsum is simply dummy text of the printing and typesetting industry. Lorem Ipsum has been the industry\'s standard dummy text ever since the 1500s, when an unknown printer took a galley of type and scrambled it to make a type specimen book. It has survived not only five centuries, but also the leap into electronic typesetting, remaining essentially unchanged. It was popularised in the 1960s with the release of Letraset sheets containing Lorem Ipsum passages, and more recently with desktop publishing software like Aldus PageMaker including versions of Lorem Ipsum.</p>','2021-08-31 22:53:06','2021-08-31 22:58:57',NULL,8),(334,NULL,'mo-5005-variant-22-6','simple',NULL,NULL,NULL,'2021-08-31 22:53:06','2021-08-31 22:53:06',333,8),(335,NULL,'mo-5005-variant-22-7','simple',NULL,NULL,NULL,'2021-08-31 22:53:06','2021-08-31 22:53:06',333,8),(336,NULL,'mo-5005-variant-22-8','simple',NULL,NULL,NULL,'2021-08-31 22:53:06','2021-08-31 22:53:06',333,8),(337,NULL,'mo-5005-variant-22-9','simple',NULL,NULL,NULL,'2021-08-31 22:53:06','2021-08-31 22:53:06',333,8),(338,NULL,'mo-5005-variant-22-23','simple',NULL,NULL,NULL,'2021-08-31 22:53:06','2021-08-31 22:53:06',333,8),(339,6,'mo-5006','configurable',NULL,NULL,'<h3>What is Lorem Ipsum?</h3>\r\n<p>Lorem Ipsum is simply dummy text of the printing and typesetting industry. Lorem Ipsum has been the industry\'s standard dummy text ever since the 1500s, when an unknown printer took a galley of type and scrambled it to make a type specimen book. It has survived not only five centuries, but also the leap into electronic typesetting, remaining essentially unchanged. It was popularised in the 1960s with the release of Letraset sheets containing Lorem Ipsum passages, and more recently with desktop publishing software like Aldus PageMaker including versions of Lorem Ipsum.</p>','2021-08-31 23:00:47','2021-08-31 23:06:51',NULL,8),(340,NULL,'mo-5006-variant-22-6','simple',NULL,NULL,NULL,'2021-08-31 23:00:47','2021-08-31 23:00:47',339,8),(341,NULL,'mo-5006-variant-22-7','simple',NULL,NULL,NULL,'2021-08-31 23:00:47','2021-08-31 23:00:47',339,8),(342,NULL,'mo-5006-variant-22-8','simple',NULL,NULL,NULL,'2021-08-31 23:00:47','2021-08-31 23:00:47',339,8),(343,NULL,'mo-5006-variant-22-9','simple',NULL,NULL,NULL,'2021-08-31 23:00:47','2021-08-31 23:00:47',339,8),(344,6,'mo-6001','configurable',NULL,NULL,'<h3>What is Lorem Ipsum?</h3>\r\n<p>Lorem Ipsum is simply dummy text of the printing and typesetting industry. Lorem Ipsum has been the industry\'s standard dummy text ever since the 1500s, when an unknown printer took a galley of type and scrambled it to make a type specimen book. It has survived not only five centuries, but also the leap into electronic typesetting, remaining essentially unchanged. It was popularised in the 1960s with the release of Letraset sheets containing Lorem Ipsum passages, and more recently with desktop publishing software like Aldus PageMaker including versions of Lorem Ipsum.</p>','2021-08-31 23:10:37','2021-08-31 23:15:27',NULL,8),(345,NULL,'mo-6001-variant-22-6','simple',NULL,NULL,NULL,'2021-08-31 23:10:37','2021-08-31 23:10:37',344,8),(346,NULL,'mo-6001-variant-22-7','simple',NULL,NULL,NULL,'2021-08-31 23:10:37','2021-08-31 23:10:37',344,8),(347,NULL,'mo-6001-variant-22-8','simple',NULL,NULL,NULL,'2021-08-31 23:10:37','2021-08-31 23:10:37',344,8),(348,NULL,'mo-6001-variant-22-9','simple',NULL,NULL,NULL,'2021-08-31 23:10:38','2021-08-31 23:10:38',344,8),(349,6,'mo-6002','configurable',NULL,NULL,'<h3>What is Lorem Ipsum?</h3>\r\n<p>Lorem Ipsum is simply dummy text of the printing and typesetting industry. Lorem Ipsum has been the industry\'s standard dummy text ever since the 1500s, when an unknown printer took a galley of type and scrambled it to make a type specimen book. It has survived not only five centuries, but also the leap into electronic typesetting, remaining essentially unchanged. It was popularised in the 1960s with the release of Letraset sheets containing Lorem Ipsum passages, and more recently with desktop publishing software like Aldus PageMaker including versions of Lorem Ipsum.</p>','2021-08-31 23:21:42','2021-08-31 23:28:06',NULL,13),(350,NULL,'mo-6002-variant-27-6','simple',NULL,NULL,NULL,'2021-08-31 23:21:43','2021-08-31 23:21:43',349,13),(351,NULL,'mo-6002-variant-27-7','simple',NULL,NULL,NULL,'2021-08-31 23:21:43','2021-08-31 23:21:43',349,13),(352,NULL,'mo-6002-variant-27-8','simple',NULL,NULL,NULL,'2021-08-31 23:21:43','2021-08-31 23:21:43',349,13),(353,NULL,'mo-6002-variant-27-9','simple',NULL,NULL,NULL,'2021-08-31 23:21:43','2021-08-31 23:21:43',349,13),(354,6,'mo-6003','configurable',NULL,NULL,'<h3>What is Lorem Ipsum?</h3>\r\n<p>Lorem Ipsum is simply dummy text of the printing and typesetting industry. Lorem Ipsum has been the industry\'s standard dummy text ever since the 1500s, when an unknown printer took a galley of type and scrambled it to make a type specimen book. It has survived not only five centuries, but also the leap into electronic typesetting, remaining essentially unchanged. It was popularised in the 1960s with the release of Letraset sheets containing Lorem Ipsum passages, and more recently with desktop publishing software like Aldus PageMaker including versions of Lorem Ipsum.</p>','2021-08-31 23:29:31','2021-08-31 23:34:48',NULL,13),(355,NULL,'mo-6003-variant-27-6','simple',NULL,NULL,NULL,'2021-08-31 23:29:31','2021-08-31 23:29:31',354,13),(356,NULL,'mo-6003-variant-27-7','simple',NULL,NULL,NULL,'2021-08-31 23:29:31','2021-08-31 23:29:31',354,13),(357,NULL,'mo-6003-variant-27-8','simple',NULL,NULL,NULL,'2021-08-31 23:29:31','2021-08-31 23:29:31',354,13),(358,NULL,'mo-6003-variant-27-9','simple',NULL,NULL,NULL,'2021-08-31 23:29:31','2021-08-31 23:29:31',354,13),(359,6,'mo-6004','configurable',NULL,NULL,'<h3>What is Lorem Ipsum?</h3>\r\n<p>Lorem Ipsum is simply dummy text of the printing and typesetting industry. Lorem Ipsum has been the industry\'s standard dummy text ever since the 1500s, when an unknown printer took a galley of type and scrambled it to make a type specimen book. It has survived not only five centuries, but also the leap into electronic typesetting, remaining essentially unchanged. It was popularised in the 1960s with the release of Letraset sheets containing Lorem Ipsum passages, and more recently with desktop publishing software like Aldus PageMaker including versions of Lorem Ipsum.</p>','2021-08-31 23:36:44','2021-08-31 23:41:44',NULL,13),(360,NULL,'mo-6004-variant-27-24','simple',NULL,NULL,NULL,'2021-08-31 23:36:44','2021-08-31 23:36:44',359,13),(361,6,'mo-6005','configurable',NULL,NULL,'<h3>What is Lorem Ipsum?</h3>\r\n<p>Lorem Ipsum is simply dummy text of the printing and typesetting industry. Lorem Ipsum has been the industry\'s standard dummy text ever since the 1500s, when an unknown printer took a galley of type and scrambled it to make a type specimen book. It has survived not only five centuries, but also the leap into electronic typesetting, remaining essentially unchanged. It was popularised in the 1960s with the release of Letraset sheets containing Lorem Ipsum passages, and more recently with desktop publishing software like Aldus PageMaker including versions of Lorem Ipsum.</p>','2021-08-31 23:42:59','2021-08-31 23:48:11',NULL,13),(362,NULL,'mo-6005-variant-27-24','simple',NULL,NULL,NULL,'2021-08-31 23:42:59','2021-08-31 23:42:59',361,13),(363,6,'mo-6006','configurable',NULL,NULL,'<h3>What is Lorem Ipsum?</h3>\r\n<p>Lorem Ipsum is simply dummy text of the printing and typesetting industry. Lorem Ipsum has been the industry\'s standard dummy text ever since the 1500s, when an unknown printer took a galley of type and scrambled it to make a type specimen book. It has survived not only five centuries, but also the leap into electronic typesetting, remaining essentially unchanged. It was popularised in the 1960s with the release of Letraset sheets containing Lorem Ipsum passages, and more recently with desktop publishing software like Aldus PageMaker including versions of Lorem Ipsum.</p>','2021-08-31 23:49:20','2021-08-31 23:53:16',NULL,13),(364,NULL,'mo-6006-variant-27-24','simple',NULL,NULL,NULL,'2021-08-31 23:49:20','2021-08-31 23:49:20',363,13),(365,6,'mo-6007','configurable',NULL,NULL,'<h3>What is Lorem Ipsum?</h3>\r\n<p>Lorem Ipsum is simply dummy text of the printing and typesetting industry. Lorem Ipsum has been the industry\'s standard dummy text ever since the 1500s, when an unknown printer took a galley of type and scrambled it to make a type specimen book. It has survived not only five centuries, but also the leap into electronic typesetting, remaining essentially unchanged. It was popularised in the 1960s with the release of Letraset sheets containing Lorem Ipsum passages, and more recently with desktop publishing software like Aldus PageMaker including versions of Lorem Ipsum.</p>','2021-08-31 23:55:01','2021-08-31 23:58:42',NULL,13),(366,NULL,'mo-6007-variant-27-24','simple',NULL,NULL,NULL,'2021-08-31 23:55:01','2021-08-31 23:55:01',365,13),(367,8,'zpdfm3esl','configurable',NULL,NULL,NULL,'2021-09-01 18:26:17','2021-09-01 18:33:31',NULL,3),(368,NULL,'zpdfm3esl-variant-27','simple',NULL,NULL,NULL,'2021-09-01 18:26:17','2021-09-01 18:26:17',367,3),(370,8,'zpdn95hl','configurable',NULL,NULL,NULL,'2021-09-02 10:52:07','2021-09-02 10:59:11',NULL,4),(371,NULL,'zpdn95hl-variant-5-24','simple',NULL,NULL,NULL,'2021-09-02 10:52:07','2021-09-02 10:52:07',370,4);
/*!40000 ALTER TABLE `products` ENABLE KEYS */;
UNLOCK TABLES;

--
-- Table structure for table `refund_items`
--

DROP TABLE IF EXISTS `refund_items`;
/*!40101 SET @saved_cs_client     = @@character_set_client */;
/*!50503 SET character_set_client = utf8mb4 */;
CREATE TABLE `refund_items` (
  `id` int unsigned NOT NULL AUTO_INCREMENT,
  `name` varchar(191) CHARACTER SET utf8mb4 COLLATE utf8mb4_unicode_ci DEFAULT NULL,
  `description` varchar(191) CHARACTER SET utf8mb4 COLLATE utf8mb4_unicode_ci DEFAULT NULL,
  `sku` varchar(191) CHARACTER SET utf8mb4 COLLATE utf8mb4_unicode_ci DEFAULT NULL,
  `qty` int DEFAULT NULL,
  `price` decimal(12,4) NOT NULL DEFAULT '0.0000',
  `base_price` decimal(12,4) NOT NULL DEFAULT '0.0000',
  `total` decimal(12,4) NOT NULL DEFAULT '0.0000',
  `base_total` decimal(12,4) NOT NULL DEFAULT '0.0000',
  `tax_amount` decimal(12,4) DEFAULT '0.0000',
  `base_tax_amount` decimal(12,4) DEFAULT '0.0000',
  `discount_percent` decimal(12,4) DEFAULT '0.0000',
  `discount_amount` decimal(12,4) DEFAULT '0.0000',
  `base_discount_amount` decimal(12,4) DEFAULT '0.0000',
  `product_id` int unsigned DEFAULT NULL,
  `product_type` varchar(191) CHARACTER SET utf8mb4 COLLATE utf8mb4_unicode_ci DEFAULT NULL,
  `order_item_id` int unsigned DEFAULT NULL,
  `refund_id` int unsigned DEFAULT NULL,
  `parent_id` int unsigned DEFAULT NULL,
  `additional` longtext CHARACTER SET utf8mb4 COLLATE utf8mb4_bin,
  `created_at` timestamp NULL DEFAULT NULL,
  `updated_at` timestamp NULL DEFAULT NULL,
  PRIMARY KEY (`id`),
  KEY `refund_items_order_item_id_foreign` (`order_item_id`),
  KEY `refund_items_refund_id_foreign` (`refund_id`),
  KEY `refund_items_parent_id_foreign` (`parent_id`)
) ENGINE=InnoDB DEFAULT CHARSET=utf8mb4 COLLATE=utf8mb4_unicode_ci ROW_FORMAT=DYNAMIC;
/*!40101 SET character_set_client = @saved_cs_client */;

--
-- Dumping data for table `refund_items`
--

LOCK TABLES `refund_items` WRITE;
/*!40000 ALTER TABLE `refund_items` DISABLE KEYS */;
/*!40000 ALTER TABLE `refund_items` ENABLE KEYS */;
UNLOCK TABLES;

--
-- Table structure for table `refunds`
--

DROP TABLE IF EXISTS `refunds`;
/*!40101 SET @saved_cs_client     = @@character_set_client */;
/*!50503 SET character_set_client = utf8mb4 */;
CREATE TABLE `refunds` (
  `id` int unsigned NOT NULL AUTO_INCREMENT,
  `increment_id` varchar(191) CHARACTER SET utf8mb4 COLLATE utf8mb4_unicode_ci DEFAULT NULL,
  `state` varchar(191) CHARACTER SET utf8mb4 COLLATE utf8mb4_unicode_ci DEFAULT NULL,
  `email_sent` tinyint(1) NOT NULL DEFAULT '0',
  `total_qty` int DEFAULT NULL,
  `base_currency_code` varchar(191) CHARACTER SET utf8mb4 COLLATE utf8mb4_unicode_ci DEFAULT NULL,
  `channel_currency_code` varchar(191) CHARACTER SET utf8mb4 COLLATE utf8mb4_unicode_ci DEFAULT NULL,
  `order_currency_code` varchar(191) CHARACTER SET utf8mb4 COLLATE utf8mb4_unicode_ci DEFAULT NULL,
  `adjustment_refund` decimal(12,4) DEFAULT '0.0000',
  `base_adjustment_refund` decimal(12,4) DEFAULT '0.0000',
  `adjustment_fee` decimal(12,4) DEFAULT '0.0000',
  `base_adjustment_fee` decimal(12,4) DEFAULT '0.0000',
  `sub_total` decimal(12,4) DEFAULT '0.0000',
  `base_sub_total` decimal(12,4) DEFAULT '0.0000',
  `grand_total` decimal(12,4) DEFAULT '0.0000',
  `base_grand_total` decimal(12,4) DEFAULT '0.0000',
  `shipping_amount` decimal(12,4) DEFAULT '0.0000',
  `base_shipping_amount` decimal(12,4) DEFAULT '0.0000',
  `tax_amount` decimal(12,4) DEFAULT '0.0000',
  `base_tax_amount` decimal(12,4) DEFAULT '0.0000',
  `discount_percent` decimal(12,4) DEFAULT '0.0000',
  `discount_amount` decimal(12,4) DEFAULT '0.0000',
  `base_discount_amount` decimal(12,4) DEFAULT '0.0000',
  `order_id` int unsigned DEFAULT NULL,
  `created_at` timestamp NULL DEFAULT NULL,
  `updated_at` timestamp NULL DEFAULT NULL,
  PRIMARY KEY (`id`),
  KEY `refunds_order_id_foreign` (`order_id`)
) ENGINE=InnoDB DEFAULT CHARSET=utf8mb4 COLLATE=utf8mb4_unicode_ci ROW_FORMAT=DYNAMIC;
/*!40101 SET character_set_client = @saved_cs_client */;

--
-- Dumping data for table `refunds`
--

LOCK TABLES `refunds` WRITE;
/*!40000 ALTER TABLE `refunds` DISABLE KEYS */;
/*!40000 ALTER TABLE `refunds` ENABLE KEYS */;
UNLOCK TABLES;

--
-- Table structure for table `roles`
--

DROP TABLE IF EXISTS `roles`;
/*!40101 SET @saved_cs_client     = @@character_set_client */;
/*!50503 SET character_set_client = utf8mb4 */;
CREATE TABLE `roles` (
  `id` int unsigned NOT NULL AUTO_INCREMENT,
  `name` varchar(191) CHARACTER SET utf8mb4 COLLATE utf8mb4_unicode_ci NOT NULL,
  `description` varchar(191) CHARACTER SET utf8mb4 COLLATE utf8mb4_unicode_ci DEFAULT NULL,
  `permission_type` varchar(191) CHARACTER SET utf8mb4 COLLATE utf8mb4_unicode_ci NOT NULL,
  `permissions` longtext CHARACTER SET utf8mb4 COLLATE utf8mb4_bin,
  `created_at` timestamp NULL DEFAULT NULL,
  `updated_at` timestamp NULL DEFAULT NULL,
  PRIMARY KEY (`id`)
) ENGINE=InnoDB AUTO_INCREMENT=3 DEFAULT CHARSET=utf8mb4 COLLATE=utf8mb4_unicode_ci ROW_FORMAT=DYNAMIC;
/*!40101 SET character_set_client = @saved_cs_client */;

--
-- Dumping data for table `roles`
--

LOCK TABLES `roles` WRITE;
/*!40000 ALTER TABLE `roles` DISABLE KEYS */;
INSERT INTO `roles` VALUES (1,'Administrator','Administrator rolem','all',NULL,NULL,NULL),(2,'Seller','Seller Role','custom','[\"dashboard\",\"catalog\",\"catalog.products\",\"catalog.products.create\",\"catalog.products.edit\",\"catalog.products.delete\",\"sales\",\"sales.orders\",\"sales.invoices\",\"sales.shipments\"]','2021-02-13 02:42:25','2021-08-14 10:53:57');
/*!40000 ALTER TABLE `roles` ENABLE KEYS */;
UNLOCK TABLES;

--
-- Table structure for table `shipment_items`
--

DROP TABLE IF EXISTS `shipment_items`;
/*!40101 SET @saved_cs_client     = @@character_set_client */;
/*!50503 SET character_set_client = utf8mb4 */;
CREATE TABLE `shipment_items` (
  `id` int unsigned NOT NULL AUTO_INCREMENT,
  `name` varchar(191) CHARACTER SET utf8mb4 COLLATE utf8mb4_unicode_ci DEFAULT NULL,
  `description` varchar(191) CHARACTER SET utf8mb4 COLLATE utf8mb4_unicode_ci DEFAULT NULL,
  `sku` varchar(191) CHARACTER SET utf8mb4 COLLATE utf8mb4_unicode_ci DEFAULT NULL,
  `qty` int DEFAULT NULL,
  `weight` int DEFAULT NULL,
  `price` decimal(12,4) DEFAULT '0.0000',
  `base_price` decimal(12,4) DEFAULT '0.0000',
  `total` decimal(12,4) DEFAULT '0.0000',
  `base_total` decimal(12,4) DEFAULT '0.0000',
  `product_id` int unsigned DEFAULT NULL,
  `product_type` varchar(191) CHARACTER SET utf8mb4 COLLATE utf8mb4_unicode_ci DEFAULT NULL,
  `order_item_id` int unsigned DEFAULT NULL,
  `shipment_id` int unsigned NOT NULL,
  `additional` longtext CHARACTER SET utf8mb4 COLLATE utf8mb4_bin,
  `created_at` timestamp NULL DEFAULT NULL,
  `updated_at` timestamp NULL DEFAULT NULL,
  PRIMARY KEY (`id`),
  KEY `shipment_items_shipment_id_foreign` (`shipment_id`)
) ENGINE=InnoDB DEFAULT CHARSET=utf8mb4 COLLATE=utf8mb4_unicode_ci ROW_FORMAT=DYNAMIC;
/*!40101 SET character_set_client = @saved_cs_client */;

--
-- Dumping data for table `shipment_items`
--

LOCK TABLES `shipment_items` WRITE;
/*!40000 ALTER TABLE `shipment_items` DISABLE KEYS */;
/*!40000 ALTER TABLE `shipment_items` ENABLE KEYS */;
UNLOCK TABLES;

--
-- Table structure for table `shipments`
--

DROP TABLE IF EXISTS `shipments`;
/*!40101 SET @saved_cs_client     = @@character_set_client */;
/*!50503 SET character_set_client = utf8mb4 */;
CREATE TABLE `shipments` (
  `id` int unsigned NOT NULL AUTO_INCREMENT,
  `status` varchar(191) CHARACTER SET utf8mb4 COLLATE utf8mb4_unicode_ci DEFAULT NULL,
  `total_qty` int DEFAULT NULL,
  `total_weight` int DEFAULT NULL,
  `carrier_code` varchar(191) CHARACTER SET utf8mb4 COLLATE utf8mb4_unicode_ci DEFAULT NULL,
  `carrier_title` varchar(191) CHARACTER SET utf8mb4 COLLATE utf8mb4_unicode_ci DEFAULT NULL,
  `track_number` text CHARACTER SET utf8mb4 COLLATE utf8mb4_unicode_ci,
  `email_sent` tinyint(1) NOT NULL DEFAULT '0',
  `customer_id` int unsigned DEFAULT NULL,
  `customer_type` varchar(191) CHARACTER SET utf8mb4 COLLATE utf8mb4_unicode_ci DEFAULT NULL,
  `order_id` int unsigned NOT NULL,
  `order_address_id` int unsigned DEFAULT NULL,
  `created_at` timestamp NULL DEFAULT NULL,
  `updated_at` timestamp NULL DEFAULT NULL,
  `inventory_source_id` int unsigned DEFAULT NULL,
  `inventory_source_name` varchar(191) CHARACTER SET utf8mb4 COLLATE utf8mb4_unicode_ci DEFAULT NULL,
  PRIMARY KEY (`id`),
  KEY `shipments_order_id_foreign` (`order_id`),
  KEY `shipments_inventory_source_id_foreign` (`inventory_source_id`),
  KEY `shipments_order_address_id_foreign` (`order_address_id`)
) ENGINE=InnoDB DEFAULT CHARSET=utf8mb4 COLLATE=utf8mb4_unicode_ci ROW_FORMAT=DYNAMIC;
/*!40101 SET character_set_client = @saved_cs_client */;

--
-- Dumping data for table `shipments`
--

LOCK TABLES `shipments` WRITE;
/*!40000 ALTER TABLE `shipments` DISABLE KEYS */;
/*!40000 ALTER TABLE `shipments` ENABLE KEYS */;
UNLOCK TABLES;

--
-- Table structure for table `sliders`
--

DROP TABLE IF EXISTS `sliders`;
/*!40101 SET @saved_cs_client     = @@character_set_client */;
/*!50503 SET character_set_client = utf8mb4 */;
CREATE TABLE `sliders` (
  `id` int unsigned NOT NULL AUTO_INCREMENT,
  `title` varchar(191) CHARACTER SET utf8mb4 COLLATE utf8mb4_unicode_ci NOT NULL,
  `path` varchar(191) CHARACTER SET utf8mb4 COLLATE utf8mb4_unicode_ci NOT NULL,
  `content` text CHARACTER SET utf8mb4 COLLATE utf8mb4_unicode_ci,
  `channel_id` int unsigned NOT NULL,
  `created_at` timestamp NULL DEFAULT NULL,
  `updated_at` timestamp NULL DEFAULT NULL,
  `slider_path` text CHARACTER SET utf8mb4 COLLATE utf8mb4_unicode_ci,
  `locale` varchar(191) CHARACTER SET utf8mb4 COLLATE utf8mb4_unicode_ci NOT NULL,
  PRIMARY KEY (`id`),
  KEY `sliders_channel_id_foreign` (`channel_id`)
) ENGINE=InnoDB AUTO_INCREMENT=5 DEFAULT CHARSET=utf8mb4 COLLATE=utf8mb4_unicode_ci ROW_FORMAT=DYNAMIC;
/*!40101 SET character_set_client = @saved_cs_client */;

--
-- Dumping data for table `sliders`
--

LOCK TABLES `sliders` WRITE;
/*!40000 ALTER TABLE `sliders` DISABLE KEYS */;
INSERT INTO `sliders` VALUES (1,'Face Mask Thermometer','slider_images/Default/5siCrmmWIhmESQKUSlAksu9jfJMdCyT6j7O3M3vm.jpeg','<p>Suspendisse turpis dui, posuere eget scelerisque a, porta eu elit.</p>',1,'2021-02-06 02:53:59','2021-07-31 17:48:21','#','en'),(2,'Distributor','slider_images/Default/vd2LPBHdku3jCblghLIJWuKUAywveyNcojKOfvI8.jpeg','<p>click and get discount</p>',1,'2021-02-06 02:55:02','2021-08-27 15:43:33','','en');
/*!40000 ALTER TABLE `sliders` ENABLE KEYS */;
UNLOCK TABLES;

--
-- Table structure for table `subscribers_list`
--

DROP TABLE IF EXISTS `subscribers_list`;
/*!40101 SET @saved_cs_client     = @@character_set_client */;
/*!50503 SET character_set_client = utf8mb4 */;
CREATE TABLE `subscribers_list` (
  `id` int unsigned NOT NULL AUTO_INCREMENT,
  `email` varchar(191) CHARACTER SET utf8mb4 COLLATE utf8mb4_unicode_ci NOT NULL,
  `is_subscribed` tinyint(1) NOT NULL DEFAULT '0',
  `token` varchar(191) CHARACTER SET utf8mb4 COLLATE utf8mb4_unicode_ci DEFAULT NULL,
  `channel_id` int unsigned NOT NULL,
  `created_at` timestamp NULL DEFAULT NULL,
  `updated_at` timestamp NULL DEFAULT NULL,
  PRIMARY KEY (`id`),
  KEY `subscribers_list_channel_id_foreign` (`channel_id`)
) ENGINE=InnoDB DEFAULT CHARSET=utf8mb4 COLLATE=utf8mb4_unicode_ci ROW_FORMAT=DYNAMIC;
/*!40101 SET character_set_client = @saved_cs_client */;

--
-- Dumping data for table `subscribers_list`
--

LOCK TABLES `subscribers_list` WRITE;
/*!40000 ALTER TABLE `subscribers_list` DISABLE KEYS */;
/*!40000 ALTER TABLE `subscribers_list` ENABLE KEYS */;
UNLOCK TABLES;

--
-- Table structure for table `support_tickets`
--

DROP TABLE IF EXISTS `support_tickets`;
/*!40101 SET @saved_cs_client     = @@character_set_client */;
/*!50503 SET character_set_client = utf8mb4 */;
CREATE TABLE `support_tickets` (
  `id` int unsigned NOT NULL AUTO_INCREMENT,
  `name` varchar(191) CHARACTER SET utf8mb4 COLLATE utf8mb4_unicode_ci DEFAULT NULL,
  `email` varchar(191) CHARACTER SET utf8mb4 COLLATE utf8mb4_unicode_ci DEFAULT NULL,
  `message` longtext CHARACTER SET utf8mb4 COLLATE utf8mb4_unicode_ci,
  `attachment` varchar(191) CHARACTER SET utf8mb4 COLLATE utf8mb4_unicode_ci DEFAULT NULL,
  `status` tinyint(1) NOT NULL DEFAULT '0',
  `created_at` timestamp NULL DEFAULT NULL,
  `updated_at` timestamp NULL DEFAULT NULL,
  PRIMARY KEY (`id`)
) ENGINE=InnoDB DEFAULT CHARSET=utf8mb4 COLLATE=utf8mb4_unicode_ci ROW_FORMAT=DYNAMIC;
/*!40101 SET character_set_client = @saved_cs_client */;

--
-- Dumping data for table `support_tickets`
--

LOCK TABLES `support_tickets` WRITE;
/*!40000 ALTER TABLE `support_tickets` DISABLE KEYS */;
/*!40000 ALTER TABLE `support_tickets` ENABLE KEYS */;
UNLOCK TABLES;

--
-- Table structure for table `tax_categories`
--

DROP TABLE IF EXISTS `tax_categories`;
/*!40101 SET @saved_cs_client     = @@character_set_client */;
/*!50503 SET character_set_client = utf8mb4 */;
CREATE TABLE `tax_categories` (
  `id` int unsigned NOT NULL AUTO_INCREMENT,
  `code` varchar(191) CHARACTER SET utf8mb4 COLLATE utf8mb4_unicode_ci NOT NULL,
  `name` varchar(191) CHARACTER SET utf8mb4 COLLATE utf8mb4_unicode_ci NOT NULL,
  `description` longtext CHARACTER SET utf8mb4 COLLATE utf8mb4_unicode_ci NOT NULL,
  `created_at` timestamp NULL DEFAULT NULL,
  `updated_at` timestamp NULL DEFAULT NULL,
  PRIMARY KEY (`id`),
  UNIQUE KEY `tax_categories_code_unique` (`code`)
) ENGINE=InnoDB AUTO_INCREMENT=4 DEFAULT CHARSET=utf8mb4 COLLATE=utf8mb4_unicode_ci ROW_FORMAT=DYNAMIC;
/*!40101 SET character_set_client = @saved_cs_client */;

--
-- Dumping data for table `tax_categories`
--

LOCK TABLES `tax_categories` WRITE;
/*!40000 ALTER TABLE `tax_categories` DISABLE KEYS */;
INSERT INTO `tax_categories` VALUES (1,'Tax15','Medical Product','This tax is for medical products','2021-03-17 07:42:36','2021-03-17 07:42:36'),(2,'gst12%','GST 12%','GST 12%','2021-07-03 09:56:01','2021-07-03 09:56:01'),(3,'gst5%','GST 5%','GST 5%','2021-08-10 01:12:20','2021-08-10 01:12:20');
/*!40000 ALTER TABLE `tax_categories` ENABLE KEYS */;
UNLOCK TABLES;

--
-- Table structure for table `tax_categories_tax_rates`
--

DROP TABLE IF EXISTS `tax_categories_tax_rates`;
/*!40101 SET @saved_cs_client     = @@character_set_client */;
/*!50503 SET character_set_client = utf8mb4 */;
CREATE TABLE `tax_categories_tax_rates` (
  `id` int unsigned NOT NULL AUTO_INCREMENT,
  `tax_category_id` int unsigned NOT NULL,
  `tax_rate_id` int unsigned NOT NULL,
  `created_at` timestamp NULL DEFAULT NULL,
  `updated_at` timestamp NULL DEFAULT NULL,
  PRIMARY KEY (`id`),
  UNIQUE KEY `tax_map_index_unique` (`tax_category_id`,`tax_rate_id`),
  KEY `tax_categories_tax_rates_tax_rate_id_foreign` (`tax_rate_id`)
) ENGINE=InnoDB AUTO_INCREMENT=5 DEFAULT CHARSET=utf8mb4 COLLATE=utf8mb4_unicode_ci ROW_FORMAT=DYNAMIC;
/*!40101 SET character_set_client = @saved_cs_client */;

--
-- Dumping data for table `tax_categories_tax_rates`
--

LOCK TABLES `tax_categories_tax_rates` WRITE;
/*!40000 ALTER TABLE `tax_categories_tax_rates` DISABLE KEYS */;
INSERT INTO `tax_categories_tax_rates` VALUES (1,1,1,NULL,NULL),(3,2,2,NULL,NULL),(4,3,4,NULL,NULL);
/*!40000 ALTER TABLE `tax_categories_tax_rates` ENABLE KEYS */;
UNLOCK TABLES;

--
-- Table structure for table `tax_rates`
--

DROP TABLE IF EXISTS `tax_rates`;
/*!40101 SET @saved_cs_client     = @@character_set_client */;
/*!50503 SET character_set_client = utf8mb4 */;
CREATE TABLE `tax_rates` (
  `id` int unsigned NOT NULL AUTO_INCREMENT,
  `identifier` varchar(191) CHARACTER SET utf8mb4 COLLATE utf8mb4_unicode_ci NOT NULL,
  `is_zip` tinyint(1) NOT NULL DEFAULT '0',
  `zip_code` varchar(191) CHARACTER SET utf8mb4 COLLATE utf8mb4_unicode_ci DEFAULT NULL,
  `zip_from` varchar(191) CHARACTER SET utf8mb4 COLLATE utf8mb4_unicode_ci DEFAULT NULL,
  `zip_to` varchar(191) CHARACTER SET utf8mb4 COLLATE utf8mb4_unicode_ci DEFAULT NULL,
  `state` varchar(191) CHARACTER SET utf8mb4 COLLATE utf8mb4_unicode_ci NOT NULL,
  `country` varchar(191) CHARACTER SET utf8mb4 COLLATE utf8mb4_unicode_ci NOT NULL,
  `tax_rate` decimal(12,4) NOT NULL,
  `created_at` timestamp NULL DEFAULT NULL,
  `updated_at` timestamp NULL DEFAULT NULL,
  PRIMARY KEY (`id`),
  UNIQUE KEY `tax_rates_identifier_unique` (`identifier`)
) ENGINE=InnoDB AUTO_INCREMENT=5 DEFAULT CHARSET=utf8mb4 COLLATE=utf8mb4_unicode_ci ROW_FORMAT=DYNAMIC;
/*!40101 SET character_set_client = @saved_cs_client */;

--
-- Dumping data for table `tax_rates`
--

LOCK TABLES `tax_rates` WRITE;
/*!40000 ALTER TABLE `tax_rates` DISABLE KEYS */;
INSERT INTO `tax_rates` VALUES (1,'a\'bad',0,'380001',NULL,NULL,'GJ','IN',5.0000,'2021-03-17 07:40:31','2021-07-03 09:54:15'),(2,'gst12%',0,'396125',NULL,NULL,'GJ','IN',12.0000,'2021-07-03 09:56:58','2021-07-03 09:56:58'),(4,'gst5%',0,'396125',NULL,NULL,'GJ','IN',5.0000,'2021-08-10 01:11:24','2021-08-10 01:11:24');
/*!40000 ALTER TABLE `tax_rates` ENABLE KEYS */;
UNLOCK TABLES;

--
-- Table structure for table `users`
--

DROP TABLE IF EXISTS `users`;
/*!40101 SET @saved_cs_client     = @@character_set_client */;
/*!50503 SET character_set_client = utf8mb4 */;
CREATE TABLE `users` (
  `id` int unsigned NOT NULL AUTO_INCREMENT,
  `name` varchar(191) CHARACTER SET utf8mb4 COLLATE utf8mb4_unicode_ci NOT NULL,
  `email` varchar(191) CHARACTER SET utf8mb4 COLLATE utf8mb4_unicode_ci NOT NULL,
  `password` varchar(191) CHARACTER SET utf8mb4 COLLATE utf8mb4_unicode_ci NOT NULL,
  `remember_token` varchar(100) CHARACTER SET utf8mb4 COLLATE utf8mb4_unicode_ci DEFAULT NULL,
  `created_at` timestamp NULL DEFAULT NULL,
  `updated_at` timestamp NULL DEFAULT NULL,
  PRIMARY KEY (`id`),
  UNIQUE KEY `users_email_unique` (`email`)
) ENGINE=InnoDB DEFAULT CHARSET=utf8mb4 COLLATE=utf8mb4_unicode_ci ROW_FORMAT=DYNAMIC;
/*!40101 SET character_set_client = @saved_cs_client */;

--
-- Dumping data for table `users`
--

LOCK TABLES `users` WRITE;
/*!40000 ALTER TABLE `users` DISABLE KEYS */;
/*!40000 ALTER TABLE `users` ENABLE KEYS */;
UNLOCK TABLES;

--
-- Table structure for table `velocity_contents`
--

DROP TABLE IF EXISTS `velocity_contents`;
/*!40101 SET @saved_cs_client     = @@character_set_client */;
/*!50503 SET character_set_client = utf8mb4 */;
CREATE TABLE `velocity_contents` (
  `id` int unsigned NOT NULL AUTO_INCREMENT,
  `content_type` varchar(100) CHARACTER SET utf8mb4 COLLATE utf8mb4_unicode_ci DEFAULT NULL,
  `position` int unsigned DEFAULT NULL,
  `status` tinyint(1) NOT NULL DEFAULT '0',
  `created_at` timestamp NULL DEFAULT NULL,
  `updated_at` timestamp NULL DEFAULT NULL,
  PRIMARY KEY (`id`)
) ENGINE=InnoDB AUTO_INCREMENT=7 DEFAULT CHARSET=utf8mb4 COLLATE=utf8mb4_unicode_ci ROW_FORMAT=DYNAMIC;
/*!40101 SET character_set_client = @saved_cs_client */;

--
-- Dumping data for table `velocity_contents`
--

LOCK TABLES `velocity_contents` WRITE;
/*!40000 ALTER TABLE `velocity_contents` DISABLE KEYS */;
INSERT INTO `velocity_contents` VALUES (1,'category',1,0,'2021-01-20 12:36:17','2021-01-21 12:33:35'),(2,'category',2,1,'2021-01-20 12:38:14','2021-02-01 03:19:08'),(3,'category',3,1,'2021-01-20 12:39:04','2021-02-01 03:22:51'),(4,'category',4,0,'2021-01-20 12:39:52','2021-04-21 05:28:35'),(5,'category',5,0,'2021-01-20 12:40:28','2021-04-21 05:12:49'),(6,'category',6,1,'2021-03-08 10:34:24','2021-03-08 10:34:24');
/*!40000 ALTER TABLE `velocity_contents` ENABLE KEYS */;
UNLOCK TABLES;

--
-- Table structure for table `velocity_contents_translations`
--

DROP TABLE IF EXISTS `velocity_contents_translations`;
/*!40101 SET @saved_cs_client     = @@character_set_client */;
/*!50503 SET character_set_client = utf8mb4 */;
CREATE TABLE `velocity_contents_translations` (
  `id` int unsigned NOT NULL AUTO_INCREMENT,
  `content_id` int unsigned DEFAULT NULL,
  `title` varchar(100) CHARACTER SET utf8mb4 COLLATE utf8mb4_unicode_ci DEFAULT NULL,
  `custom_title` varchar(100) CHARACTER SET utf8mb4 COLLATE utf8mb4_unicode_ci DEFAULT NULL,
  `custom_heading` varchar(250) CHARACTER SET utf8mb4 COLLATE utf8mb4_unicode_ci DEFAULT NULL,
  `page_link` varchar(500) CHARACTER SET utf8mb4 COLLATE utf8mb4_unicode_ci DEFAULT NULL,
  `link_target` tinyint(1) NOT NULL DEFAULT '0',
  `catalog_type` varchar(100) CHARACTER SET utf8mb4 COLLATE utf8mb4_unicode_ci DEFAULT NULL,
  `products` text CHARACTER SET utf8mb4 COLLATE utf8mb4_unicode_ci,
  `description` text CHARACTER SET utf8mb4 COLLATE utf8mb4_unicode_ci,
  `locale` varchar(191) CHARACTER SET utf8mb4 COLLATE utf8mb4_unicode_ci DEFAULT NULL,
  `created_at` timestamp NULL DEFAULT NULL,
  `updated_at` timestamp NULL DEFAULT NULL,
  PRIMARY KEY (`id`),
  KEY `velocity_contents_translations_content_id_foreign` (`content_id`)
) ENGINE=InnoDB AUTO_INCREMENT=25 DEFAULT CHARSET=utf8mb4 COLLATE=utf8mb4_unicode_ci ROW_FORMAT=DYNAMIC;
/*!40101 SET character_set_client = @saved_cs_client */;

--
-- Dumping data for table `velocity_contents_translations`
--

LOCK TABLES `velocity_contents_translations` WRITE;
/*!40000 ALTER TABLE `velocity_contents_translations` DISABLE KEYS */;
INSERT INTO `velocity_contents_translations` VALUES (1,1,'Brand',NULL,NULL,'brand',0,NULL,NULL,NULL,'en',NULL,NULL),(2,1,'Brand',NULL,NULL,NULL,0,NULL,NULL,NULL,'fr',NULL,NULL),(3,1,'Brand',NULL,NULL,NULL,0,NULL,NULL,NULL,'nl',NULL,NULL),(4,1,'Brand',NULL,NULL,NULL,0,NULL,NULL,NULL,'tr',NULL,NULL),(5,2,'Covid19 Products',NULL,NULL,'covid-products',0,NULL,NULL,NULL,'en',NULL,NULL),(6,2,'Covid19 Products',NULL,NULL,NULL,0,NULL,NULL,NULL,'fr',NULL,NULL),(7,2,'Covid19 Products',NULL,NULL,NULL,0,NULL,NULL,NULL,'nl',NULL,NULL),(8,2,'Covid19 Products',NULL,NULL,NULL,0,NULL,NULL,NULL,'tr',NULL,NULL),(9,3,'Store Directory',NULL,NULL,'store-directory',0,NULL,NULL,NULL,'en',NULL,NULL),(10,3,'Store Directory',NULL,NULL,NULL,0,NULL,NULL,NULL,'fr',NULL,NULL),(11,3,'Store Directory',NULL,NULL,NULL,0,NULL,NULL,NULL,'nl',NULL,NULL),(12,3,'Store Directory',NULL,NULL,NULL,0,NULL,NULL,NULL,'tr',NULL,NULL),(13,4,'About Us',NULL,NULL,'page/about-us',0,NULL,NULL,NULL,'en',NULL,NULL),(14,4,'About Us',NULL,NULL,NULL,0,NULL,NULL,NULL,'fr',NULL,NULL),(15,4,'About Us',NULL,NULL,NULL,0,NULL,NULL,NULL,'nl',NULL,NULL),(16,4,'About Us',NULL,NULL,NULL,0,NULL,NULL,NULL,'tr',NULL,NULL),(17,5,'Contact Us',NULL,NULL,'contact-us',0,NULL,NULL,NULL,'en',NULL,NULL),(18,5,'Contact Us',NULL,NULL,NULL,0,NULL,NULL,NULL,'fr',NULL,NULL),(19,5,'Contact Us',NULL,NULL,NULL,0,NULL,NULL,NULL,'nl',NULL,NULL),(20,5,'Contact Us',NULL,NULL,NULL,0,NULL,NULL,NULL,'tr',NULL,NULL),(21,6,'Blog',NULL,NULL,'blog',0,NULL,NULL,NULL,'en',NULL,NULL),(22,6,'Blog',NULL,NULL,NULL,0,NULL,NULL,NULL,'fr',NULL,NULL),(23,6,'Blog',NULL,NULL,NULL,0,NULL,NULL,NULL,'nl',NULL,NULL),(24,6,'Blog',NULL,NULL,NULL,0,NULL,NULL,NULL,'tr',NULL,NULL);
/*!40000 ALTER TABLE `velocity_contents_translations` ENABLE KEYS */;
UNLOCK TABLES;

--
-- Table structure for table `velocity_customer_compare_products`
--

DROP TABLE IF EXISTS `velocity_customer_compare_products`;
/*!40101 SET @saved_cs_client     = @@character_set_client */;
/*!50503 SET character_set_client = utf8mb4 */;
CREATE TABLE `velocity_customer_compare_products` (
  `id` int unsigned NOT NULL AUTO_INCREMENT,
  `product_flat_id` int unsigned NOT NULL,
  `customer_id` int unsigned NOT NULL,
  `created_at` timestamp NULL DEFAULT NULL,
  `updated_at` timestamp NULL DEFAULT NULL,
  PRIMARY KEY (`id`),
  KEY `velocity_customer_compare_products_product_flat_id_foreign` (`product_flat_id`),
  KEY `velocity_customer_compare_products_customer_id_foreign` (`customer_id`)
) ENGINE=InnoDB AUTO_INCREMENT=11 DEFAULT CHARSET=utf8mb4 COLLATE=utf8mb4_unicode_ci ROW_FORMAT=DYNAMIC;
/*!40101 SET character_set_client = @saved_cs_client */;

--
-- Dumping data for table `velocity_customer_compare_products`
--

LOCK TABLES `velocity_customer_compare_products` WRITE;
/*!40000 ALTER TABLE `velocity_customer_compare_products` DISABLE KEYS */;
/*!40000 ALTER TABLE `velocity_customer_compare_products` ENABLE KEYS */;
UNLOCK TABLES;

--
-- Table structure for table `velocity_meta_data`
--

DROP TABLE IF EXISTS `velocity_meta_data`;
/*!40101 SET @saved_cs_client     = @@character_set_client */;
/*!50503 SET character_set_client = utf8mb4 */;
CREATE TABLE `velocity_meta_data` (
  `id` int unsigned NOT NULL AUTO_INCREMENT,
  `home_page_content` text CHARACTER SET utf8mb4 COLLATE utf8mb4_unicode_ci NOT NULL,
  `footer_left_content` text CHARACTER SET utf8mb4 COLLATE utf8mb4_unicode_ci NOT NULL,
  `footer_middle_content` text CHARACTER SET utf8mb4 COLLATE utf8mb4_unicode_ci NOT NULL,
  `slider` tinyint(1) NOT NULL DEFAULT '0',
  `advertisement` longtext CHARACTER SET utf8mb4 COLLATE utf8mb4_bin,
  `sidebar_category_count` int NOT NULL DEFAULT '9',
  `featured_product_count` int NOT NULL DEFAULT '10',
  `new_products_count` int NOT NULL DEFAULT '10',
  `engraving_shipping_term` longtext CHARACTER SET utf8mb4 COLLATE utf8mb4_unicode_ci,
  `subscription_bar_content` text CHARACTER SET utf8mb4 COLLATE utf8mb4_unicode_ci,
  `created_at` timestamp NULL DEFAULT NULL,
  `updated_at` timestamp NULL DEFAULT NULL,
  `product_view_images` longtext CHARACTER SET utf8mb4 COLLATE utf8mb4_bin,
  `product_policy` text CHARACTER SET utf8mb4 COLLATE utf8mb4_unicode_ci,
  `locale` text CHARACTER SET utf8mb4 COLLATE utf8mb4_unicode_ci NOT NULL,
  `channel` text CHARACTER SET utf8mb4 COLLATE utf8mb4_unicode_ci NOT NULL,
  `header_content_count` text CHARACTER SET utf8mb4 COLLATE utf8mb4_unicode_ci NOT NULL,
  PRIMARY KEY (`id`)
) ENGINE=InnoDB AUTO_INCREMENT=3 DEFAULT CHARSET=utf8mb4 COLLATE=utf8mb4_unicode_ci ROW_FORMAT=DYNAMIC;
/*!40101 SET character_set_client = @saved_cs_client */;

--
-- Dumping data for table `velocity_meta_data`
--

LOCK TABLES `velocity_meta_data` WRITE;
/*!40000 ALTER TABLE `velocity_meta_data` DISABLE KEYS */;
INSERT INTO `velocity_meta_data` VALUES (1,'<p>@include(\'shop::home.advertisements.advertisement-four\')@include(\'shop::home.featured-products\') @include(\'shop::home.product-policy\') @include(\'shop::home.advertisements.advertisement-three\') @include(\'shop::home.new-products\') @include(\'shop::home.advertisements.advertisement-two\')</p>','<p>We love to craft softwares and solve the real world problems with the binaries. We are highly committed to our goals. We invest our resources to create world class easy to use softwares and applications for the enterprise business with the top notch, on the edge technology expertise.</p>','<div class=\"col-lg-6 col-md-12 col-sm-12 no-padding\">\r\n<ul type=\"none\">\r\n<li><a href=\"{!! url(\'page/about-us\') !!}\">About Us</a></li>\r\n<li><a href=\"{!! url(\'page/cutomer-service\') !!}\">Customer Service</a></li>\r\n<li><a href=\"{!! url(\'page/whats-new\') !!}\">What&rsquo;s New</a></li>\r\n<li><a href=\"{!! url(\'page/contact-us\') !!}\">Contact Us </a></li>\r\n</ul>\r\n</div>\r\n<div class=\"col-lg-6 col-md-12 col-sm-12 no-padding\">\r\n<ul type=\"none\">\r\n<li><a href=\"{!! url(\'page/return-policy\') !!}\"> Order and Returns </a></li>\r\n<li><a href=\"{!! url(\'page/payment-policy\') !!}\"> Payment Policy </a></li>\r\n<li><a href=\"{!! url(\'page/shipping-policy\') !!}\"> Shipping Policy</a></li>\r\n<li><a href=\"{!! url(\'page/privacy-policy\') !!}\"> Privacy and Cookies Policy </a></li>\r\n</ul>\r\n</div>',1,'{\"4\":[],\"3\":[],\"2\":[]}',9,10,10,'<h3>What is Lorem Ipsum?</h3>\r\n<p>Lorem Ipsum is simply dummy text of the printing and typesetting industry. Lorem Ipsum has been the industry\'s standard dummy text ever since the 1500s, when an unknown printer took a galley of type and scrambled it to make a type specimen book. It has survived not only five centuries, but also the leap into electronic typesetting, remaining essentially unchanged. It was popularised in the 1960s with the release of Letraset sheets containing Lorem Ipsum passages, and more recently with desktop publishing software like Aldus PageMaker including versions of Lorem Ipsum.</p>','<div class=\"social-icons col-lg-6\"><a href=\"https://webkul.com\" target=\"_blank\" class=\"unset\" rel=\"noopener noreferrer\"><i class=\"fs24 within-circle rango-facebook\" title=\"facebook\"></i> </a> <a href=\"https://webkul.com\" target=\"_blank\" class=\"unset\" rel=\"noopener noreferrer\"><i class=\"fs24 within-circle rango-twitter\" title=\"twitter\"></i> </a> <a href=\"https://webkul.com\" target=\"_blank\" class=\"unset\" rel=\"noopener noreferrer\"><i class=\"fs24 within-circle rango-linked-in\" title=\"linkedin\"></i> </a> <a href=\"https://webkul.com\" target=\"_blank\" class=\"unset\" rel=\"noopener noreferrer\"><i class=\"fs24 within-circle rango-pintrest\" title=\"Pinterest\"></i> </a> <a href=\"https://webkul.com\" target=\"_blank\" class=\"unset\" rel=\"noopener noreferrer\"><i class=\"fs24 within-circle rango-youtube\" title=\"Youtube\"></i> </a> <a href=\"https://webkul.com\" target=\"_blank\" class=\"unset\" rel=\"noopener noreferrer\"><i class=\"fs24 within-circle rango-instagram\" title=\"instagram\"></i></a></div>',NULL,'2021-04-30 11:39:55',NULL,'<div class=\"row col-12 remove-padding-margin\">\r\n<div class=\"col-lg-4 col-sm-12 product-policy-wrapper\">\r\n<div class=\"card\">\r\n<div class=\"policy\">\r\n<div class=\"left\"><i class=\"rango-van-ship fs40\"></i></div>\r\n<div class=\"right\"><span class=\"font-setting fs20\">Free Shipping on Order $20 or More</span></div>\r\n</div>\r\n</div>\r\n</div>\r\n<div class=\"col-lg-4 col-sm-12 product-policy-wrapper\">\r\n<div class=\"card\">\r\n<div class=\"policy\">\r\n<div class=\"left\"><i class=\"rango-exchnage fs40\"></i></div>\r\n<div class=\"right\"><span class=\"font-setting fs20\">Product Replace &amp; Return Available </span></div>\r\n</div>\r\n</div>\r\n</div>\r\n<div class=\"col-lg-4 col-sm-12 product-policy-wrapper\">\r\n<div class=\"card\">\r\n<div class=\"policy\">\r\n<div class=\"left\"><i class=\"rango-exchnage fs40\"></i></div>\r\n<div class=\"right\"><span class=\"font-setting fs20\">Product Exchange and EMI Available </span></div>\r\n</div>\r\n</div>\r\n</div>\r\n</div>','en','default','6'),(2,'<p>@include(\'shop::home.advertisements.advertisement-four\')@include(\'shop::home.featured-products\') @include(\'shop::home.product-policy\') @include(\'shop::home.advertisements.advertisement-three\') @include(\'shop::home.new-products\') @include(\'shop::home.advertisements.advertisement-two\')</p>','<p>We love to craft softwares and solve the real world problems with the binaries. We are highly committed to our goals. We invest our resources to create world class easy to use softwares and applications for the enterprise business with the top notch, on the edge technology expertise.</p>','<div class=\"col-lg-6 col-md-12 col-sm-12 no-padding\"><ul type=\"none\"><li><a href=\"{!! url(\'page/about-us\') !!}\">About Us</a></li><li><a href=\"{!! url(\'page/cutomer-service\') !!}\">Customer Service</a></li><li><a href=\"{!! url(\'page/whats-new\') !!}\">What&rsquo;s New</a></li><li><a href=\"{!! url(\'page/contact-us\') !!}\">Contact Us </a></li></ul></div><div class=\"col-lg-6 col-md-12 col-sm-12 no-padding\"><ul type=\"none\"><li><a href=\"{!! url(\'page/return-policy\') !!}\"> Order and Returns </a></li><li><a href=\"{!! url(\'page/payment-policy\') !!}\"> Payment Policy </a></li><li><a href=\"{!! url(\'page/shipping-policy\') !!}\"> Shipping Policy</a></li><li><a href=\"{!! url(\'page/privacy-policy\') !!}\"> Privacy and Cookies Policy </a></li></ul></div>',1,NULL,9,10,10,NULL,'<div class=\"social-icons col-lg-6\"><a href=\"https://webkul.com\" target=\"_blank\" class=\"unset\" rel=\"noopener noreferrer\"><i class=\"fs24 within-circle rango-facebook\" title=\"facebook\"></i> </a> <a href=\"https://webkul.com\" target=\"_blank\" class=\"unset\" rel=\"noopener noreferrer\"><i class=\"fs24 within-circle rango-twitter\" title=\"twitter\"></i> </a> <a href=\"https://webkul.com\" target=\"_blank\" class=\"unset\" rel=\"noopener noreferrer\"><i class=\"fs24 within-circle rango-linked-in\" title=\"linkedin\"></i> </a> <a href=\"https://webkul.com\" target=\"_blank\" class=\"unset\" rel=\"noopener noreferrer\"><i class=\"fs24 within-circle rango-pintrest\" title=\"Pinterest\"></i> </a> <a href=\"https://webkul.com\" target=\"_blank\" class=\"unset\" rel=\"noopener noreferrer\"><i class=\"fs24 within-circle rango-youtube\" title=\"Youtube\"></i> </a> <a href=\"https://webkul.com\" target=\"_blank\" class=\"unset\" rel=\"noopener noreferrer\"><i class=\"fs24 within-circle rango-instagram\" title=\"instagram\"></i></a></div>',NULL,NULL,NULL,'<div class=\"row col-12 remove-padding-margin\"><div class=\"col-lg-4 col-sm-12 product-policy-wrapper\"><div class=\"card\"><div class=\"policy\"><div class=\"left\"><i class=\"rango-van-ship fs40\"></i></div> <div class=\"right\"><span class=\"font-setting fs20\">Free Shipping on Order $20 or More</span></div></div></div></div> <div class=\"col-lg-4 col-sm-12 product-policy-wrapper\"><div class=\"card\"><div class=\"policy\"><div class=\"left\"><i class=\"rango-exchnage fs40\"></i></div> <div class=\"right\"><span class=\"font-setting fs20\">Product Replace &amp; Return Available </span></div></div></div></div> <div class=\"col-lg-4 col-sm-12 product-policy-wrapper\"><div class=\"card\"><div class=\"policy\"><div class=\"left\"><i class=\"rango-exchnage fs40\"></i></div> <div class=\"right\"><span class=\"font-setting fs20\">Product Exchange and EMI Available </span></div></div></div></div></div>','fr','default','');
/*!40000 ALTER TABLE `velocity_meta_data` ENABLE KEYS */;
UNLOCK TABLES;

--
-- Table structure for table `wishlist`
--

DROP TABLE IF EXISTS `wishlist`;
/*!40101 SET @saved_cs_client     = @@character_set_client */;
/*!50503 SET character_set_client = utf8mb4 */;
CREATE TABLE `wishlist` (
  `id` int unsigned NOT NULL AUTO_INCREMENT,
  `channel_id` int unsigned NOT NULL,
  `product_id` int unsigned NOT NULL,
  `customer_id` int unsigned NOT NULL,
  `item_options` longtext CHARACTER SET utf8mb4 COLLATE utf8mb4_bin,
  `moved_to_cart` date DEFAULT NULL,
  `shared` tinyint(1) DEFAULT NULL,
  `time_of_moving` date DEFAULT NULL,
  `created_at` timestamp NULL DEFAULT NULL,
  `updated_at` timestamp NULL DEFAULT NULL,
  `additional` longtext CHARACTER SET utf8mb4 COLLATE utf8mb4_bin,
  PRIMARY KEY (`id`),
  KEY `wishlist_channel_id_foreign` (`channel_id`),
  KEY `wishlist_product_id_foreign` (`product_id`),
  KEY `wishlist_customer_id_foreign` (`customer_id`)
) ENGINE=InnoDB DEFAULT CHARSET=utf8mb4 COLLATE=utf8mb4_unicode_ci ROW_FORMAT=DYNAMIC;
/*!40101 SET character_set_client = @saved_cs_client */;

--
-- Dumping data for table `wishlist`
--

LOCK TABLES `wishlist` WRITE;
/*!40000 ALTER TABLE `wishlist` DISABLE KEYS */;
/*!40000 ALTER TABLE `wishlist` ENABLE KEYS */;
UNLOCK TABLES;
/*!40103 SET TIME_ZONE=@OLD_TIME_ZONE */;

/*!40101 SET SQL_MODE=@OLD_SQL_MODE */;
/*!40014 SET FOREIGN_KEY_CHECKS=@OLD_FOREIGN_KEY_CHECKS */;
/*!40014 SET UNIQUE_CHECKS=@OLD_UNIQUE_CHECKS */;
/*!40101 SET CHARACTER_SET_CLIENT=@OLD_CHARACTER_SET_CLIENT */;
/*!40101 SET CHARACTER_SET_RESULTS=@OLD_CHARACTER_SET_RESULTS */;
/*!40101 SET COLLATION_CONNECTION=@OLD_COLLATION_CONNECTION */;
/*!40111 SET SQL_NOTES=@OLD_SQL_NOTES */;

-- Dump completed on 2021-09-04  4:50:02
