-- MySQL dump 10.13  Distrib 8.0.26, for Linux (x86_64)
--
-- Host: localhost    Database: forge
-- ------------------------------------------------------
-- Server version	8.0.26-0ubuntu0.20.04.2

/*!40101 SET @OLD_CHARACTER_SET_CLIENT=@@CHARACTER_SET_CLIENT */;
/*!40101 SET @OLD_CHARACTER_SET_RESULTS=@@CHARACTER_SET_RESULTS */;
/*!40101 SET @OLD_COLLATION_CONNECTION=@@COLLATION_CONNECTION */;
/*!50503 SET NAMES utf8mb4 */;
/*!40103 SET @OLD_TIME_ZONE=@@TIME_ZONE */;
/*!40103 SET TIME_ZONE='+00:00' */;
/*!40014 SET @OLD_UNIQUE_CHECKS=@@UNIQUE_CHECKS, UNIQUE_CHECKS=0 */;
/*!40014 SET @OLD_FOREIGN_KEY_CHECKS=@@FOREIGN_KEY_CHECKS, FOREIGN_KEY_CHECKS=0 */;
/*!40101 SET @OLD_SQL_MODE=@@SQL_MODE, SQL_MODE='NO_AUTO_VALUE_ON_ZERO' */;
/*!40111 SET @OLD_SQL_NOTES=@@SQL_NOTES, SQL_NOTES=0 */;

--
-- Table structure for table `addresses`
--

DROP TABLE IF EXISTS `addresses`;
/*!40101 SET @saved_cs_client     = @@character_set_client */;
/*!50503 SET character_set_client = utf8mb4 */;
CREATE TABLE `addresses` (
  `id` int unsigned NOT NULL AUTO_INCREMENT,
  `address_type` varchar(191) CHARACTER SET utf8mb4 COLLATE utf8mb4_unicode_ci NOT NULL,
  `customer_id` int unsigned DEFAULT NULL COMMENT 'null if guest checkout',
  `cart_id` int unsigned DEFAULT NULL COMMENT 'only for cart_addresses',
  `order_id` int unsigned DEFAULT NULL COMMENT 'only for order_addresses',
  `first_name` varchar(191) CHARACTER SET utf8mb4 COLLATE utf8mb4_unicode_ci NOT NULL,
  `last_name` varchar(191) CHARACTER SET utf8mb4 COLLATE utf8mb4_unicode_ci NOT NULL,
  `gst_number` varchar(191) CHARACTER SET utf8mb4 COLLATE utf8mb4_unicode_ci DEFAULT NULL,
  `gender` varchar(191) CHARACTER SET utf8mb4 COLLATE utf8mb4_unicode_ci DEFAULT NULL,
  `company_name` varchar(191) CHARACTER SET utf8mb4 COLLATE utf8mb4_unicode_ci DEFAULT NULL,
  `address1` varchar(191) CHARACTER SET utf8mb4 COLLATE utf8mb4_unicode_ci NOT NULL,
  `address2` varchar(191) CHARACTER SET utf8mb4 COLLATE utf8mb4_unicode_ci DEFAULT NULL,
  `postcode` varchar(191) CHARACTER SET utf8mb4 COLLATE utf8mb4_unicode_ci NOT NULL,
  `city` varchar(191) CHARACTER SET utf8mb4 COLLATE utf8mb4_unicode_ci NOT NULL,
  `state` varchar(191) CHARACTER SET utf8mb4 COLLATE utf8mb4_unicode_ci NOT NULL,
  `country` varchar(191) CHARACTER SET utf8mb4 COLLATE utf8mb4_unicode_ci NOT NULL,
  `email` varchar(191) CHARACTER SET utf8mb4 COLLATE utf8mb4_unicode_ci DEFAULT NULL,
  `phone` varchar(191) CHARACTER SET utf8mb4 COLLATE utf8mb4_unicode_ci DEFAULT NULL,
  `vat_id` varchar(191) CHARACTER SET utf8mb4 COLLATE utf8mb4_unicode_ci DEFAULT NULL,
  `default_address` tinyint(1) NOT NULL DEFAULT '0' COMMENT 'only for customer_addresses',
  `additional` longtext CHARACTER SET utf8mb4 COLLATE utf8mb4_bin,
  `created_at` timestamp NULL DEFAULT NULL,
  `updated_at` timestamp NULL DEFAULT NULL,
  PRIMARY KEY (`id`),
  KEY `addresses_customer_id_foreign` (`customer_id`),
  KEY `addresses_cart_id_foreign` (`cart_id`),
  KEY `addresses_order_id_foreign` (`order_id`),
  CONSTRAINT `addresses_cart_id_foreign` FOREIGN KEY (`cart_id`) REFERENCES `cart` (`id`) ON DELETE CASCADE,
  CONSTRAINT `addresses_customer_id_foreign` FOREIGN KEY (`customer_id`) REFERENCES `customers` (`id`) ON DELETE CASCADE,
  CONSTRAINT `addresses_order_id_foreign` FOREIGN KEY (`order_id`) REFERENCES `orders` (`id`) ON DELETE CASCADE
) ENGINE=InnoDB AUTO_INCREMENT=118 DEFAULT CHARSET=utf8mb4 COLLATE=utf8mb4_unicode_ci ROW_FORMAT=DYNAMIC;
/*!40101 SET character_set_client = @saved_cs_client */;

--
-- Dumping data for table `addresses`
--

LOCK TABLES `addresses` WRITE;
/*!40000 ALTER TABLE `addresses` DISABLE KEYS */;
INSERT INTO `addresses` VALUES (1,'cart_billing',1,1,NULL,'Payal','Test',NULL,NULL,'fvfgg','sdfsfff',NULL,'425565','ahmedabad','GJ','IN','payal@gmail.com','5665672',NULL,0,NULL,'2021-01-07 08:13:06','2021-01-07 08:13:06'),(2,'cart_shipping',1,1,NULL,'Payal','Test',NULL,NULL,'fvfgg','sdfsfff',NULL,'425565','ahmedabad','GJ','IN','payal@gmail.com','5665672',NULL,0,NULL,'2021-01-07 08:13:06','2021-01-07 08:13:06'),(3,'customer',1,1,NULL,'Payal','Test',NULL,NULL,'fvfgg','sdfsfff',NULL,'425565','ahmedabad','GJ','IN','payal@gmail.com','5665672',NULL,0,NULL,'2021-01-07 08:13:13','2021-01-07 08:13:13'),(4,'order_shipping',1,NULL,1,'Payal','Test',NULL,NULL,'fvfgg','sdfsfff',NULL,'425565','ahmedabad','GJ','IN','payal@gmail.com','5665672',NULL,0,NULL,'2021-01-07 08:13:43','2021-01-07 08:13:43'),(5,'order_billing',1,NULL,1,'Payal','Test',NULL,NULL,'fvfgg','sdfsfff',NULL,'425565','ahmedabad','GJ','IN','payal@gmail.com','5665672',NULL,0,NULL,'2021-01-07 08:13:43','2021-01-07 08:13:43'),(6,'cart_billing',1,3,NULL,'Payal','Test',NULL,NULL,'fvfgg','sdfsfff',NULL,'425565','ahmedabad','GJ','IN','payal@gmail.com','5665672',NULL,0,NULL,'2021-01-09 13:42:43','2021-01-09 13:42:43'),(7,'cart_shipping',1,3,NULL,'Payal','Test',NULL,NULL,'fvfgg','sdfsfff',NULL,'425565','ahmedabad','GJ','IN','payal@gmail.com','5665672',NULL,0,NULL,'2021-01-09 13:42:43','2021-01-09 13:42:43'),(8,'order_shipping',1,NULL,2,'Payal','Test',NULL,NULL,'fvfgg','sdfsfff',NULL,'425565','ahmedabad','GJ','IN','payal@gmail.com','5665672',NULL,0,NULL,'2021-01-09 13:43:08','2021-01-09 13:43:08'),(9,'order_billing',1,NULL,2,'Payal','Test',NULL,NULL,'fvfgg','sdfsfff',NULL,'425565','ahmedabad','GJ','IN','payal@gmail.com','5665672',NULL,0,NULL,'2021-01-09 13:43:08','2021-01-09 13:43:08'),(10,'cart_billing',1,8,NULL,'Payal','Test',NULL,NULL,'fvfgg','sdfsfff',NULL,'425565','ahmedabad','GJ','IN','payal@gmail.com','5665672',NULL,0,NULL,'2021-01-11 14:26:11','2021-01-11 14:26:11'),(11,'cart_shipping',1,8,NULL,'Payal','Test',NULL,NULL,'fvfgg','sdfsfff',NULL,'425565','ahmedabad','GJ','IN','payal@gmail.com','5665672',NULL,0,NULL,'2021-01-11 14:26:11','2021-01-11 14:26:11'),(12,'order_shipping',1,NULL,3,'Payal','Test',NULL,NULL,'fvfgg','sdfsfff',NULL,'425565','ahmedabad','GJ','IN','payal@gmail.com','5665672',NULL,0,NULL,'2021-01-11 14:26:50','2021-01-11 14:26:50'),(13,'order_billing',1,NULL,3,'Payal','Test',NULL,NULL,'fvfgg','sdfsfff',NULL,'425565','ahmedabad','GJ','IN','payal@gmail.com','5665672',NULL,0,NULL,'2021-01-11 14:26:50','2021-01-11 14:26:50'),(14,'cart_billing',NULL,15,NULL,'Catalog product','ff',NULL,NULL,'Catalog','fgg',NULL,'44455','ff','GJ','IN','sss@gmail.com','565255555',NULL,0,NULL,'2021-01-13 10:53:47','2021-01-13 10:53:47'),(15,'cart_shipping',NULL,15,NULL,'Catalog product','ff',NULL,NULL,'Catalog','fgg',NULL,'44455','ff','GJ','IN','sss@gmail.com','565255555',NULL,0,NULL,'2021-01-13 10:53:47','2021-01-13 10:53:47'),(16,'order_shipping',NULL,NULL,4,'Catalog product','ff',NULL,NULL,'Catalog','fgg',NULL,'44455','ff','GJ','IN','sss@gmail.com','565255555',NULL,0,NULL,'2021-01-13 10:58:09','2021-01-13 10:58:09'),(17,'order_billing',NULL,NULL,4,'Catalog product','ff',NULL,NULL,'Catalog','fgg',NULL,'44455','ff','GJ','IN','sss@gmail.com','565255555',NULL,0,NULL,'2021-01-13 10:58:09','2021-01-13 10:58:09'),(18,'cart_billing',1,17,NULL,'Payal','Test',NULL,NULL,'fvfgg','sdfsfff',NULL,'425565','ahmedabad','GJ','IN','payal@gmail.com','5665672',NULL,0,NULL,'2021-01-13 11:06:40','2021-01-28 11:54:29'),(19,'cart_shipping',1,17,NULL,'Payal','Test',NULL,NULL,'fvfgg','sdfsfff',NULL,'425565','ahmedabad','GJ','IN','payal@gmail.com','5665672',NULL,0,NULL,'2021-01-13 11:06:40','2021-01-28 11:54:29'),(20,'order_shipping',1,NULL,5,'Payal','Test',NULL,NULL,'fvfgg','sdfsfff',NULL,'425565','ahmedabad','GJ','IN','payal@gmail.com','5665672',NULL,0,NULL,'2021-01-28 11:55:17','2021-01-28 11:55:17'),(21,'order_billing',1,NULL,5,'Payal','Test',NULL,NULL,'fvfgg','sdfsfff',NULL,'425565','ahmedabad','GJ','IN','payal@gmail.com','5665672',NULL,0,NULL,'2021-01-28 11:55:17','2021-01-28 11:55:17'),(22,'cart_billing',1,22,NULL,'Payal','Test',NULL,NULL,'fvfgg','sdfsfff',NULL,'425565','ahmedabad','GJ','IN','payal@gmail.com','5665672',NULL,0,NULL,'2021-01-29 11:47:54','2021-01-29 11:47:54'),(23,'cart_shipping',1,22,NULL,'Payal','Test',NULL,NULL,'fvfgg','sdfsfff',NULL,'425565','ahmedabad','GJ','IN','payal@gmail.com','5665672',NULL,0,NULL,'2021-01-29 11:47:54','2021-01-29 11:47:54'),(24,'cart_billing',5,23,NULL,'Kuldeep','Panchal',NULL,NULL,'Owner','Vejalpur',NULL,'380015','Ahmedabad','GJ','IN','kuldeep@gmail.com','9166002646',NULL,0,NULL,'2021-01-30 06:01:17','2021-01-30 06:01:17'),(25,'cart_shipping',5,23,NULL,'Kuldeep','Panchal',NULL,NULL,'Owner','Vejalpur',NULL,'380015','Ahmedabad','GJ','IN','kuldeep@gmail.com','9166002646',NULL,0,NULL,'2021-01-30 06:01:17','2021-01-30 06:01:17'),(26,'order_shipping',5,NULL,6,'Kuldeep','Panchal',NULL,NULL,'Owner','Vejalpur',NULL,'380015','Ahmedabad','GJ','IN','kuldeep@gmail.com','9166002646',NULL,0,NULL,'2021-01-30 06:01:30','2021-01-30 06:01:30'),(27,'order_billing',5,NULL,6,'Kuldeep','Panchal',NULL,NULL,'Owner','Vejalpur',NULL,'380015','Ahmedabad','GJ','IN','kuldeep@gmail.com','9166002646',NULL,0,NULL,'2021-01-30 06:01:30','2021-01-30 06:01:30'),(28,'order_shipping',1,NULL,7,'Payal','Test',NULL,NULL,'fvfgg','sdfsfff',NULL,'425565','ahmedabad','GJ','IN','payal@gmail.com','5665672',NULL,0,NULL,'2021-02-03 10:26:37','2021-02-03 10:26:37'),(29,'order_billing',1,NULL,7,'Payal','Test',NULL,NULL,'fvfgg','sdfsfff',NULL,'425565','ahmedabad','GJ','IN','payal@gmail.com','5665672',NULL,0,NULL,'2021-02-03 10:26:37','2021-02-03 10:26:37'),(30,'cart_billing',1,26,NULL,'Payal','Test',NULL,NULL,'fvfgg','sdfsfff',NULL,'425565','ahmedabad','GJ','IN','payal@gmail.com','5665672',NULL,0,NULL,'2021-02-04 14:43:07','2021-02-04 14:43:07'),(31,'cart_shipping',1,26,NULL,'Payal','Test',NULL,NULL,'fvfgg','sdfsfff',NULL,'425565','ahmedabad','GJ','IN','payal@gmail.com','5665672',NULL,0,NULL,'2021-02-04 14:43:08','2021-02-04 14:43:08'),(32,'order_shipping',1,NULL,8,'Payal','Test',NULL,NULL,'fvfgg','sdfsfff',NULL,'425565','ahmedabad','GJ','IN','payal@gmail.com','5665672',NULL,0,NULL,'2021-02-04 14:43:44','2021-02-04 14:43:44'),(33,'order_billing',1,NULL,8,'Payal','Test',NULL,NULL,'fvfgg','sdfsfff',NULL,'425565','ahmedabad','GJ','IN','payal@gmail.com','5665672',NULL,0,NULL,'2021-02-04 14:43:44','2021-02-04 14:43:44'),(34,'cart_billing',NULL,30,NULL,'Bob','B',NULL,NULL,'Test','aa',NULL,'234445','asd','GJ','IN','priyankastrivedge@gmail.com','344555',NULL,0,NULL,'2021-02-05 10:48:35','2021-02-05 10:48:35'),(35,'cart_shipping',NULL,30,NULL,'Bob','B',NULL,NULL,'Test','aa',NULL,'234445','asd','GJ','IN','priyankastrivedge@gmail.com','344555',NULL,0,NULL,'2021-02-05 10:48:35','2021-02-05 10:48:35'),(36,'order_shipping',NULL,NULL,9,'Bob','B',NULL,NULL,'Test','aa',NULL,'234445','asd','GJ','IN','priyankastrivedge@gmail.com','344555',NULL,0,NULL,'2021-02-05 10:48:53','2021-02-05 10:48:53'),(37,'order_billing',NULL,NULL,9,'Bob','B',NULL,NULL,'Test','aa',NULL,'234445','asd','GJ','IN','priyankastrivedge@gmail.com','344555',NULL,0,NULL,'2021-02-05 10:48:53','2021-02-05 10:48:53'),(38,'cart_billing',1,31,NULL,'Payal','Test',NULL,NULL,'fvfgg','sdfsfff',NULL,'425565','ahmedabad','GJ','IN','payal@gmail.com','5665672',NULL,0,NULL,'2021-02-09 03:30:58','2021-02-09 03:30:58'),(39,'cart_shipping',1,31,NULL,'Payal','Test',NULL,NULL,'fvfgg','sdfsfff',NULL,'425565','ahmedabad','GJ','IN','payal@gmail.com','5665672',NULL,0,NULL,'2021-02-09 03:30:58','2021-02-09 03:30:58'),(40,'order_shipping',1,NULL,10,'Payal','Test',NULL,NULL,'fvfgg','sdfsfff',NULL,'425565','ahmedabad','GJ','IN','payal@gmail.com','5665672',NULL,0,NULL,'2021-02-09 03:31:19','2021-02-09 03:31:19'),(41,'order_billing',1,NULL,10,'Payal','Test',NULL,NULL,'fvfgg','sdfsfff',NULL,'425565','ahmedabad','GJ','IN','payal@gmail.com','5665672',NULL,0,NULL,'2021-02-09 03:31:19','2021-02-09 03:31:19'),(42,'cart_billing',1,32,NULL,'Payal','Test',NULL,NULL,'fvfgg','sdfsfff',NULL,'425565','ahmedabad','GJ','IN','payal@gmail.com','5665672',NULL,0,NULL,'2021-02-09 08:10:02','2021-02-09 08:10:02'),(43,'cart_shipping',1,32,NULL,'Payal','Test',NULL,NULL,'fvfgg','sdfsfff',NULL,'425565','ahmedabad','GJ','IN','payal@gmail.com','5665672',NULL,0,NULL,'2021-02-09 08:10:02','2021-02-09 08:10:02'),(44,'order_shipping',1,NULL,11,'Payal','Test',NULL,NULL,'fvfgg','sdfsfff',NULL,'425565','ahmedabad','GJ','IN','payal@gmail.com','5665672',NULL,0,NULL,'2021-02-09 08:11:08','2021-02-09 08:11:08'),(45,'order_billing',1,NULL,11,'Payal','Test',NULL,NULL,'fvfgg','sdfsfff',NULL,'425565','ahmedabad','GJ','IN','payal@gmail.com','5665672',NULL,0,NULL,'2021-02-09 08:11:08','2021-02-09 08:11:08'),(46,'cart_billing',6,33,NULL,'bhargav','Dolaria',NULL,NULL,'jdtechnolab','311 maruti plaza',NULL,'365455','ahmedabad','GJ','IN','Bhargav@gmail.com','7990993062',NULL,0,NULL,'2021-02-09 08:47:45','2021-02-09 08:47:45'),(47,'cart_shipping',6,33,NULL,'bhargav','Dolaria',NULL,NULL,'jdtechnolab','311 maruti plaza',NULL,'365455','ahmedabad','GJ','IN','Bhargav@gmail.com','7990993062',NULL,0,NULL,'2021-02-09 08:47:45','2021-02-09 08:47:45'),(48,'order_shipping',6,NULL,12,'bhargav','Dolaria',NULL,NULL,'jdtechnolab','311 maruti plaza',NULL,'365455','ahmedabad','GJ','IN','Bhargav@gmail.com','7990993062',NULL,0,NULL,'2021-02-09 08:48:30','2021-02-09 08:48:30'),(49,'order_billing',6,NULL,12,'bhargav','Dolaria',NULL,NULL,'jdtechnolab','311 maruti plaza',NULL,'365455','ahmedabad','GJ','IN','Bhargav@gmail.com','7990993062',NULL,0,NULL,'2021-02-09 08:48:30','2021-02-09 08:48:30'),(50,'cart_billing',6,34,NULL,'bhargav','Dolaria',NULL,NULL,'jdtechnolab','311 maruti plaza',NULL,'365455','ahmedabad','GJ','IN','Bhargav@gmail.com','7990993062',NULL,0,NULL,'2021-02-09 10:02:17','2021-02-09 10:02:17'),(51,'cart_shipping',6,34,NULL,'bhargav','Dolaria',NULL,NULL,'jdtechnolab','311 maruti plaza',NULL,'365455','ahmedabad','GJ','IN','Bhargav@gmail.com','7990993062',NULL,0,NULL,'2021-02-09 10:02:17','2021-02-09 10:02:17'),(52,'order_shipping',6,NULL,13,'bhargav','Dolaria',NULL,NULL,'jdtechnolab','311 maruti plaza',NULL,'365455','ahmedabad','GJ','IN','Bhargav@gmail.com','7990993062',NULL,0,NULL,'2021-02-09 10:10:05','2021-02-09 10:10:05'),(53,'order_billing',6,NULL,13,'bhargav','Dolaria',NULL,NULL,'jdtechnolab','311 maruti plaza',NULL,'365455','ahmedabad','GJ','IN','Bhargav@gmail.com','7990993062',NULL,0,NULL,'2021-02-09 10:10:05','2021-02-09 10:10:05'),(54,'customer',6,35,NULL,'bhargav','Dolaria',NULL,NULL,'Strivedge','sdfsdf',NULL,'235235','sdfsdf','rwerqwerqwe','AQ','Bhargav@gmail.com','52352315236',NULL,0,NULL,'2021-02-09 11:05:28','2021-02-09 11:05:28'),(55,'cart_billing',6,35,NULL,'bhargav','Dolaria',NULL,NULL,'Strivedge','sdfsdf',NULL,'235235','sdfsdf','rwerqwerqwe','AQ','Bhargav@gmail.com','52352315236',NULL,0,NULL,'2021-02-09 11:05:28','2021-02-09 11:05:28'),(56,'cart_shipping',6,35,NULL,'bhargav','Dolaria',NULL,NULL,'Strivedge','sdfsdf',NULL,'235235','sdfsdf','rwerqwerqwe','AQ','Bhargav@gmail.com','52352315236',NULL,0,NULL,'2021-02-09 11:05:28','2021-02-09 11:05:28'),(57,'cart_billing',NULL,36,NULL,'wetwet','ewtwet',NULL,NULL,'ewetwet','sdg',NULL,'sdgsdg','sdgs','sdgsg','AC','wetwet@sadasf.com','325235235',NULL,0,NULL,'2021-02-09 11:06:13','2021-02-09 11:06:13'),(58,'cart_shipping',NULL,36,NULL,'wetwet','ewtwet',NULL,NULL,'ewetwet','sdg',NULL,'sdgsdg','sdgs','sdgsg','AC','wetwet@sadasf.com','325235235',NULL,0,NULL,'2021-02-09 11:06:13','2021-02-09 11:06:13'),(64,'cart_billing',1,41,NULL,'Payal','Test',NULL,NULL,'fvfgg','sdfsfff',NULL,'425565','ahmedabad','GJ','IN','payal@gmail.com','5665672',NULL,0,NULL,'2021-02-13 07:13:19','2021-02-13 07:13:19'),(65,'cart_shipping',1,41,NULL,'Payal','Test',NULL,NULL,'fvfgg','sdfsfff',NULL,'425565','ahmedabad','GJ','IN','payal@gmail.com','5665672',NULL,0,NULL,'2021-02-13 07:13:19','2021-02-13 07:13:19'),(66,'order_shipping',1,NULL,15,'Payal','Test',NULL,NULL,'fvfgg','sdfsfff',NULL,'425565','ahmedabad','GJ','IN','payal@gmail.com','5665672',NULL,0,NULL,'2021-02-13 07:13:32','2021-02-13 07:13:32'),(67,'order_billing',1,NULL,15,'Payal','Test',NULL,NULL,'fvfgg','sdfsfff',NULL,'425565','ahmedabad','GJ','IN','payal@gmail.com','5665672',NULL,0,NULL,'2021-02-13 07:13:32','2021-02-13 07:13:32'),(70,'cart_billing',NULL,48,NULL,'BHARGAV','Patel',NULL,NULL,'jdmeditech','maruti plaza',NULL,'365455','ahmedabad','GJ','IN','bhargav.p@gmail.com','7990993062',NULL,0,NULL,'2021-02-27 04:18:37','2021-02-27 04:18:37'),(71,'cart_shipping',NULL,48,NULL,'BHARGAV','Patel',NULL,NULL,'jdmeditech','maruti plaza',NULL,'365455','ahmedabad','GJ','IN','bhargav.p@gmail.com','7990993062',NULL,0,NULL,'2021-02-27 04:18:37','2021-02-27 04:18:37'),(74,'cart_billing',NULL,58,NULL,'hiiuiu','mhhjhj',NULL,NULL,'yytytyty','fdffgfgf',NULL,'566546','hjh','GJ','IN','tr@yy.com','99676789',NULL,0,NULL,'2021-03-07 14:58:41','2021-03-07 14:58:41'),(75,'cart_shipping',NULL,58,NULL,'hiiuiu','mhhjhj',NULL,NULL,'yytytyty','fdffgfgf',NULL,'566546','hjh','GJ','IN','tr@yy.com','99676789',NULL,0,NULL,'2021-03-07 14:58:41','2021-03-07 14:58:41'),(76,'order_shipping',NULL,NULL,16,'hiiuiu','mhhjhj',NULL,NULL,'yytytyty','fdffgfgf',NULL,'566546','hjh','GJ','IN','tr@yy.com','99676789',NULL,0,NULL,'2021-03-07 14:59:51','2021-03-07 14:59:51'),(77,'order_billing',NULL,NULL,16,'hiiuiu','mhhjhj',NULL,NULL,'yytytyty','fdffgfgf',NULL,'566546','hjh','GJ','IN','tr@yy.com','99676789',NULL,0,NULL,'2021-03-07 14:59:51','2021-03-07 14:59:51'),(78,'cart_billing',NULL,60,NULL,'Sumer','Pal',NULL,NULL,'Strivedge','sdfs',NULL,'124214','sdfs','GJ','IN','sumerpal@gmail.com','2151261261261',NULL,0,NULL,'2021-03-08 09:16:50','2021-03-08 09:16:50'),(79,'cart_shipping',NULL,60,NULL,'Sumer','Pal',NULL,NULL,'Strivedge','sdfs',NULL,'124214','sdfs','GJ','IN','sumerpal@gmail.com','2151261261261',NULL,0,NULL,'2021-03-08 09:16:50','2021-03-08 09:16:50'),(80,'cart_billing',14,63,NULL,'Kuldeep','Panchal`',NULL,NULL,'Self','Titanium City Center',NULL,'380015','Ahmedabad','GJ','IN','kuldeep.mscit19@gmail.com','9166002646',NULL,0,NULL,'2021-03-13 05:32:07','2021-03-13 05:32:07'),(81,'cart_shipping',14,63,NULL,'Kuldeep','Panchal`',NULL,NULL,'Self','Titanium City Center',NULL,'380015','Ahmedabad','GJ','IN','kuldeep.mscit19@gmail.com','9166002646',NULL,0,NULL,'2021-03-13 05:32:07','2021-03-13 05:32:07'),(82,'customer',14,63,NULL,'Kuldeep','Panchal`',NULL,NULL,'Self','Titanium City Center',NULL,'380015','Ahmedabad','GJ','IN','kuldeep.mscit19@gmail.com','9166002646',NULL,0,NULL,'2021-03-13 05:32:09','2021-03-13 05:32:09'),(83,'order_shipping',14,NULL,17,'Kuldeep','Panchal`',NULL,NULL,'Self','Titanium City Center',NULL,'380015','Ahmedabad','GJ','IN','kuldeep.mscit19@gmail.com','9166002646',NULL,0,NULL,'2021-03-13 05:32:23','2021-03-13 05:32:23'),(84,'order_billing',14,NULL,17,'Kuldeep','Panchal`',NULL,NULL,'Self','Titanium City Center',NULL,'380015','Ahmedabad','GJ','IN','kuldeep.mscit19@gmail.com','9166002646',NULL,0,NULL,'2021-03-13 05:32:23','2021-03-13 05:32:23'),(85,'cart_billing',NULL,64,NULL,'Kuldeep','Panchal',NULL,NULL,'Self','Satellite',NULL,'380015','Ahmedabad','GJ','IN','self@gmail.com','9166002646',NULL,0,NULL,'2021-03-15 03:22:56','2021-03-15 03:22:56'),(86,'cart_shipping',NULL,64,NULL,'Kuldeep','Panchal',NULL,NULL,'Self','Satellite',NULL,'380015','Ahmedabad','GJ','IN','self@gmail.com','9166002646',NULL,0,NULL,'2021-03-15 03:22:56','2021-03-15 03:22:56'),(87,'order_shipping',NULL,NULL,18,'Kuldeep','Panchal',NULL,NULL,'Self','Satellite',NULL,'380015','Ahmedabad','GJ','IN','self@gmail.com','9166002646',NULL,0,NULL,'2021-03-15 03:25:59','2021-03-15 03:25:59'),(88,'order_billing',NULL,NULL,18,'Kuldeep','Panchal',NULL,NULL,'Self','Satellite',NULL,'380015','Ahmedabad','GJ','IN','self@gmail.com','9166002646',NULL,0,NULL,'2021-03-15 03:25:59','2021-03-15 03:25:59'),(89,'cart_billing',NULL,65,NULL,'Kuldeep','Panchal',NULL,NULL,'Self','Satellite',NULL,'380015','Ahmedabad','GJ','IN','kuldeep.glspgdca18@gmail.com','09166002646',NULL,0,NULL,'2021-03-15 03:42:06','2021-03-15 03:42:28'),(90,'cart_shipping',NULL,65,NULL,'Kuldeep','Panchal',NULL,NULL,'Self','Satellite',NULL,'380015','Ahmedabad','GJ','IN','kuldeep.glspgdca18@gmail.com','09166002646',NULL,0,NULL,'2021-03-15 03:42:06','2021-03-15 03:42:28'),(91,'order_shipping',NULL,NULL,19,'Kuldeep','Panchal',NULL,NULL,'Self','Satellite',NULL,'380015','Ahmedabad','GJ','IN','kuldeep.glspgdca18@gmail.com','09166002646',NULL,0,NULL,'2021-03-15 03:42:48','2021-03-15 03:42:48'),(92,'order_billing',NULL,NULL,19,'Kuldeep','Panchal',NULL,NULL,'Self','Satellite',NULL,'380015','Ahmedabad','GJ','IN','kuldeep.glspgdca18@gmail.com','09166002646',NULL,0,NULL,'2021-03-15 03:42:48','2021-03-15 03:42:48'),(93,'cart_billing',NULL,69,NULL,'Kuldeep','Panchal',NULL,NULL,'Self','Satellite',NULL,'380015','Ahmedabad','GJ','IN','kuldeep.glspgdca18@gmail.com','09166002646',NULL,0,NULL,'2021-03-15 07:11:27','2021-03-15 07:11:27'),(94,'cart_shipping',NULL,69,NULL,'Kuldeep','Panchal',NULL,NULL,'Self','Satellite',NULL,'380015','Ahmedabad','GJ','IN','kuldeep.glspgdca18@gmail.com','09166002646',NULL,0,NULL,'2021-03-15 07:11:27','2021-03-15 07:11:27'),(95,'order_shipping',NULL,NULL,20,'Kuldeep','Panchal',NULL,NULL,'Self','Satellite',NULL,'380015','Ahmedabad','GJ','IN','kuldeep.glspgdca18@gmail.com','09166002646',NULL,0,NULL,'2021-03-15 07:13:10','2021-03-15 07:13:10'),(96,'order_billing',NULL,NULL,20,'Kuldeep','Panchal',NULL,NULL,'Self','Satellite',NULL,'380015','Ahmedabad','GJ','IN','kuldeep.glspgdca18@gmail.com','09166002646',NULL,0,NULL,'2021-03-15 07:13:10','2021-03-15 07:13:10'),(102,'cart_billing',NULL,80,NULL,'kk','ppp',NULL,NULL,'zepomart','trtrtrt',NULL,'364515','ghg','GJ','IN','rtr@kkj.com','9778',NULL,0,NULL,'2021-04-14 10:59:06','2021-04-14 10:59:06'),(103,'cart_shipping',NULL,80,NULL,'kk','ppp',NULL,NULL,'zepomart','trtrtrt',NULL,'364515','ghg','GJ','IN','rtr@kkj.com','9778',NULL,0,NULL,'2021-04-14 10:59:06','2021-04-14 10:59:06'),(104,'cart_billing',NULL,83,NULL,'yy','hff',NULL,NULL,'ghg','vhh',NULL,'989766','ghgh','GJ','IN','ghg@jjh.com','998',NULL,0,NULL,'2021-04-19 10:57:48','2021-04-19 10:57:48'),(105,'cart_shipping',NULL,83,NULL,'yy','hff',NULL,NULL,'ghg','vhh',NULL,'989766','ghgh','GJ','IN','ghg@jjh.com','998',NULL,0,NULL,'2021-04-19 10:57:48','2021-04-19 10:57:48'),(108,'cart_billing',1,82,NULL,'Payal','Test',NULL,NULL,'fvfgg','sdfsfff',NULL,'425565','ahmedabad','GJ','IN','payal@gmail.com','5665672',NULL,0,NULL,'2021-04-21 06:53:34','2021-04-21 06:53:34'),(109,'cart_shipping',1,82,NULL,'Payal','Test',NULL,NULL,'fvfgg','sdfsfff',NULL,'425565','ahmedabad','GJ','IN','payal@gmail.com','5665672',NULL,0,NULL,'2021-04-21 06:53:34','2021-04-21 06:53:34'),(110,'cart_billing',NULL,100,NULL,'ffvcvcvc','fvddfc',NULL,NULL,'smssmdx,x','hasjas',NULL,'396001','ahmedabad','GJ','IN','bcdnssbx@skslk.com','9209wq029',NULL,0,NULL,'2021-05-27 01:25:03','2021-05-27 01:25:03'),(111,'cart_shipping',NULL,100,NULL,'ffvcvcvc','fvddfc',NULL,NULL,'smssmdx,x','hasjas',NULL,'396001','ahmedabad','GJ','IN','bcdnssbx@skslk.com','9209wq029',NULL,0,NULL,'2021-05-27 01:25:03','2021-05-27 01:25:03'),(112,'cart_billing',NULL,101,NULL,'Kuldeep','Panchal',NULL,NULL,'Self','Satellite',NULL,'380015','Ahmedabad','GJ','IN','kuldeep.strivedge@gmail.com','9166002646',NULL,0,NULL,'2021-05-27 03:01:49','2021-05-27 03:06:11'),(113,'cart_shipping',NULL,101,NULL,'Kuldeep','Panchal',NULL,NULL,'Self','Satellite',NULL,'380015','Ahmedabad','GJ','IN','kuldeep.strivedge@gmail.com','9166002646',NULL,0,NULL,'2021-05-27 03:01:49','2021-05-27 03:06:11'),(114,'cart_billing',15,91,NULL,'Keyur','Patel',NULL,NULL,NULL,'rashmy scoiety',NULL,'396125','valsad','GJ','IN','kpatel4707@gmail.com','99251147',NULL,0,NULL,'2021-06-05 05:06:05','2021-06-05 05:06:05'),(115,'cart_shipping',15,91,NULL,'Keyur','Patel',NULL,NULL,NULL,'rashmy scoiety',NULL,'396125','valsad','GJ','IN','kpatel4707@gmail.com','99251147',NULL,0,NULL,'2021-06-05 05:06:05','2021-06-05 05:06:05'),(116,'cart_billing',16,104,NULL,'Ravindra ','Radadiya','24AABFZ2926M1ZW',NULL,'akash  Patel','road no 5 plot no 145 kathwada gidc,kathwada',NULL,'382430','ahmedabad','GJ','IN','akash@cortexindia.com','09859854143',NULL,0,NULL,'2021-07-02 07:15:10','2021-07-02 07:15:10'),(117,'cart_shipping',16,104,NULL,'Ravindra ','Radadiya','24AABFZ2926M1ZW',NULL,'akash  Patel','road no 5 plot no 145 kathwada gidc,kathwada',NULL,'382430','ahmedabad','GJ','IN','akash@cortexindia.com','09859854143',NULL,0,NULL,'2021-07-02 07:15:10','2021-07-02 07:15:10');
/*!40000 ALTER TABLE `addresses` ENABLE KEYS */;
UNLOCK TABLES;

--
-- Table structure for table `admin_password_resets`
--

DROP TABLE IF EXISTS `admin_password_resets`;
/*!40101 SET @saved_cs_client     = @@character_set_client */;
/*!50503 SET character_set_client = utf8mb4 */;
CREATE TABLE `admin_password_resets` (
  `email` varchar(191) CHARACTER SET utf8mb4 COLLATE utf8mb4_unicode_ci NOT NULL,
  `token` varchar(191) CHARACTER SET utf8mb4 COLLATE utf8mb4_unicode_ci NOT NULL,
  `created_at` timestamp NULL DEFAULT NULL,
  KEY `admin_password_resets_email_index` (`email`)
) ENGINE=InnoDB DEFAULT CHARSET=utf8mb4 COLLATE=utf8mb4_unicode_ci ROW_FORMAT=DYNAMIC;
/*!40101 SET character_set_client = @saved_cs_client */;

--
-- Dumping data for table `admin_password_resets`
--

LOCK TABLES `admin_password_resets` WRITE;
/*!40000 ALTER TABLE `admin_password_resets` DISABLE KEYS */;
/*!40000 ALTER TABLE `admin_password_resets` ENABLE KEYS */;
UNLOCK TABLES;

--
-- Table structure for table `admins`
--

DROP TABLE IF EXISTS `admins`;
/*!40101 SET @saved_cs_client     = @@character_set_client */;
/*!50503 SET character_set_client = utf8mb4 */;
CREATE TABLE `admins` (
  `id` int unsigned NOT NULL AUTO_INCREMENT,
  `name` varchar(191) CHARACTER SET utf8mb4 COLLATE utf8mb4_unicode_ci NOT NULL,
  `email` varchar(191) CHARACTER SET utf8mb4 COLLATE utf8mb4_unicode_ci NOT NULL,
  `password` varchar(191) CHARACTER SET utf8mb4 COLLATE utf8mb4_unicode_ci DEFAULT NULL,
  `api_token` varchar(80) CHARACTER SET utf8mb4 COLLATE utf8mb4_unicode_ci DEFAULT NULL,
  `status` tinyint(1) NOT NULL DEFAULT '0',
  `role_id` int unsigned NOT NULL,
  `remember_token` varchar(100) CHARACTER SET utf8mb4 COLLATE utf8mb4_unicode_ci DEFAULT NULL,
  `created_at` timestamp NULL DEFAULT NULL,
  `updated_at` timestamp NULL DEFAULT NULL,
  PRIMARY KEY (`id`),
  UNIQUE KEY `admins_email_unique` (`email`),
  UNIQUE KEY `admins_api_token_unique` (`api_token`)
) ENGINE=InnoDB AUTO_INCREMENT=8 DEFAULT CHARSET=utf8mb4 COLLATE=utf8mb4_unicode_ci ROW_FORMAT=DYNAMIC;
/*!40101 SET character_set_client = @saved_cs_client */;

--
-- Dumping data for table `admins`
--

LOCK TABLES `admins` WRITE;
/*!40000 ALTER TABLE `admins` DISABLE KEYS */;
INSERT INTO `admins` VALUES (1,'Bhargav','admin@zepomart.com','$2y$10$QZZeS7W3VK2cnAjoxZGADutXAdEXqGTyZLASsOKUw7c.J5zXR4oqC','OAOe4N25dArJjy8uYa6QPEHspkE4sTUhNPZPTCX22dmfFxmcTEwE77v1AroAadG0hfXvl0asxg7bm6B8',1,1,NULL,'2021-01-06 05:57:04','2021-01-26 05:50:43'),(2,'Kuldeep','seller@zepomart.com','$2y$10$M1u/A1LQkeUQxEyOqECLFOnAmu8RHHiUU30d4wxcRQzBdH1BzHY1a','yTxFdMLdAh8laATu6YxDRbiEGi7Gh54boD0iqFaOKyCo0xDpcr2DeElCCwz2IREovlEOTVQihZppibcZ',1,2,NULL,'2021-02-13 02:43:18','2021-03-17 09:45:41'),(3,'Karan','karan@zepomart.com','$2y$10$bg8.Bd..SI0pb/lPiCYrzu9eyT97axZqlJQId1BfgnqUDbyD2fCWa','z5R8ucWN9i2JQXHmxtOBSw577UM1HttLJUv6UXd7XpjumyZvPfJACAqSM3jfdAqDtSxlqSV2BllccUpY',1,2,NULL,'2021-02-13 02:43:43','2021-02-13 03:12:02'),(4,'Sumer','summerpal@gmail.com','$2y$10$XzgBAvkFeLX1ZKWkXickW.buZ/C3qgtN2adHB6mVDwXPncV0OgfAG','tgzYLF32ZQq7E7E0NhDbAan8Mrb2GBy8LmcvYALh3j5TmnmreDGP9qeI4RLto9QISDEmMYTOt2L3hT8V',1,2,NULL,'2021-02-13 06:44:21','2021-02-13 06:57:07'),(5,'Z Plus Disposable Private Limited ','zplus@zepomart.com','$2y$10$V20ehFnLuoein2qmaAcyb.ptl8.cL5BObP8BDPZSWPsc063AhYcdq','PvidR5b0k1201DIa4v5BTMJf7qBJ8N1zrf6NSIm1vTmCiIcpRtrdAuUw1VHL0rSnbslHuwpMpe9rIzWI',1,2,NULL,'2021-07-03 03:15:24','2021-07-05 11:00:55'),(6,'Mediclue ','mediclue@zepomart.com','$2y$10$Dwiri94v7WhpOgzxuXc6b.5sMqHI5RL62y10UQduVAa0xuVRXl9P6','okMTa0FKvc0IisuhMue1E9OaxaojTTdIuu1DqW8M5YmWczrITvHlcXYzVucPOnflCFpXsiqYpY3DRVdD',1,2,NULL,'2021-07-05 10:46:59','2021-07-05 10:46:59'),(7,'Cortex Products Solution Private Limited ','cortex@zepomart.com','$2y$10$W.konZylyys7Jbm.Fhai5OxS1Ml18IS7r8sQC0duY74ziSt2qo3bG','3j7sxJwhdaeKMzemFApL3DvITPmY4TvBW0lHh6EJpPbMY0XrrfW7C0bvNKRKGLh4GcrkVrUGXILG4Mu7',1,2,NULL,'2021-07-05 10:59:46','2021-07-05 10:59:46');
/*!40000 ALTER TABLE `admins` ENABLE KEYS */;
UNLOCK TABLES;

--
-- Table structure for table `attribute_families`
--

DROP TABLE IF EXISTS `attribute_families`;
/*!40101 SET @saved_cs_client     = @@character_set_client */;
/*!50503 SET character_set_client = utf8mb4 */;
CREATE TABLE `attribute_families` (
  `id` int unsigned NOT NULL AUTO_INCREMENT,
  `code` varchar(191) CHARACTER SET utf8mb4 COLLATE utf8mb4_unicode_ci NOT NULL,
  `name` varchar(191) CHARACTER SET utf8mb4 COLLATE utf8mb4_unicode_ci NOT NULL,
  `status` tinyint(1) NOT NULL DEFAULT '0',
  `is_user_defined` tinyint(1) NOT NULL DEFAULT '1',
  PRIMARY KEY (`id`)
) ENGINE=InnoDB AUTO_INCREMENT=15 DEFAULT CHARSET=utf8mb4 COLLATE=utf8mb4_unicode_ci ROW_FORMAT=DYNAMIC;
/*!40101 SET character_set_client = @saved_cs_client */;

--
-- Dumping data for table `attribute_families`
--

LOCK TABLES `attribute_families` WRITE;
/*!40000 ALTER TABLE `attribute_families` DISABLE KEYS */;
INSERT INTO `attribute_families` VALUES (1,'default','Default',0,1),(2,'TestFamily','Test Family',0,1),(3,'surgicalmask','3ply-mask',0,1),(4,'N95Mask','N95 Mask',0,1),(5,'disposiablecap','disposiable cap',0,1),(6,'MedDolo','Dolo 650',0,1),(7,'Container','Container',0,1),(8,'body_braces','Body Braces',0,1),(9,'cervicalaids','Cervical Aids',0,1),(10,'Fracture_Aids','Fracture Aids',0,1),(11,'Knee_and_ankle_suppot','KNEE AND ANKLE SUPPORT',0,1),(12,'wrist_and_forarm_products','Wrist & Forarm Products',0,1),(13,'silicone_range','Silicone Range',0,1),(14,'homehealthcare','Home Health Care',0,1);
/*!40000 ALTER TABLE `attribute_families` ENABLE KEYS */;
UNLOCK TABLES;

--
-- Table structure for table `attribute_group_mappings`
--

DROP TABLE IF EXISTS `attribute_group_mappings`;
/*!40101 SET @saved_cs_client     = @@character_set_client */;
/*!50503 SET character_set_client = utf8mb4 */;
CREATE TABLE `attribute_group_mappings` (
  `attribute_id` int unsigned NOT NULL,
  `attribute_group_id` int unsigned NOT NULL,
  `position` int DEFAULT NULL,
  PRIMARY KEY (`attribute_id`,`attribute_group_id`),
  KEY `attribute_group_mappings_attribute_group_id_foreign` (`attribute_group_id`),
  CONSTRAINT `attribute_group_mappings_attribute_group_id_foreign` FOREIGN KEY (`attribute_group_id`) REFERENCES `attribute_groups` (`id`) ON DELETE CASCADE,
  CONSTRAINT `attribute_group_mappings_attribute_id_foreign` FOREIGN KEY (`attribute_id`) REFERENCES `attributes` (`id`) ON DELETE CASCADE
) ENGINE=InnoDB DEFAULT CHARSET=utf8mb4 COLLATE=utf8mb4_unicode_ci ROW_FORMAT=DYNAMIC;
/*!40101 SET character_set_client = @saved_cs_client */;

--
-- Dumping data for table `attribute_group_mappings`
--

LOCK TABLES `attribute_group_mappings` WRITE;
/*!40000 ALTER TABLE `attribute_group_mappings` DISABLE KEYS */;
INSERT INTO `attribute_group_mappings` VALUES (1,1,1),(1,6,1),(1,12,1),(1,17,1),(1,22,1),(1,28,1),(1,33,1),(1,38,1),(1,43,1),(1,48,1),(1,53,1),(1,58,1),(1,63,1),(1,68,1),(2,1,2),(2,6,2),(2,12,2),(2,17,2),(2,22,2),(2,28,2),(2,33,2),(2,38,2),(2,43,2),(2,48,2),(2,53,2),(2,58,2),(2,63,2),(2,68,2),(3,1,3),(3,6,3),(3,12,3),(3,17,3),(3,22,3),(3,28,3),(3,33,3),(3,38,3),(3,43,3),(3,48,3),(3,53,3),(3,58,3),(3,63,3),(3,68,3),(4,1,4),(4,6,4),(4,12,4),(4,17,4),(4,22,4),(4,28,4),(4,33,4),(4,38,4),(4,43,4),(4,48,4),(4,53,4),(4,58,4),(4,63,4),(4,68,4),(5,1,5),(5,6,5),(5,12,5),(5,17,5),(5,22,5),(5,28,5),(5,33,5),(5,38,5),(5,43,5),(5,48,5),(5,53,5),(5,58,5),(5,63,5),(5,68,5),(6,1,6),(6,6,6),(6,12,6),(6,17,6),(6,22,6),(6,28,6),(6,33,6),(6,38,6),(6,43,6),(6,48,6),(6,53,6),(6,58,6),(6,63,6),(6,68,6),(7,1,7),(7,6,7),(7,12,7),(7,17,7),(7,22,7),(7,28,7),(7,33,7),(7,38,7),(7,43,7),(7,48,7),(7,53,7),(7,58,7),(7,63,7),(7,68,7),(8,1,8),(8,6,8),(8,12,8),(8,17,8),(8,22,8),(8,28,8),(8,33,8),(8,38,8),(8,43,8),(8,48,8),(8,53,8),(8,58,8),(8,63,8),(8,68,8),(9,2,1),(9,8,1),(9,13,1),(9,18,1),(9,24,1),(9,29,1),(9,34,1),(9,39,1),(9,44,1),(9,49,1),(9,54,1),(9,59,1),(9,64,1),(9,69,1),(10,2,2),(10,8,2),(10,13,2),(10,18,2),(10,24,2),(10,29,2),(10,34,2),(10,39,2),(10,44,2),(10,49,2),(10,54,2),(10,59,2),(10,64,2),(10,69,2),(11,4,1),(11,10,1),(11,14,1),(11,19,1),(11,25,1),(11,30,1),(11,35,1),(11,40,1),(11,45,1),(11,50,1),(11,55,1),(11,60,1),(11,65,1),(11,70,1),(12,4,2),(12,10,2),(12,14,2),(12,19,2),(12,25,2),(12,30,2),(12,35,2),(12,40,2),(12,45,2),(12,50,2),(12,55,2),(12,60,2),(12,65,2),(12,70,2),(13,4,3),(13,10,3),(13,14,3),(13,19,3),(13,25,3),(13,30,3),(13,35,3),(13,40,3),(13,45,3),(13,50,3),(13,55,3),(13,60,3),(13,65,3),(13,70,3),(14,4,4),(14,10,4),(14,14,4),(14,19,4),(14,25,4),(14,30,4),(14,35,4),(14,40,4),(14,45,4),(14,50,4),(14,55,4),(14,60,4),(14,65,4),(14,70,4),(15,4,5),(15,10,5),(15,14,5),(15,19,5),(15,25,5),(15,30,5),(15,35,5),(15,40,5),(15,45,5),(15,50,5),(15,55,5),(15,60,5),(15,65,5),(15,70,5),(16,3,1),(16,9,1),(16,16,1),(16,21,1),(16,27,1),(16,32,1),(16,37,1),(16,42,1),(16,47,1),(16,52,1),(16,57,1),(16,62,1),(16,67,1),(16,72,1),(17,3,2),(17,9,2),(17,16,2),(17,21,2),(17,27,2),(17,32,2),(17,37,2),(17,42,2),(17,47,2),(17,52,2),(17,57,2),(17,62,2),(17,67,2),(17,72,2),(18,3,3),(18,9,3),(18,16,3),(18,21,3),(18,27,3),(18,32,3),(18,37,3),(18,42,3),(18,47,3),(18,52,3),(18,57,3),(18,62,3),(18,67,3),(18,72,3),(19,5,1),(19,11,1),(19,15,1),(19,20,1),(19,26,1),(19,31,1),(19,36,1),(19,41,1),(19,46,1),(19,51,1),(19,56,1),(19,61,1),(19,66,1),(19,71,1),(20,5,2),(20,11,2),(20,15,2),(20,20,2),(20,26,2),(20,31,2),(20,36,2),(20,41,2),(20,46,2),(20,51,2),(20,56,2),(20,61,2),(20,66,2),(20,71,2),(21,5,3),(21,11,3),(21,15,3),(21,20,3),(21,26,3),(21,31,3),(21,36,3),(21,41,3),(21,46,3),(21,51,3),(21,56,3),(21,61,3),(21,66,3),(21,71,3),(22,5,4),(22,11,4),(22,15,4),(22,20,4),(22,26,4),(22,31,4),(22,36,4),(22,41,4),(22,46,4),(22,51,4),(22,56,4),(22,61,4),(22,66,4),(22,71,4),(23,1,10),(23,6,10),(23,17,10),(23,22,10),(23,28,10),(23,33,10),(23,38,10),(23,43,10),(23,48,10),(23,53,10),(23,58,10),(23,63,10),(23,68,10),(24,1,11),(24,6,11),(24,12,12),(24,17,11),(24,22,11),(24,28,11),(24,33,11),(24,38,11),(24,43,11),(24,48,11),(24,53,11),(24,58,11),(24,63,11),(24,68,11),(25,1,12),(25,6,12),(25,12,12),(25,17,12),(25,22,12),(25,28,12),(25,33,12),(25,38,12),(25,43,12),(25,48,12),(25,53,12),(25,58,12),(25,63,12),(25,68,12),(26,1,9),(26,6,9),(26,12,9),(26,17,9),(26,22,9),(26,28,9),(26,33,9),(26,38,9),(26,43,9),(26,48,9),(26,53,9),(26,58,9),(26,63,9),(26,68,9),(27,12,13),(28,7,1),(29,12,11),(29,53,14),(31,1,13),(31,6,13),(31,28,13),(31,33,13),(31,38,13),(31,43,13),(31,48,13),(31,53,13),(31,58,13),(31,63,13),(31,68,13),(32,28,14),(33,33,14);
/*!40000 ALTER TABLE `attribute_group_mappings` ENABLE KEYS */;
UNLOCK TABLES;

--
-- Table structure for table `attribute_groups`
--

DROP TABLE IF EXISTS `attribute_groups`;
/*!40101 SET @saved_cs_client     = @@character_set_client */;
/*!50503 SET character_set_client = utf8mb4 */;
CREATE TABLE `attribute_groups` (
  `id` int unsigned NOT NULL AUTO_INCREMENT,
  `name` varchar(191) CHARACTER SET utf8mb4 COLLATE utf8mb4_unicode_ci NOT NULL,
  `position` int NOT NULL,
  `is_user_defined` tinyint(1) NOT NULL DEFAULT '1',
  `attribute_family_id` int unsigned NOT NULL,
  PRIMARY KEY (`id`),
  UNIQUE KEY `attribute_groups_attribute_family_id_name_unique` (`attribute_family_id`,`name`),
  CONSTRAINT `attribute_groups_attribute_family_id_foreign` FOREIGN KEY (`attribute_family_id`) REFERENCES `attribute_families` (`id`) ON DELETE CASCADE
) ENGINE=InnoDB AUTO_INCREMENT=73 DEFAULT CHARSET=utf8mb4 COLLATE=utf8mb4_unicode_ci ROW_FORMAT=DYNAMIC;
/*!40101 SET character_set_client = @saved_cs_client */;

--
-- Dumping data for table `attribute_groups`
--

LOCK TABLES `attribute_groups` WRITE;
/*!40000 ALTER TABLE `attribute_groups` DISABLE KEYS */;
INSERT INTO `attribute_groups` VALUES (1,'General',1,0,1),(2,'Description',2,0,1),(3,'SEO Meta Description',5,0,1),(4,'Price',3,0,1),(5,'Shipping',4,0,1),(6,'General',1,0,2),(7,'Test Group',1,1,2),(8,'Description',2,0,2),(9,'SEO Meta Description',5,0,2),(10,'Price',3,0,2),(11,'Shipping',4,0,2),(12,'General',1,0,3),(13,'Description',2,0,3),(14,'Price',3,0,3),(15,'Shipping',4,0,3),(16,'SEO Meta Description',5,0,3),(17,'General',1,0,4),(18,'Description',2,0,4),(19,'Price',3,0,4),(20,'Shipping',4,0,4),(21,'SEO Meta Description',5,0,4),(22,'General',1,0,5),(23,'disposiable cap',1,1,5),(24,'Description',2,0,5),(25,'Price',3,0,5),(26,'Shipping',4,0,5),(27,'SEO Meta Description',5,0,5),(28,'General',1,0,6),(29,'Description',2,0,6),(30,'Price',3,0,6),(31,'Shipping',4,0,6),(32,'SEO Meta Description',5,0,6),(33,'General',1,0,7),(34,'Description',2,0,7),(35,'Price',3,0,7),(36,'Shipping',4,0,7),(37,'SEO Meta Description',5,0,7),(38,'General',1,0,8),(39,'Description',2,0,8),(40,'Price',3,0,8),(41,'Shipping',4,0,8),(42,'SEO Meta Description',5,0,8),(43,'General',1,0,9),(44,'Description',2,0,9),(45,'Price',3,0,9),(46,'Shipping',4,0,9),(47,'SEO Meta Description',5,0,9),(48,'General',1,0,10),(49,'Description',2,0,10),(50,'Price',3,0,10),(51,'Shipping',4,0,10),(52,'SEO Meta Description',5,0,10),(53,'General',1,0,11),(54,'Description',2,0,11),(55,'Price',3,0,11),(56,'Shipping',4,0,11),(57,'SEO Meta Description',5,0,11),(58,'General',1,0,12),(59,'Description',2,0,12),(60,'Price',3,0,12),(61,'Shipping',4,0,12),(62,'SEO Meta Description',5,0,12),(63,'General',1,0,13),(64,'Description',2,0,13),(65,'Price',3,0,13),(66,'Shipping',4,0,13),(67,'SEO Meta Description',5,0,13),(68,'General',1,0,14),(69,'Description',2,0,14),(70,'Price',3,0,14),(71,'Shipping',4,0,14),(72,'SEO Meta Description',5,0,14);
/*!40000 ALTER TABLE `attribute_groups` ENABLE KEYS */;
UNLOCK TABLES;

--
-- Table structure for table `attribute_option_translations`
--

DROP TABLE IF EXISTS `attribute_option_translations`;
/*!40101 SET @saved_cs_client     = @@character_set_client */;
/*!50503 SET character_set_client = utf8mb4 */;
CREATE TABLE `attribute_option_translations` (
  `id` int unsigned NOT NULL AUTO_INCREMENT,
  `locale` varchar(191) CHARACTER SET utf8mb4 COLLATE utf8mb4_unicode_ci NOT NULL,
  `label` text CHARACTER SET utf8mb4 COLLATE utf8mb4_unicode_ci,
  `attribute_option_id` int unsigned NOT NULL,
  PRIMARY KEY (`id`),
  UNIQUE KEY `attribute_option_translations_attribute_option_id_locale_unique` (`attribute_option_id`,`locale`),
  CONSTRAINT `attribute_option_translations_attribute_option_id_foreign` FOREIGN KEY (`attribute_option_id`) REFERENCES `attribute_options` (`id`) ON DELETE CASCADE
) ENGINE=InnoDB AUTO_INCREMENT=64 DEFAULT CHARSET=utf8mb4 COLLATE=utf8mb4_unicode_ci ROW_FORMAT=DYNAMIC;
/*!40101 SET character_set_client = @saved_cs_client */;

--
-- Dumping data for table `attribute_option_translations`
--

LOCK TABLES `attribute_option_translations` WRITE;
/*!40000 ALTER TABLE `attribute_option_translations` DISABLE KEYS */;
INSERT INTO `attribute_option_translations` VALUES (1,'en','Red',1),(2,'en','Green',2),(3,'en','Yellow',3),(4,'en','Black',4),(5,'en','White',5),(6,'en','S',6),(7,'en','M',7),(8,'en','L',8),(9,'en','XL',9),(10,'en','Cotton',10),(11,'fr','',10),(12,'nl','',10),(13,'tr','',10),(14,'en','Silk',11),(15,'fr','',11),(16,'nl','',11),(17,'tr','',11),(18,'en','Johnson & Johnson',12),(19,'fr','',12),(20,'nl','',12),(21,'tr','',12),(22,'en','Novartis AG',13),(23,'fr','',13),(24,'nl','',13),(25,'tr','',13),(26,'en','Abbott Laboratories',14),(27,'fr','',14),(28,'nl','',14),(29,'tr','',14),(30,'en','Medtronic PLC',15),(31,'fr','',15),(32,'nl','',15),(33,'tr','',15),(34,'en','Baxter International',16),(35,'fr','',16),(36,'nl','',16),(37,'tr','',16),(38,'fr','',6),(39,'nl','',6),(40,'tr','',6),(41,'fr','',7),(42,'nl','',7),(43,'tr','',7),(44,'fr','',8),(45,'nl','',8),(46,'tr','',8),(47,'fr','',9),(48,'nl','',9),(49,'tr','',9),(50,'en','blue',17),(51,'fr','',17),(52,'nl','',17),(53,'tr','',17),(54,'en','Black',18),(55,'fr','',18),(56,'nl','',18),(57,'tr','',18),(58,'en','Green',19),(59,'fr','',19),(60,'nl','',19),(61,'tr','',19),(62,'en','MEDICLUE',20),(63,'en','C-Cure',21);
/*!40000 ALTER TABLE `attribute_option_translations` ENABLE KEYS */;
UNLOCK TABLES;

--
-- Table structure for table `attribute_options`
--

DROP TABLE IF EXISTS `attribute_options`;
/*!40101 SET @saved_cs_client     = @@character_set_client */;
/*!50503 SET character_set_client = utf8mb4 */;
CREATE TABLE `attribute_options` (
  `id` int unsigned NOT NULL AUTO_INCREMENT,
  `admin_name` varchar(191) CHARACTER SET utf8mb4 COLLATE utf8mb4_unicode_ci DEFAULT NULL,
  `sort_order` int DEFAULT NULL,
  `attribute_id` int unsigned NOT NULL,
  `brand_logo` varchar(255) CHARACTER SET utf8mb4 COLLATE utf8mb4_unicode_ci DEFAULT NULL,
  `swatch_value` varchar(191) CHARACTER SET utf8mb4 COLLATE utf8mb4_unicode_ci DEFAULT NULL,
  `option_slug` varchar(255) CHARACTER SET utf8mb4 COLLATE utf8mb4_unicode_ci DEFAULT NULL,
  PRIMARY KEY (`id`),
  KEY `attribute_options_attribute_id_foreign` (`attribute_id`),
  CONSTRAINT `attribute_options_attribute_id_foreign` FOREIGN KEY (`attribute_id`) REFERENCES `attributes` (`id`) ON DELETE CASCADE
) ENGINE=InnoDB AUTO_INCREMENT=22 DEFAULT CHARSET=utf8mb4 COLLATE=utf8mb4_unicode_ci ROW_FORMAT=DYNAMIC;
/*!40101 SET character_set_client = @saved_cs_client */;

--
-- Dumping data for table `attribute_options`
--

LOCK TABLES `attribute_options` WRITE;
/*!40000 ALTER TABLE `attribute_options` DISABLE KEYS */;
INSERT INTO `attribute_options` VALUES (1,'Red',1,23,NULL,NULL,NULL),(2,'Green',2,23,NULL,NULL,NULL),(3,'Yellow',3,23,NULL,NULL,NULL),(4,'Black',4,23,NULL,NULL,NULL),(5,'White',5,23,NULL,NULL,NULL),(6,'S',1,24,NULL,NULL,'s'),(7,'M',2,24,NULL,NULL,'m'),(8,'L',3,24,NULL,NULL,'l'),(9,'XL',4,24,NULL,NULL,'xl'),(10,'Cotton',1,28,NULL,NULL,NULL),(11,'Silk',2,28,NULL,NULL,NULL),(12,'Johnson & Johnson',1,25,'uploadImages/brandLogo/161993478643.png',NULL,'johnson-&-johnson'),(13,'Novartis AG',2,25,NULL,NULL,'novartis-ag'),(14,'Abbott Laboratories',3,25,NULL,NULL,'abbott-laboratories'),(15,'Medtronic PLC',4,25,'uploadImages/brandLogo/162038428282.png',NULL,'medtronic-plc'),(16,'Baxter International',5,25,NULL,NULL,'baxter-international'),(17,'blue',1,29,NULL,NULL,'blue'),(18,'Black',2,29,NULL,NULL,'black'),(19,'Green',3,29,NULL,NULL,'green'),(20,'MEDICLUE',6,25,NULL,NULL,'mediclue'),(21,'C-Cure',7,25,'uploadImages/brandLogo/162549051174.png',NULL,'c-cure');
/*!40000 ALTER TABLE `attribute_options` ENABLE KEYS */;
UNLOCK TABLES;

--
-- Table structure for table `attribute_translations`
--

DROP TABLE IF EXISTS `attribute_translations`;
/*!40101 SET @saved_cs_client     = @@character_set_client */;
/*!50503 SET character_set_client = utf8mb4 */;
CREATE TABLE `attribute_translations` (
  `id` int unsigned NOT NULL AUTO_INCREMENT,
  `locale` varchar(191) CHARACTER SET utf8mb4 COLLATE utf8mb4_unicode_ci NOT NULL,
  `name` text CHARACTER SET utf8mb4 COLLATE utf8mb4_unicode_ci,
  `attribute_id` int unsigned NOT NULL,
  PRIMARY KEY (`id`),
  UNIQUE KEY `attribute_translations_attribute_id_locale_unique` (`attribute_id`,`locale`),
  CONSTRAINT `attribute_translations_attribute_id_foreign` FOREIGN KEY (`attribute_id`) REFERENCES `attributes` (`id`) ON DELETE CASCADE
) ENGINE=InnoDB AUTO_INCREMENT=53 DEFAULT CHARSET=utf8mb4 COLLATE=utf8mb4_unicode_ci ROW_FORMAT=DYNAMIC;
/*!40101 SET character_set_client = @saved_cs_client */;

--
-- Dumping data for table `attribute_translations`
--

LOCK TABLES `attribute_translations` WRITE;
/*!40000 ALTER TABLE `attribute_translations` DISABLE KEYS */;
INSERT INTO `attribute_translations` VALUES (1,'en','SKU',1),(2,'en','Name',2),(3,'en','URL Key',3),(4,'en','Tax Category',4),(5,'en','New',5),(6,'en','Featured',6),(7,'en','Visible Individually',7),(8,'en','Status',8),(9,'en','Short Description',9),(10,'en','Description',10),(11,'en','Price',11),(12,'en','Cost',12),(13,'en','Special Price',13),(14,'en','Special Price From',14),(15,'en','Special Price To',15),(16,'en','Meta Description',16),(17,'en','Meta Keywords',17),(18,'en','Meta Description',18),(19,'en','Width',19),(20,'en','Height',20),(21,'en','Depth',21),(22,'en','Weight',22),(23,'en','Color',23),(24,'en','Size',24),(25,'en','Brand',25),(26,'en','Allow Guest Checkout',26),(27,'en','',27),(28,'fr','',27),(29,'nl','',27),(30,'tr','',27),(31,'en','Material',28),(32,'fr','',28),(33,'nl','',28),(34,'tr','',28),(35,'fr','',25),(36,'nl','',25),(37,'tr','',25),(38,'fr','',24),(39,'nl','',24),(40,'tr','',24),(41,'en','',29),(42,'fr','',29),(43,'nl','',29),(44,'tr','',29),(49,'en','Bulk Buy Request',31),(50,'en','',32),(51,'en','Capacity',33),(52,'en','Packing',34);
/*!40000 ALTER TABLE `attribute_translations` ENABLE KEYS */;
UNLOCK TABLES;

--
-- Table structure for table `attributes`
--

DROP TABLE IF EXISTS `attributes`;
/*!40101 SET @saved_cs_client     = @@character_set_client */;
/*!50503 SET character_set_client = utf8mb4 */;
CREATE TABLE `attributes` (
  `id` int unsigned NOT NULL AUTO_INCREMENT,
  `code` varchar(191) CHARACTER SET utf8mb4 COLLATE utf8mb4_unicode_ci NOT NULL,
  `admin_name` varchar(191) CHARACTER SET utf8mb4 COLLATE utf8mb4_unicode_ci NOT NULL,
  `type` varchar(191) CHARACTER SET utf8mb4 COLLATE utf8mb4_unicode_ci NOT NULL,
  `validation` varchar(191) CHARACTER SET utf8mb4 COLLATE utf8mb4_unicode_ci DEFAULT NULL,
  `position` int DEFAULT NULL,
  `is_required` tinyint(1) NOT NULL DEFAULT '0',
  `is_unique` tinyint(1) NOT NULL DEFAULT '0',
  `value_per_locale` tinyint(1) NOT NULL DEFAULT '0',
  `value_per_channel` tinyint(1) NOT NULL DEFAULT '0',
  `is_filterable` tinyint(1) NOT NULL DEFAULT '0',
  `is_configurable` tinyint(1) NOT NULL DEFAULT '0',
  `is_user_defined` tinyint(1) NOT NULL DEFAULT '1',
  `is_visible_on_front` tinyint(1) NOT NULL DEFAULT '0',
  `created_at` timestamp NULL DEFAULT NULL,
  `updated_at` timestamp NULL DEFAULT NULL,
  `swatch_type` varchar(191) CHARACTER SET utf8mb4 COLLATE utf8mb4_unicode_ci DEFAULT NULL,
  `use_in_flat` tinyint(1) NOT NULL DEFAULT '1',
  `is_comparable` tinyint(1) NOT NULL DEFAULT '0',
  PRIMARY KEY (`id`),
  UNIQUE KEY `attributes_code_unique` (`code`)
) ENGINE=InnoDB AUTO_INCREMENT=35 DEFAULT CHARSET=utf8mb4 COLLATE=utf8mb4_unicode_ci ROW_FORMAT=DYNAMIC;
/*!40101 SET character_set_client = @saved_cs_client */;

--
-- Dumping data for table `attributes`
--

LOCK TABLES `attributes` WRITE;
/*!40000 ALTER TABLE `attributes` DISABLE KEYS */;
INSERT INTO `attributes` VALUES (1,'sku','SKU','text',NULL,1,1,1,0,0,0,0,0,0,'2021-01-06 05:57:03','2021-01-06 05:57:03',NULL,1,0),(2,'name','Name','text',NULL,2,1,0,1,1,0,0,0,0,'2021-01-06 05:57:03','2021-01-06 05:57:03',NULL,1,1),(3,'url_key','URL Key','text',NULL,3,1,1,0,0,0,0,0,0,'2021-01-06 05:57:03','2021-01-06 05:57:03',NULL,1,0),(4,'tax_category_id','Tax Category','select',NULL,4,0,0,0,1,0,0,0,0,'2021-01-06 05:57:03','2021-01-06 05:57:03',NULL,1,0),(5,'new','New Release','boolean',NULL,5,0,0,0,0,0,0,0,0,'2021-01-06 05:57:03','2021-01-06 05:57:03',NULL,1,0),(6,'featured','Most Popular','boolean',NULL,6,0,0,0,0,0,0,0,0,'2021-01-06 05:57:03','2021-01-06 05:57:03',NULL,1,0),(7,'visible_individually','Visible Individually','boolean',NULL,7,1,0,0,0,0,0,0,0,'2021-01-06 05:57:03','2021-01-06 05:57:03',NULL,1,0),(8,'status','Status','boolean',NULL,8,1,0,0,0,0,0,0,0,'2021-01-06 05:57:03','2021-01-06 05:57:03',NULL,1,0),(9,'short_description','Short Description','textarea',NULL,9,1,0,1,1,0,0,0,0,'2021-01-06 05:57:03','2021-01-06 05:57:03',NULL,1,0),(10,'description','Description','textarea',NULL,10,1,0,1,1,0,0,0,0,'2021-01-06 05:57:03','2021-01-06 05:57:03',NULL,1,1),(11,'price','Price','price','decimal',11,1,0,0,0,1,0,0,0,'2021-01-06 05:57:03','2021-04-19 09:41:45',NULL,1,1),(12,'cost','Cost','price','decimal',12,0,0,0,1,0,0,1,0,'2021-01-06 05:57:03','2021-01-06 05:57:03',NULL,1,0),(13,'special_price','Special Price','price','decimal',13,0,0,0,0,0,0,0,0,'2021-01-06 05:57:03','2021-01-06 05:57:03',NULL,1,0),(14,'special_price_from','Special Price From','date',NULL,14,0,0,0,1,0,0,0,0,'2021-01-06 05:57:03','2021-01-06 05:57:03',NULL,1,0),(15,'special_price_to','Special Price To','date',NULL,15,0,0,0,1,0,0,0,0,'2021-01-06 05:57:03','2021-01-06 05:57:03',NULL,1,0),(16,'meta_title','Meta Title','textarea',NULL,16,0,0,1,1,0,0,0,0,'2021-01-06 05:57:03','2021-01-06 05:57:03',NULL,1,0),(17,'meta_keywords','Meta Keywords','textarea',NULL,17,0,0,1,1,0,0,0,0,'2021-01-06 05:57:03','2021-01-06 05:57:03',NULL,1,0),(18,'meta_description','Meta Description','textarea',NULL,18,0,0,1,1,0,0,1,0,'2021-01-06 05:57:03','2021-01-06 05:57:03',NULL,1,0),(19,'width','Width','text','decimal',19,0,0,0,0,0,0,1,0,'2021-01-06 05:57:03','2021-01-06 05:57:03',NULL,1,0),(20,'height','Height','text','decimal',20,0,0,0,0,0,0,1,0,'2021-01-06 05:57:03','2021-01-06 05:57:03',NULL,1,0),(21,'depth','Depth','text','decimal',21,0,0,0,0,0,0,1,0,'2021-01-06 05:57:03','2021-01-06 05:57:03',NULL,1,0),(22,'weight','Weight','text','decimal',22,1,0,0,0,0,0,0,0,'2021-01-06 05:57:03','2021-01-06 05:57:03',NULL,1,0),(23,'color','Color','select',NULL,23,0,0,0,0,1,1,1,0,'2021-01-06 05:57:03','2021-01-06 05:57:03',NULL,1,0),(24,'size','Size','select','',24,0,0,0,0,1,1,1,0,'2021-01-06 05:57:03','2021-01-27 10:48:33','dropdown',1,0),(25,'brand','Brand','select','',25,0,0,0,0,1,0,0,0,'2021-01-06 05:57:03','2021-01-27 02:34:16','dropdown',1,0),(26,'guest_checkout','Guest Checkout','boolean',NULL,8,1,0,0,0,0,0,0,0,'2021-01-06 05:57:03','2021-01-06 05:57:03',NULL,1,0),(27,'RAM','RAM','text','',NULL,0,0,0,0,0,0,1,1,'2021-01-08 13:14:16','2021-01-08 13:14:16',NULL,0,0),(28,'Material','Material','select','',NULL,0,0,0,0,1,1,1,1,'2021-01-11 06:15:18','2021-01-11 06:15:18','dropdown',0,0),(29,'colors','colors','multiselect','',NULL,1,0,0,0,0,0,1,0,'2021-03-23 09:02:40','2021-03-23 09:02:40',NULL,0,0),(31,'bulk','Bulk Buy Request','boolean','',NULL,0,0,0,0,0,0,1,0,'2021-04-08 13:29:05','2021-04-08 13:29:05',NULL,1,0),(32,'expirydate','Expiry Date','date','',NULL,1,0,0,0,0,1,1,1,'2021-04-15 03:34:00','2021-04-15 03:34:00',NULL,1,1),(33,'Capacity','Capacity','text','numeric',NULL,1,0,1,0,0,0,1,1,'2021-04-19 08:33:21','2021-04-19 08:33:21',NULL,0,1),(34,'packing','Packing','text','numeric',NULL,0,0,0,0,0,1,1,1,'2021-07-03 08:28:24','2021-07-03 08:28:24',NULL,0,1);
/*!40000 ALTER TABLE `attributes` ENABLE KEYS */;
UNLOCK TABLES;

--
-- Table structure for table `booking_product_appointment_slots`
--

DROP TABLE IF EXISTS `booking_product_appointment_slots`;
/*!40101 SET @saved_cs_client     = @@character_set_client */;
/*!50503 SET character_set_client = utf8mb4 */;
CREATE TABLE `booking_product_appointment_slots` (
  `id` int unsigned NOT NULL AUTO_INCREMENT,
  `duration` int DEFAULT NULL,
  `break_time` int DEFAULT NULL,
  `same_slot_all_days` tinyint(1) DEFAULT NULL,
  `slots` longtext CHARACTER SET utf8mb4 COLLATE utf8mb4_bin,
  `booking_product_id` int unsigned NOT NULL,
  PRIMARY KEY (`id`),
  KEY `booking_product_appointment_slots_booking_product_id_foreign` (`booking_product_id`),
  CONSTRAINT `booking_product_appointment_slots_booking_product_id_foreign` FOREIGN KEY (`booking_product_id`) REFERENCES `booking_products` (`id`) ON DELETE CASCADE
) ENGINE=InnoDB DEFAULT CHARSET=utf8mb4 COLLATE=utf8mb4_unicode_ci ROW_FORMAT=DYNAMIC;
/*!40101 SET character_set_client = @saved_cs_client */;

--
-- Dumping data for table `booking_product_appointment_slots`
--

LOCK TABLES `booking_product_appointment_slots` WRITE;
/*!40000 ALTER TABLE `booking_product_appointment_slots` DISABLE KEYS */;
/*!40000 ALTER TABLE `booking_product_appointment_slots` ENABLE KEYS */;
UNLOCK TABLES;

--
-- Table structure for table `booking_product_default_slots`
--

DROP TABLE IF EXISTS `booking_product_default_slots`;
/*!40101 SET @saved_cs_client     = @@character_set_client */;
/*!50503 SET character_set_client = utf8mb4 */;
CREATE TABLE `booking_product_default_slots` (
  `id` int unsigned NOT NULL AUTO_INCREMENT,
  `booking_type` varchar(191) CHARACTER SET utf8mb4 COLLATE utf8mb4_unicode_ci NOT NULL,
  `duration` int DEFAULT NULL,
  `break_time` int DEFAULT NULL,
  `slots` longtext CHARACTER SET utf8mb4 COLLATE utf8mb4_bin,
  `booking_product_id` int unsigned NOT NULL,
  PRIMARY KEY (`id`),
  KEY `booking_product_default_slots_booking_product_id_foreign` (`booking_product_id`),
  CONSTRAINT `booking_product_default_slots_booking_product_id_foreign` FOREIGN KEY (`booking_product_id`) REFERENCES `booking_products` (`id`) ON DELETE CASCADE
) ENGINE=InnoDB DEFAULT CHARSET=utf8mb4 COLLATE=utf8mb4_unicode_ci ROW_FORMAT=DYNAMIC;
/*!40101 SET character_set_client = @saved_cs_client */;

--
-- Dumping data for table `booking_product_default_slots`
--

LOCK TABLES `booking_product_default_slots` WRITE;
/*!40000 ALTER TABLE `booking_product_default_slots` DISABLE KEYS */;
/*!40000 ALTER TABLE `booking_product_default_slots` ENABLE KEYS */;
UNLOCK TABLES;

--
-- Table structure for table `booking_product_event_ticket_translations`
--

DROP TABLE IF EXISTS `booking_product_event_ticket_translations`;
/*!40101 SET @saved_cs_client     = @@character_set_client */;
/*!50503 SET character_set_client = utf8mb4 */;
CREATE TABLE `booking_product_event_ticket_translations` (
  `id` bigint unsigned NOT NULL AUTO_INCREMENT,
  `locale` varchar(191) CHARACTER SET utf8mb4 COLLATE utf8mb4_unicode_ci NOT NULL,
  `name` text CHARACTER SET utf8mb4 COLLATE utf8mb4_unicode_ci,
  `description` text CHARACTER SET utf8mb4 COLLATE utf8mb4_unicode_ci,
  `booking_product_event_ticket_id` int unsigned NOT NULL,
  PRIMARY KEY (`id`),
  UNIQUE KEY `booking_product_event_ticket_translations_locale_unique` (`booking_product_event_ticket_id`,`locale`),
  CONSTRAINT `booking_product_event_ticket_translations_locale_foreign` FOREIGN KEY (`booking_product_event_ticket_id`) REFERENCES `booking_product_event_tickets` (`id`) ON DELETE CASCADE
) ENGINE=InnoDB DEFAULT CHARSET=utf8mb4 COLLATE=utf8mb4_unicode_ci ROW_FORMAT=DYNAMIC;
/*!40101 SET character_set_client = @saved_cs_client */;

--
-- Dumping data for table `booking_product_event_ticket_translations`
--

LOCK TABLES `booking_product_event_ticket_translations` WRITE;
/*!40000 ALTER TABLE `booking_product_event_ticket_translations` DISABLE KEYS */;
/*!40000 ALTER TABLE `booking_product_event_ticket_translations` ENABLE KEYS */;
UNLOCK TABLES;

--
-- Table structure for table `booking_product_event_tickets`
--

DROP TABLE IF EXISTS `booking_product_event_tickets`;
/*!40101 SET @saved_cs_client     = @@character_set_client */;
/*!50503 SET character_set_client = utf8mb4 */;
CREATE TABLE `booking_product_event_tickets` (
  `id` int unsigned NOT NULL AUTO_INCREMENT,
  `price` decimal(12,4) DEFAULT '0.0000',
  `qty` int DEFAULT '0',
  `special_price` decimal(12,4) DEFAULT NULL,
  `special_price_from` datetime DEFAULT NULL,
  `special_price_to` datetime DEFAULT NULL,
  `booking_product_id` int unsigned NOT NULL,
  PRIMARY KEY (`id`),
  KEY `booking_product_event_tickets_booking_product_id_foreign` (`booking_product_id`),
  CONSTRAINT `booking_product_event_tickets_booking_product_id_foreign` FOREIGN KEY (`booking_product_id`) REFERENCES `booking_products` (`id`) ON DELETE CASCADE
) ENGINE=InnoDB DEFAULT CHARSET=utf8mb4 COLLATE=utf8mb4_unicode_ci ROW_FORMAT=DYNAMIC;
/*!40101 SET character_set_client = @saved_cs_client */;

--
-- Dumping data for table `booking_product_event_tickets`
--

LOCK TABLES `booking_product_event_tickets` WRITE;
/*!40000 ALTER TABLE `booking_product_event_tickets` DISABLE KEYS */;
/*!40000 ALTER TABLE `booking_product_event_tickets` ENABLE KEYS */;
UNLOCK TABLES;

--
-- Table structure for table `booking_product_rental_slots`
--

DROP TABLE IF EXISTS `booking_product_rental_slots`;
/*!40101 SET @saved_cs_client     = @@character_set_client */;
/*!50503 SET character_set_client = utf8mb4 */;
CREATE TABLE `booking_product_rental_slots` (
  `id` int unsigned NOT NULL AUTO_INCREMENT,
  `renting_type` varchar(191) CHARACTER SET utf8mb4 COLLATE utf8mb4_unicode_ci NOT NULL,
  `daily_price` decimal(12,4) DEFAULT '0.0000',
  `hourly_price` decimal(12,4) DEFAULT '0.0000',
  `same_slot_all_days` tinyint(1) DEFAULT NULL,
  `slots` longtext CHARACTER SET utf8mb4 COLLATE utf8mb4_bin,
  `booking_product_id` int unsigned NOT NULL,
  PRIMARY KEY (`id`),
  KEY `booking_product_rental_slots_booking_product_id_foreign` (`booking_product_id`),
  CONSTRAINT `booking_product_rental_slots_booking_product_id_foreign` FOREIGN KEY (`booking_product_id`) REFERENCES `booking_products` (`id`) ON DELETE CASCADE
) ENGINE=InnoDB DEFAULT CHARSET=utf8mb4 COLLATE=utf8mb4_unicode_ci ROW_FORMAT=DYNAMIC;
/*!40101 SET character_set_client = @saved_cs_client */;

--
-- Dumping data for table `booking_product_rental_slots`
--

LOCK TABLES `booking_product_rental_slots` WRITE;
/*!40000 ALTER TABLE `booking_product_rental_slots` DISABLE KEYS */;
/*!40000 ALTER TABLE `booking_product_rental_slots` ENABLE KEYS */;
UNLOCK TABLES;

--
-- Table structure for table `booking_product_table_slots`
--

DROP TABLE IF EXISTS `booking_product_table_slots`;
/*!40101 SET @saved_cs_client     = @@character_set_client */;
/*!50503 SET character_set_client = utf8mb4 */;
CREATE TABLE `booking_product_table_slots` (
  `id` int unsigned NOT NULL AUTO_INCREMENT,
  `price_type` varchar(191) CHARACTER SET utf8mb4 COLLATE utf8mb4_unicode_ci NOT NULL,
  `guest_limit` int NOT NULL DEFAULT '0',
  `duration` int NOT NULL,
  `break_time` int NOT NULL,
  `prevent_scheduling_before` int NOT NULL,
  `same_slot_all_days` tinyint(1) DEFAULT NULL,
  `slots` longtext CHARACTER SET utf8mb4 COLLATE utf8mb4_bin,
  `booking_product_id` int unsigned NOT NULL,
  PRIMARY KEY (`id`),
  KEY `booking_product_table_slots_booking_product_id_foreign` (`booking_product_id`),
  CONSTRAINT `booking_product_table_slots_booking_product_id_foreign` FOREIGN KEY (`booking_product_id`) REFERENCES `booking_products` (`id`) ON DELETE CASCADE
) ENGINE=InnoDB DEFAULT CHARSET=utf8mb4 COLLATE=utf8mb4_unicode_ci ROW_FORMAT=DYNAMIC;
/*!40101 SET character_set_client = @saved_cs_client */;

--
-- Dumping data for table `booking_product_table_slots`
--

LOCK TABLES `booking_product_table_slots` WRITE;
/*!40000 ALTER TABLE `booking_product_table_slots` DISABLE KEYS */;
/*!40000 ALTER TABLE `booking_product_table_slots` ENABLE KEYS */;
UNLOCK TABLES;

--
-- Table structure for table `booking_products`
--

DROP TABLE IF EXISTS `booking_products`;
/*!40101 SET @saved_cs_client     = @@character_set_client */;
/*!50503 SET character_set_client = utf8mb4 */;
CREATE TABLE `booking_products` (
  `id` int unsigned NOT NULL AUTO_INCREMENT,
  `type` varchar(191) CHARACTER SET utf8mb4 COLLATE utf8mb4_unicode_ci NOT NULL,
  `qty` int DEFAULT '0',
  `location` varchar(191) CHARACTER SET utf8mb4 COLLATE utf8mb4_unicode_ci DEFAULT NULL,
  `show_location` tinyint(1) NOT NULL DEFAULT '0',
  `available_every_week` tinyint(1) DEFAULT NULL,
  `available_from` datetime DEFAULT NULL,
  `available_to` datetime DEFAULT NULL,
  `product_id` int unsigned NOT NULL,
  `created_at` timestamp NULL DEFAULT NULL,
  `updated_at` timestamp NULL DEFAULT NULL,
  PRIMARY KEY (`id`),
  KEY `booking_products_product_id_foreign` (`product_id`),
  CONSTRAINT `booking_products_product_id_foreign` FOREIGN KEY (`product_id`) REFERENCES `products` (`id`) ON DELETE CASCADE
) ENGINE=InnoDB DEFAULT CHARSET=utf8mb4 COLLATE=utf8mb4_unicode_ci ROW_FORMAT=DYNAMIC;
/*!40101 SET character_set_client = @saved_cs_client */;

--
-- Dumping data for table `booking_products`
--

LOCK TABLES `booking_products` WRITE;
/*!40000 ALTER TABLE `booking_products` DISABLE KEYS */;
/*!40000 ALTER TABLE `booking_products` ENABLE KEYS */;
UNLOCK TABLES;

--
-- Table structure for table `bookings`
--

DROP TABLE IF EXISTS `bookings`;
/*!40101 SET @saved_cs_client     = @@character_set_client */;
/*!50503 SET character_set_client = utf8mb4 */;
CREATE TABLE `bookings` (
  `id` bigint unsigned NOT NULL AUTO_INCREMENT,
  `qty` int DEFAULT '0',
  `from` int DEFAULT NULL,
  `to` int DEFAULT NULL,
  `order_item_id` int unsigned DEFAULT NULL,
  `booking_product_event_ticket_id` int unsigned DEFAULT NULL,
  `order_id` int unsigned DEFAULT NULL,
  `product_id` int unsigned DEFAULT NULL,
  PRIMARY KEY (`id`),
  KEY `bookings_order_id_foreign` (`order_id`),
  KEY `bookings_product_id_foreign` (`product_id`),
  CONSTRAINT `bookings_order_id_foreign` FOREIGN KEY (`order_id`) REFERENCES `orders` (`id`) ON DELETE CASCADE,
  CONSTRAINT `bookings_product_id_foreign` FOREIGN KEY (`product_id`) REFERENCES `products` (`id`) ON DELETE SET NULL
) ENGINE=InnoDB DEFAULT CHARSET=utf8mb4 COLLATE=utf8mb4_unicode_ci ROW_FORMAT=DYNAMIC;
/*!40101 SET character_set_client = @saved_cs_client */;

--
-- Dumping data for table `bookings`
--

LOCK TABLES `bookings` WRITE;
/*!40000 ALTER TABLE `bookings` DISABLE KEYS */;
/*!40000 ALTER TABLE `bookings` ENABLE KEYS */;
UNLOCK TABLES;

--
-- Table structure for table `cart`
--

DROP TABLE IF EXISTS `cart`;
/*!40101 SET @saved_cs_client     = @@character_set_client */;
/*!50503 SET character_set_client = utf8mb4 */;
CREATE TABLE `cart` (
  `id` int unsigned NOT NULL AUTO_INCREMENT,
  `customer_email` varchar(191) CHARACTER SET utf8mb4 COLLATE utf8mb4_unicode_ci DEFAULT NULL,
  `customer_first_name` varchar(191) CHARACTER SET utf8mb4 COLLATE utf8mb4_unicode_ci DEFAULT NULL,
  `customer_last_name` varchar(191) CHARACTER SET utf8mb4 COLLATE utf8mb4_unicode_ci DEFAULT NULL,
  `shipping_method` varchar(191) CHARACTER SET utf8mb4 COLLATE utf8mb4_unicode_ci DEFAULT NULL,
  `coupon_code` varchar(191) CHARACTER SET utf8mb4 COLLATE utf8mb4_unicode_ci DEFAULT NULL,
  `is_gift` tinyint(1) NOT NULL DEFAULT '0',
  `items_count` int DEFAULT NULL,
  `items_qty` decimal(12,4) DEFAULT NULL,
  `exchange_rate` decimal(12,4) DEFAULT NULL,
  `global_currency_code` varchar(191) CHARACTER SET utf8mb4 COLLATE utf8mb4_unicode_ci DEFAULT NULL,
  `base_currency_code` varchar(191) CHARACTER SET utf8mb4 COLLATE utf8mb4_unicode_ci DEFAULT NULL,
  `channel_currency_code` varchar(191) CHARACTER SET utf8mb4 COLLATE utf8mb4_unicode_ci DEFAULT NULL,
  `cart_currency_code` varchar(191) CHARACTER SET utf8mb4 COLLATE utf8mb4_unicode_ci DEFAULT NULL,
  `grand_total` decimal(12,4) DEFAULT '0.0000',
  `base_grand_total` decimal(12,4) DEFAULT '0.0000',
  `sub_total` decimal(12,4) DEFAULT '0.0000',
  `base_sub_total` decimal(12,4) DEFAULT '0.0000',
  `tax_total` decimal(12,4) DEFAULT '0.0000',
  `base_tax_total` decimal(12,4) DEFAULT '0.0000',
  `discount_amount` decimal(12,4) DEFAULT '0.0000',
  `base_discount_amount` decimal(12,4) DEFAULT '0.0000',
  `checkout_method` varchar(191) CHARACTER SET utf8mb4 COLLATE utf8mb4_unicode_ci DEFAULT NULL,
  `is_guest` tinyint(1) DEFAULT NULL,
  `is_active` tinyint(1) DEFAULT '1',
  `conversion_time` datetime DEFAULT NULL,
  `customer_id` int unsigned DEFAULT NULL,
  `channel_id` int unsigned NOT NULL,
  `status` tinyint DEFAULT '0',
  `created_at` timestamp NULL DEFAULT NULL,
  `updated_at` timestamp NULL DEFAULT NULL,
  `applied_cart_rule_ids` varchar(191) CHARACTER SET utf8mb4 COLLATE utf8mb4_unicode_ci DEFAULT NULL,
  PRIMARY KEY (`id`),
  KEY `cart_customer_id_foreign` (`customer_id`),
  KEY `cart_channel_id_foreign` (`channel_id`),
  CONSTRAINT `cart_channel_id_foreign` FOREIGN KEY (`channel_id`) REFERENCES `channels` (`id`) ON DELETE CASCADE,
  CONSTRAINT `cart_customer_id_foreign` FOREIGN KEY (`customer_id`) REFERENCES `customers` (`id`) ON DELETE CASCADE
) ENGINE=InnoDB AUTO_INCREMENT=122 DEFAULT CHARSET=utf8mb4 COLLATE=utf8mb4_unicode_ci ROW_FORMAT=DYNAMIC;
/*!40101 SET character_set_client = @saved_cs_client */;

--
-- Dumping data for table `cart`
--

LOCK TABLES `cart` WRITE;
/*!40000 ALTER TABLE `cart` DISABLE KEYS */;
INSERT INTO `cart` VALUES (1,'payal@gmail.com','Payal','Test','free_free',NULL,0,1,2.0000,NULL,'USD','USD','USD','USD',180.0000,180.0000,180.0000,180.0000,0.0000,0.0000,0.0000,0.0000,NULL,0,0,NULL,1,1,0,'2021-01-06 16:02:07','2021-01-07 08:13:46',''),(3,'payal@gmail.com','Payal','Test','free_free',NULL,0,1,1.0000,NULL,'USD','USD','USD','USD',100000.0000,100000.0000,100000.0000,100000.0000,0.0000,0.0000,0.0000,0.0000,NULL,0,0,NULL,1,1,0,'2021-01-09 13:42:07','2021-01-09 13:43:09',''),(5,NULL,NULL,NULL,NULL,NULL,0,1,1.0000,NULL,'USD','USD','USD','USD',210.0000,210.0000,210.0000,210.0000,0.0000,0.0000,0.0000,0.0000,NULL,1,1,NULL,NULL,1,0,'2021-01-11 06:36:46','2021-01-11 08:12:49',''),(8,'payal@gmail.com','Payal','Test','flatrate_flatrate',NULL,0,1,1.0000,NULL,'USD','USD','USD','USD',30.0000,30.0000,20.0000,20.0000,0.0000,0.0000,0.0000,0.0000,NULL,0,0,NULL,1,1,0,'2021-01-11 14:24:35','2021-01-11 14:26:52',''),(13,NULL,NULL,NULL,NULL,NULL,0,1,2.0000,NULL,'USD','USD','USD','USD',180.0000,180.0000,180.0000,180.0000,0.0000,0.0000,0.0000,0.0000,NULL,1,1,NULL,NULL,1,0,'2021-01-12 14:39:40','2021-01-12 14:39:49',''),(15,'sss@gmail.com','Catalog product','ff','free_free',NULL,0,2,2.0000,NULL,'USD','USD','USD','USD',369.0000,369.0000,369.0000,369.0000,0.0000,0.0000,0.0000,0.0000,NULL,1,0,NULL,NULL,1,0,'2021-01-13 05:05:22','2021-01-13 10:58:16',''),(17,'payal@gmail.com','Payal','Test','free_free',NULL,0,1,1.0000,NULL,'USD','USD','USD','USD',23.7500,23.7500,23.7500,23.7500,0.0000,0.0000,0.0000,0.0000,NULL,0,0,NULL,1,1,0,'2021-01-13 11:04:01','2021-01-28 11:55:17',''),(19,NULL,NULL,NULL,NULL,NULL,0,1,1.0000,NULL,'USD','USD','USD','USD',450.0000,450.0000,450.0000,450.0000,0.0000,0.0000,0.0000,0.0000,NULL,1,1,NULL,NULL,1,0,'2021-01-22 06:53:30','2021-01-22 10:02:21',''),(22,'payal@gmail.com','Payal','Test','free_free',NULL,0,3,3.0000,NULL,'USD','USD','USD','USD',531.0000,531.0000,531.0000,531.0000,0.0000,0.0000,0.0000,0.0000,NULL,0,0,NULL,1,1,0,'2021-01-29 11:46:49','2021-02-03 10:26:46',''),(23,'kuldeep@gmail.com','Kuldeep','Panchal','flatrate_flatrate',NULL,0,1,1.0000,NULL,'USD','USD','USD','USD',38.5000,38.5000,28.5000,28.5000,0.0000,0.0000,0.0000,0.0000,NULL,0,0,NULL,5,1,0,'2021-01-30 06:00:25','2021-01-30 06:01:30',''),(26,'payal@gmail.com','Payal','Test','free_free',NULL,0,2,3.0000,NULL,'USD','USD','USD','USD',47.0000,47.0000,47.0000,47.0000,0.0000,0.0000,0.0000,0.0000,NULL,0,0,NULL,1,1,0,'2021-02-03 11:22:44','2021-02-04 14:43:47',''),(27,NULL,NULL,NULL,NULL,NULL,0,1,2.0000,NULL,'USD','USD','USD','USD',20.0000,20.0000,20.0000,20.0000,0.0000,0.0000,0.0000,0.0000,NULL,1,1,NULL,NULL,1,0,'2021-02-04 09:23:55','2021-02-05 10:21:33',''),(30,'payal@gmail.com','Payal','Test','flatrate_flatrate',NULL,0,2,2.0000,NULL,'USD','USD','USD','USD',24.2500,24.2500,14.2500,14.2500,0.0000,0.0000,0.0000,0.0000,NULL,0,0,NULL,1,1,0,'2021-02-05 10:46:26','2021-02-05 13:53:50',''),(31,'payal@gmail.com','Payal','Test','flatrate_flatrate',NULL,0,1,1.0000,NULL,'USD','USD','USD','USD',19.5000,19.5000,9.5000,9.5000,0.0000,0.0000,0.0000,0.0000,NULL,0,0,NULL,1,1,0,'2021-02-09 03:30:46','2021-02-09 03:31:20',''),(32,'payal@gmail.com','Payal','Test','flatrate_flatrate',NULL,0,1,3.0000,NULL,'USD','USD','USD','USD',58.5000,58.5000,28.5000,28.5000,0.0000,0.0000,0.0000,0.0000,NULL,0,0,NULL,1,1,0,'2021-02-09 08:05:36','2021-02-09 08:11:08',''),(33,'Bhargav@gmail.com','bhargav','Dolaria','flatrate_flatrate',NULL,0,1,1.0000,NULL,'USD','USD','USD','USD',19.5000,19.5000,9.5000,9.5000,0.0000,0.0000,0.0000,0.0000,NULL,0,0,NULL,6,1,0,'2021-02-09 08:46:30','2021-02-09 08:48:31',''),(34,'Bhargav@gmail.com','bhargav','Dolaria','free_free',NULL,0,1,1.0000,NULL,'USD','USD','USD','USD',9.5000,9.5000,9.5000,9.5000,0.0000,0.0000,0.0000,0.0000,NULL,0,0,NULL,6,1,0,'2021-02-09 10:00:23','2021-02-09 10:10:06',''),(35,'Bhargav@gmail.com','bhargav','Dolaria',NULL,NULL,0,1,1.0000,NULL,'USD','USD','USD','USD',9.5000,9.5000,9.5000,9.5000,0.0000,0.0000,0.0000,0.0000,NULL,0,1,NULL,6,1,0,'2021-02-09 11:03:59','2021-02-09 11:05:28',''),(36,'wetwet@sadasf.com','wetwet','ewtwet',NULL,NULL,0,1,1.0000,NULL,'USD','USD','USD','USD',9.5000,9.5000,9.5000,9.5000,0.0000,0.0000,0.0000,0.0000,NULL,1,1,NULL,NULL,1,0,'2021-02-09 11:05:45','2021-02-09 11:06:13',''),(38,NULL,NULL,NULL,NULL,NULL,0,1,1.0000,NULL,'USD','USD','USD','USD',9.5000,9.5000,9.5000,9.5000,0.0000,0.0000,0.0000,0.0000,NULL,1,1,NULL,NULL,1,0,'2021-02-12 03:57:20','2021-02-12 03:57:20',''),(39,NULL,NULL,NULL,NULL,NULL,0,1,1.0000,NULL,'USD','USD','USD','USD',10.4500,10.4500,10.4500,10.4500,0.0000,0.0000,0.0000,0.0000,NULL,1,1,NULL,NULL,1,0,'2021-02-13 07:11:26','2021-02-13 07:11:27',''),(40,NULL,NULL,NULL,NULL,NULL,0,1,1.0000,NULL,'USD','USD','USD','USD',10.4500,10.4500,10.4500,10.4500,0.0000,0.0000,0.0000,0.0000,NULL,1,1,NULL,NULL,1,0,'2021-02-13 07:12:08','2021-02-13 07:12:08',''),(41,'payal@gmail.com','Payal','Test','flatrate_flatrate',NULL,0,1,1.0000,NULL,'USD','USD','USD','USD',20.4500,20.4500,10.4500,10.4500,0.0000,0.0000,0.0000,0.0000,NULL,0,0,NULL,1,1,0,'2021-02-13 07:12:48','2021-02-13 07:13:36',''),(45,NULL,NULL,NULL,NULL,NULL,0,1,1.0000,NULL,'USD','USD','USD','USD',5.7000,5.7000,5.7000,5.7000,0.0000,0.0000,0.0000,0.0000,NULL,1,1,NULL,NULL,1,0,'2021-02-17 13:30:33','2021-02-17 13:30:33',''),(46,NULL,NULL,NULL,NULL,NULL,0,1,1.0000,NULL,'USD','USD','USD','USD',5.7000,5.7000,5.7000,5.7000,0.0000,0.0000,0.0000,0.0000,NULL,1,1,NULL,NULL,1,0,'2021-02-24 09:13:09','2021-02-24 09:13:09',''),(47,NULL,NULL,NULL,NULL,NULL,0,1,1.0000,NULL,'USD','USD','USD','USD',76.0000,76.0000,76.0000,76.0000,0.0000,0.0000,0.0000,0.0000,NULL,1,1,NULL,NULL,1,0,'2021-02-27 04:16:34','2021-02-27 04:16:34',''),(48,'bhargav.p@gmail.com','BHARGAV','Patel','flatrate_flatrate',NULL,0,1,1.0000,NULL,'USD','USD','USD','USD',10.9500,10.9500,0.9500,0.9500,0.0000,0.0000,0.0000,0.0000,NULL,1,1,NULL,NULL,1,0,'2021-02-27 04:16:44','2021-02-27 04:20:52',''),(50,NULL,NULL,NULL,NULL,NULL,0,1,1.0000,NULL,'USD','USD','USD','USD',80.0000,80.0000,80.0000,80.0000,0.0000,0.0000,0.0000,0.0000,NULL,1,1,NULL,NULL,1,0,'2021-03-02 06:07:29','2021-03-02 06:07:34',''),(51,NULL,NULL,NULL,NULL,NULL,0,4,4.0000,NULL,'USD','USD','USD','USD',20.0000,20.0000,20.0000,20.0000,0.0000,0.0000,0.0000,0.0000,NULL,1,1,NULL,NULL,1,0,'2021-03-03 02:44:03','2021-03-03 02:44:19',''),(54,NULL,NULL,NULL,NULL,NULL,0,1,1.0000,NULL,'USD','USD','USD','USD',2.0000,2.0000,2.0000,2.0000,0.0000,0.0000,0.0000,0.0000,NULL,1,1,NULL,NULL,1,0,'2021-03-05 08:43:29','2021-03-05 08:44:37',''),(56,NULL,NULL,NULL,NULL,NULL,0,1,1.0000,NULL,'USD','USD','USD','USD',1.0000,1.0000,1.0000,1.0000,0.0000,0.0000,0.0000,0.0000,NULL,1,1,NULL,NULL,1,0,'2021-03-06 15:51:58','2021-03-06 15:51:58',''),(57,NULL,NULL,NULL,NULL,NULL,0,5,11.0000,NULL,'USD','USD','USD','USD',158.0000,158.0000,158.0000,158.0000,0.0000,0.0000,0.0000,0.0000,NULL,1,1,NULL,NULL,1,0,'2021-03-06 15:52:11','2021-03-06 16:58:37',''),(58,'tr@yy.com','hiiuiu','mhhjhj','free_free',NULL,0,1,1.0000,NULL,'USD','USD','USD','USD',3.0000,3.0000,3.0000,3.0000,0.0000,0.0000,0.0000,0.0000,NULL,1,0,NULL,NULL,1,0,'2021-03-07 14:30:32','2021-03-07 14:59:56',''),(59,NULL,NULL,NULL,NULL,NULL,0,1,1.0000,NULL,'USD','USD','USD','USD',6.0000,6.0000,6.0000,6.0000,0.0000,0.0000,0.0000,0.0000,NULL,1,1,NULL,NULL,1,0,'2021-03-08 08:59:22','2021-03-08 09:00:10',''),(60,'sumerpal@gmail.com','Sumer','Pal','flatrate_flatrate',NULL,0,1,1.0000,NULL,'USD','USD','USD','USD',20.0000,20.0000,10.0000,10.0000,0.0000,0.0000,0.0000,0.0000,NULL,1,1,NULL,NULL,1,0,'2021-03-08 09:12:54','2021-03-08 09:17:08',''),(63,'kuldeep.mscit19@gmail.com','Kuldeep','Panchal`','free_free',NULL,0,1,101.0000,NULL,'INR','INR','INR','INR',4.1700,303.0000,4.1691,303.0000,0.0000,0.0000,0.0000,0.0000,NULL,0,0,NULL,14,1,0,'2021-03-13 05:25:45','2021-03-13 05:32:28',''),(64,'self@gmail.com','Kuldeep','Panchal','free_free',NULL,0,1,2.0000,NULL,'INR','INR','INR','INR',0.2800,20.0000,0.2752,20.0000,0.0000,0.0000,0.0000,0.0000,NULL,1,0,NULL,NULL,1,0,'2021-03-15 03:19:56','2021-03-15 03:26:04',''),(65,'kuldeep.glspgdca18@gmail.com','Kuldeep','Panchal','free_free',NULL,0,1,2.0000,NULL,'INR','INR','INR','USD',2.2000,160.0000,2.2015,160.0000,0.0000,0.0000,0.0000,0.0000,NULL,1,0,NULL,NULL,1,0,'2021-03-15 03:39:48','2021-03-15 03:42:52',''),(66,'kishan@gmail.com','Kishan','Test',NULL,NULL,0,1,20.0000,NULL,'INR','INR','INR','INR',800.0000,800.0000,800.0000,800.0000,0.0000,0.0000,0.0000,0.0000,NULL,0,1,NULL,3,1,0,'2021-03-15 05:40:14','2021-03-15 05:42:53',''),(67,'kuldeep.mscit19@gmail.com','Kuldeep','Panchal`',NULL,NULL,0,1,20.0000,NULL,'INR','INR','INR','INR',900.0000,900.0000,900.0000,900.0000,0.0000,0.0000,0.0000,0.0000,NULL,0,1,NULL,14,1,0,'2021-03-15 05:45:38','2021-03-15 05:51:55',''),(69,'kuldeep.glspgdca18@gmail.com','Kuldeep','Panchal','free_free',NULL,0,2,2.0000,NULL,'INR','INR','INR','INR',11.0000,11.0000,11.0000,11.0000,0.0000,0.0000,0.0000,0.0000,NULL,1,0,NULL,NULL,1,0,'2021-03-15 07:03:18','2021-03-15 07:13:15',''),(71,NULL,NULL,NULL,NULL,NULL,0,1,1.0000,NULL,'INR','INR','INR','INR',25.0000,25.0000,25.0000,25.0000,0.0000,0.0000,0.0000,0.0000,NULL,1,1,NULL,NULL,1,0,'2021-03-18 08:05:53','2021-03-18 08:05:53',''),(72,NULL,NULL,NULL,NULL,NULL,0,1,1.0000,NULL,'INR','INR','INR','INR',6.0000,6.0000,6.0000,6.0000,0.0000,0.0000,0.0000,0.0000,NULL,1,1,NULL,NULL,1,0,'2021-03-18 09:44:53','2021-03-18 09:45:49',''),(73,NULL,NULL,NULL,NULL,NULL,0,1,1.0000,NULL,'INR','INR','INR','INR',3.0000,3.0000,3.0000,3.0000,0.0000,0.0000,0.0000,0.0000,NULL,1,1,NULL,NULL,1,0,'2021-03-19 05:04:03','2021-03-19 05:04:03',''),(74,NULL,NULL,NULL,NULL,NULL,0,1,2.0000,NULL,'INR','INR','INR','INR',16.0000,16.0000,16.0000,16.0000,0.0000,0.0000,0.0000,0.0000,NULL,1,1,NULL,NULL,1,0,'2021-03-23 09:29:45','2021-03-23 09:34:32',''),(75,NULL,NULL,NULL,NULL,NULL,0,1,1.0000,NULL,'INR','INR','INR','INR',50.0000,50.0000,50.0000,50.0000,0.0000,0.0000,0.0000,0.0000,NULL,1,1,NULL,NULL,1,0,'2021-03-27 05:24:16','2021-03-27 05:24:16',''),(76,NULL,NULL,NULL,NULL,NULL,0,1,1.0000,NULL,'INR','INR','INR','INR',2.0000,2.0000,2.0000,2.0000,0.0000,0.0000,0.0000,0.0000,NULL,1,1,NULL,NULL,1,0,'2021-04-02 11:14:05','2021-04-02 11:14:05',''),(79,NULL,NULL,NULL,NULL,NULL,0,1,1.0000,NULL,'INR','INR','INR','INR',2.0000,2.0000,2.0000,2.0000,0.0000,0.0000,0.0000,0.0000,NULL,1,1,NULL,NULL,1,0,'2021-04-13 02:51:17','2021-04-13 02:51:17',''),(80,'rtr@kkj.com','kk','ppp','fedex_fedex',NULL,0,1,1.0000,NULL,'INR','INR','INR','INR',110.0000,110.0000,100.0000,100.0000,0.0000,0.0000,0.0000,0.0000,NULL,1,1,NULL,NULL,1,0,'2021-04-14 10:57:48','2021-04-14 11:10:55',''),(82,'payal@gmail.com','Payal','Test','fedex_fedex',NULL,0,3,3.0000,NULL,'INR','INR','INR','INR',663.0000,663.0000,653.0000,653.0000,0.0000,0.0000,0.0000,0.0000,NULL,0,1,NULL,1,1,0,'2021-04-15 14:45:53','2021-07-23 09:33:08',''),(83,'ghg@jjh.com','yy','hff','fedex_fedex',NULL,0,1,6.0000,NULL,'INR','INR','INR','INR',588.0000,588.0000,588.0000,588.0000,0.0000,0.0000,0.0000,0.0000,NULL,1,1,NULL,NULL,1,0,'2021-04-19 10:50:39','2021-04-19 11:16:09','7'),(85,NULL,NULL,NULL,NULL,NULL,0,1,20.0000,NULL,'INR','INR','INR','INR',9000.0000,9000.0000,9000.0000,9000.0000,0.0000,0.0000,0.0000,0.0000,NULL,1,1,NULL,NULL,1,0,'2021-04-21 03:53:52','2021-04-21 03:57:45','7'),(86,NULL,NULL,NULL,NULL,NULL,0,1,3.0000,NULL,'INR','INR','INR','INR',300.0000,300.0000,300.0000,300.0000,0.0000,0.0000,0.0000,0.0000,NULL,1,1,NULL,NULL,1,0,'2021-04-21 06:17:23','2021-04-21 07:14:00',''),(88,NULL,NULL,NULL,NULL,NULL,0,1,22.0000,NULL,'INR','INR','INR','INR',9900.0000,9900.0000,9900.0000,9900.0000,0.0000,0.0000,0.0000,0.0000,NULL,1,1,NULL,NULL,1,0,'2021-04-21 11:24:41','2021-04-21 12:01:48','7'),(89,NULL,NULL,NULL,NULL,NULL,0,1,1.0000,NULL,'INR','INR','INR','INR',50.0000,50.0000,50.0000,50.0000,0.0000,0.0000,0.0000,0.0000,NULL,1,1,NULL,NULL,1,0,'2021-04-22 04:51:12','2021-04-22 04:51:12',''),(91,'kpatel4707@gmail.com','Keyur','Patel','fedex_fedex',NULL,0,1,1.0000,NULL,'INR','INR','INR','INR',50.0000,50.0000,40.0000,40.0000,0.0000,0.0000,0.0000,0.0000,NULL,0,1,NULL,15,1,0,'2021-04-27 11:02:09','2021-07-03 08:29:36',''),(92,NULL,NULL,NULL,NULL,NULL,0,1,1.0000,NULL,'INR','INR','INR','INR',550.0000,550.0000,550.0000,550.0000,0.0000,0.0000,0.0000,0.0000,NULL,1,1,NULL,NULL,1,0,'2021-04-30 03:21:34','2021-04-30 03:21:34','7'),(93,NULL,NULL,NULL,NULL,NULL,0,1,1.0000,NULL,'INR','INR','INR','INR',1.0000,1.0000,1.0000,1.0000,0.0000,0.0000,0.0000,0.0000,NULL,1,1,NULL,NULL,1,0,'2021-05-02 04:05:01','2021-05-02 04:05:15',''),(94,NULL,NULL,NULL,NULL,NULL,0,1,1.0000,NULL,'INR','INR','INR','INR',1300.0000,1300.0000,1300.0000,1300.0000,0.0000,0.0000,0.0000,0.0000,NULL,1,1,NULL,NULL,1,0,'2021-05-03 02:49:58','2021-05-03 02:49:58','7'),(95,NULL,NULL,NULL,NULL,NULL,0,1,1.0000,NULL,'INR','INR','INR','INR',600.0000,600.0000,600.0000,600.0000,0.0000,0.0000,0.0000,0.0000,NULL,1,1,NULL,NULL,1,0,'2021-05-20 10:57:09','2021-05-20 10:57:10','7'),(96,NULL,NULL,NULL,NULL,NULL,0,1,1.0000,NULL,'INR','INR','INR','INR',100000.0000,100000.0000,100000.0000,100000.0000,0.0000,0.0000,0.0000,0.0000,NULL,1,1,NULL,NULL,1,0,'2021-05-20 10:58:00','2021-05-20 10:58:01','7'),(100,'bcdnssbx@skslk.com','ffvcvcvc','fvddfc','fedex_fedex',NULL,0,1,1.0000,NULL,'INR','INR','INR','INR',500.0000,500.0000,500.0000,500.0000,0.0000,0.0000,0.0000,0.0000,NULL,1,1,NULL,NULL,1,0,'2021-05-27 01:24:02','2021-05-27 01:26:56','7'),(101,'kuldeep.strivedge@gmail.com','Kuldeep','Panchal','fedex_fedex',NULL,0,1,1.0000,NULL,'INR','INR','INR','INR',16.0000,16.0000,6.0000,6.0000,0.0000,0.0000,0.0000,0.0000,NULL,1,1,NULL,NULL,1,0,'2021-05-27 03:00:43','2021-05-27 03:06:21',''),(102,NULL,NULL,NULL,NULL,NULL,0,1,1.0000,NULL,'INR','INR','INR','INR',900.0000,900.0000,900.0000,900.0000,0.0000,0.0000,0.0000,0.0000,NULL,1,1,NULL,NULL,1,0,'2021-05-31 03:08:31','2021-05-31 03:08:31','7'),(104,'info@zplusdisposable.com','Ravindra ','Radadiya','fedex_fedex',NULL,0,2,3.0000,NULL,'INR','INR','INR','INR',218.0000,218.0000,208.0000,208.0000,0.0000,0.0000,0.0000,0.0000,NULL,0,1,NULL,16,1,0,'2021-06-03 04:23:04','2021-07-05 04:02:01',''),(105,NULL,NULL,NULL,NULL,NULL,0,4,5.0000,NULL,'INR','INR','INR','INR',3556.0000,3556.0000,3556.0000,3556.0000,0.0000,0.0000,0.0000,0.0000,NULL,1,1,NULL,NULL,1,0,'2021-06-03 14:21:02','2021-06-03 14:26:35','7'),(106,NULL,NULL,NULL,NULL,NULL,0,1,1.0000,NULL,'INR','INR','INR','INR',1100.0000,1100.0000,1100.0000,1100.0000,0.0000,0.0000,0.0000,0.0000,NULL,1,1,NULL,NULL,1,0,'2021-06-14 15:01:05','2021-06-14 15:01:42',''),(107,NULL,NULL,NULL,NULL,NULL,0,4,4.0000,NULL,'INR','INR','INR','INR',2903.0000,2903.0000,2903.0000,2903.0000,0.0000,0.0000,0.0000,0.0000,NULL,1,1,NULL,NULL,1,0,'2021-06-15 05:05:55','2021-06-15 05:07:11',''),(108,NULL,NULL,NULL,NULL,NULL,0,1,1.0000,NULL,'INR','INR','INR','INR',8.0000,8.0000,8.0000,8.0000,0.0000,0.0000,0.0000,0.0000,NULL,1,1,NULL,NULL,1,0,'2021-06-15 05:50:45','2021-06-15 06:16:17',''),(109,NULL,NULL,NULL,NULL,NULL,0,2,2.0000,NULL,'INR','INR','INR','INR',603.0000,603.0000,603.0000,603.0000,0.0000,0.0000,0.0000,0.0000,NULL,1,1,NULL,NULL,1,0,'2021-06-18 02:40:50','2021-06-18 02:42:51',''),(110,NULL,NULL,NULL,NULL,NULL,0,1,1.0000,NULL,'INR','INR','INR','INR',800.0000,800.0000,800.0000,800.0000,0.0000,0.0000,0.0000,0.0000,NULL,1,1,NULL,NULL,1,0,'2021-06-28 13:54:17','2021-06-28 13:54:17',''),(111,NULL,NULL,NULL,NULL,NULL,0,1,1.0000,NULL,'INR','INR','INR','INR',800.0000,800.0000,800.0000,800.0000,0.0000,0.0000,0.0000,0.0000,NULL,1,1,NULL,NULL,1,0,'2021-06-28 13:54:17','2021-06-28 13:54:36',''),(112,NULL,NULL,NULL,NULL,NULL,0,1,1.0000,NULL,'INR','INR','INR','INR',2.0000,2.0000,2.0000,2.0000,0.0000,0.0000,0.0000,0.0000,NULL,1,1,NULL,NULL,1,0,'2021-06-28 13:54:44','2021-06-28 13:54:44',''),(113,NULL,NULL,NULL,NULL,NULL,0,2,2.0000,NULL,'INR','INR','INR','INR',602.0000,602.0000,602.0000,602.0000,0.0000,0.0000,0.0000,0.0000,NULL,1,1,NULL,NULL,1,0,'2021-06-29 15:12:24','2021-06-29 15:48:44',''),(116,'cortexproducts@gmail.com','Akash','Patel',NULL,NULL,0,2,6.0000,NULL,'INR','INR','INR','INR',1350.0000,1350.0000,1350.0000,1350.0000,0.0000,0.0000,0.0000,0.0000,NULL,0,1,NULL,17,1,0,'2021-07-05 12:24:25','2021-07-07 10:36:20',''),(117,NULL,NULL,NULL,NULL,NULL,0,1,1.0000,NULL,'INR','INR','INR','INR',600.0000,600.0000,600.0000,600.0000,0.0000,0.0000,0.0000,0.0000,NULL,1,1,NULL,NULL,1,0,'2021-07-13 07:25:59','2021-07-13 07:26:14',''),(118,NULL,NULL,NULL,NULL,NULL,0,1,1.0000,NULL,'INR','INR','INR','INR',1100.0000,1100.0000,1100.0000,1100.0000,0.0000,0.0000,0.0000,0.0000,NULL,1,1,NULL,NULL,1,0,'2021-07-19 11:36:01','2021-07-19 11:36:01',''),(119,NULL,NULL,NULL,NULL,NULL,0,1,1.0000,NULL,'INR','INR','INR','INR',1100.0000,1100.0000,1100.0000,1100.0000,0.0000,0.0000,0.0000,0.0000,NULL,1,1,NULL,NULL,1,0,'2021-07-19 11:36:15','2021-07-19 11:36:27',''),(120,NULL,NULL,NULL,NULL,NULL,0,1,1.0000,NULL,'INR','INR','INR','INR',600.0000,600.0000,600.0000,600.0000,0.0000,0.0000,0.0000,0.0000,NULL,1,1,NULL,NULL,1,0,'2021-07-23 10:37:32','2021-07-23 10:37:33',''),(121,NULL,NULL,NULL,NULL,NULL,0,1,1.0000,NULL,'INR','INR','INR','INR',2.0000,2.0000,2.0000,2.0000,0.0000,0.0000,0.0000,0.0000,NULL,1,1,NULL,NULL,1,0,'2021-07-26 03:36:10','2021-07-26 03:36:10','');
/*!40000 ALTER TABLE `cart` ENABLE KEYS */;
UNLOCK TABLES;

--
-- Table structure for table `cart_item_inventories`
--

DROP TABLE IF EXISTS `cart_item_inventories`;
/*!40101 SET @saved_cs_client     = @@character_set_client */;
/*!50503 SET character_set_client = utf8mb4 */;
CREATE TABLE `cart_item_inventories` (
  `id` int unsigned NOT NULL AUTO_INCREMENT,
  `qty` int unsigned NOT NULL DEFAULT '0',
  `inventory_source_id` int unsigned DEFAULT NULL,
  `cart_item_id` int unsigned DEFAULT NULL,
  `created_at` timestamp NULL DEFAULT NULL,
  `updated_at` timestamp NULL DEFAULT NULL,
  PRIMARY KEY (`id`)
) ENGINE=InnoDB DEFAULT CHARSET=utf8mb4 COLLATE=utf8mb4_unicode_ci ROW_FORMAT=DYNAMIC;
/*!40101 SET character_set_client = @saved_cs_client */;

--
-- Dumping data for table `cart_item_inventories`
--

LOCK TABLES `cart_item_inventories` WRITE;
/*!40000 ALTER TABLE `cart_item_inventories` DISABLE KEYS */;
/*!40000 ALTER TABLE `cart_item_inventories` ENABLE KEYS */;
UNLOCK TABLES;

--
-- Table structure for table `cart_items`
--

DROP TABLE IF EXISTS `cart_items`;
/*!40101 SET @saved_cs_client     = @@character_set_client */;
/*!50503 SET character_set_client = utf8mb4 */;
CREATE TABLE `cart_items` (
  `id` int unsigned NOT NULL AUTO_INCREMENT,
  `quantity` int unsigned NOT NULL DEFAULT '0',
  `sku` varchar(191) CHARACTER SET utf8mb4 COLLATE utf8mb4_unicode_ci DEFAULT NULL,
  `type` varchar(191) CHARACTER SET utf8mb4 COLLATE utf8mb4_unicode_ci DEFAULT NULL,
  `name` varchar(191) CHARACTER SET utf8mb4 COLLATE utf8mb4_unicode_ci DEFAULT NULL,
  `coupon_code` varchar(191) CHARACTER SET utf8mb4 COLLATE utf8mb4_unicode_ci DEFAULT NULL,
  `weight` decimal(12,4) NOT NULL DEFAULT '0.0000',
  `total_weight` decimal(12,4) NOT NULL DEFAULT '0.0000',
  `base_total_weight` decimal(12,4) NOT NULL DEFAULT '0.0000',
  `price` decimal(12,4) NOT NULL DEFAULT '1.0000',
  `base_price` decimal(12,4) NOT NULL DEFAULT '0.0000',
  `total` decimal(12,4) NOT NULL DEFAULT '0.0000',
  `base_total` decimal(12,4) NOT NULL DEFAULT '0.0000',
  `tax_percent` decimal(12,4) DEFAULT '0.0000',
  `tax_amount` decimal(12,4) DEFAULT '0.0000',
  `base_tax_amount` decimal(12,4) DEFAULT '0.0000',
  `discount_percent` decimal(12,4) NOT NULL DEFAULT '0.0000',
  `discount_amount` decimal(12,4) NOT NULL DEFAULT '0.0000',
  `base_discount_amount` decimal(12,4) NOT NULL DEFAULT '0.0000',
  `additional` longtext CHARACTER SET utf8mb4 COLLATE utf8mb4_bin,
  `parent_id` int unsigned DEFAULT NULL,
  `product_id` int unsigned NOT NULL,
  `cart_id` int unsigned NOT NULL,
  `tax_category_id` int unsigned DEFAULT NULL,
  `created_at` timestamp NULL DEFAULT NULL,
  `updated_at` timestamp NULL DEFAULT NULL,
  `custom_price` decimal(12,4) DEFAULT NULL,
  `applied_cart_rule_ids` varchar(191) CHARACTER SET utf8mb4 COLLATE utf8mb4_unicode_ci DEFAULT NULL,
  PRIMARY KEY (`id`),
  KEY `cart_items_product_id_foreign` (`product_id`),
  KEY `cart_items_cart_id_foreign` (`cart_id`),
  KEY `cart_items_tax_category_id_foreign` (`tax_category_id`),
  KEY `cart_items_parent_id_foreign` (`parent_id`),
  CONSTRAINT `cart_items_cart_id_foreign` FOREIGN KEY (`cart_id`) REFERENCES `cart` (`id`) ON DELETE CASCADE,
  CONSTRAINT `cart_items_parent_id_foreign` FOREIGN KEY (`parent_id`) REFERENCES `cart_items` (`id`) ON DELETE CASCADE,
  CONSTRAINT `cart_items_product_id_foreign` FOREIGN KEY (`product_id`) REFERENCES `products` (`id`) ON DELETE CASCADE,
  CONSTRAINT `cart_items_tax_category_id_foreign` FOREIGN KEY (`tax_category_id`) REFERENCES `tax_categories` (`id`)
) ENGINE=InnoDB AUTO_INCREMENT=162 DEFAULT CHARSET=utf8mb4 COLLATE=utf8mb4_unicode_ci ROW_FORMAT=DYNAMIC;
/*!40101 SET character_set_client = @saved_cs_client */;

--
-- Dumping data for table `cart_items`
--

LOCK TABLES `cart_items` WRITE;
/*!40000 ALTER TABLE `cart_items` DISABLE KEYS */;
INSERT INTO `cart_items` VALUES (1,2,'ssd','simple','Test Product',NULL,100.0000,200.0000,200.0000,90.0000,90.0000,180.0000,180.0000,0.0000,0.0000,0.0000,0.0000,0.0000,0.0000,'{\"quantity\":2,\"product_id\":\"1\",\"_token\":\"kmXhAXt9nwgOnA4ij36dXo6QGo3QaoTCatBsBcWi\"}',NULL,1,1,NULL,'2021-01-06 16:02:08','2021-01-07 08:13:43',NULL,''),(3,1,'sdff','simple','Mac',NULL,500.0000,500.0000,500.0000,100000.0000,100000.0000,100000.0000,100000.0000,0.0000,0.0000,0.0000,0.0000,0.0000,0.0000,'{\"quantity\":1,\"product_id\":\"24\",\"_token\":\"V3jyrzamxHisYUoc8kRq99ivJwKWe6UOiyfoD0Ri\"}',NULL,24,3,NULL,'2021-01-09 13:42:07','2021-01-09 13:43:07',NULL,''),(9,2,'ssd','simple','Test Product',NULL,100.0000,200.0000,200.0000,90.0000,90.0000,180.0000,180.0000,0.0000,0.0000,0.0000,0.0000,0.0000,0.0000,'{\"quantity\":2,\"product_id\":\"1\",\"_token\":\"1OnhQR1Iyb2yn2CTJ8BOLxs3a6kid7hk8XKeIVCy\"}',NULL,1,13,NULL,'2021-01-12 14:39:40','2021-01-12 14:39:49',NULL,''),(18,1,'fgu','simple','Tshirt',NULL,200.0000,200.0000,200.0000,450.0000,450.0000,450.0000,450.0000,0.0000,0.0000,0.0000,0.0000,0.0000,0.0000,'{\"_token\":\"TmrpJnnbxe4iVxV0uFyKNgBGTCG3srXPBF0JjXxB\",\"product_id\":\"23\",\"quantity\":\"1\"}',NULL,23,19,NULL,'2021-01-22 06:53:30','2021-01-22 10:02:21',NULL,''),(20,1,'0107','simple','Infrared Thermometer',NULL,2.0000,2.0000,2.0000,23.7500,23.7500,23.7500,23.7500,0.0000,0.0000,0.0000,0.0000,0.0000,0.0000,'{\"is_buy_now\":\"0\",\"_token\":\"EO3G5Bxm5z994GPkeGCNT2pVrXuvitmsRSLnxM7F\",\"product_id\":\"93\",\"quantity\":\"1\"}',NULL,93,17,NULL,'2021-01-23 12:44:12','2021-01-28 11:55:17',NULL,''),(22,1,'0117','simple','PURELL Cottony Soft Hand Sanitizing Wipes, 1000 Individually Wrapped Hand Sanitizing Wipes in Bulk Packed Shipper - 9026-1M',NULL,4.0000,4.0000,4.0000,30.0000,30.0000,30.0000,30.0000,0.0000,0.0000,0.0000,0.0000,0.0000,0.0000,'{\"is_buy_now\":\"0\",\"_token\":\"gTVZtyvokUeYwDuX0td88ILFAg068ON3roIhj3dk\",\"product_id\":\"103\",\"quantity\":\"1\"}',NULL,103,22,NULL,'2021-01-29 11:46:49','2021-02-03 10:26:35',NULL,''),(23,1,'0117','simple','PURELL Cottony Soft Hand Sanitizing Wipes, 1000 Individually Wrapped Hand Sanitizing Wipes in Bulk Packed Shipper - 9026-1M',NULL,4.0000,4.0000,4.0000,28.5000,28.5000,28.5000,28.5000,0.0000,0.0000,0.0000,0.0000,0.0000,0.0000,'{\"is_buy_now\":\"0\",\"_token\":\"OI55F0TOP0CncVyLoX3KNtzxKmLEtTkCexxy2Sx1\",\"product_id\":\"103\",\"quantity\":\"1\"}',NULL,103,23,NULL,'2021-01-30 06:00:25','2021-01-30 06:01:30',NULL,''),(25,1,'0108','simple','Face Shield, Disposable',NULL,0.0000,0.0000,0.0000,1.0000,1.0000,1.0000,1.0000,0.0000,0.0000,0.0000,0.0000,0.0000,0.0000,'{\"quantity\":1,\"product_id\":\"94\",\"_token\":\"MooLadIL5auFIhyJBvrp4NFknMUmjcXpTitxpTrH\"}',NULL,94,22,NULL,'2021-02-02 11:07:10','2021-02-03 10:26:35',NULL,''),(28,1,'fgu','simple','Tshirt',NULL,200.0000,200.0000,200.0000,500.0000,500.0000,500.0000,500.0000,0.0000,0.0000,0.0000,0.0000,0.0000,0.0000,'{\"quantity\":1,\"product_id\":\"23\",\"_token\":\"gV3srrsDK7YsLHlVYb7fngAcdDf0Lc0xHjeLmWnp\"}',NULL,23,22,NULL,'2021-02-03 09:34:43','2021-02-03 10:26:35',NULL,''),(31,2,'0116','simple','PURELL Advanced Hand Sanitizer Refreshing Gel, Clean Scent, 1 fl oz Travel Size Flip-Cap Bottle with Display Bowl (Pack of 36)  3901-36-BWL',NULL,1.0000,2.0000,2.0000,10.0000,10.0000,20.0000,20.0000,0.0000,0.0000,0.0000,0.0000,0.0000,0.0000,'{\"_token\":\"Pf50t7sA0dabUwT0544tjaf4MSWAAJk96wG8WcU7\",\"product_id\":\"102\",\"quantity\":\"1\"}',NULL,102,27,NULL,'2021-02-04 09:23:55','2021-02-05 10:21:32',NULL,''),(33,2,'0104','simple','KN95 with Respiratory Valve',NULL,0.0000,0.0000,0.0000,6.0000,6.0000,12.0000,12.0000,0.0000,0.0000,0.0000,0.0000,0.0000,0.0000,'{\"_token\":\"Pf50t7sA0dabUwT0544tjaf4MSWAAJk96wG8WcU7\",\"product_id\":\"90\",\"quantity\":2}',NULL,90,26,NULL,'2021-02-04 09:26:37','2021-02-04 14:43:43',NULL,''),(36,1,'0109','simple','Currency Notes/Mobile/Keys Sanitizing Machine',NULL,3.0000,3.0000,3.0000,35.0000,35.0000,35.0000,35.0000,0.0000,0.0000,0.0000,0.0000,0.0000,0.0000,'{\"_token\":\"Pf50t7sA0dabUwT0544tjaf4MSWAAJk96wG8WcU7\",\"product_id\":\"95\",\"quantity\":\"1\"}',NULL,95,26,NULL,'2021-02-04 14:40:33','2021-02-04 14:43:43',NULL,''),(37,1,'0116','simple','PURELL Advanced Hand Sanitizer Refreshing Gel, Clean Scent, 1 fl oz Travel Size Flip-Cap Bottle with Display Bowl (Pack of 36)  3901-36-BWL',NULL,1.0000,1.0000,1.0000,9.5000,9.5000,9.5000,9.5000,0.0000,0.0000,0.0000,0.0000,0.0000,0.0000,'{\"quantity\":1,\"product_id\":\"102\",\"_token\":\"AwgXI10NAtsyO8mXuxkGx4rk3cIvOIRpZAOZRiyC\"}',NULL,102,30,NULL,'2021-02-05 10:46:26','2021-02-05 12:02:23',NULL,''),(38,1,'0103','simple','KN 95 Face Mask, 5 layers',NULL,0.0000,0.0000,0.0000,4.7500,4.7500,4.7500,4.7500,0.0000,0.0000,0.0000,0.0000,0.0000,0.0000,'{\"_token\":\"AwgXI10NAtsyO8mXuxkGx4rk3cIvOIRpZAOZRiyC\",\"product_id\":\"89\",\"quantity\":\"1\"}',NULL,89,30,NULL,'2021-02-05 11:53:36','2021-02-05 12:02:23',NULL,''),(39,1,'0116','simple','PURELL Advanced Hand Sanitizer Refreshing Gel, Clean Scent, 1 fl oz Travel Size Flip-Cap Bottle with Display Bowl (Pack of 36)  3901-36-BWL',NULL,1.0000,1.0000,1.0000,9.5000,9.5000,9.5000,9.5000,0.0000,0.0000,0.0000,0.0000,0.0000,0.0000,'{\"quantity\":1,\"product_id\":\"102\",\"_token\":\"s5aFOMH3RzYTQKfbAf13Xvxn4csIL9tEh09TiRil\"}',NULL,102,31,NULL,'2021-02-09 03:30:46','2021-02-09 03:31:19',NULL,''),(40,3,'0116','simple','PURELL Advanced Hand Sanitizer Refreshing Gel, Clean Scent, 1 fl oz Travel Size Flip-Cap Bottle with Display Bowl (Pack of 36)  3901-36-BWL',NULL,1.0000,3.0000,3.0000,9.5000,9.5000,28.5000,28.5000,0.0000,0.0000,0.0000,0.0000,0.0000,0.0000,'{\"quantity\":1,\"product_id\":\"102\",\"_token\":\"o6a4e03vdKJTExJdCG5UIrtax7btNEESQTiie856\"}',NULL,102,32,NULL,'2021-02-09 08:05:36','2021-02-09 08:11:08',NULL,''),(41,1,'0116','simple','PURELL Advanced Hand Sanitizer Refreshing Gel, Clean Scent, 1 fl oz Travel Size Flip-Cap Bottle with Display Bowl (Pack of 36)  3901-36-BWL',NULL,1.0000,1.0000,1.0000,9.5000,9.5000,9.5000,9.5000,0.0000,0.0000,0.0000,0.0000,0.0000,0.0000,'{\"quantity\":1,\"product_id\":\"102\",\"_token\":\"WhGej2Q7jqK8QBD62oSjavBHb7MrJasC8qN9zADQ\"}',NULL,102,33,NULL,'2021-02-09 08:46:30','2021-02-09 08:48:30',NULL,''),(42,1,'0116','simple','PURELL Advanced Hand Sanitizer Refreshing Gel, Clean Scent, 1 fl oz Travel Size Flip-Cap Bottle with Display Bowl (Pack of 36)  3901-36-BWL',NULL,1.0000,1.0000,1.0000,9.5000,9.5000,9.5000,9.5000,0.0000,0.0000,0.0000,0.0000,0.0000,0.0000,'{\"quantity\":1,\"product_id\":\"102\",\"_token\":\"WhGej2Q7jqK8QBD62oSjavBHb7MrJasC8qN9zADQ\"}',NULL,102,34,NULL,'2021-02-09 10:00:23','2021-02-09 10:10:05',NULL,''),(43,1,'0116','simple',NULL,NULL,1.0000,1.0000,1.0000,9.5000,9.5000,9.5000,9.5000,0.0000,0.0000,0.0000,0.0000,0.0000,0.0000,'{\"quantity\":1,\"product_id\":\"102\",\"_token\":\"o6a4e03vdKJTExJdCG5UIrtax7btNEESQTiie856\"}',NULL,102,35,NULL,'2021-02-09 11:03:59','2021-02-09 11:05:28',NULL,''),(44,1,'0116','simple',NULL,NULL,1.0000,1.0000,1.0000,9.5000,9.5000,9.5000,9.5000,0.0000,0.0000,0.0000,0.0000,0.0000,0.0000,'{\"quantity\":1,\"product_id\":\"102\",\"_token\":\"o6a4e03vdKJTExJdCG5UIrtax7btNEESQTiie856\"}',NULL,102,36,NULL,'2021-02-09 11:05:45','2021-02-09 11:06:13',NULL,''),(46,1,'0116','simple','PURELL Advanced Hand Sanitizer Refreshing Gel, Clean Scent, 1 fl oz Travel Size Flip-Cap Bottle with Display Bowl (Pack of 36)  3901-36-BWL',NULL,1.0000,1.0000,1.0000,9.5000,9.5000,9.5000,9.5000,0.0000,0.0000,0.0000,0.0000,0.0000,0.0000,'{\"_token\":\"0wlakrKLxQre2K6gBoEb6fTyCaYt32a1XjsGUILS\",\"product_id\":\"102\",\"quantity\":\"1\"}',NULL,102,38,NULL,'2021-02-12 03:57:20','2021-02-12 03:57:20',NULL,''),(52,1,'0104','simple','KN95 with Respiratory Valve',NULL,0.0000,0.0000,0.0000,5.7000,5.7000,5.7000,5.7000,0.0000,0.0000,0.0000,0.0000,0.0000,0.0000,'{\"_token\":\"G4s6rwuSu3yU8eYHA0k0Awt0BoiCCRkKQEUynze7\",\"product_id\":\"90\",\"quantity\":\"1\"}',NULL,90,45,NULL,'2021-02-17 13:30:33','2021-02-17 13:30:33',NULL,''),(53,1,'0104','simple','KN95 with Respiratory Valve',NULL,0.0000,0.0000,0.0000,5.7000,5.7000,5.7000,5.7000,0.0000,0.0000,0.0000,0.0000,0.0000,0.0000,'{\"_token\":\"a3PGbULE2vZUQ8HnEOJHNpWG7wYriistDECjKDrF\",\"product_id\":\"90\",\"quantity\":\"1\"}',NULL,90,46,NULL,'2021-02-24 09:13:09','2021-02-24 09:13:09',NULL,''),(54,1,'0114','simple','DP2040 - Fingertip Oximeter',NULL,4.0000,4.0000,4.0000,76.0000,76.0000,76.0000,76.0000,0.0000,0.0000,0.0000,0.0000,0.0000,0.0000,'{\"_token\":\"UFfyEhhdoXWsIYsF5Jy2U42oszKNlOpBp6xonrxk\",\"product_id\":\"100\",\"quantity\":\"1\"}',NULL,100,47,NULL,'2021-02-27 04:16:34','2021-02-27 04:16:34',NULL,''),(55,1,'0108','simple','Face Shield, Disposable',NULL,0.0000,0.0000,0.0000,0.9500,0.9500,0.9500,0.9500,0.0000,0.0000,0.0000,0.0000,0.0000,0.0000,'{\"_token\":\"UFfyEhhdoXWsIYsF5Jy2U42oszKNlOpBp6xonrxk\",\"product_id\":\"94\",\"quantity\":\"1\"}',NULL,94,48,NULL,'2021-02-27 04:16:45','2021-02-27 04:20:52',NULL,''),(57,1,'0114','simple','DP2040 - Fingertip Oximeter',NULL,4.0000,4.0000,4.0000,80.0000,80.0000,80.0000,80.0000,0.0000,0.0000,0.0000,0.0000,0.0000,0.0000,'{\"quantity\":1,\"product_id\":\"100\",\"_token\":\"EPv8ZShNoiD7mydsVxx9gujyjZDT8qjdEKM1rj8q\"}',NULL,100,50,NULL,'2021-03-02 06:07:29','2021-03-02 06:07:34',NULL,''),(58,1,'0116','simple','PURELL Advanced Hand Sanitizer Refreshing Gel, Clean Scent, 1 fl oz Travel Size Flip-Cap Bottle with Display Bowl (Pack of 36)  3901-36-BWL',NULL,1.0000,1.0000,1.0000,10.0000,10.0000,10.0000,10.0000,0.0000,0.0000,0.0000,0.0000,0.0000,0.0000,'{\"quantity\":1,\"product_id\":\"102\",\"_token\":\"3yhcCQKa3ug9IDGcOEZurNBycYpX7pHAbM9f22Kb\"}',NULL,102,51,NULL,'2021-03-03 02:44:03','2021-03-03 02:44:19',NULL,''),(59,1,'0102','simple','Non woven Face mask (for Civil Use)',NULL,0.0000,0.0000,0.0000,1.0000,1.0000,1.0000,1.0000,0.0000,0.0000,0.0000,0.0000,0.0000,0.0000,'{\"_token\":\"3yhcCQKa3ug9IDGcOEZurNBycYpX7pHAbM9f22Kb\",\"product_id\":\"88\",\"quantity\":\"1\"}',NULL,88,51,NULL,'2021-03-03 02:44:10','2021-03-03 02:44:19',NULL,''),(60,1,'0104','simple','KN95 with Respiratory Valve',NULL,0.0000,0.0000,0.0000,6.0000,6.0000,6.0000,6.0000,0.0000,0.0000,0.0000,0.0000,0.0000,0.0000,'{\"_token\":\"3yhcCQKa3ug9IDGcOEZurNBycYpX7pHAbM9f22Kb\",\"product_id\":\"90\",\"quantity\":\"1\"}',NULL,90,51,NULL,'2021-03-03 02:44:14','2021-03-03 02:44:19',NULL,''),(61,1,'0117','simple','PURELL Cottony Soft Hand Sanitizing Wipes, 1000 Individually Wrapped Hand Sanitizing Wipes in Bulk Packed Shipper - 9026-1M',NULL,4.0000,4.0000,4.0000,3.0000,3.0000,3.0000,3.0000,0.0000,0.0000,0.0000,0.0000,0.0000,0.0000,'{\"_token\":\"3yhcCQKa3ug9IDGcOEZurNBycYpX7pHAbM9f22Kb\",\"product_id\":\"103\",\"quantity\":\"1\"}',NULL,103,51,NULL,'2021-03-03 02:44:18','2021-03-03 02:44:19',NULL,''),(64,1,'0105','simple','Wegwerp-sms-medische jas, 40 gsm',NULL,0.0000,0.0000,0.0000,2.0000,2.0000,2.0000,2.0000,0.0000,0.0000,0.0000,0.0000,0.0000,0.0000,'{\"is_buy_now\":\"0\",\"_token\":\"fp3SjD2o9Vn1Y9MksJfaB8nhK1ptghz0fCd4olOo\",\"product_id\":\"91\",\"quantity\":\"1\"}',NULL,91,54,NULL,'2021-03-05 08:43:29','2021-03-05 08:44:37',NULL,''),(67,1,'0108','simple','Face Shield, Disposable',NULL,0.0000,0.0000,0.0000,1.0000,1.0000,1.0000,1.0000,0.0000,0.0000,0.0000,0.0000,0.0000,0.0000,'{\"quantity\":1,\"product_id\":\"94\",\"_token\":\"StYYqmRqwcweH61l3T4uuRyTXZ0FDpYEfkzfFy2t\"}',NULL,94,56,NULL,'2021-03-06 15:51:58','2021-03-06 15:51:58',NULL,''),(68,5,'0115','simple','DxTerity COVID-19 Saliva at-Home Collection Kit with Prepaid Express Return Shipping and Laboratory PCR Testing',NULL,0.0000,0.0000,0.0000,3.0000,3.0000,15.0000,15.0000,0.0000,0.0000,0.0000,0.0000,0.0000,0.0000,'{\"quantity\":5,\"product_id\":\"101\",\"_token\":\"StYYqmRqwcweH61l3T4uuRyTXZ0FDpYEfkzfFy2t\"}',NULL,101,57,NULL,'2021-03-06 15:52:11','2021-03-06 16:58:37',NULL,''),(69,1,'0114','simple','DP2040 - Fingertip Oximeter',NULL,4.0000,4.0000,4.0000,80.0000,80.0000,80.0000,80.0000,0.0000,0.0000,0.0000,0.0000,0.0000,0.0000,'{\"_token\":\"StYYqmRqwcweH61l3T4uuRyTXZ0FDpYEfkzfFy2t\",\"product_id\":\"100\",\"quantity\":\"1\"}',NULL,100,57,NULL,'2021-03-06 15:52:39','2021-03-06 16:58:37',NULL,''),(70,2,'0103','simple','KN 95 Face Mask, 5 layers',NULL,0.0000,0.0000,0.0000,5.0000,5.0000,10.0000,10.0000,0.0000,0.0000,0.0000,0.0000,0.0000,0.0000,'{\"quantity\":1,\"product_id\":\"89\",\"_token\":\"StYYqmRqwcweH61l3T4uuRyTXZ0FDpYEfkzfFy2t\"}',NULL,89,57,NULL,'2021-03-06 15:53:08','2021-03-06 16:58:37',NULL,''),(71,2,'0107','simple','Infrared Thermometer',NULL,2.0000,4.0000,4.0000,25.0000,25.0000,50.0000,50.0000,0.0000,0.0000,0.0000,0.0000,0.0000,0.0000,'{\"quantity\":2,\"product_id\":\"93\",\"_token\":\"StYYqmRqwcweH61l3T4uuRyTXZ0FDpYEfkzfFy2t\"}',NULL,93,57,NULL,'2021-03-06 16:01:24','2021-03-06 16:58:37',NULL,''),(72,1,'0117','simple','PURELL Cottony Soft Hand Sanitizing Wipes, 1000 Individually Wrapped Hand Sanitizing Wipes in Bulk Packed Shipper - 9026-1M',NULL,4.0000,4.0000,4.0000,3.0000,3.0000,3.0000,3.0000,0.0000,0.0000,0.0000,0.0000,0.0000,0.0000,'{\"quantity\":1,\"product_id\":\"103\",\"_token\":\"StYYqmRqwcweH61l3T4uuRyTXZ0FDpYEfkzfFy2t\"}',NULL,103,57,NULL,'2021-03-06 16:56:09','2021-03-06 16:58:37',NULL,''),(73,1,'0115','simple','DxTerity COVID-19 Saliva at-Home Collection Kit with Prepaid Express Return Shipping and Laboratory PCR Testing',NULL,0.0000,0.0000,0.0000,3.0000,3.0000,3.0000,3.0000,0.0000,0.0000,0.0000,0.0000,0.0000,0.0000,'{\"quantity\":1,\"product_id\":\"101\",\"_token\":\"jebFbrdqKcosthvFQAxNdFYihXuJTzp1IVOUqQHK\"}',NULL,101,58,NULL,'2021-03-07 14:30:32','2021-03-07 14:59:51',NULL,''),(74,1,'0104','simple','KN95 with Respiratory Valve',NULL,0.0000,0.0000,0.0000,6.0000,6.0000,6.0000,6.0000,0.0000,0.0000,0.0000,0.0000,0.0000,0.0000,'{\"is_buy_now\":\"0\",\"_token\":\"0vPeEqnkoFxBL8ioWWW3jDi8s0xysjOiPMcpFshs\",\"product_id\":\"90\",\"quantity\":\"1\"}',NULL,90,59,NULL,'2021-03-08 08:59:22','2021-03-08 09:00:10',NULL,''),(75,1,'0116','simple','PURELL Advanced Hand Sanitizer Refreshing Gel, Clean Scent, 1 fl oz Travel Size Flip-Cap Bottle with Display Bowl (Pack of 36)  3901-36-BWL',NULL,1.0000,1.0000,1.0000,10.0000,10.0000,10.0000,10.0000,0.0000,0.0000,0.0000,0.0000,0.0000,0.0000,'{\"_token\":\"8vIfT0UV45thp8w56q3pATQnTvSIbF8Pp4xFe231\",\"product_id\":\"102\",\"quantity\":\"1\"}',NULL,102,60,NULL,'2021-03-08 09:12:54','2021-03-08 09:17:08',NULL,''),(78,101,'0115','simple','DxTerity COVID-19 Saliva at-Home Collection Kit with Prepaid Express Return Shipping and Laboratory PCR Testing',NULL,0.0000,0.0000,0.0000,0.0413,3.0000,4.1691,303.0000,0.0000,0.0000,0.0000,0.0000,0.0000,0.0000,'{\"_token\":\"1IDbqFQ5FnVE1aWIibUsYOG7azBgBkCpjul7LIbQ\",\"product_id\":\"101\",\"quantity\":\"1\",\"status\":0}',NULL,101,63,NULL,'2021-03-13 05:25:45','2021-03-13 05:32:23',NULL,''),(79,2,'0116','simple','PURELL Advanced Hand Sanitizer Refreshing Gel, Clean Scent, 1 fl oz Travel Size Flip-Cap Bottle with Display Bowl (Pack of 36)  3901-36-BWL',NULL,1.0000,2.0000,2.0000,0.1376,10.0000,0.2752,20.0000,0.0000,0.0000,0.0000,0.0000,0.0000,0.0000,'{\"_token\":\"1jVOZC6GFh3h0ZsqG7VwLwQItu4SoLmOSchSQaRJ\",\"product_id\":\"102\",\"quantity\":\"1\",\"status\":0}',NULL,102,64,NULL,'2021-03-15 03:19:56','2021-03-15 03:25:59',NULL,''),(80,2,'0114','simple','DP2040 - Fingertip Oximeter',NULL,4.0000,8.0000,8.0000,1.1008,80.0000,2.2015,160.0000,0.0000,0.0000,0.0000,0.0000,0.0000,0.0000,'{\"_token\":\"1jVOZC6GFh3h0ZsqG7VwLwQItu4SoLmOSchSQaRJ\",\"product_id\":\"100\",\"quantity\":\"1\",\"status\":0}',NULL,100,65,NULL,'2021-03-15 03:39:48','2021-03-15 03:42:47',NULL,''),(81,20,'0116','simple','PURELL Advanced Hand Sanitizer Refreshing Gel, Clean Scent, 1 fl oz Travel Size Flip-Cap Bottle with Display Bowl (Pack of 36)  3901-36-BWL',NULL,1.0000,20.0000,20.0000,40.0000,40.0000,800.0000,800.0000,0.0000,0.0000,0.0000,0.0000,0.0000,0.0000,'{\"_token\":\"1jVOZC6GFh3h0ZsqG7VwLwQItu4SoLmOSchSQaRJ\",\"product_id\":\"102\",\"quantity\":\"1\",\"status\":0}',NULL,102,66,NULL,'2021-03-15 05:40:14','2021-03-15 05:42:53',NULL,''),(82,20,'0116','simple','PURELL Advanced Hand Sanitizer Refreshing Gel, Clean Scent, 1 fl oz Travel Size Flip-Cap Bottle with Display Bowl (Pack of 36)  3901-36-BWL',NULL,1.0000,20.0000,20.0000,45.0000,45.0000,900.0000,900.0000,0.0000,0.0000,0.0000,0.0000,0.0000,0.0000,'{\"_token\":\"1jVOZC6GFh3h0ZsqG7VwLwQItu4SoLmOSchSQaRJ\",\"product_id\":\"102\",\"quantity\":\"1\",\"status\":0}',NULL,102,67,NULL,'2021-03-15 05:45:38','2021-03-15 05:51:55',NULL,''),(84,1,'0108','simple','Face Shield, Disposable',NULL,0.0000,0.0000,0.0000,1.0000,1.0000,1.0000,1.0000,0.0000,0.0000,0.0000,0.0000,0.0000,0.0000,'{\"_token\":\"1jVOZC6GFh3h0ZsqG7VwLwQItu4SoLmOSchSQaRJ\",\"product_id\":\"94\",\"quantity\":\"1\",\"status\":0}',NULL,94,69,NULL,'2021-03-15 07:03:18','2021-03-15 07:13:10',NULL,''),(85,1,'0106','simple','Disposable Protective Coveralls 63 GSM',NULL,2.0000,2.0000,2.0000,10.0000,10.0000,10.0000,10.0000,0.0000,0.0000,0.0000,0.0000,0.0000,0.0000,'{\"_token\":\"1jVOZC6GFh3h0ZsqG7VwLwQItu4SoLmOSchSQaRJ\",\"product_id\":\"92\",\"quantity\":\"1\",\"status\":0}',NULL,92,69,NULL,'2021-03-15 07:05:39','2021-03-15 07:13:10',NULL,''),(89,1,'0107','simple','Infrared Thermometer',NULL,2.0000,2.0000,2.0000,25.0000,25.0000,25.0000,25.0000,0.0000,0.0000,0.0000,0.0000,0.0000,0.0000,'{\"_token\":\"6MbALpWuxjetBm6LQMz2sPTQWVggO2NqskZ90zaQ\",\"product_id\":\"93\",\"quantity\":\"1\",\"status\":0}',NULL,93,71,NULL,'2021-03-18 08:05:53','2021-03-18 08:05:53',NULL,''),(90,1,'0104','simple','KN95 with Respiratory Valve',NULL,0.0000,0.0000,0.0000,6.0000,6.0000,6.0000,6.0000,0.0000,0.0000,0.0000,0.0000,0.0000,0.0000,'{\"_token\":\"lNJ9Intgr7NTxKu1MO9jxGjcFu6Uq3rNUovLGIow\",\"product_id\":\"90\",\"quantity\":\"1\",\"status\":0}',NULL,90,72,NULL,'2021-03-18 09:44:53','2021-03-18 09:45:49',NULL,''),(91,1,'0117','simple','PURELL Cottony Soft Hand Sanitizing Wipes, 1000 Individually Wrapped Hand Sanitizing Wipes in Bulk Packed Shipper - 9026-1M',NULL,4.0000,4.0000,4.0000,3.0000,3.0000,3.0000,3.0000,0.0000,0.0000,0.0000,0.0000,0.0000,0.0000,'{\"_token\":\"GKz83k1BJLQSArwuhMT2jto16k9RuwdqqInbj2sc\",\"product_id\":\"103\",\"quantity\":\"1\",\"status\":0}',NULL,103,73,NULL,'2021-03-19 05:04:03','2021-03-19 05:04:03',NULL,''),(92,2,'123456','simple','3ply-mask',NULL,12.0000,24.0000,24.0000,8.0000,8.0000,16.0000,16.0000,0.0000,0.0000,0.0000,0.0000,0.0000,0.0000,'{\"quantity\":2,\"product_id\":\"110\",\"_token\":\"3Xw9izQMUbmwTGdMwAe6pmfobDNQBEWvkBt2LTcy\"}',NULL,110,74,NULL,'2021-03-23 09:29:45','2021-03-23 09:34:32',NULL,''),(93,1,'0116','simple','PURELL Advanced Hand Sanitizer Refreshing Gel, Clean Scent, 1 fl oz Travel Size Flip-Cap Bottle with Display Bowl (Pack of 36)  3901-36-BWL',NULL,1.0000,1.0000,1.0000,50.0000,50.0000,50.0000,50.0000,0.0000,0.0000,0.0000,0.0000,0.0000,0.0000,'{\"_token\":\"SRPm01w8bjBvmAVAM8BLBxJ1ipF66LM0AhAWR725\",\"product_id\":\"102\",\"quantity\":\"1\",\"status\":0}',NULL,102,75,NULL,'2021-03-27 05:24:16','2021-03-27 05:24:16',NULL,''),(94,1,'1234567890','simple','C-Cure 3 ply Disposable Face Mask ',NULL,18.0000,18.0000,18.0000,2.0000,2.0000,2.0000,2.0000,0.0000,0.0000,0.0000,0.0000,0.0000,0.0000,'{\"quantity\":1,\"product_id\":\"108\",\"_token\":\"NHfj30LQoKCYU6pUQrbYTw0xWF1M2Ivx8GzInG2k\"}',NULL,108,76,NULL,'2021-04-02 11:14:05','2021-04-02 11:14:05',NULL,''),(100,1,'1234567890','simple','C-Cure 3 ply Disposable Face Mask ',NULL,18.0000,18.0000,18.0000,2.0000,2.0000,2.0000,2.0000,0.0000,0.0000,0.0000,0.0000,0.0000,0.0000,'{\"_token\":\"SNWAEsD3Okvt5LBdhbvhxI85FsaTiYUhHsCU7a2a\",\"product_id\":\"108\",\"quantity\":\"1\",\"status\":0}',NULL,108,79,NULL,'2021-04-13 02:51:17','2021-04-13 02:51:17',NULL,''),(101,1,'dispo-cap','simple','buffon cap',NULL,15.0000,15.0000,15.0000,100.0000,100.0000,100.0000,100.0000,0.0000,0.0000,0.0000,0.0000,0.0000,0.0000,'{\"is_buy_now\":\"0\",\"_token\":\"8FwUb6prTiU6U86TvJhQSoKXhg1mBbJm6alKYDeS\",\"product_id\":\"112\",\"zipcode\":\"\",\"quantity\":\"1\",\"status\":0}',NULL,112,80,NULL,'2021-04-14 10:57:48','2021-04-14 11:10:55',NULL,''),(103,6,'container123456','simple','Johnson & Johnson Bottle',NULL,0.5000,3.0000,3.0000,98.0000,98.0000,588.0000,588.0000,0.0000,0.0000,0.0000,0.0000,0.0000,0.0000,'{\"quantity\":1,\"product_id\":\"119\",\"_token\":\"HtB4vKbP12OgVvm1BWP2fNWkmLeCd4e5j9IjLdqo\"}',NULL,119,83,NULL,'2021-04-19 10:50:39','2021-04-19 11:16:09',NULL,'7'),(106,20,'mo-1002','simple','Lumbo Sacral Support Belt with Double Strapping',NULL,1.0000,20.0000,20.0000,450.0000,450.0000,9000.0000,9000.0000,0.0000,0.0000,0.0000,0.0000,0.0000,0.0000,'{\"quantity\":20,\"product_id\":\"122\",\"_token\":\"lQ20ES5fqheCmGXgSxqOZULTiyRU7OsRrPxphBDT\"}',NULL,122,85,NULL,'2021-04-21 03:53:52','2021-04-21 03:57:45',NULL,'7'),(107,3,'0110','simple','Automatic Mist Based Sanitizer Dispenser',NULL,15.0000,45.0000,45.0000,100.0000,100.0000,300.0000,300.0000,0.0000,0.0000,0.0000,0.0000,0.0000,0.0000,'{\"_token\":\"fhyHoFv3PSt55vFqpl9AEQbuZSTmuLr0niSl0NsK\",\"product_id\":\"96\",\"quantity\":3,\"status\":0}',NULL,96,86,NULL,'2021-04-21 06:17:23','2021-04-21 07:14:00',NULL,''),(109,1,'0115','simple','DxTerity COVID-19 Saliva at-Home Collection Kit with Prepaid Express Return Shipping and Laboratory PCR Testing',NULL,0.0000,0.0000,0.0000,3.0000,3.0000,3.0000,3.0000,0.0000,0.0000,0.0000,0.0000,0.0000,0.0000,'{\"quantity\":1,\"product_id\":\"101\",\"_token\":\"RkrKKgWZKVoKugN8rLBzlb1Nc7PFPoGUJVkvtqNL\"}',NULL,101,82,NULL,'2021-04-21 06:53:19','2021-07-23 09:33:08',NULL,''),(110,22,'mo-1002','simple','Lumbo Sacral Support Belt with Double Strapping',NULL,1.0000,22.0000,22.0000,450.0000,450.0000,9900.0000,9900.0000,0.0000,0.0000,0.0000,0.0000,0.0000,0.0000,'{\"is_buy_now\":\"0\",\"_token\":\"Z8f1eOOF39l9DTCxotYdr9hsGbyopgtKdzV0XZng\",\"product_id\":\"122\",\"zipcode\":\"\",\"quantity\":22,\"status\":0}',NULL,122,88,NULL,'2021-04-21 11:24:41','2021-04-21 12:01:48',NULL,'7'),(111,1,'0116','simple','PURELL Advanced Hand Sanitizer Refreshing Gel, Clean Scent, 1 fl oz Travel Size Flip-Cap Bottle with Display Bowl (Pack of 36)  3901-36-BWL',NULL,1.0000,1.0000,1.0000,50.0000,50.0000,50.0000,50.0000,0.0000,0.0000,0.0000,0.0000,0.0000,0.0000,'{\"quantity\":1,\"product_id\":\"102\",\"_token\":\"QPESgsYf0BYi7DZf3To3epVzkBpIt0ASRI6UY86l\"}',NULL,102,89,NULL,'2021-04-22 04:51:12','2021-04-22 04:51:12',NULL,''),(113,1,'0116','simple','PURELL Advanced Hand Sanitizer Refreshing Gel, Clean Scent, 1 fl oz Travel Size Flip-Cap Bottle with Display Bowl (Pack of 36)  3901-36-BWL',NULL,1.0000,1.0000,1.0000,50.0000,50.0000,50.0000,50.0000,0.0000,0.0000,0.0000,0.0000,0.0000,0.0000,'{\"quantity\":1,\"product_id\":\"102\",\"_token\":\"QPESgsYf0BYi7DZf3To3epVzkBpIt0ASRI6UY86l\"}',NULL,102,82,NULL,'2021-04-22 04:56:06','2021-07-23 09:33:08',NULL,''),(115,1,'mo-4009','simple','Thigh Support',NULL,1.0000,1.0000,1.0000,550.0000,550.0000,550.0000,550.0000,0.0000,0.0000,0.0000,0.0000,0.0000,0.0000,'{\"quantity\":1,\"product_id\":\"149\",\"_token\":\"K4jGNCG7QjjUhGPNKst7x8wuPU66zJm9sRicZRbb\"}',NULL,149,92,NULL,'2021-04-30 03:21:34','2021-04-30 03:21:34',NULL,'7'),(116,1,'0102','simple','Non woven Face mask (for Civil Use)',NULL,0.0000,0.0000,0.0000,1.0000,1.0000,1.0000,1.0000,0.0000,0.0000,0.0000,0.0000,0.0000,0.0000,'{\"quantity\":1,\"product_id\":\"88\",\"_token\":\"7i4Pcn3TSIwnkiVwyhsKVPSp54lmVooy2k5rTYN0\"}',NULL,88,93,NULL,'2021-05-02 04:05:01','2021-05-02 04:05:15',NULL,''),(117,1,'mo-2004','simple','PHILADELPHIA COLLAR',NULL,1.0000,1.0000,1.0000,1300.0000,1300.0000,1300.0000,1300.0000,0.0000,0.0000,0.0000,0.0000,0.0000,0.0000,'{\"_token\":\"brgmz0YLokL6dDXksv5RListlMuIgeHnOP38dtgx\",\"product_id\":\"134\",\"quantity\":\"1\",\"status\":0}',NULL,134,94,NULL,'2021-05-03 02:49:58','2021-05-03 02:49:58',NULL,'7'),(118,1,'mo-5004','simple','Elbow Support',NULL,1.0000,1.0000,1.0000,600.0000,600.0000,600.0000,600.0000,0.0000,0.0000,0.0000,0.0000,0.0000,0.0000,'{\"is_buy_now\":\"0\",\"_token\":\"wIy3aDlN3XZn3lRfTWGlt170nNJS3Z2GfIemLh5N\",\"product_id\":\"160\",\"zipcode\":\"\",\"quantity\":\"1\",\"status\":0}',NULL,160,95,NULL,'2021-05-20 10:57:09','2021-05-20 10:57:10',NULL,'7'),(119,1,'sdff','simple','Mac',NULL,500.0000,500.0000,500.0000,100000.0000,100000.0000,100000.0000,100000.0000,0.0000,0.0000,0.0000,0.0000,0.0000,0.0000,'{\"quantity\":1,\"product_id\":\"24\",\"_token\":\"aUNf7fWcXhUmT4PDD5YoGmuAJCZ1b38O6tR2fP4S\"}',NULL,24,96,NULL,'2021-05-20 10:58:00','2021-05-20 10:58:01',NULL,'7'),(123,1,'mo-1010','configurable','Abdominal Belt 2',NULL,0.0000,0.0000,0.0000,500.0000,500.0000,500.0000,500.0000,0.0000,0.0000,0.0000,0.0000,0.0000,0.0000,'{\"is_buy_now\":\"0\",\"_token\":\"Fvh8oN3pBNN2ji3IV238H7Yy1OW2CZsZU3kXrSro\",\"product_id\":\"170\",\"zipcode\":\"\",\"quantity\":\"1\",\"selected_configurable_option\":\"171\",\"super_attribute\":{\"23\":\"1\",\"24\":\"6\"},\"status\":0,\"attributes\":{\"color\":{\"attribute_name\":\"Color\",\"option_id\":1,\"option_label\":\"Red\"},\"size\":{\"attribute_name\":\"Size\",\"option_id\":6,\"option_label\":\"S\"}}}',NULL,170,100,NULL,'2021-05-27 01:24:02','2021-05-27 01:26:56',NULL,'7'),(124,0,'mo-1010-variant-1-6','simple','small-red',NULL,0.0000,0.0000,0.0000,1.0000,0.0000,0.0000,0.0000,0.0000,0.0000,0.0000,0.0000,0.0000,0.0000,'{\"product_id\":171,\"parent_id\":170}',123,171,100,NULL,'2021-05-27 01:24:02','2021-05-27 01:24:02',NULL,NULL),(125,1,'0104','simple','KN95 with Respiratory Valve',NULL,0.0000,0.0000,0.0000,6.0000,6.0000,6.0000,6.0000,0.0000,0.0000,0.0000,0.0000,0.0000,0.0000,'{\"quantity\":1,\"product_id\":\"90\",\"_token\":\"tcjR2y2TOcIRAeMB19h7Q3Avz7NaIvKbhUuKpJwO\"}',NULL,90,101,NULL,'2021-05-27 03:00:43','2021-05-27 03:06:21',NULL,''),(126,1,'mo-2002','simple','Cervical collar soft',NULL,1.0000,1.0000,1.0000,900.0000,900.0000,900.0000,900.0000,0.0000,0.0000,0.0000,0.0000,0.0000,0.0000,'{\"_token\":\"Ovvtc5GfoQjMioo1cteLb5fGRZhmwW6E5Rd9QL1D\",\"product_id\":\"132\",\"quantity\":\"1\",\"status\":0}',NULL,132,102,NULL,'2021-05-31 03:08:31','2021-05-31 03:08:31',NULL,'7'),(129,2,'dispo-cap','simple','buffon cap',NULL,15.0000,30.0000,30.0000,100.0000,100.0000,200.0000,200.0000,0.0000,0.0000,0.0000,0.0000,0.0000,0.0000,'{\"quantity\":2,\"product_id\":\"112\",\"_token\":\"ml3rQB2x32d7tGxzj8JprJFtlI08Bdj1m90VM1Ck\"}',NULL,112,104,NULL,'2021-06-03 11:59:22','2021-07-05 04:02:01',NULL,''),(130,2,'mo-4002','simple','Hinged knee brace with Open Patella',NULL,1.0000,2.0000,2.0000,1200.0000,1200.0000,2400.0000,2400.0000,0.0000,0.0000,0.0000,0.0000,0.0000,0.0000,'{\"quantity\":2,\"product_id\":\"142\",\"_token\":\"7i26HfDQPh0P2c78HQSYphk3SSfrQAhimQeiHAyB\"}',NULL,142,105,NULL,'2021-06-03 14:21:02','2021-06-03 14:26:35',NULL,'7'),(131,1,'0104','simple','KN95 with Respiratory Valve',NULL,0.0000,0.0000,0.0000,6.0000,6.0000,6.0000,6.0000,0.0000,0.0000,0.0000,0.0000,0.0000,0.0000,'{\"is_buy_now\":\"0\",\"_token\":\"7i26HfDQPh0P2c78HQSYphk3SSfrQAhimQeiHAyB\",\"product_id\":\"90\",\"zipcode\":\"\",\"quantity\":\"1\",\"status\":0}',NULL,90,105,NULL,'2021-06-03 14:23:13','2021-06-03 14:26:35',NULL,''),(132,1,'0116','simple','PURELL Advanced Hand Sanitizer Refreshing Gel, Clean Scent, 1 fl oz Travel Size Flip-Cap Bottle with Display Bowl (Pack of 36)  3901-36-BWL',NULL,1.0000,1.0000,1.0000,50.0000,50.0000,50.0000,50.0000,0.0000,0.0000,0.0000,0.0000,0.0000,0.0000,'{\"quantity\":1,\"product_id\":\"102\",\"_token\":\"7i26HfDQPh0P2c78HQSYphk3SSfrQAhimQeiHAyB\"}',NULL,102,105,NULL,'2021-06-03 14:24:21','2021-06-03 14:26:35',NULL,''),(133,1,'mo-3002','simple','Elastic Shoulder Immobilizer',NULL,1.0000,1.0000,1.0000,1100.0000,1100.0000,1100.0000,1100.0000,0.0000,0.0000,0.0000,0.0000,0.0000,0.0000,'{\"quantity\":1,\"product_id\":\"136\",\"_token\":\"7i26HfDQPh0P2c78HQSYphk3SSfrQAhimQeiHAyB\"}',NULL,136,105,NULL,'2021-06-03 14:24:39','2021-06-03 14:26:35',NULL,'7'),(137,1,'mo-3004','simple','Clavicle Brace',NULL,1.0000,1.0000,1.0000,600.0000,600.0000,600.0000,600.0000,0.0000,0.0000,0.0000,0.0000,0.0000,0.0000,'{\"is_buy_now\":\"0\",\"_token\":\"kYk3zxescYGgYzzZ08NsqikTEtb7ZXax5k59dPHJ\",\"product_id\":\"138\",\"zipcode\":\"\",\"quantity\":\"1\",\"status\":0}',NULL,138,82,NULL,'2021-06-12 11:40:09','2021-07-23 09:33:08',NULL,''),(138,1,'mo-3002','simple','Elastic Shoulder Immobilizer',NULL,1.0000,1.0000,1.0000,1100.0000,1100.0000,1100.0000,1100.0000,0.0000,0.0000,0.0000,0.0000,0.0000,0.0000,'{\"quantity\":1,\"product_id\":\"136\",\"_token\":\"MWOWYXfprrhdQrhRYYCwMrREkq8te95kXThTO54l\"}',NULL,136,106,NULL,'2021-06-14 15:01:05','2021-06-14 15:01:42',NULL,''),(139,1,'mo-4011','simple','Ankle Support',NULL,1.0000,1.0000,1.0000,900.0000,900.0000,900.0000,900.0000,0.0000,0.0000,0.0000,0.0000,0.0000,0.0000,'{\"quantity\":1,\"product_id\":\"151\",\"_token\":\"XpjXv5Ql6l8Ypn6F9XSpO5HXUbOmfG8wACAt090P\"}',NULL,151,107,NULL,'2021-06-15 05:05:55','2021-06-15 05:07:11',NULL,''),(140,1,'0115','simple','DxTerity COVID-19 Saliva at-Home Collection Kit with Prepaid Express Return Shipping and Laboratory PCR Testing',NULL,0.0000,0.0000,0.0000,3.0000,3.0000,3.0000,3.0000,0.0000,0.0000,0.0000,0.0000,0.0000,0.0000,'{\"_token\":\"XpjXv5Ql6l8Ypn6F9XSpO5HXUbOmfG8wACAt090P\",\"product_id\":\"101\",\"quantity\":\"1\",\"status\":0}',NULL,101,107,NULL,'2021-06-15 05:05:57','2021-06-15 05:07:11',NULL,''),(141,1,'mo-4009','simple','Thigh Support',NULL,1.0000,1.0000,1.0000,700.0000,700.0000,700.0000,700.0000,0.0000,0.0000,0.0000,0.0000,0.0000,0.0000,'{\"_token\":\"XpjXv5Ql6l8Ypn6F9XSpO5HXUbOmfG8wACAt090P\",\"product_id\":\"149\",\"quantity\":\"1\",\"status\":0}',NULL,149,107,NULL,'2021-06-15 05:06:25','2021-06-15 05:07:11',NULL,''),(142,1,'mo-3005','simple','Shoulder Support',NULL,1.0000,1.0000,1.0000,1300.0000,1300.0000,1300.0000,1300.0000,0.0000,0.0000,0.0000,0.0000,0.0000,0.0000,'{\"_token\":\"XpjXv5Ql6l8Ypn6F9XSpO5HXUbOmfG8wACAt090P\",\"product_id\":\"139\",\"quantity\":\"1\",\"status\":0}',NULL,139,107,NULL,'2021-06-15 05:07:10','2021-06-15 05:07:11',NULL,''),(143,1,'123456','simple','3ply-mask',NULL,12.0000,12.0000,12.0000,8.0000,8.0000,8.0000,8.0000,0.0000,0.0000,0.0000,0.0000,0.0000,0.0000,'{\"quantity\":1,\"product_id\":\"110\",\"_token\":\"KYG8YKYcjOhworPwMTERSRfdacAibTXiHpsJUoMR\"}',NULL,110,108,NULL,'2021-06-15 05:50:45','2021-06-15 06:16:17',NULL,''),(144,1,'0115','simple','DxTerity COVID-19 Saliva at-Home Collection Kit with Prepaid Express Return Shipping and Laboratory PCR Testing',NULL,0.0000,0.0000,0.0000,3.0000,3.0000,3.0000,3.0000,0.0000,0.0000,0.0000,0.0000,0.0000,0.0000,'{\"quantity\":1,\"product_id\":\"101\",\"_token\":\"bc5DpnRWTLlMBQ7r2oaB9USG1hsWdrbvg1hDcfBG\"}',NULL,101,109,NULL,'2021-06-18 02:40:50','2021-06-18 02:42:51',NULL,''),(145,1,'mo-3004','simple','Clavicle Brace',NULL,1.0000,1.0000,1.0000,600.0000,600.0000,600.0000,600.0000,0.0000,0.0000,0.0000,0.0000,0.0000,0.0000,'{\"quantity\":1,\"product_id\":\"138\",\"_token\":\"bc5DpnRWTLlMBQ7r2oaB9USG1hsWdrbvg1hDcfBG\"}',NULL,138,109,NULL,'2021-06-18 02:41:15','2021-06-18 02:42:51',NULL,''),(146,1,'mo-4014','simple','Open Ankle Support with Elastic',NULL,1.0000,1.0000,1.0000,800.0000,800.0000,800.0000,800.0000,0.0000,0.0000,0.0000,0.0000,0.0000,0.0000,'{\"_token\":\"f6CndB40aBuxdkiUWU7gMSomVx08VBd27Fg8B9Bd\",\"product_id\":\"154\",\"quantity\":\"1\",\"status\":0}',NULL,154,110,NULL,'2021-06-28 13:54:17','2021-06-28 13:54:17',NULL,''),(147,1,'mo-4014','simple','Open Ankle Support with Elastic',NULL,1.0000,1.0000,1.0000,800.0000,800.0000,800.0000,800.0000,0.0000,0.0000,0.0000,0.0000,0.0000,0.0000,'{\"_token\":\"f6CndB40aBuxdkiUWU7gMSomVx08VBd27Fg8B9Bd\",\"product_id\":\"154\",\"quantity\":\"1\",\"status\":0}',NULL,154,111,NULL,'2021-06-28 13:54:17','2021-06-28 13:54:36',NULL,''),(148,1,'0105','simple','Disposable SMS Medical Gown, 40 GSM',NULL,0.0000,0.0000,0.0000,2.0000,2.0000,2.0000,2.0000,0.0000,0.0000,0.0000,0.0000,0.0000,0.0000,'{\"quantity\":1,\"product_id\":\"91\",\"_token\":\"xnDYLA23pukKIkwKv5n1RS1Jf0tPd22PNMkuF1tv\"}',NULL,91,112,NULL,'2021-06-28 13:54:44','2021-06-28 13:54:44',NULL,''),(149,1,'mo-1005','simple','Rib Belt',NULL,1.0000,1.0000,1.0000,600.0000,600.0000,600.0000,600.0000,0.0000,0.0000,0.0000,0.0000,0.0000,0.0000,'{\"_token\":\"C7TYbA4FbCLjMmZxguewEEzrduHuVWddlUjZkOrI\",\"product_id\":\"126\",\"quantity\":\"1\",\"status\":0}',NULL,126,113,NULL,'2021-06-29 15:12:24','2021-06-29 15:48:44',NULL,''),(150,1,'1234567890','simple','C-Cure 3 ply Disposable Face Mask',NULL,18.0000,18.0000,18.0000,2.0000,2.0000,2.0000,2.0000,0.0000,0.0000,0.0000,0.0000,0.0000,0.0000,'{\"is_buy_now\":\"0\",\"_token\":\"C7TYbA4FbCLjMmZxguewEEzrduHuVWddlUjZkOrI\",\"product_id\":\"108\",\"zipcode\":\"\",\"quantity\":\"1\",\"status\":0}',NULL,108,113,NULL,'2021-06-29 15:48:33','2021-06-29 15:48:44',NULL,''),(152,1,'dispo-cap','simple','buffon cap',NULL,15.0000,15.0000,15.0000,40.0000,40.0000,40.0000,40.0000,0.0000,0.0000,0.0000,0.0000,0.0000,0.0000,'{\"is_buy_now\":\"0\",\"_token\":\"QIYpS5MZojdRg9vNwyxoVzfnJE85NpMruXxl66Lz\",\"product_id\":\"112\",\"zipcode\":\"\",\"quantity\":\"1\",\"status\":0}',NULL,112,91,NULL,'2021-07-02 04:03:19','2021-07-03 08:29:36',NULL,''),(154,1,'123456','simple','3ply-mask',NULL,12.0000,12.0000,12.0000,8.0000,8.0000,8.0000,8.0000,0.0000,0.0000,0.0000,0.0000,0.0000,0.0000,'{\"quantity\":1,\"product_id\":\"110\",\"_token\":\"ml3rQB2x32d7tGxzj8JprJFtlI08Bdj1m90VM1Ck\"}',NULL,110,104,NULL,'2021-07-02 12:35:12','2021-07-05 04:02:01',NULL,''),(155,5,'0113','simple','Disposable Recyclable Corrugated bed',NULL,12.0000,60.0000,60.0000,150.0000,150.0000,750.0000,750.0000,0.0000,0.0000,0.0000,0.0000,0.0000,0.0000,'{\"is_buy_now\":\"0\",\"_token\":\"Q3OZAPR64KHEkF1256px5ehtchSdIDLHwuZWfNQ2\",\"product_id\":\"99\",\"zipcode\":\"\",\"quantity\":\"1\",\"status\":0}',NULL,99,116,NULL,'2021-07-05 12:24:25','2021-07-07 10:36:20',NULL,''),(156,1,'mo-5005','simple','Thumb Spica Splint',NULL,1.0000,1.0000,1.0000,600.0000,600.0000,600.0000,600.0000,0.0000,0.0000,0.0000,0.0000,0.0000,0.0000,'{\"is_buy_now\":\"0\",\"_token\":\"2afer0YV4qfSW3uRNAL4xDea5h5STTczVAQDrcH1\",\"product_id\":\"161\",\"zipcode\":\"6254645\",\"quantity\":\"1\",\"status\":0}',NULL,161,116,NULL,'2021-07-07 10:31:24','2021-07-07 10:36:20',NULL,''),(157,1,'mo-5004','simple','Elbow Support',NULL,1.0000,1.0000,1.0000,600.0000,600.0000,600.0000,600.0000,0.0000,0.0000,0.0000,0.0000,0.0000,0.0000,'{\"_token\":\"Kbpi8thDiBVJgHGXF0hdayqFBXaNtxVDD9miD4gv\",\"product_id\":\"160\",\"quantity\":\"1\",\"status\":0}',NULL,160,117,NULL,'2021-07-13 07:25:59','2021-07-13 07:26:14',NULL,''),(158,1,'mo-3002','simple','Elastic Shoulder Immobilizer',NULL,1.0000,1.0000,1.0000,1100.0000,1100.0000,1100.0000,1100.0000,0.0000,0.0000,0.0000,0.0000,0.0000,0.0000,'{\"_token\":\"v6sV1r9i0PfL5EPTpwFBADvId0P3rb6pOQ3UWhSJ\",\"product_id\":\"136\",\"quantity\":\"1\",\"status\":0}',NULL,136,118,NULL,'2021-07-19 11:36:01','2021-07-19 11:36:01',NULL,''),(159,1,'mo-3002','simple','Elastic Shoulder Immobilizer',NULL,1.0000,1.0000,1.0000,1100.0000,1100.0000,1100.0000,1100.0000,0.0000,0.0000,0.0000,0.0000,0.0000,0.0000,'{\"_token\":\"U7xOCb5Fkwr3p4ppMsnqkNywsQtrAdeyiy1WNkk9\",\"product_id\":\"136\",\"quantity\":\"1\",\"status\":0}',NULL,136,119,NULL,'2021-07-19 11:36:15','2021-07-19 11:36:27',NULL,''),(160,1,'mo-1005','simple','Rib Belt',NULL,1.0000,1.0000,1.0000,600.0000,600.0000,600.0000,600.0000,0.0000,0.0000,0.0000,0.0000,0.0000,0.0000,'{\"_token\":\"0hJaF7lcjYebcDpaMv9KLg706QCUuvJppd9L143P\",\"product_id\":\"126\",\"quantity\":\"1\",\"status\":0}',NULL,126,120,NULL,'2021-07-23 10:37:32','2021-07-23 10:37:33',NULL,''),(161,1,'0105','simple','Disposable SMS Medical Gown, 40 GSM',NULL,0.0000,0.0000,0.0000,2.0000,2.0000,2.0000,2.0000,0.0000,0.0000,0.0000,0.0000,0.0000,0.0000,'{\"is_buy_now\":\"0\",\"_token\":\"oJLGRAazFkm5o8msFNHBPu4WiplWukzX6fBKJs9H\",\"product_id\":\"91\",\"zipcode\":\"36545\",\"quantity\":\"1\",\"status\":0}',NULL,91,121,NULL,'2021-07-26 03:36:10','2021-07-26 03:36:10',NULL,'');
/*!40000 ALTER TABLE `cart_items` ENABLE KEYS */;
UNLOCK TABLES;

--
-- Table structure for table `cart_payment`
--

DROP TABLE IF EXISTS `cart_payment`;
/*!40101 SET @saved_cs_client     = @@character_set_client */;
/*!50503 SET character_set_client = utf8mb4 */;
CREATE TABLE `cart_payment` (
  `id` int unsigned NOT NULL AUTO_INCREMENT,
  `method` varchar(191) CHARACTER SET utf8mb4 COLLATE utf8mb4_unicode_ci NOT NULL,
  `method_title` varchar(191) CHARACTER SET utf8mb4 COLLATE utf8mb4_unicode_ci DEFAULT NULL,
  `cart_id` int unsigned DEFAULT NULL,
  `created_at` timestamp NULL DEFAULT NULL,
  `updated_at` timestamp NULL DEFAULT NULL,
  PRIMARY KEY (`id`),
  KEY `cart_payment_cart_id_foreign` (`cart_id`),
  CONSTRAINT `cart_payment_cart_id_foreign` FOREIGN KEY (`cart_id`) REFERENCES `cart` (`id`) ON DELETE CASCADE
) ENGINE=InnoDB AUTO_INCREMENT=54 DEFAULT CHARSET=utf8mb4 COLLATE=utf8mb4_unicode_ci ROW_FORMAT=DYNAMIC;
/*!40101 SET character_set_client = @saved_cs_client */;

--
-- Dumping data for table `cart_payment`
--

LOCK TABLES `cart_payment` WRITE;
/*!40000 ALTER TABLE `cart_payment` DISABLE KEYS */;
INSERT INTO `cart_payment` VALUES (1,'cashondelivery',NULL,1,'2021-01-07 08:13:25','2021-01-07 08:13:25'),(2,'cashondelivery',NULL,3,'2021-01-09 13:42:57','2021-01-09 13:42:57'),(3,'cashondelivery',NULL,8,'2021-01-11 14:26:41','2021-01-11 14:26:41'),(4,'cashondelivery',NULL,15,'2021-01-13 10:55:23','2021-01-13 10:55:23'),(6,'cashondelivery',NULL,17,'2021-01-28 11:54:55','2021-01-28 11:54:55'),(8,'cashondelivery',NULL,23,'2021-01-30 06:01:24','2021-01-30 06:01:24'),(9,'cashondelivery',NULL,22,'2021-02-03 10:12:10','2021-02-03 10:12:10'),(10,'cashondelivery',NULL,26,'2021-02-04 14:43:25','2021-02-04 14:43:25'),(11,'cashondelivery',NULL,30,'2021-02-05 10:48:43','2021-02-05 10:48:43'),(12,'cashondelivery',NULL,31,'2021-02-09 03:31:11','2021-02-09 03:31:11'),(13,'cashondelivery',NULL,32,'2021-02-09 08:10:45','2021-02-09 08:10:45'),(14,'cashondelivery',NULL,33,'2021-02-09 08:48:25','2021-02-09 08:48:25'),(16,'cashondelivery',NULL,34,'2021-02-09 10:10:01','2021-02-09 10:10:01'),(18,'cashondelivery',NULL,41,'2021-02-13 07:13:25','2021-02-13 07:13:25'),(22,'razorpay',NULL,48,'2021-02-27 04:18:53','2021-02-27 04:18:53'),(25,'moneytransfer',NULL,58,'2021-03-07 14:59:44','2021-03-07 14:59:44'),(26,'cashondelivery',NULL,60,'2021-03-08 09:17:08','2021-03-08 09:17:08'),(27,'cashondelivery',NULL,63,'2021-03-13 05:32:18','2021-03-13 05:32:18'),(29,'cashondelivery',NULL,64,'2021-03-15 03:25:48','2021-03-15 03:25:48'),(30,'cashondelivery',NULL,65,'2021-03-15 03:42:43','2021-03-15 03:42:43'),(31,'moneytransfer',NULL,69,'2021-03-15 07:12:25','2021-03-15 07:12:25'),(39,'razorpay',NULL,80,'2021-04-14 11:09:09','2021-04-14 11:09:09'),(40,'razorpay',NULL,83,'2021-04-19 10:59:18','2021-04-19 10:59:18'),(42,'razorpay',NULL,100,'2021-05-27 01:25:27','2021-05-27 01:25:27'),(44,'razorpay',NULL,101,'2021-05-27 03:06:17','2021-05-27 03:06:17'),(46,'razorpay',NULL,91,'2021-06-05 05:06:38','2021-06-05 05:06:38'),(52,'cashondelivery',NULL,82,'2021-06-21 02:44:57','2021-06-21 02:44:57'),(53,'cashondelivery',NULL,104,'2021-07-02 07:15:26','2021-07-02 07:15:26');
/*!40000 ALTER TABLE `cart_payment` ENABLE KEYS */;
UNLOCK TABLES;

--
-- Table structure for table `cart_rule_channels`
--

DROP TABLE IF EXISTS `cart_rule_channels`;
/*!40101 SET @saved_cs_client     = @@character_set_client */;
/*!50503 SET character_set_client = utf8mb4 */;
CREATE TABLE `cart_rule_channels` (
  `cart_rule_id` int unsigned NOT NULL,
  `channel_id` int unsigned NOT NULL,
  PRIMARY KEY (`cart_rule_id`,`channel_id`),
  KEY `cart_rule_channels_channel_id_foreign` (`channel_id`),
  CONSTRAINT `cart_rule_channels_cart_rule_id_foreign` FOREIGN KEY (`cart_rule_id`) REFERENCES `cart_rules` (`id`) ON DELETE CASCADE,
  CONSTRAINT `cart_rule_channels_channel_id_foreign` FOREIGN KEY (`channel_id`) REFERENCES `channels` (`id`) ON DELETE CASCADE
) ENGINE=InnoDB DEFAULT CHARSET=utf8mb4 COLLATE=utf8mb4_unicode_ci ROW_FORMAT=DYNAMIC;
/*!40101 SET character_set_client = @saved_cs_client */;

--
-- Dumping data for table `cart_rule_channels`
--

LOCK TABLES `cart_rule_channels` WRITE;
/*!40000 ALTER TABLE `cart_rule_channels` DISABLE KEYS */;
INSERT INTO `cart_rule_channels` VALUES (1,1),(2,1),(3,1),(4,1),(5,1),(6,1),(7,1);
/*!40000 ALTER TABLE `cart_rule_channels` ENABLE KEYS */;
UNLOCK TABLES;

--
-- Table structure for table `cart_rule_coupon_usage`
--

DROP TABLE IF EXISTS `cart_rule_coupon_usage`;
/*!40101 SET @saved_cs_client     = @@character_set_client */;
/*!50503 SET character_set_client = utf8mb4 */;
CREATE TABLE `cart_rule_coupon_usage` (
  `id` int unsigned NOT NULL AUTO_INCREMENT,
  `times_used` int NOT NULL DEFAULT '0',
  `cart_rule_coupon_id` int unsigned NOT NULL,
  `customer_id` int unsigned NOT NULL,
  PRIMARY KEY (`id`),
  KEY `cart_rule_coupon_usage_cart_rule_coupon_id_foreign` (`cart_rule_coupon_id`),
  KEY `cart_rule_coupon_usage_customer_id_foreign` (`customer_id`),
  CONSTRAINT `cart_rule_coupon_usage_cart_rule_coupon_id_foreign` FOREIGN KEY (`cart_rule_coupon_id`) REFERENCES `cart_rule_coupons` (`id`) ON DELETE CASCADE,
  CONSTRAINT `cart_rule_coupon_usage_customer_id_foreign` FOREIGN KEY (`customer_id`) REFERENCES `customers` (`id`) ON DELETE CASCADE
) ENGINE=InnoDB DEFAULT CHARSET=utf8mb4 COLLATE=utf8mb4_unicode_ci ROW_FORMAT=DYNAMIC;
/*!40101 SET character_set_client = @saved_cs_client */;

--
-- Dumping data for table `cart_rule_coupon_usage`
--

LOCK TABLES `cart_rule_coupon_usage` WRITE;
/*!40000 ALTER TABLE `cart_rule_coupon_usage` DISABLE KEYS */;
/*!40000 ALTER TABLE `cart_rule_coupon_usage` ENABLE KEYS */;
UNLOCK TABLES;

--
-- Table structure for table `cart_rule_coupons`
--

DROP TABLE IF EXISTS `cart_rule_coupons`;
/*!40101 SET @saved_cs_client     = @@character_set_client */;
/*!50503 SET character_set_client = utf8mb4 */;
CREATE TABLE `cart_rule_coupons` (
  `id` int unsigned NOT NULL AUTO_INCREMENT,
  `code` varchar(191) CHARACTER SET utf8mb4 COLLATE utf8mb4_unicode_ci DEFAULT NULL,
  `usage_limit` int unsigned NOT NULL DEFAULT '0',
  `usage_per_customer` int unsigned NOT NULL DEFAULT '0',
  `times_used` int unsigned NOT NULL DEFAULT '0',
  `type` int unsigned NOT NULL DEFAULT '0',
  `is_primary` tinyint(1) NOT NULL DEFAULT '0',
  `expired_at` date DEFAULT NULL,
  `cart_rule_id` int unsigned NOT NULL,
  `created_at` timestamp NULL DEFAULT NULL,
  `updated_at` timestamp NULL DEFAULT NULL,
  PRIMARY KEY (`id`),
  KEY `cart_rule_coupons_cart_rule_id_foreign` (`cart_rule_id`),
  CONSTRAINT `cart_rule_coupons_cart_rule_id_foreign` FOREIGN KEY (`cart_rule_id`) REFERENCES `cart_rules` (`id`) ON DELETE CASCADE
) ENGINE=InnoDB DEFAULT CHARSET=utf8mb4 COLLATE=utf8mb4_unicode_ci ROW_FORMAT=DYNAMIC;
/*!40101 SET character_set_client = @saved_cs_client */;

--
-- Dumping data for table `cart_rule_coupons`
--

LOCK TABLES `cart_rule_coupons` WRITE;
/*!40000 ALTER TABLE `cart_rule_coupons` DISABLE KEYS */;
/*!40000 ALTER TABLE `cart_rule_coupons` ENABLE KEYS */;
UNLOCK TABLES;

--
-- Table structure for table `cart_rule_customer_groups`
--

DROP TABLE IF EXISTS `cart_rule_customer_groups`;
/*!40101 SET @saved_cs_client     = @@character_set_client */;
/*!50503 SET character_set_client = utf8mb4 */;
CREATE TABLE `cart_rule_customer_groups` (
  `cart_rule_id` int unsigned NOT NULL,
  `customer_group_id` int unsigned NOT NULL,
  PRIMARY KEY (`cart_rule_id`,`customer_group_id`),
  KEY `cart_rule_customer_groups_customer_group_id_foreign` (`customer_group_id`),
  CONSTRAINT `cart_rule_customer_groups_cart_rule_id_foreign` FOREIGN KEY (`cart_rule_id`) REFERENCES `cart_rules` (`id`) ON DELETE CASCADE,
  CONSTRAINT `cart_rule_customer_groups_customer_group_id_foreign` FOREIGN KEY (`customer_group_id`) REFERENCES `customer_groups` (`id`) ON DELETE CASCADE
) ENGINE=InnoDB DEFAULT CHARSET=utf8mb4 COLLATE=utf8mb4_unicode_ci ROW_FORMAT=DYNAMIC;
/*!40101 SET character_set_client = @saved_cs_client */;

--
-- Dumping data for table `cart_rule_customer_groups`
--

LOCK TABLES `cart_rule_customer_groups` WRITE;
/*!40000 ALTER TABLE `cart_rule_customer_groups` DISABLE KEYS */;
INSERT INTO `cart_rule_customer_groups` VALUES (7,1),(1,2),(2,2),(3,2),(4,2),(5,2),(6,2),(7,2),(1,3),(2,3),(3,3),(4,3),(5,3),(6,3),(7,3),(1,4),(2,4),(3,4),(4,4),(5,4),(6,4),(7,4);
/*!40000 ALTER TABLE `cart_rule_customer_groups` ENABLE KEYS */;
UNLOCK TABLES;

--
-- Table structure for table `cart_rule_customers`
--

DROP TABLE IF EXISTS `cart_rule_customers`;
/*!40101 SET @saved_cs_client     = @@character_set_client */;
/*!50503 SET character_set_client = utf8mb4 */;
CREATE TABLE `cart_rule_customers` (
  `id` int unsigned NOT NULL AUTO_INCREMENT,
  `times_used` bigint unsigned NOT NULL DEFAULT '0',
  `cart_rule_id` int unsigned NOT NULL,
  `customer_id` int unsigned NOT NULL,
  PRIMARY KEY (`id`),
  KEY `cart_rule_customers_cart_rule_id_foreign` (`cart_rule_id`),
  KEY `cart_rule_customers_customer_id_foreign` (`customer_id`),
  CONSTRAINT `cart_rule_customers_cart_rule_id_foreign` FOREIGN KEY (`cart_rule_id`) REFERENCES `cart_rules` (`id`) ON DELETE CASCADE,
  CONSTRAINT `cart_rule_customers_customer_id_foreign` FOREIGN KEY (`customer_id`) REFERENCES `customers` (`id`) ON DELETE CASCADE
) ENGINE=InnoDB DEFAULT CHARSET=utf8mb4 COLLATE=utf8mb4_unicode_ci ROW_FORMAT=DYNAMIC;
/*!40101 SET character_set_client = @saved_cs_client */;

--
-- Dumping data for table `cart_rule_customers`
--

LOCK TABLES `cart_rule_customers` WRITE;
/*!40000 ALTER TABLE `cart_rule_customers` DISABLE KEYS */;
/*!40000 ALTER TABLE `cart_rule_customers` ENABLE KEYS */;
UNLOCK TABLES;

--
-- Table structure for table `cart_rule_translations`
--

DROP TABLE IF EXISTS `cart_rule_translations`;
/*!40101 SET @saved_cs_client     = @@character_set_client */;
/*!50503 SET character_set_client = utf8mb4 */;
CREATE TABLE `cart_rule_translations` (
  `id` int unsigned NOT NULL AUTO_INCREMENT,
  `locale` varchar(191) CHARACTER SET utf8mb4 COLLATE utf8mb4_unicode_ci NOT NULL,
  `label` text CHARACTER SET utf8mb4 COLLATE utf8mb4_unicode_ci,
  `cart_rule_id` int unsigned NOT NULL,
  PRIMARY KEY (`id`),
  UNIQUE KEY `cart_rule_translations_cart_rule_id_locale_unique` (`cart_rule_id`,`locale`),
  CONSTRAINT `cart_rule_translations_cart_rule_id_foreign` FOREIGN KEY (`cart_rule_id`) REFERENCES `cart_rules` (`id`) ON DELETE CASCADE
) ENGINE=InnoDB DEFAULT CHARSET=utf8mb4 COLLATE=utf8mb4_unicode_ci ROW_FORMAT=DYNAMIC;
/*!40101 SET character_set_client = @saved_cs_client */;

--
-- Dumping data for table `cart_rule_translations`
--

LOCK TABLES `cart_rule_translations` WRITE;
/*!40000 ALTER TABLE `cart_rule_translations` DISABLE KEYS */;
/*!40000 ALTER TABLE `cart_rule_translations` ENABLE KEYS */;
UNLOCK TABLES;

--
-- Table structure for table `cart_rules`
--

DROP TABLE IF EXISTS `cart_rules`;
/*!40101 SET @saved_cs_client     = @@character_set_client */;
/*!50503 SET character_set_client = utf8mb4 */;
CREATE TABLE `cart_rules` (
  `id` int unsigned NOT NULL AUTO_INCREMENT,
  `name` varchar(191) CHARACTER SET utf8mb4 COLLATE utf8mb4_unicode_ci DEFAULT NULL,
  `description` varchar(191) CHARACTER SET utf8mb4 COLLATE utf8mb4_unicode_ci DEFAULT NULL,
  `starts_from` datetime DEFAULT NULL,
  `ends_till` datetime DEFAULT NULL,
  `status` tinyint(1) NOT NULL DEFAULT '0',
  `coupon_type` int NOT NULL DEFAULT '1',
  `use_auto_generation` tinyint(1) NOT NULL DEFAULT '0',
  `usage_per_customer` int NOT NULL DEFAULT '0',
  `uses_per_coupon` int NOT NULL DEFAULT '0',
  `times_used` int unsigned NOT NULL DEFAULT '0',
  `condition_type` tinyint(1) NOT NULL DEFAULT '1',
  `conditions` longtext CHARACTER SET utf8mb4 COLLATE utf8mb4_bin,
  `end_other_rules` tinyint(1) NOT NULL DEFAULT '0',
  `uses_attribute_conditions` tinyint(1) NOT NULL DEFAULT '0',
  `action_type` varchar(191) CHARACTER SET utf8mb4 COLLATE utf8mb4_unicode_ci DEFAULT NULL,
  `discount_amount` decimal(12,4) NOT NULL DEFAULT '0.0000',
  `discount_quantity` int NOT NULL DEFAULT '1',
  `discount_step` varchar(191) CHARACTER SET utf8mb4 COLLATE utf8mb4_unicode_ci NOT NULL DEFAULT '1',
  `apply_to_shipping` tinyint(1) NOT NULL DEFAULT '0',
  `free_shipping` tinyint(1) NOT NULL DEFAULT '0',
  `sort_order` int unsigned NOT NULL DEFAULT '0',
  `created_at` timestamp NULL DEFAULT NULL,
  `updated_at` timestamp NULL DEFAULT NULL,
  PRIMARY KEY (`id`)
) ENGINE=InnoDB AUTO_INCREMENT=8 DEFAULT CHARSET=utf8mb4 COLLATE=utf8mb4_unicode_ci ROW_FORMAT=DYNAMIC;
/*!40101 SET character_set_client = @saved_cs_client */;

--
-- Dumping data for table `cart_rules`
--

LOCK TABLES `cart_rules` WRITE;
/*!40000 ALTER TABLE `cart_rules` DISABLE KEYS */;
INSERT INTO `cart_rules` VALUES (1,'2%  if Qty >= 3500 Piece','2%  if Qty >= 3500 Piece',NULL,NULL,1,0,0,0,0,0,1,'[{\"attribute\":\"cart_item|quantity\",\"operator\":\">=\",\"attribute_type\":\"integer\",\"value\":\"3500\"},{\"attribute\":\"cart_item|quantity\",\"operator\":\"<=\",\"attribute_type\":\"integer\",\"value\":\"7999\"}]',0,0,'by_percent',2.0000,7999,'0',0,0,1,'2021-04-08 22:56:56','2021-04-12 06:33:59'),(2,'3%  if Qty >= 8000 Piece','3%  if Qty >= 8000 Piece',NULL,NULL,1,0,0,0,0,0,1,'[{\"attribute\":\"cart_item|quantity\",\"operator\":\">=\",\"attribute_type\":\"integer\",\"value\":\"8000\"},{\"attribute\":\"cart_item|quantity\",\"operator\":\"<=\",\"attribute_type\":\"integer\",\"value\":\"12999\"}]',0,0,'by_percent',3.0000,12999,'0',0,0,1,'2021-04-08 22:59:07','2021-04-12 06:33:19'),(3,'4% if Qty >= 13000 Piece','4% if Qty >= 13000 Piece',NULL,NULL,1,0,0,0,0,0,1,'[{\"attribute\":\"cart_item|quantity\",\"operator\":\">=\",\"attribute_type\":\"integer\",\"value\":\"13000\"}]',0,0,'by_percent',4.0000,0,'0',0,0,1,'2021-04-08 23:01:33','2021-04-08 23:01:33'),(4,'2% if Purchase >= 25,000.00','2% if Purchase >= 25,000.00',NULL,NULL,1,0,0,0,0,0,1,'[{\"attribute\":\"cart_item|base_total\",\"operator\":\">=\",\"attribute_type\":\"price\",\"value\":\"25000\"},{\"attribute\":\"cart_item|base_total\",\"operator\":\"<=\",\"attribute_type\":\"price\",\"value\":\"49999\"}]',0,0,'by_percent',2.0000,0,'0',0,0,1,'2021-04-08 23:05:40','2021-04-12 04:40:17'),(5,'3% if Purchase >= 50,000.00','3% if Purchase >= 50,000.00',NULL,NULL,1,0,0,0,0,0,1,'[{\"attribute\":\"cart_item|base_total\",\"operator\":\">=\",\"attribute_type\":\"price\",\"value\":\"50000\"},{\"attribute\":\"cart_item|base_total\",\"operator\":\"<=\",\"attribute_type\":\"price\",\"value\":\"74999\"}]',0,0,'by_percent',3.0000,0,'0',0,0,1,'2021-04-08 23:07:55','2021-04-12 04:40:04'),(6,'4% if Purchase >= 75,000.00','4% if Purchase >= 75,000.00',NULL,NULL,1,0,0,0,0,0,1,'[{\"attribute\":\"cart_item|base_total\",\"operator\":\">=\",\"attribute_type\":\"price\",\"value\":\"75000\"}]',0,0,'by_percent',4.0000,0,'0',0,0,1,'2021-04-08 23:10:46','2021-04-12 04:38:57'),(7,'Free Delivery','Free Delivery',NULL,NULL,0,0,0,0,0,0,1,'[{\"attribute\":\"cart_item|base_total\",\"operator\":\">=\",\"attribute_type\":\"price\",\"value\":\"500\"}]',0,0,'by_percent',0.0000,0,'0',0,1,1,'2021-04-19 11:08:12','2021-06-12 03:01:35');
/*!40000 ALTER TABLE `cart_rules` ENABLE KEYS */;
UNLOCK TABLES;

--
-- Table structure for table `cart_shipping_rates`
--

DROP TABLE IF EXISTS `cart_shipping_rates`;
/*!40101 SET @saved_cs_client     = @@character_set_client */;
/*!50503 SET character_set_client = utf8mb4 */;
CREATE TABLE `cart_shipping_rates` (
  `id` int unsigned NOT NULL AUTO_INCREMENT,
  `carrier` varchar(191) CHARACTER SET utf8mb4 COLLATE utf8mb4_unicode_ci NOT NULL,
  `carrier_title` varchar(191) CHARACTER SET utf8mb4 COLLATE utf8mb4_unicode_ci NOT NULL,
  `method` varchar(191) CHARACTER SET utf8mb4 COLLATE utf8mb4_unicode_ci NOT NULL,
  `method_title` varchar(191) CHARACTER SET utf8mb4 COLLATE utf8mb4_unicode_ci NOT NULL,
  `method_description` varchar(191) CHARACTER SET utf8mb4 COLLATE utf8mb4_unicode_ci DEFAULT NULL,
  `price` double DEFAULT '0',
  `base_price` double DEFAULT '0',
  `cart_address_id` int unsigned DEFAULT NULL,
  `created_at` timestamp NULL DEFAULT NULL,
  `updated_at` timestamp NULL DEFAULT NULL,
  `discount_amount` decimal(12,4) NOT NULL DEFAULT '0.0000',
  `base_discount_amount` decimal(12,4) NOT NULL DEFAULT '0.0000',
  PRIMARY KEY (`id`),
  KEY `cart_shipping_rates_cart_address_id_foreign` (`cart_address_id`),
  CONSTRAINT `cart_shipping_rates_cart_address_id_foreign` FOREIGN KEY (`cart_address_id`) REFERENCES `addresses` (`id`) ON DELETE CASCADE
) ENGINE=InnoDB AUTO_INCREMENT=158 DEFAULT CHARSET=utf8mb4 COLLATE=utf8mb4_unicode_ci ROW_FORMAT=DYNAMIC;
/*!40101 SET character_set_client = @saved_cs_client */;

--
-- Dumping data for table `cart_shipping_rates`
--

LOCK TABLES `cart_shipping_rates` WRITE;
/*!40000 ALTER TABLE `cart_shipping_rates` DISABLE KEYS */;
INSERT INTO `cart_shipping_rates` VALUES (3,'flatrate','Flat Rate','flatrate_flatrate','Flat Rate','Flat Rate Shipping',20,20,2,'2021-01-07 08:13:14','2021-01-07 08:13:14',0.0000,0.0000),(4,'free','Free Shipping','free_free','Free Shipping','Free Shipping',0,0,2,'2021-01-07 08:13:14','2021-01-07 08:13:43',0.0000,0.0000),(5,'flatrate','Flat Rate','flatrate_flatrate','Flat Rate','Flat Rate Shipping',10,10,7,'2021-01-09 13:42:45','2021-01-09 13:42:45',0.0000,0.0000),(6,'free','Free Shipping','free_free','Free Shipping','Free Shipping',0,0,7,'2021-01-09 13:42:45','2021-01-09 13:43:07',0.0000,0.0000),(7,'flatrate','Flat Rate','flatrate_flatrate','Flat Rate','Flat Rate Shipping',10,10,11,'2021-01-11 14:26:14','2021-01-11 14:26:49',0.0000,0.0000),(8,'free','Free Shipping','free_free','Free Shipping','Free Shipping',0,0,11,'2021-01-11 14:26:14','2021-01-11 14:26:14',0.0000,0.0000),(15,'free','Free Shipping','free_free','Free Shipping','Free Shipping',0,0,15,'2021-01-13 10:54:33','2021-01-13 10:58:07',0.0000,0.0000),(16,'flatrate','Flat Rate','flatrate_flatrate','Flat Rate','Flat Rate Shipping',20,20,15,'2021-01-13 10:54:33','2021-01-13 10:54:33',0.0000,0.0000),(17,'free','Free Shipping','free_free','Free Shipping','Free Shipping',0,0,15,'2021-01-13 10:54:33','2021-01-13 10:54:33',0.0000,0.0000),(18,'free','Free Shipping','free_free','Free Shipping','Free Shipping',0,0,15,'2021-01-13 10:54:33','2021-01-13 10:54:33',0.0000,0.0000),(19,'flatrate','Flat Rate','flatrate_flatrate','Flat Rate','Flat Rate Shipping',20,20,15,'2021-01-13 10:54:33','2021-01-13 10:54:33',0.0000,0.0000),(20,'free','Free Shipping','free_free','Free Shipping','Free Shipping',0,0,15,'2021-01-13 10:54:34','2021-01-13 10:54:34',0.0000,0.0000),(21,'flatrate','Flat Rate','flatrate_flatrate','Flat Rate','Flat Rate Shipping',20,20,15,'2021-01-13 10:54:35','2021-01-13 10:54:35',0.0000,0.0000),(22,'free','Free Shipping','free_free','Free Shipping','Free Shipping',0,0,15,'2021-01-13 10:54:35','2021-01-13 10:54:35',0.0000,0.0000),(25,'flatrate','Flat Rate','flatrate_flatrate','Flat Rate','Flat Rate Shipping',10,10,19,'2021-01-28 11:54:29','2021-01-28 11:54:29',0.0000,0.0000),(26,'free','Free Shipping','free_free','Free Shipping','Free Shipping',0,0,19,'2021-01-28 11:54:29','2021-01-28 11:55:17',0.0000,0.0000),(29,'flatrate','Flat Rate','flatrate_flatrate','Flat Rate','Flat Rate Shipping',10,10,25,'2021-01-30 06:01:17','2021-01-30 06:01:30',0.0000,0.0000),(30,'free','Free Shipping','free_free','Free Shipping','Free Shipping',0,0,25,'2021-01-30 06:01:17','2021-01-30 06:01:17',0.0000,0.0000),(33,'flatrate','Flat Rate','flatrate_flatrate','Flat Rate','Flat Rate Shipping',30,30,23,'2021-02-03 10:05:43','2021-02-03 10:05:43',0.0000,0.0000),(34,'free','Free Shipping','free_free','Free Shipping','Free Shipping',0,0,23,'2021-02-03 10:05:44','2021-02-03 10:26:35',0.0000,0.0000),(35,'flatrate','Flat Rate','flatrate_flatrate','Flat Rate','Flat Rate Shipping',30,30,31,'2021-02-04 14:43:09','2021-02-04 14:43:09',0.0000,0.0000),(36,'free','Free Shipping','free_free','Free Shipping','Free Shipping',0,0,31,'2021-02-04 14:43:09','2021-02-04 14:43:43',0.0000,0.0000),(37,'flatrate','Flat Rate','flatrate_flatrate','Flat Rate','Flat Rate Shipping',10,10,35,'2021-02-05 10:48:36','2021-02-05 12:02:23',0.0000,0.0000),(38,'free','Free Shipping','free_free','Free Shipping','Free Shipping',0,0,35,'2021-02-05 10:48:36','2021-02-05 10:48:36',0.0000,0.0000),(39,'flatrate','Flat Rate','flatrate_flatrate','Flat Rate','Flat Rate Shipping',10,10,39,'2021-02-09 03:30:58','2021-02-09 03:31:19',0.0000,0.0000),(40,'free','Free Shipping','free_free','Free Shipping','Free Shipping',0,0,39,'2021-02-09 03:30:58','2021-02-09 03:30:58',0.0000,0.0000),(41,'flatrate','Flat Rate','flatrate_flatrate','Flat Rate','Flat Rate Shipping',30,30,43,'2021-02-09 08:10:02','2021-02-09 08:11:08',0.0000,0.0000),(42,'free','Free Shipping','free_free','Free Shipping','Free Shipping',0,0,43,'2021-02-09 08:10:02','2021-02-09 08:10:02',0.0000,0.0000),(43,'flatrate','Flat Rate','flatrate_flatrate','Flat Rate','Flat Rate Shipping',10,10,47,'2021-02-09 08:47:46','2021-02-09 08:48:30',0.0000,0.0000),(44,'free','Free Shipping','free_free','Free Shipping','Free Shipping',0,0,47,'2021-02-09 08:47:46','2021-02-09 08:47:46',0.0000,0.0000),(45,'flatrate','Flat Rate','flatrate_flatrate','Flat Rate','Flat Rate Shipping',10,10,51,'2021-02-09 10:02:17','2021-02-09 10:02:17',0.0000,0.0000),(46,'free','Free Shipping','free_free','Free Shipping','Free Shipping',0,0,51,'2021-02-09 10:02:17','2021-02-09 10:10:05',0.0000,0.0000),(47,'flatrate','Flat Rate','flatrate_flatrate','Flat Rate','Flat Rate Shipping',10,10,56,'2021-02-09 11:05:29','2021-02-09 11:05:29',0.0000,0.0000),(48,'free','Free Shipping','free_free','Free Shipping','Free Shipping',0,0,56,'2021-02-09 11:05:29','2021-02-09 11:05:29',0.0000,0.0000),(49,'flatrate','Flat Rate','flatrate_flatrate','Flat Rate','Flat Rate Shipping',10,10,58,'2021-02-09 11:06:13','2021-02-09 11:06:13',0.0000,0.0000),(50,'free','Free Shipping','free_free','Free Shipping','Free Shipping',0,0,58,'2021-02-09 11:06:13','2021-02-09 11:06:13',0.0000,0.0000),(55,'flatrate','Flat Rate','flatrate_flatrate','Flat Rate','Flat Rate Shipping',10,10,65,'2021-02-13 07:13:19','2021-02-13 07:13:32',0.0000,0.0000),(56,'free','Free Shipping','free_free','Free Shipping','Free Shipping',0,0,65,'2021-02-13 07:13:19','2021-02-13 07:13:19',0.0000,0.0000),(66,'fedex','FedEx','fedex_fedex','FedEx','FedEx',10,10,71,'2021-02-27 04:18:38','2021-02-27 04:18:38',0.0000,0.0000),(67,'flatrate','Flat Rate','flatrate_flatrate','Flat Rate','Flat Rate Shipping',10,10,71,'2021-02-27 04:18:38','2021-02-27 04:20:52',0.0000,0.0000),(68,'free','Free Shipping','free_free','Free Shipping','Free Shipping',0,0,71,'2021-02-27 04:18:38','2021-02-27 04:18:38',0.0000,0.0000),(75,'fedex','FedEx','fedex_fedex','FedEx','FedEx',10,10,75,'2021-03-07 14:58:42','2021-03-07 14:58:42',0.0000,0.0000),(76,'flatrate','Flat Rate','flatrate_flatrate','Flat Rate','Flat Rate Shipping',10,10,75,'2021-03-07 14:58:42','2021-03-07 14:58:42',0.0000,0.0000),(77,'free','Free Shipping','free_free','Free Shipping','Free Shipping',0,0,75,'2021-03-07 14:58:42','2021-03-07 14:59:51',0.0000,0.0000),(78,'fedex','FedEx','fedex_fedex','FedEx','FedEx',10,10,79,'2021-03-08 09:16:50','2021-03-08 09:16:50',0.0000,0.0000),(79,'flatrate','Flat Rate','flatrate_flatrate','Flat Rate','Flat Rate Shipping',10,10,79,'2021-03-08 09:16:50','2021-03-08 09:17:08',0.0000,0.0000),(80,'free','Free Shipping','free_free','Free Shipping','Free Shipping',0,0,79,'2021-03-08 09:16:50','2021-03-08 09:16:50',0.0000,0.0000),(84,'fedex','FedEx','fedex_fedex','FedEx','FedEx',10,10,81,'2021-03-13 05:32:10','2021-03-13 05:32:10',0.0000,0.0000),(85,'flatrate','Flat Rate','flatrate_flatrate','Flat Rate','Flat Rate Shipping',13.897020462,1010,81,'2021-03-13 05:32:10','2021-03-13 05:32:10',0.0000,0.0000),(86,'free','Free Shipping','free_free','Free Shipping','Free Shipping',0,0,81,'2021-03-13 05:32:10','2021-03-13 05:32:23',0.0000,0.0000),(90,'fedex','FedEx','fedex_fedex','FedEx','FedEx',10,10,86,'2021-03-15 03:25:28','2021-03-15 03:25:28',0.0000,0.0000),(91,'flatrate','Flat Rate','flatrate_flatrate','Flat Rate','Flat Rate Shipping',0.275188524,20,86,'2021-03-15 03:25:28','2021-03-15 03:25:28',0.0000,0.0000),(92,'free','Free Shipping','free_free','Free Shipping','Free Shipping',0,0,86,'2021-03-15 03:25:28','2021-03-15 03:25:59',0.0000,0.0000),(96,'fedex','FedEx','fedex_fedex','FedEx','FedEx',10,10,90,'2021-03-15 03:42:28','2021-03-15 03:42:28',0.0000,0.0000),(97,'flatrate','Flat Rate','flatrate_flatrate','Flat Rate','Flat Rate Shipping',0.275188524,20,90,'2021-03-15 03:42:28','2021-03-15 03:42:28',0.0000,0.0000),(98,'free','Free Shipping','free_free','Free Shipping','Free Shipping',0,0,90,'2021-03-15 03:42:28','2021-03-15 03:42:47',0.0000,0.0000),(99,'fedex','FedEx','fedex_fedex','FedEx','FedEx',10,10,94,'2021-03-15 07:11:28','2021-03-15 07:11:28',0.0000,0.0000),(100,'flatrate','Flat Rate','flatrate_flatrate','Flat Rate','Flat Rate Shipping',20,20,94,'2021-03-15 07:11:28','2021-03-15 07:11:28',0.0000,0.0000),(101,'free','Free Shipping','free_free','Free Shipping','Free Shipping',0,0,94,'2021-03-15 07:11:28','2021-03-15 07:13:10',0.0000,0.0000),(131,'fedex','FedEx','fedex_fedex','FedEx','FedEx',10,10,103,'2021-04-14 10:59:07','2021-04-14 11:10:54',0.0000,0.0000),(132,'fedex','FedEx','fedex_fedex','FedEx','FedEx',0,0,105,'2021-04-19 10:57:48','2021-04-19 11:16:09',0.0000,0.0000),(141,'fedex','FedEx','fedex_fedex','FedEx','FedEx',0,0,111,'2021-05-27 01:25:03','2021-05-27 01:26:56',0.0000,0.0000),(143,'fedex','FedEx','fedex_fedex','FedEx','FedEx',10,10,113,'2021-05-27 03:06:11','2021-05-27 03:06:21',0.0000,0.0000),(154,'fedex','FedEx','fedex_fedex','FedEx','FedEx',10,10,115,'2021-07-02 04:03:48','2021-07-03 08:29:36',0.0000,0.0000),(156,'fedex','FedEx','fedex_fedex','FedEx','FedEx',10,10,117,'2021-07-02 12:35:30','2021-07-05 04:02:01',0.0000,0.0000),(157,'fedex','FedEx','fedex_fedex','FedEx','FedEx',10,10,109,'2021-07-23 09:33:08','2021-07-23 09:33:08',0.0000,0.0000);
/*!40000 ALTER TABLE `cart_shipping_rates` ENABLE KEYS */;
UNLOCK TABLES;

--
-- Table structure for table `catalog_rule_channels`
--

DROP TABLE IF EXISTS `catalog_rule_channels`;
/*!40101 SET @saved_cs_client     = @@character_set_client */;
/*!50503 SET character_set_client = utf8mb4 */;
CREATE TABLE `catalog_rule_channels` (
  `catalog_rule_id` int unsigned NOT NULL,
  `channel_id` int unsigned NOT NULL,
  PRIMARY KEY (`catalog_rule_id`,`channel_id`),
  KEY `catalog_rule_channels_channel_id_foreign` (`channel_id`),
  CONSTRAINT `catalog_rule_channels_catalog_rule_id_foreign` FOREIGN KEY (`catalog_rule_id`) REFERENCES `catalog_rules` (`id`) ON DELETE CASCADE,
  CONSTRAINT `catalog_rule_channels_channel_id_foreign` FOREIGN KEY (`channel_id`) REFERENCES `channels` (`id`) ON DELETE CASCADE
) ENGINE=InnoDB DEFAULT CHARSET=utf8mb4 COLLATE=utf8mb4_unicode_ci ROW_FORMAT=DYNAMIC;
/*!40101 SET character_set_client = @saved_cs_client */;

--
-- Dumping data for table `catalog_rule_channels`
--

LOCK TABLES `catalog_rule_channels` WRITE;
/*!40000 ALTER TABLE `catalog_rule_channels` DISABLE KEYS */;
INSERT INTO `catalog_rule_channels` VALUES (1,1),(2,1);
/*!40000 ALTER TABLE `catalog_rule_channels` ENABLE KEYS */;
UNLOCK TABLES;

--
-- Table structure for table `catalog_rule_customer_groups`
--

DROP TABLE IF EXISTS `catalog_rule_customer_groups`;
/*!40101 SET @saved_cs_client     = @@character_set_client */;
/*!50503 SET character_set_client = utf8mb4 */;
CREATE TABLE `catalog_rule_customer_groups` (
  `catalog_rule_id` int unsigned NOT NULL,
  `customer_group_id` int unsigned NOT NULL,
  PRIMARY KEY (`catalog_rule_id`,`customer_group_id`),
  KEY `catalog_rule_customer_groups_customer_group_id_foreign` (`customer_group_id`),
  CONSTRAINT `catalog_rule_customer_groups_catalog_rule_id_foreign` FOREIGN KEY (`catalog_rule_id`) REFERENCES `catalog_rules` (`id`) ON DELETE CASCADE,
  CONSTRAINT `catalog_rule_customer_groups_customer_group_id_foreign` FOREIGN KEY (`customer_group_id`) REFERENCES `customer_groups` (`id`) ON DELETE CASCADE
) ENGINE=InnoDB DEFAULT CHARSET=utf8mb4 COLLATE=utf8mb4_unicode_ci ROW_FORMAT=DYNAMIC;
/*!40101 SET character_set_client = @saved_cs_client */;

--
-- Dumping data for table `catalog_rule_customer_groups`
--

LOCK TABLES `catalog_rule_customer_groups` WRITE;
/*!40000 ALTER TABLE `catalog_rule_customer_groups` DISABLE KEYS */;
INSERT INTO `catalog_rule_customer_groups` VALUES (1,1),(2,1),(1,2),(2,2),(1,3),(2,3);
/*!40000 ALTER TABLE `catalog_rule_customer_groups` ENABLE KEYS */;
UNLOCK TABLES;

--
-- Table structure for table `catalog_rule_product_prices`
--

DROP TABLE IF EXISTS `catalog_rule_product_prices`;
/*!40101 SET @saved_cs_client     = @@character_set_client */;
/*!50503 SET character_set_client = utf8mb4 */;
CREATE TABLE `catalog_rule_product_prices` (
  `id` int unsigned NOT NULL AUTO_INCREMENT,
  `price` decimal(12,4) NOT NULL DEFAULT '0.0000',
  `rule_date` date NOT NULL,
  `starts_from` datetime DEFAULT NULL,
  `ends_till` datetime DEFAULT NULL,
  `product_id` int unsigned NOT NULL,
  `customer_group_id` int unsigned NOT NULL,
  `catalog_rule_id` int unsigned NOT NULL,
  `channel_id` int unsigned NOT NULL,
  PRIMARY KEY (`id`),
  KEY `catalog_rule_product_prices_product_id_foreign` (`product_id`),
  KEY `catalog_rule_product_prices_customer_group_id_foreign` (`customer_group_id`),
  KEY `catalog_rule_product_prices_catalog_rule_id_foreign` (`catalog_rule_id`),
  KEY `catalog_rule_product_prices_channel_id_foreign` (`channel_id`),
  CONSTRAINT `catalog_rule_product_prices_catalog_rule_id_foreign` FOREIGN KEY (`catalog_rule_id`) REFERENCES `catalog_rules` (`id`) ON DELETE CASCADE,
  CONSTRAINT `catalog_rule_product_prices_channel_id_foreign` FOREIGN KEY (`channel_id`) REFERENCES `channels` (`id`) ON DELETE CASCADE,
  CONSTRAINT `catalog_rule_product_prices_customer_group_id_foreign` FOREIGN KEY (`customer_group_id`) REFERENCES `customer_groups` (`id`) ON DELETE CASCADE,
  CONSTRAINT `catalog_rule_product_prices_product_id_foreign` FOREIGN KEY (`product_id`) REFERENCES `products` (`id`) ON DELETE CASCADE
) ENGINE=InnoDB DEFAULT CHARSET=utf8mb4 COLLATE=utf8mb4_unicode_ci ROW_FORMAT=DYNAMIC;
/*!40101 SET character_set_client = @saved_cs_client */;

--
-- Dumping data for table `catalog_rule_product_prices`
--

LOCK TABLES `catalog_rule_product_prices` WRITE;
/*!40000 ALTER TABLE `catalog_rule_product_prices` DISABLE KEYS */;
/*!40000 ALTER TABLE `catalog_rule_product_prices` ENABLE KEYS */;
UNLOCK TABLES;

--
-- Table structure for table `catalog_rule_products`
--

DROP TABLE IF EXISTS `catalog_rule_products`;
/*!40101 SET @saved_cs_client     = @@character_set_client */;
/*!50503 SET character_set_client = utf8mb4 */;
CREATE TABLE `catalog_rule_products` (
  `id` int unsigned NOT NULL AUTO_INCREMENT,
  `starts_from` datetime DEFAULT NULL,
  `ends_till` datetime DEFAULT NULL,
  `end_other_rules` tinyint(1) NOT NULL DEFAULT '0',
  `action_type` varchar(191) CHARACTER SET utf8mb4 COLLATE utf8mb4_unicode_ci DEFAULT NULL,
  `discount_amount` decimal(12,4) NOT NULL DEFAULT '0.0000',
  `sort_order` int unsigned NOT NULL DEFAULT '0',
  `product_id` int unsigned NOT NULL,
  `customer_group_id` int unsigned NOT NULL,
  `catalog_rule_id` int unsigned NOT NULL,
  `channel_id` int unsigned NOT NULL,
  PRIMARY KEY (`id`),
  KEY `catalog_rule_products_product_id_foreign` (`product_id`),
  KEY `catalog_rule_products_customer_group_id_foreign` (`customer_group_id`),
  KEY `catalog_rule_products_catalog_rule_id_foreign` (`catalog_rule_id`),
  KEY `catalog_rule_products_channel_id_foreign` (`channel_id`),
  CONSTRAINT `catalog_rule_products_catalog_rule_id_foreign` FOREIGN KEY (`catalog_rule_id`) REFERENCES `catalog_rules` (`id`) ON DELETE CASCADE,
  CONSTRAINT `catalog_rule_products_channel_id_foreign` FOREIGN KEY (`channel_id`) REFERENCES `channels` (`id`) ON DELETE CASCADE,
  CONSTRAINT `catalog_rule_products_customer_group_id_foreign` FOREIGN KEY (`customer_group_id`) REFERENCES `customer_groups` (`id`) ON DELETE CASCADE,
  CONSTRAINT `catalog_rule_products_product_id_foreign` FOREIGN KEY (`product_id`) REFERENCES `products` (`id`) ON DELETE CASCADE
) ENGINE=InnoDB DEFAULT CHARSET=utf8mb4 COLLATE=utf8mb4_unicode_ci ROW_FORMAT=DYNAMIC;
/*!40101 SET character_set_client = @saved_cs_client */;

--
-- Dumping data for table `catalog_rule_products`
--

LOCK TABLES `catalog_rule_products` WRITE;
/*!40000 ALTER TABLE `catalog_rule_products` DISABLE KEYS */;
/*!40000 ALTER TABLE `catalog_rule_products` ENABLE KEYS */;
UNLOCK TABLES;

--
-- Table structure for table `catalog_rules`
--

DROP TABLE IF EXISTS `catalog_rules`;
/*!40101 SET @saved_cs_client     = @@character_set_client */;
/*!50503 SET character_set_client = utf8mb4 */;
CREATE TABLE `catalog_rules` (
  `id` int unsigned NOT NULL AUTO_INCREMENT,
  `name` varchar(191) CHARACTER SET utf8mb4 COLLATE utf8mb4_unicode_ci DEFAULT NULL,
  `description` varchar(191) CHARACTER SET utf8mb4 COLLATE utf8mb4_unicode_ci DEFAULT NULL,
  `starts_from` date DEFAULT NULL,
  `ends_till` date DEFAULT NULL,
  `status` tinyint(1) NOT NULL DEFAULT '0',
  `condition_type` tinyint(1) NOT NULL DEFAULT '1',
  `conditions` longtext CHARACTER SET utf8mb4 COLLATE utf8mb4_bin,
  `end_other_rules` tinyint(1) NOT NULL DEFAULT '0',
  `action_type` varchar(191) CHARACTER SET utf8mb4 COLLATE utf8mb4_unicode_ci DEFAULT NULL,
  `discount_amount` decimal(12,4) NOT NULL DEFAULT '0.0000',
  `sort_order` int unsigned NOT NULL DEFAULT '0',
  `created_at` timestamp NULL DEFAULT NULL,
  `updated_at` timestamp NULL DEFAULT NULL,
  PRIMARY KEY (`id`)
) ENGINE=InnoDB AUTO_INCREMENT=3 DEFAULT CHARSET=utf8mb4 COLLATE=utf8mb4_unicode_ci ROW_FORMAT=DYNAMIC;
/*!40101 SET character_set_client = @saved_cs_client */;

--
-- Dumping data for table `catalog_rules`
--

LOCK TABLES `catalog_rules` WRITE;
/*!40000 ALTER TABLE `catalog_rules` DISABLE KEYS */;
INSERT INTO `catalog_rules` VALUES (1,'12 % off on rs 500','12 % off on rs 500','2021-01-21','2021-01-31',1,2,'[{\"attribute\":\"product|price\",\"operator\":\"==\",\"attribute_type\":\"price\",\"value\":\"500\"}]',0,'by_percent',12.0000,1,'2021-01-13 08:53:46','2021-01-29 02:49:39'),(2,'5 % off','5 % off which having price less than 100','2021-01-27','2021-02-28',1,1,'[{\"attribute\":\"product|price\",\"operator\":\"<=\",\"attribute_type\":\"price\",\"value\":\"100\"}]',0,'by_percent',5.0000,0,'2021-01-27 04:11:22','2021-01-29 02:47:07');
/*!40000 ALTER TABLE `catalog_rules` ENABLE KEYS */;
UNLOCK TABLES;

--
-- Table structure for table `categories`
--

DROP TABLE IF EXISTS `categories`;
/*!40101 SET @saved_cs_client     = @@character_set_client */;
/*!50503 SET character_set_client = utf8mb4 */;
CREATE TABLE `categories` (
  `id` int unsigned NOT NULL AUTO_INCREMENT,
  `position` int NOT NULL DEFAULT '0',
  `image` varchar(191) CHARACTER SET utf8mb4 COLLATE utf8mb4_unicode_ci DEFAULT NULL,
  `status` tinyint(1) NOT NULL DEFAULT '0',
  `_lft` int unsigned NOT NULL DEFAULT '0',
  `_rgt` int unsigned NOT NULL DEFAULT '0',
  `parent_id` int unsigned DEFAULT NULL,
  `created_at` timestamp NULL DEFAULT NULL,
  `updated_at` timestamp NULL DEFAULT NULL,
  `display_mode` varchar(191) CHARACTER SET utf8mb4 COLLATE utf8mb4_unicode_ci DEFAULT 'products_and_description',
  `category_icon_path` text CHARACTER SET utf8mb4 COLLATE utf8mb4_unicode_ci,
  `additional` longtext CHARACTER SET utf8mb4 COLLATE utf8mb4_unicode_ci,
  PRIMARY KEY (`id`),
  KEY `categories__lft__rgt_parent_id_index` (`_lft`,`_rgt`,`parent_id`)
) ENGINE=InnoDB AUTO_INCREMENT=56 DEFAULT CHARSET=utf8mb4 COLLATE=utf8mb4_unicode_ci ROW_FORMAT=DYNAMIC;
/*!40101 SET character_set_client = @saved_cs_client */;

--
-- Dumping data for table `categories`
--

LOCK TABLES `categories` WRITE;
/*!40000 ALTER TABLE `categories` DISABLE KEYS */;
INSERT INTO `categories` VALUES (1,1,NULL,1,1,120,NULL,'2021-01-06 05:56:58','2021-01-06 05:56:58','products_and_description',NULL,NULL),(2,4,NULL,1,121,122,NULL,'2021-01-06 12:16:56','2021-01-07 09:26:12','products_and_description',NULL,NULL),(3,3,'category/3/Bq91aUlsjAtbt0OrfS6CMOhhHkp3JKsQEgbSGWhw.png',1,104,105,1,'2021-01-06 12:24:35','2021-03-12 05:28:48','products_and_description','velocity/category_icon_path/3/6G2UelAM831hUX6rCAa0um1dmhJKZeNL6M6QbUCL.png',NULL),(4,2,'category/4/Cg1PzvABbWQH3zCbNabb9dMOwhcZLvhkbH9zifnq.png',1,14,103,1,'2021-01-07 09:24:37','2021-03-12 05:26:44','products_and_description','velocity/category_icon_path/4/vRLFdHypNyt2yZkTUGJzooMQIXTkGt3NYhvZ02Gk.jpeg',NULL),(5,4,NULL,1,106,107,1,'2021-01-23 03:07:13','2021-01-23 03:07:13','products_and_description',NULL,NULL),(6,1,'category/6/MQghGkYc9n0egAOcrFxCX3daTuHwVucnZHUxOBxD.png',1,15,26,4,'2021-01-29 04:14:27','2021-07-05 11:30:50','products_and_description','velocity/category_icon_path/6/PHe7mXquE9ua7rflZjyKT60GVG8umYZhN7og5OWm.png',NULL),(7,1,NULL,1,18,19,6,'2021-01-30 05:20:18','2021-07-05 11:30:50','products_and_description','velocity/category_icon_path/7/x0DzgLfgbWZsEz0SjklPMqstD1OiSL9OONvD0Nu9.png',NULL),(8,2,NULL,1,16,17,6,'2021-01-30 09:53:54','2021-07-05 11:30:50','products_and_description','velocity/category_icon_path/8/NAKH0BOcbUNi6Qo9HToMONknP7V8OPOniKfBxpiP.png',NULL),(9,3,NULL,1,20,21,6,'2021-01-30 11:48:08','2021-07-05 11:30:50','products_and_description',NULL,NULL),(10,4,NULL,1,22,23,6,'2021-01-30 11:55:41','2021-07-05 11:30:50','products_and_description',NULL,NULL),(11,5,NULL,1,24,25,6,'2021-01-30 11:56:22','2021-07-05 11:30:50','products_and_description',NULL,NULL),(12,3,NULL,1,27,44,4,'2021-01-30 11:57:07','2021-07-05 11:30:50','products_and_description',NULL,NULL),(13,1,NULL,1,28,29,12,'2021-01-30 11:58:04','2021-07-05 11:30:50','products_and_description',NULL,NULL),(14,2,NULL,1,30,31,12,'2021-01-30 11:59:19','2021-07-05 11:30:50','products_and_description',NULL,NULL),(15,3,NULL,1,32,33,12,'2021-01-30 11:59:51','2021-07-05 11:30:50','products_and_description',NULL,NULL),(16,4,NULL,1,34,35,12,'2021-01-30 12:01:56','2021-07-05 11:30:50','products_and_description',NULL,NULL),(17,5,NULL,1,36,37,12,'2021-01-30 12:02:31','2021-07-05 11:30:50','products_and_description',NULL,NULL),(18,6,NULL,1,38,39,12,'2021-01-30 12:03:01','2021-07-05 11:30:50','products_and_description',NULL,NULL),(19,2,NULL,1,45,54,4,'2021-01-30 12:03:45','2021-07-05 11:30:50','products_and_description',NULL,NULL),(20,1,NULL,1,46,47,19,'2021-01-30 12:04:40','2021-07-05 11:30:50','products_and_description',NULL,NULL),(21,2,NULL,1,48,49,19,'2021-01-30 12:05:25','2021-07-05 11:30:50','products_and_description',NULL,NULL),(22,3,NULL,1,50,51,19,'2021-01-30 12:06:13','2021-07-05 11:30:50','products_and_description',NULL,NULL),(23,4,NULL,1,52,53,19,'2021-01-30 12:06:47','2021-07-05 11:30:50','products_and_description',NULL,NULL),(24,4,NULL,1,55,80,4,'2021-01-30 12:07:39','2021-07-05 11:30:50','products_and_description',NULL,NULL),(25,1,NULL,1,56,57,24,'2021-01-30 12:08:17','2021-07-05 11:30:50','products_and_description',NULL,NULL),(26,2,NULL,1,58,59,24,'2021-01-30 12:09:07','2021-07-05 11:30:50','products_and_description',NULL,NULL),(27,3,NULL,1,60,61,24,'2021-01-30 12:09:41','2021-07-05 11:30:50','products_and_description',NULL,NULL),(28,4,NULL,1,62,63,24,'2021-01-30 12:10:34','2021-07-05 11:30:50','products_and_description',NULL,NULL),(29,5,NULL,1,64,65,24,'2021-01-30 12:11:19','2021-07-05 11:30:50','products_and_description',NULL,NULL),(30,6,NULL,1,66,67,24,'2021-01-30 12:11:57','2021-07-05 11:30:50','products_and_description',NULL,NULL),(31,7,NULL,1,68,69,24,'2021-01-30 12:12:36','2021-07-05 11:30:50','products_and_description',NULL,NULL),(32,8,NULL,1,70,71,24,'2021-01-30 12:13:09','2021-07-05 11:30:50','products_and_description',NULL,NULL),(33,10,NULL,1,72,73,24,'2021-01-30 12:15:02','2021-07-05 11:30:50','products_and_description',NULL,NULL),(34,5,NULL,1,81,98,4,'2021-01-30 12:16:58','2021-07-05 11:30:50','products_and_description',NULL,NULL),(35,1,NULL,1,82,83,34,'2021-01-30 12:17:45','2021-07-05 11:30:50','products_and_description',NULL,NULL),(36,2,NULL,1,84,85,34,'2021-01-30 12:18:38','2021-07-05 11:30:50','products_and_description',NULL,NULL),(37,3,NULL,1,86,87,34,'2021-01-30 12:19:08','2021-07-05 11:30:50','products_and_description',NULL,NULL),(38,4,NULL,1,88,89,34,'2021-01-30 12:20:02','2021-07-05 11:30:50','products_and_description',NULL,NULL),(39,5,NULL,1,90,91,34,'2021-01-30 12:20:45','2021-07-05 11:30:50','products_and_description',NULL,NULL),(40,6,NULL,1,92,93,34,'2021-01-30 12:21:31','2021-07-05 11:30:50','products_and_description',NULL,NULL),(41,7,NULL,1,94,95,34,'2021-01-30 12:22:18','2021-07-05 11:30:50','products_and_description',NULL,NULL),(42,8,NULL,1,96,97,34,'2021-01-30 12:23:02','2021-07-05 11:30:50','products_and_description',NULL,NULL),(43,6,NULL,1,99,102,4,'2021-01-30 12:23:45','2021-07-05 11:30:50','products_and_description',NULL,NULL),(44,1,NULL,1,100,101,43,'2021-01-30 12:24:21','2021-07-05 11:30:50','products_and_description',NULL,NULL),(45,1,'category/45/G5vO4XS88wedMfzU7APUeYhJpn1pc1Z0y0K4Uyme.jpeg',1,108,113,1,'2021-03-23 08:27:11','2021-03-23 08:27:11','products_and_description','velocity/category_icon_path/45/KIwQoAxC8JJAte7cJpWGqUf7gWuQNjexWjzL9Q4N.png',NULL),(46,1,'category/46/EjE1a5KPXQ9g9FoPAt8F48SvvHF1jYGmXJBigqUq.jpeg',1,109,110,45,'2021-03-23 09:34:19','2021-07-05 11:28:01','products_only','velocity/category_icon_path/46/qWzuo76xBXnByR6krcrLXrEhZP2PPUyrxdXH44eE.png',NULL),(47,1,'category/47/9Bi8fhOHDnApn7KnwRMfs1BJhTaVVt94BvXgNaCb.jpeg',1,111,112,45,'2021-04-05 07:28:39','2021-07-05 11:28:01','products_and_description','velocity/category_icon_path/47/8J3PYYDRzmWnso290pxHzjkQ9TbplcZJNZivBswE.jpeg',NULL),(48,1,NULL,1,114,117,1,'2021-04-19 11:15:51','2021-07-05 11:29:42','products_and_description',NULL,NULL),(49,1,NULL,1,115,116,48,'2021-04-19 11:19:29','2021-07-05 11:38:38','products_only',NULL,NULL),(50,1,NULL,1,74,75,24,'2021-04-23 02:48:15','2021-07-05 11:30:50','products_only',NULL,NULL),(51,1,NULL,1,76,77,24,'2021-04-23 03:46:35','2021-07-05 11:30:50','products_only',NULL,NULL),(52,1,NULL,1,78,79,24,'2021-04-23 06:33:25','2021-07-05 11:30:50','products_only',NULL,NULL),(53,1,NULL,1,40,41,12,'2021-04-26 10:57:21','2021-07-05 11:30:50','products_only',NULL,NULL),(54,1,NULL,1,42,43,12,'2021-07-03 08:56:58','2021-07-05 11:30:50','products_only',NULL,NULL),(55,6,NULL,1,118,119,1,'2021-07-05 11:34:26','2021-07-06 03:49:15','products_and_description',NULL,NULL);
/*!40000 ALTER TABLE `categories` ENABLE KEYS */;
UNLOCK TABLES;
/*!50003 SET @saved_cs_client      = @@character_set_client */ ;
/*!50003 SET @saved_cs_results     = @@character_set_results */ ;
/*!50003 SET @saved_col_connection = @@collation_connection */ ;
/*!50003 SET character_set_client  = utf8mb4 */ ;
/*!50003 SET character_set_results = utf8mb4 */ ;
/*!50003 SET collation_connection  = utf8mb4_0900_ai_ci */ ;
/*!50003 SET @saved_sql_mode       = @@sql_mode */ ;
/*!50003 SET sql_mode              = 'NO_AUTO_VALUE_ON_ZERO' */ ;
DELIMITER ;;
/*!50003 CREATE*/ /*!50017 DEFINER=`root`@`localhost`*/ /*!50003 TRIGGER `trig_categories_insert` AFTER INSERT ON `categories` FOR EACH ROW BEGIN
                            DECLARE urlPath VARCHAR(255);
            DECLARE localeCode VARCHAR(255);
            DECLARE done INT;
            DECLARE curs CURSOR FOR (SELECT category_translations.locale
                    FROM category_translations
                    WHERE category_id = NEW.id);
            DECLARE CONTINUE HANDLER FOR NOT FOUND SET done = 1;


            IF EXISTS (
                SELECT *
                FROM category_translations
                WHERE category_id = NEW.id
            )
            THEN

                OPEN curs;

            	SET done = 0;
                REPEAT
                	FETCH curs INTO localeCode;

                    SELECT get_url_path_of_category(NEW.id, localeCode) INTO urlPath;

                    IF NEW.parent_id IS NULL
                    THEN
                        SET urlPath = '';
                    END IF;

                    UPDATE category_translations
                    SET url_path = urlPath
                    WHERE
                        category_translations.category_id = NEW.id
                        AND category_translations.locale = localeCode;

                UNTIL done END REPEAT;

                CLOSE curs;

            END IF;
            END */;;
DELIMITER ;
/*!50003 SET sql_mode              = @saved_sql_mode */ ;
/*!50003 SET character_set_client  = @saved_cs_client */ ;
/*!50003 SET character_set_results = @saved_cs_results */ ;
/*!50003 SET collation_connection  = @saved_col_connection */ ;
/*!50003 SET @saved_cs_client      = @@character_set_client */ ;
/*!50003 SET @saved_cs_results     = @@character_set_results */ ;
/*!50003 SET @saved_col_connection = @@collation_connection */ ;
/*!50003 SET character_set_client  = utf8mb4 */ ;
/*!50003 SET character_set_results = utf8mb4 */ ;
/*!50003 SET collation_connection  = utf8mb4_0900_ai_ci */ ;
/*!50003 SET @saved_sql_mode       = @@sql_mode */ ;
/*!50003 SET sql_mode              = 'NO_AUTO_VALUE_ON_ZERO' */ ;
DELIMITER ;;
/*!50003 CREATE*/ /*!50017 DEFINER=`root`@`localhost`*/ /*!50003 TRIGGER `trig_categories_update` AFTER UPDATE ON `categories` FOR EACH ROW BEGIN
                            DECLARE urlPath VARCHAR(255);
            DECLARE localeCode VARCHAR(255);
            DECLARE done INT;
            DECLARE curs CURSOR FOR (SELECT category_translations.locale
                    FROM category_translations
                    WHERE category_id = NEW.id);
            DECLARE CONTINUE HANDLER FOR NOT FOUND SET done = 1;


            IF EXISTS (
                SELECT *
                FROM category_translations
                WHERE category_id = NEW.id
            )
            THEN

                OPEN curs;

            	SET done = 0;
                REPEAT
                	FETCH curs INTO localeCode;

                    SELECT get_url_path_of_category(NEW.id, localeCode) INTO urlPath;

                    IF NEW.parent_id IS NULL
                    THEN
                        SET urlPath = '';
                    END IF;

                    UPDATE category_translations
                    SET url_path = urlPath
                    WHERE
                        category_translations.category_id = NEW.id
                        AND category_translations.locale = localeCode;

                UNTIL done END REPEAT;

                CLOSE curs;

            END IF;
            END */;;
DELIMITER ;
/*!50003 SET sql_mode              = @saved_sql_mode */ ;
/*!50003 SET character_set_client  = @saved_cs_client */ ;
/*!50003 SET character_set_results = @saved_cs_results */ ;
/*!50003 SET collation_connection  = @saved_col_connection */ ;

--
-- Table structure for table `category_filterable_attributes`
--

DROP TABLE IF EXISTS `category_filterable_attributes`;
/*!40101 SET @saved_cs_client     = @@character_set_client */;
/*!50503 SET character_set_client = utf8mb4 */;
CREATE TABLE `category_filterable_attributes` (
  `category_id` int unsigned NOT NULL,
  `attribute_id` int unsigned NOT NULL,
  KEY `category_filterable_attributes_category_id_foreign` (`category_id`),
  KEY `category_filterable_attributes_attribute_id_foreign` (`attribute_id`),
  CONSTRAINT `category_filterable_attributes_attribute_id_foreign` FOREIGN KEY (`attribute_id`) REFERENCES `attributes` (`id`) ON DELETE CASCADE,
  CONSTRAINT `category_filterable_attributes_category_id_foreign` FOREIGN KEY (`category_id`) REFERENCES `categories` (`id`) ON DELETE CASCADE
) ENGINE=InnoDB DEFAULT CHARSET=utf8mb4 COLLATE=utf8mb4_unicode_ci ROW_FORMAT=DYNAMIC;
/*!40101 SET character_set_client = @saved_cs_client */;

--
-- Dumping data for table `category_filterable_attributes`
--

LOCK TABLES `category_filterable_attributes` WRITE;
/*!40000 ALTER TABLE `category_filterable_attributes` DISABLE KEYS */;
INSERT INTO `category_filterable_attributes` VALUES (2,23),(3,11),(4,11),(1,11),(5,11),(6,11),(7,11),(8,11),(9,11),(10,11),(11,11),(12,11),(13,11),(14,11),(15,11),(16,11),(17,11),(18,11),(19,11),(20,11),(21,11),(22,11),(23,11),(24,11),(25,11),(26,11),(27,11),(28,11),(29,11),(30,11),(31,11),(32,11),(33,11),(34,11),(35,11),(36,11),(37,11),(38,11),(39,11),(40,11),(41,11),(42,11),(43,11),(44,11),(45,11),(46,11),(46,23),(46,24),(46,25),(46,28),(47,11),(47,23),(47,24),(47,25),(47,28),(48,11),(49,11),(49,23),(49,24),(49,25),(49,28),(50,11),(50,23),(50,24),(50,25),(50,28),(51,11),(51,23),(51,24),(51,25),(51,28),(52,11),(52,23),(52,24),(52,25),(52,28),(53,11),(53,23),(53,24),(53,25),(53,28),(54,11),(54,23),(54,24),(54,25),(54,28),(55,11),(48,23),(48,24),(48,25),(48,28);
/*!40000 ALTER TABLE `category_filterable_attributes` ENABLE KEYS */;
UNLOCK TABLES;

--
-- Table structure for table `category_translations`
--

DROP TABLE IF EXISTS `category_translations`;
/*!40101 SET @saved_cs_client     = @@character_set_client */;
/*!50503 SET character_set_client = utf8mb4 */;
CREATE TABLE `category_translations` (
  `id` int unsigned NOT NULL AUTO_INCREMENT,
  `name` text CHARACTER SET utf8mb4 COLLATE utf8mb4_unicode_ci NOT NULL,
  `slug` varchar(191) CHARACTER SET utf8mb4 COLLATE utf8mb4_unicode_ci NOT NULL,
  `description` text CHARACTER SET utf8mb4 COLLATE utf8mb4_unicode_ci,
  `meta_title` text CHARACTER SET utf8mb4 COLLATE utf8mb4_unicode_ci,
  `meta_description` text CHARACTER SET utf8mb4 COLLATE utf8mb4_unicode_ci,
  `meta_keywords` text CHARACTER SET utf8mb4 COLLATE utf8mb4_unicode_ci,
  `category_id` int unsigned NOT NULL,
  `locale` varchar(191) CHARACTER SET utf8mb4 COLLATE utf8mb4_unicode_ci NOT NULL,
  `locale_id` int unsigned DEFAULT NULL,
  `url_path` varchar(2048) CHARACTER SET utf8mb4 COLLATE utf8mb4_unicode_ci NOT NULL COMMENT 'maintained by database triggers',
  PRIMARY KEY (`id`),
  UNIQUE KEY `category_translations_category_id_slug_locale_unique` (`category_id`,`slug`,`locale`),
  KEY `category_translations_locale_id_foreign` (`locale_id`),
  CONSTRAINT `category_translations_category_id_foreign` FOREIGN KEY (`category_id`) REFERENCES `categories` (`id`) ON DELETE CASCADE,
  CONSTRAINT `category_translations_locale_id_foreign` FOREIGN KEY (`locale_id`) REFERENCES `locales` (`id`) ON DELETE CASCADE
) ENGINE=InnoDB AUTO_INCREMENT=191 DEFAULT CHARSET=utf8mb4 COLLATE=utf8mb4_unicode_ci ROW_FORMAT=DYNAMIC;
/*!40101 SET character_set_client = @saved_cs_client */;

--
-- Dumping data for table `category_translations`
--

LOCK TABLES `category_translations` WRITE;
/*!40000 ALTER TABLE `category_translations` DISABLE KEYS */;
INSERT INTO `category_translations` VALUES (1,'Root','root','<p>Root</p>','','','',1,'en',NULL,''),(2,'Men','men','<p>Men Category</p>','','','',2,'en',1,''),(6,'WOUND CARE & DRESSINGS','wound-care-dressings','<p style=\"box-sizing: border-box; margin-top: 0px; margin-bottom: 1rem; color: #788188; font-family: \'Work Sans\', sans-serif;\">Wound care and dressings protect wounds from infection and contamination while promoting healing. They are designed to be in direct contact with the wound serving as a barrier between the wound environment and the surroundings.&nbsp;Wound dressings&nbsp;absorb exudate, stop bleeding and ease pain. Dressings can also be infused with analgesics and antiseptics to add to the properties of the dressings and accelerate healing.</p>\r\n<p style=\"box-sizing: border-box; margin-top: 0px; margin-bottom: 1rem; color: #788188; font-family: \'Work Sans\', sans-serif;\"><span style=\"box-sizing: border-box; font-weight: bolder;\">Types of Wound Dressings</span></p>\r\n<p style=\"box-sizing: border-box; margin-top: 0px; margin-bottom: 1rem; color: #788188; font-family: \'Work Sans\', sans-serif;\">The different&nbsp;wound dressing types&nbsp;which are used in different situations are:</p>\r\n<p style=\"box-sizing: border-box; margin-top: 0px; margin-bottom: 1rem; color: #788188; font-family: \'Work Sans\', sans-serif;\"><span style=\"box-sizing: border-box; font-weight: bolder;\">Rolled Bandage</span></p>\r\n<p style=\"box-sizing: border-box; margin-top: 0px; margin-bottom: 1rem; color: #788188; font-family: \'Work Sans\', sans-serif;\">A rolled bandage is used to secure a dressing in place</p>\r\n<p style=\"box-sizing: border-box; margin-top: 0px; margin-bottom: 1rem; color: #788188; font-family: \'Work Sans\', sans-serif;\"><span style=\"box-sizing: border-box; font-weight: bolder;\">Gauze Swab</span></p>\r\n<p style=\"box-sizing: border-box; margin-top: 0px; margin-bottom: 1rem; color: #788188; font-family: \'Work Sans\', sans-serif;\">It is a sterile white dressing used to cover up open cuts and wounds and is used along with an antibacterial gel or cream</p>\r\n<p style=\"box-sizing: border-box; margin-top: 0px; margin-bottom: 1rem; color: #788188; font-family: \'Work Sans\', sans-serif;\"><span style=\"box-sizing: border-box; font-weight: bolder;\">Surgical Tape</span></p>\r\n<p style=\"box-sizing: border-box; margin-top: 0px; margin-bottom: 1rem; color: #788188; font-family: \'Work Sans\', sans-serif;\">It is a pressure-sensitive tape used to hold bandages and dressings in place</p>\r\n<p style=\"box-sizing: border-box; margin-top: 0px; margin-bottom: 1rem; color: #788188; font-family: \'Work Sans\', sans-serif;\"><span style=\"box-sizing: border-box; font-weight: bolder;\">Crepe Bandage</span></p>\r\n<p style=\"box-sizing: border-box; margin-top: 0px; margin-bottom: 1rem; color: #788188; font-family: \'Work Sans\', sans-serif;\">Crepe Bandages are applied to reduce swelling, offer support and ease pain after sprains and strains</p>\r\n<p style=\"box-sizing: border-box; margin-top: 0px; margin-bottom: 1rem; color: #788188; font-family: \'Work Sans\', sans-serif;\"><span style=\"box-sizing: border-box; font-weight: bolder;\">Transparent Film Dressings</span></p>\r\n<p style=\"box-sizing: border-box; margin-top: 0px; margin-bottom: 1rem; color: #788188; font-family: \'Work Sans\', sans-serif;\">Transparent Film Dressings are available in a variety of shapes and sizes making them easier to conform to a large type of wounds and protect the skin at pressure spots</p>\r\n<p style=\"box-sizing: border-box; margin-top: 0px; margin-bottom: 1rem; color: #788188; font-family: \'Work Sans\', sans-serif;\"><span style=\"box-sizing: border-box; font-weight: bolder;\">Silver Dressings</span></p>\r\n<p style=\"box-sizing: border-box; margin-top: 0px; margin-bottom: 1rem; color: #788188; font-family: \'Work Sans\', sans-serif;\">Silver Dressing is used in a wound which is already harboring an infection and they are anti-microbial in nature</p>\r\n<p style=\"box-sizing: border-box; margin-top: 0px; margin-bottom: 1rem; color: #788188; font-family: \'Work Sans\', sans-serif;\"><span style=\"box-sizing: border-box; font-weight: bolder;\">Cohesive Bandage</span></p>\r\n<p style=\"box-sizing: border-box; margin-top: 0px; margin-bottom: 1rem; color: #788188; font-family: \'Work Sans\', sans-serif;\">Cohesive bandages adhere well to themselves but don\'t adhere to the skin. They are useful in reduction of pain, sprains and strains</p>\r\n<p style=\"box-sizing: border-box; margin-top: 0px; margin-bottom: 1rem; color: #788188; font-family: \'Work Sans\', sans-serif;\"><span style=\"box-sizing: border-box; font-weight: bolder;\">Absorbent Dressings</span></p>\r\n<p style=\"box-sizing: border-box; margin-top: 0px; margin-bottom: 1rem; color: #788188; font-family: \'Work Sans\', sans-serif;\">These come in low, medium and high levels of absorbency and are used on wounds emitting exudates</p>\r\n<p style=\"box-sizing: border-box; margin-top: 0px; margin-bottom: 1rem; color: #788188; font-family: \'Work Sans\', sans-serif;\"><span style=\"box-sizing: border-box; font-weight: bolder;\">Antiseptic Dressings</span></p>\r\n<p style=\"box-sizing: border-box; margin-top: 0px; margin-bottom: 1rem; color: #788188; font-family: \'Work Sans\', sans-serif;\">Antiseptic wound dressings are impregnated with antimicrobial compounds to make prevent infection</p>\r\n<p style=\"box-sizing: border-box; margin-top: 0px; margin-bottom: 1rem; color: #788188; font-family: \'Work Sans\', sans-serif;\"><span style=\"box-sizing: border-box; font-weight: bolder;\">Mesh Wound Dressings</span></p>\r\n<p style=\"box-sizing: border-box; margin-top: 0px; margin-bottom: 1rem; color: #788188; font-family: \'Work Sans\', sans-serif;\">These dressings are used over ulcers, trauma wounds, abrasions etc</p>\r\n<p style=\"box-sizing: border-box; margin-top: 0px; margin-bottom: 1rem; color: #788188; font-family: \'Work Sans\', sans-serif;\"><span style=\"box-sizing: border-box; font-weight: bolder;\">Buy Wound Dressings at the best prices online in India from Smart Medical Buyer</span></p>\r\n<p style=\"box-sizing: border-box; margin-top: 0px; margin-bottom: 1rem; color: #788188; font-family: \'Work Sans\', sans-serif;\">Smart Medical Buyer has a wide range of&nbsp;wound dressing types&nbsp;which are superiorly sourced providing the&nbsp;best prices online in India. The easy search and ordering process and quick turnaround ensure a smooth and seamless experience. Smart Medical Buyer has a wide product portfolio for&nbsp;wound care dressings&nbsp;including trusted brands like&nbsp;DattMediproducts,&nbsp;3M Healthcare,Dr. Sabharwal\'s,&nbsp;Romsons&nbsp;and&nbsp;Smith and Nephew.</p>','','','',3,'en',1,'wound-care-dressings'),(10,'HOSPITAL APPAREL, LINEN AND PERSONAL PROTECTION','hospital-apparel-linen-and-personal-protection','<p>Here is&nbsp;HOMECARE category</p>','HOMECARE','','',4,'en',1,'hospital-apparel-linen-and-personal-protection'),(14,'RESPIRATORY & ANAESTHESIA SUPPLIES','respiratory-anaesthesia-supplies','<p style=\"box-sizing: border-box; margin-top: 0px; margin-bottom: 1rem; color: #788188; font-family: \'Work Sans\', sans-serif;\"><span style=\"box-sizing: border-box; font-weight: bolder;\">Respiratory &amp; Anaesthesia Supplies</span></p>\r\n<p style=\"box-sizing: border-box; margin-top: 0px; margin-bottom: 1rem; color: #788188; font-family: \'Work Sans\', sans-serif;\">A wide range of Respiratory &amp; Anaesthesia products are available online on Smart Medical Buyer. This includes a wide range of products utilized for airway management and respiratory assistance during anesthesia, unconsciousness or people with respiratory irregularities. The fastest moving products in this category are CPAP Masks, Oxygen Masks, Anesthesia Masks, Endotracheal Tubes, Nasal Cannulas, Breathing Circuits, Oxygen Regulators, Ambu Bags, Respirometers/Lung Exercisers, Ventilator Circuits, Tracheostomy Tubes, Bain Circuits, HME Filters, Epidural Catheters, Humidifiers, Spinal Needles and Venturi Masks.</p>\r\n<p style=\"box-sizing: border-box; margin-top: 0px; margin-bottom: 1rem; color: #788188; font-family: \'Work Sans\', sans-serif;\"><span style=\"box-sizing: border-box; font-weight: bolder;\">Types of products for Respiratory &amp; Anaesthesia Supplies available on Smart Medical Buyer</span></p>\r\n<p style=\"box-sizing: border-box; margin-top: 0px; margin-bottom: 1rem; color: #788188; font-family: \'Work Sans\', sans-serif;\">Products from Brands with the most demand in Respiratory &amp; Anaesthesia Supplies are available.</p>\r\n<p style=\"box-sizing: border-box; margin-top: 0px; margin-bottom: 1rem; color: #788188; font-family: \'Work Sans\', sans-serif;\"><span style=\"box-sizing: border-box; font-weight: bolder;\">1.Ambu Bag/ Manual Resuscitator</span></p>\r\n<p style=\"box-sizing: border-box; margin-top: 0px; margin-bottom: 1rem; color: #788188; font-family: \'Work Sans\', sans-serif;\">This device is used to provide positive pressure ventilation to provide resuscitation to patients breathing inadequately during emergency conditions.</p>\r\n<p style=\"box-sizing: border-box; margin-top: 0px; margin-bottom: 1rem; color: #788188; font-family: \'Work Sans\', sans-serif;\"><span style=\"box-sizing: border-box; font-weight: bolder;\">2.Anaesthesia Face Mask</span></p>\r\n<p style=\"box-sizing: border-box; margin-top: 0px; margin-bottom: 1rem; color: #788188; font-family: \'Work Sans\', sans-serif;\">The Anaesthesia face mask is used to support comfortable and spontaneous respiratory function and as a mode of ventilation during resuscitation of unconscious patients.</p>\r\n<p style=\"box-sizing: border-box; margin-top: 0px; margin-bottom: 1rem; color: #788188; font-family: \'Work Sans\', sans-serif;\"><span style=\"box-sizing: border-box; font-weight: bolder;\">3.Bain Circuit</span></p>\r\n<p style=\"box-sizing: border-box; margin-top: 0px; margin-bottom: 1rem; color: #788188; font-family: \'Work Sans\', sans-serif;\">Bain Circuit is an anesthesia delivery system which connects patient airway to anesthesia machine and prevents rebreathing of exhaled gases.</p>\r\n<p style=\"box-sizing: border-box; margin-top: 0px; margin-bottom: 1rem; color: #788188; font-family: \'Work Sans\', sans-serif;\"><span style=\"box-sizing: border-box; font-weight: bolder;\">4.Breathing Filter/ HME Filter</span></p>\r\n<p style=\"box-sizing: border-box; margin-top: 0px; margin-bottom: 1rem; color: #788188; font-family: \'Work Sans\', sans-serif;\">Breathing Filter/ HME Filter facilitate humidification, warming and filtering functions of upper respiratory tract in patient&rsquo;s undergoing anesthesia.</p>\r\n<p style=\"box-sizing: border-box; margin-top: 0px; margin-bottom: 1rem; color: #788188; font-family: \'Work Sans\', sans-serif;\"><span style=\"box-sizing: border-box; font-weight: bolder;\">5.Catheter Mount</span></p>\r\n<p style=\"box-sizing: border-box; margin-top: 0px; margin-bottom: 1rem; color: #788188; font-family: \'Work Sans\', sans-serif;\">This device is connected to endotracheal tube of patient and breathing circuit and minimizes the trauma to trachea.</p>\r\n<p style=\"box-sizing: border-box; margin-top: 0px; margin-bottom: 1rem; color: #788188; font-family: \'Work Sans\', sans-serif;\"><span style=\"box-sizing: border-box; font-weight: bolder;\">6.CPAP/Bi-PAP Masks</span></p>\r\n<p style=\"box-sizing: border-box; margin-top: 0px; margin-bottom: 1rem; color: #788188; font-family: \'Work Sans\', sans-serif;\">CPAP/Bi-PAP Masks are machine utilized to support airways in patients suffering from disrupted breathing and sleep apnea.</p>\r\n<p style=\"box-sizing: border-box; margin-top: 0px; margin-bottom: 1rem; color: #788188; font-family: \'Work Sans\', sans-serif;\"><span style=\"box-sizing: border-box; font-weight: bolder;\">7.Endotracheal Tube and Accessories</span></p>\r\n<p style=\"box-sizing: border-box; margin-top: 0px; margin-bottom: 1rem; color: #788188; font-family: \'Work Sans\', sans-serif;\">These tubes and accessories are used for endotracheal intubation in unconscious or sedated patients.</p>\r\n<p style=\"box-sizing: border-box; margin-top: 0px; margin-bottom: 1rem; color: #788188; font-family: \'Work Sans\', sans-serif;\"><span style=\"box-sizing: border-box; font-weight: bolder;\">8.Epidural Anaesthesia Products</span></p>\r\n<p style=\"box-sizing: border-box; margin-top: 0px; margin-bottom: 1rem; color: #788188; font-family: \'Work Sans\', sans-serif;\">Epidural Anaesthesia Products are used for administration of epidural anesthesia.</p>\r\n<p style=\"box-sizing: border-box; margin-top: 0px; margin-bottom: 1rem; color: #788188; font-family: \'Work Sans\', sans-serif;\"><span style=\"box-sizing: border-box; font-weight: bolder;\">9.Guedel and Nasopharyngeal Airways</span></p>\r\n<p style=\"box-sizing: border-box; margin-top: 0px; margin-bottom: 1rem; color: #788188; font-family: \'Work Sans\', sans-serif;\">These products are used for management of oropharyngeal airway and Nasaopharyngeal airway to prevent airway obstruction.</p>\r\n<p style=\"box-sizing: border-box; margin-top: 0px; margin-bottom: 1rem; color: #788188; font-family: \'Work Sans\', sans-serif;\"><span style=\"box-sizing: border-box; font-weight: bolder;\">10.Intercostal/Chest Drainage Catheter</span></p>\r\n<p style=\"box-sizing: border-box; margin-top: 0px; margin-bottom: 1rem; color: #788188; font-family: \'Work Sans\', sans-serif;\">Intercostal/Chest Drainage Catheter is used for thoracic drainage and can be straight or angled.</p>\r\n<p style=\"box-sizing: border-box; margin-top: 0px; margin-bottom: 1rem; color: #788188; font-family: \'Work Sans\', sans-serif;\"><span style=\"box-sizing: border-box; font-weight: bolder;\">11.Laryngeal Masks/ Laryngeal Mask Airways (LMA)</span></p>\r\n<p style=\"box-sizing: border-box; margin-top: 0px; margin-bottom: 1rem; color: #788188; font-family: \'Work Sans\', sans-serif;\">Laryngeal masks are a category of supraglottic airway that keep a patient&rsquo;s airway open during the state of unconsciousness and during anesthesia.</p>\r\n<p style=\"box-sizing: border-box; margin-top: 0px; margin-bottom: 1rem; color: #788188; font-family: \'Work Sans\', sans-serif;\"><span style=\"box-sizing: border-box; font-weight: bolder;\">12.Mucus Extractor</span></p>\r\n<p style=\"box-sizing: border-box; margin-top: 0px; margin-bottom: 1rem; color: #788188; font-family: \'Work Sans\', sans-serif;\">Mucus Extractor is used to clear nasal passage or for suctioning tracheal/bronchial secretion samples of neonates, children and adults for laboratory analysis.</p>\r\n<p style=\"box-sizing: border-box; margin-top: 0px; margin-bottom: 1rem; color: #788188; font-family: \'Work Sans\', sans-serif;\"><span style=\"box-sizing: border-box; font-weight: bolder;\">13.Nasal Cannula</span></p>\r\n<p style=\"box-sizing: border-box; margin-top: 0px; margin-bottom: 1rem; color: #788188; font-family: \'Work Sans\', sans-serif;\">Nasal cannulae are used by patients in the extended care, home and hospital environments to increase airflow and oxygen delivery.</p>\r\n<p style=\"box-sizing: border-box; margin-top: 0px; margin-bottom: 1rem; color: #788188; font-family: \'Work Sans\', sans-serif;\"><span style=\"box-sizing: border-box; font-weight: bolder;\">14.Nebulizer Masks</span></p>\r\n<p style=\"box-sizing: border-box; margin-top: 0px; margin-bottom: 1rem; color: #788188; font-family: \'Work Sans\', sans-serif;\">Nebulizer mask are used to deliver aerosolized medication to patient through the airway.</p>\r\n<p style=\"box-sizing: border-box; margin-top: 0px; margin-bottom: 1rem; color: #788188; font-family: \'Work Sans\', sans-serif;\"><span style=\"box-sizing: border-box; font-weight: bolder;\">15.Oxygen Masks</span></p>\r\n<p style=\"box-sizing: border-box; margin-top: 0px; margin-bottom: 1rem; color: #788188; font-family: \'Work Sans\', sans-serif;\">An Oxygen mask is used to deliver stored oxygen to patient&rsquo;s airway.</p>\r\n<p style=\"box-sizing: border-box; margin-top: 0px; margin-bottom: 1rem; color: #788188; font-family: \'Work Sans\', sans-serif;\"><span style=\"box-sizing: border-box; font-weight: bolder;\">16.Re-breathing Bag</span></p>\r\n<p style=\"box-sizing: border-box; margin-top: 0px; margin-bottom: 1rem; color: #788188; font-family: \'Work Sans\', sans-serif;\">These bags are used for the absorption of carbon dioxide in exhaled breath to allow for rebreathing.</p>\r\n<p style=\"box-sizing: border-box; margin-top: 0px; margin-bottom: 1rem; color: #788188; font-family: \'Work Sans\', sans-serif;\"><span style=\"box-sizing: border-box; font-weight: bolder;\">17.Respiratory and Anaesthesia Accessories</span></p>\r\n<p style=\"box-sizing: border-box; margin-top: 0px; margin-bottom: 1rem; color: #788188; font-family: \'Work Sans\', sans-serif;\">This includes connectors, adaptors, oxygen concentrators, peak flow meters, tracheal tube introducers and other respiratory and Anaesthesia accessories.</p>\r\n<p style=\"box-sizing: border-box; margin-top: 0px; margin-bottom: 1rem; color: #788188; font-family: \'Work Sans\', sans-serif;\"><span style=\"box-sizing: border-box; font-weight: bolder;\">18.Spinal Needle</span></p>\r\n<p style=\"box-sizing: border-box; margin-top: 0px; margin-bottom: 1rem; color: #788188; font-family: \'Work Sans\', sans-serif;\">Spinal needles are used to inject Anaesthesia or analgesic into the cerebrospinal fluid (CSF).</p>\r\n<p style=\"box-sizing: border-box; margin-top: 0px; margin-bottom: 1rem; color: #788188; font-family: \'Work Sans\', sans-serif;\"><span style=\"box-sizing: border-box; font-weight: bolder;\">19.Soda Lime</span></p>\r\n<p style=\"box-sizing: border-box; margin-top: 0px; margin-bottom: 1rem; color: #788188; font-family: \'Work Sans\', sans-serif;\">It is used as a carbon dioxide absorbent</p>\r\n<p style=\"box-sizing: border-box; margin-top: 0px; margin-bottom: 1rem; color: #788188; font-family: \'Work Sans\', sans-serif;\"><span style=\"box-sizing: border-box; font-weight: bolder;\">20.Sleep Apnea Products - CPAP/Bi-PAP</span></p>\r\n<p style=\"box-sizing: border-box; margin-top: 0px; margin-bottom: 1rem; color: #788188; font-family: \'Work Sans\', sans-serif;\">This includes products utilized for the management of sleep apnea such as CPAP/Bi-PAP, Pollen Filter, Oxygen Concentrator, disposable filters and humidifiers.</p>\r\n<p style=\"box-sizing: border-box; margin-top: 0px; margin-bottom: 1rem; color: #788188; font-family: \'Work Sans\', sans-serif;\"><span style=\"box-sizing: border-box; font-weight: bolder;\">21.Spirometer/Lung Exerciser</span></p>\r\n<p style=\"box-sizing: border-box; margin-top: 0px; margin-bottom: 1rem; color: #788188; font-family: \'Work Sans\', sans-serif;\">A Spirometer is by patients to improve their lung capacity and lung function.</p>\r\n<p style=\"box-sizing: border-box; margin-top: 0px; margin-bottom: 1rem; color: #788188; font-family: \'Work Sans\', sans-serif;\"><span style=\"box-sizing: border-box; font-weight: bolder;\">22.Suction Catheter</span></p>\r\n<p style=\"box-sizing: border-box; margin-top: 0px; margin-bottom: 1rem; color: #788188; font-family: \'Work Sans\', sans-serif;\">A suction catheter is a device used to extract secretions like saliva and mucus from the upper airway passage</p>\r\n<p style=\"box-sizing: border-box; margin-top: 0px; margin-bottom: 1rem; color: #788188; font-family: \'Work Sans\', sans-serif;\"><span style=\"box-sizing: border-box; font-weight: bolder;\">23.Trach Tee Oxygenator</span></p>\r\n<p style=\"box-sizing: border-box; margin-top: 0px; margin-bottom: 1rem; color: #788188; font-family: \'Work Sans\', sans-serif;\">This device is used to wean the patient off ventilator</p>\r\n<p style=\"box-sizing: border-box; margin-top: 0px; margin-bottom: 1rem; color: #788188; font-family: \'Work Sans\', sans-serif;\"><span style=\"box-sizing: border-box; font-weight: bolder;\">24.Tracheostomy Tubes and Kits</span></p>\r\n<p style=\"box-sizing: border-box; margin-top: 0px; margin-bottom: 1rem; color: #788188; font-family: \'Work Sans\', sans-serif;\">A trachestomy tube is placed in a tracheostomy stoma for maintaining the airway</p>\r\n<p style=\"box-sizing: border-box; margin-top: 0px; margin-bottom: 1rem; color: #788188; font-family: \'Work Sans\', sans-serif;\"><span style=\"box-sizing: border-box; font-weight: bolder;\">25.Ventilator Circuits and Kits</span></p>\r\n<p style=\"box-sizing: border-box; margin-top: 0px; margin-bottom: 1rem; color: #788188; font-family: \'Work Sans\', sans-serif;\">Ventilator Circuits and Kits are used to connect patient to a ventilator machine.</p>\r\n<p style=\"box-sizing: border-box; margin-top: 0px; margin-bottom: 1rem; color: #788188; font-family: \'Work Sans\', sans-serif;\"><span style=\"box-sizing: border-box; font-weight: bolder;\">26.Ventilators</span></p>\r\n<p style=\"box-sizing: border-box; margin-top: 0px; margin-bottom: 1rem; color: #788188; font-family: \'Work Sans\', sans-serif;\">A ventilator is utilized in emergency situations or for a patient who is physically unable to breathe.</p>\r\n<p style=\"box-sizing: border-box; margin-top: 0px; margin-bottom: 1rem; color: #788188; font-family: \'Work Sans\', sans-serif;\"><span style=\"box-sizing: border-box; font-weight: bolder;\">27.Venturi Mask</span></p>\r\n<p style=\"box-sizing: border-box; margin-top: 0px; margin-bottom: 1rem; color: #788188; font-family: \'Work Sans\', sans-serif;\">A venture mask is utilized by patients requiring controlled oxygen therapy.</p>\r\n<p style=\"box-sizing: border-box; margin-top: 0px; margin-bottom: 1rem; color: #788188; font-family: \'Work Sans\', sans-serif;\"><span style=\"box-sizing: border-box; font-weight: bolder;\">Buy Respiratory &amp; Anaesthesia Products online in India on Smart Medical Buyer</span></p>\r\n<p style=\"box-sizing: border-box; margin-top: 0px; margin-bottom: 1rem; color: #788188; font-family: \'Work Sans\', sans-serif;\">Smart Medical Buyer carries the largest range of respiratory and anaesthesia products online in India. We have products from the leading companies in this category - Intersurgical, Romsons, Airways Surgicals, Niscomed, SyskoAsia, Bellcross and Alpha Therapeutics (ATPL). Order online on Smart Medical Buyer and get delivery at your desired location.</p>','','','',5,'en',1,'respiratory-anaesthesia-supplies'),(18,'Respiratory Care','respiratory-care','<p>This is Subcategory of HOMECARE</p>\r\n<div id=\"gtx-trans\" style=\"position: absolute; left: 180px; top: 31px;\">&nbsp;</div>','Respiratory Care','','',6,'en',1,'hospital-apparel-linen-and-personal-protection/respiratory-care'),(22,'Bipap & Cpap Machine','bipap-cpap-machine','<p>This is subcategory of Respiratory Care<bdi style=\"-webkit-tap-highlight-color: rgba(0, 0, 0, 0); box-sizing: border-box;\"></bdi></p>','Bipap & Cpap Machine','','',7,'en',1,'hospital-apparel-linen-and-personal-protection/respiratory-care/bipap-cpap-machine'),(26,'Nebulizer Machine and accessories','nebulizer-machine-and-accessories','<p>This subcategory</p>\r\n<div id=\"gtx-trans\" style=\"position: absolute; left: 168px; top: 31px;\">&nbsp;</div>','Nebulizer Machine and accessories','','',8,'en',1,'hospital-apparel-linen-and-personal-protection/respiratory-care/nebulizer-machine-and-accessories'),(30,'Oxygen concentrator machine','oxygen-concentrator-machine','<p>This is Subcategory</p>','Oxygen concentrator machine','','',9,'en',1,'hospital-apparel-linen-and-personal-protection/respiratory-care/oxygen-concentrator-machine'),(34,'Respiratory Mask','respiratory-mask','<p>This is Subcategory</p>','Respiratory Mask','','',10,'en',1,'hospital-apparel-linen-and-personal-protection/respiratory-care/respiratory-mask'),(38,'Three Ball Incentive Spirometer','three-ball-incentive-spirometer','<p>This is Subcategory</p>','Three Ball Incentive Spirometer','','',11,'en',1,'hospital-apparel-linen-and-personal-protection/respiratory-care/three-ball-incentive-spirometer'),(42,'Health & Personal Care','health-personal-care','<p>This is Subcategory</p>','Health & Personal Care','','',12,'en',1,'hospital-apparel-linen-and-personal-protection/health-personal-care'),(46,'Fitness Equipment','fitness-equipment','<p>This is Subcategory</p>','Fitness Equipment','','',13,'en',1,'hospital-apparel-linen-and-personal-protection/health-personal-care/fitness-equipment'),(50,'Step Counter/Padometer','step-counterpadometer','<p>This is Subcategory</p>','Step Counter/Padometer','','',14,'en',1,'hospital-apparel-linen-and-personal-protection/health-personal-care/step-counterpadometer'),(54,'Massager','massager','<p>This is Subcategory</p>','Massager','','',15,'en',1,'hospital-apparel-linen-and-personal-protection/health-personal-care/massager'),(58,'Body Care','body-care','<p>This is Subcategory</p>','Body Care','','',16,'en',1,'hospital-apparel-linen-and-personal-protection/health-personal-care/body-care'),(62,'Hearing Machine','hearing-machine','<p>This is Subcategory</p>','Hearing Machine','','',17,'en',1,'hospital-apparel-linen-and-personal-protection/health-personal-care/hearing-machine'),(66,'Harbal Supplements','harbal-supplements','<p>This is Subcategory</p>','','','',18,'en',1,'hospital-apparel-linen-and-personal-protection/health-personal-care/harbal-supplements'),(70,'Mobile Aid','mobile-aid','<p>This is Subcategory</p>','Mobile Aid','','',19,'en',1,'hospital-apparel-linen-and-personal-protection/mobile-aid'),(74,'Walking Sticks','walking-sticks','<p>This is Subcategory</p>','Walking Sticks','','',20,'en',1,'hospital-apparel-linen-and-personal-protection/mobile-aid/walking-sticks'),(78,'Walker','walker','<p>This is Subcategory</p>','Walker','','',21,'en',1,'hospital-apparel-linen-and-personal-protection/mobile-aid/walker'),(82,'Commode Chair','commode-chair','<p>This is Subcategory</p>','Commode Chair','','',22,'en',1,'hospital-apparel-linen-and-personal-protection/mobile-aid/commode-chair'),(86,'Under Arm Crutches','under-arm-crutches','<p>This is Subcategory</p>','Under Arm Crutches','','',23,'en',1,'hospital-apparel-linen-and-personal-protection/mobile-aid/under-arm-crutches'),(90,'Support-Braces & Splints','support-braces-splints','<p>This is Subcategory</p>','Support-Braces & Splints','','',24,'en',1,'hospital-apparel-linen-and-personal-protection/support-braces-splints'),(94,'Ankle & Foot Supports','ankle-foot-supports','<p>This is Subcategory</p>','Ankle & Foot Supports','','',25,'en',1,'hospital-apparel-linen-and-personal-protection/support-braces-splints/ankle-foot-supports'),(98,'Arm Supports','arm-supports','<p>This is Subcategory</p>','Arm Supports','','',26,'en',1,'hospital-apparel-linen-and-personal-protection/support-braces-splints/arm-supports'),(102,'Back Support','back-support','<p>This is Subcategory</p>','Back Support','','',27,'en',1,'hospital-apparel-linen-and-personal-protection/support-braces-splints/back-support'),(106,'Body Belts','body-belts','<p>This is Subcategory</p>','Body Belts','','',28,'en',1,'hospital-apparel-linen-and-personal-protection/support-braces-splints/body-belts'),(110,'Hand and Wrist Braces','hand-and-wrist-braces','<p>This is Subcategory</p>','Hand and Wrist Braces','','',29,'en',1,'hospital-apparel-linen-and-personal-protection/support-braces-splints/hand-and-wrist-braces'),(114,'Hip Support','hip-support','<p>This is Subcategory</p>','Hip Support','','',30,'en',1,'hospital-apparel-linen-and-personal-protection/support-braces-splints/hip-support'),(118,'Shoulder Support','shoulder-support','<p>This is Subcategory</p>','Shoulder Support','','',31,'en',1,'hospital-apparel-linen-and-personal-protection/support-braces-splints/shoulder-support'),(122,'Waist & Abdomen Supports','waist-abdomen-supports','<p>This is Subcategory</p>','Waist & Abdomen Supports','','',32,'en',1,'hospital-apparel-linen-and-personal-protection/support-braces-splints/waist-abdomen-supports'),(126,'Splints','splints','<p>This is Subcategory</p>','Splints','','',33,'en',1,'hospital-apparel-linen-and-personal-protection/support-braces-splints/splints'),(130,'Physiotherapy & Rehabilitation','physiotherapy-rehabilitation','<p>This is Subcategory</p>','Physiotherapy & Rehabilitation','','',34,'en',1,'hospital-apparel-linen-and-personal-protection/physiotherapy-rehabilitation'),(134,'Physiotherapy Equipment','physiotherapy-equipment','<p>This is Subcategory</p>','Physiotherapy Equipment','','',35,'en',1,'hospital-apparel-linen-and-personal-protection/physiotherapy-rehabilitation/physiotherapy-equipment'),(138,'Rehabilitation Belts','rehabilitation-belts','<p>This is Subcategory</p>','Rehabilitation Belts','','',36,'en',1,'hospital-apparel-linen-and-personal-protection/physiotherapy-rehabilitation/rehabilitation-belts'),(142,'Heating Pads','heating-pads','<p>This is Subcategory</p>','Heating Pads','','',37,'en',1,'hospital-apparel-linen-and-personal-protection/physiotherapy-rehabilitation/heating-pads'),(146,'Rehabilitation Equipment','rehabilitation-equipment','<p>This is Subcategory</p>','Rehabilitation Equipment','','',38,'en',1,'hospital-apparel-linen-and-personal-protection/physiotherapy-rehabilitation/rehabilitation-equipment'),(150,'Acupressure Devices','acupressure-devices','<p>This is Subcategory</p>','Acupressure Devices','','',39,'en',1,'hospital-apparel-linen-and-personal-protection/physiotherapy-rehabilitation/acupressure-devices'),(154,'Rehab Cushions','rehab-cushions','<p>This is Subcategory</p>','Rehab Cushions','','',40,'en',1,'hospital-apparel-linen-and-personal-protection/physiotherapy-rehabilitation/rehab-cushions'),(158,'Heat Therapy Equipment','heat-therapy-equipment','<p>This is Subcategory</p>','Heat Therapy Equipment','','',41,'en',1,'hospital-apparel-linen-and-personal-protection/physiotherapy-rehabilitation/heat-therapy-equipment'),(162,'Cold Therapy Equipment','cold-therapy-equipment','<p>This is Subcategory</p>','Cold Therapy Equipment','','',42,'en',1,'hospital-apparel-linen-and-personal-protection/physiotherapy-rehabilitation/cold-therapy-equipment'),(166,'Homecare Equipments','homecare-equipments','<p>This is Subcategory</p>','Homecare Equipments','','',43,'en',1,'hospital-apparel-linen-and-personal-protection/homecare-equipments'),(170,'Air Mattress','air-mattress','<p>This is Subcategory</p>','Air Mattress','','',44,'en',1,'hospital-apparel-linen-and-personal-protection/homecare-equipments/air-mattress'),(174,'Medical Instruments','medical-instruments','<p>this&nbsp; Hospital Disposable category</p>','','','',45,'en',1,'medical-instruments'),(178,'N95 maks','n95-maks','<p>fgdgdfgdfg</p>','','','',46,'en',1,'medical-instruments/n95-maks'),(182,'disposiable cap','disposiable-cap','<p><span class=\"ILfuVd\"><span class=\"hgKElc\">Non Woven Disposable <strong>Bouffant Cap</strong>, Quantity Per Pack: 10000, Size: 18.  0.70 / Piece. Medicare Healthcare Product. Blue Non Woven Disposable <strong>Bouffant Cap</strong>, Size: 18 Inch, Quantity Per Pack: 100.</span></span></p>','','','',47,'en',1,'medical-instruments/disposiable-cap'),(183,'UROLOGY, OSTOMY & INCONTINENCE','urology-ostomy-incontinence','<p>good&nbsp;</p>','Home Essential','Home Essential for any future home','Home Essential, home, essential',48,'en',1,'urology-ostomy-incontinence'),(184,'Plastic Bottles','plastic-bottles','','Plastic Bottles','Plastic Bottles are durable','Plastic Bottles,Plastic, Bottles, Home Essential',49,'en',1,'urology-ostomy-incontinence/plastic-bottles'),(185,'Cervical Aids','cervical-aids','','Cervical Aids','','',50,'en',1,'hospital-apparel-linen-and-personal-protection/support-braces-splints/cervical-aids'),(186,'fracture aids','fracture-aids','','FRACTURE AIDS','','',51,'en',1,'hospital-apparel-linen-and-personal-protection/support-braces-splints/fracture-aids'),(187,'Knee and Ankle Support','knee-and-ankle-support','','Knee and Ankle Support','','',52,'en',1,'hospital-apparel-linen-and-personal-protection/support-braces-splints/knee-and-ankle-support'),(188,'Silicone Range','silicone-range','','','','',53,'en',1,'hospital-apparel-linen-and-personal-protection/health-personal-care/silicone-range'),(189,'C-Cure','c-cure','','c-cure ','c-cure, health','c-cure, health',54,'en',1,'hospital-apparel-linen-and-personal-protection/health-personal-care/c-cure'),(190,'STERILIZATION, ANTISEPTICS & DISINFECTANTS','sterilization-antiseptics-disinfectants','<h1 style=\"box-sizing: border-box; margin-top: 0px; margin-bottom: 0.5rem; font-family: \'Work Sans\', sans-serif; font-weight: 500; line-height: 1.2; font-size: 2.5rem;\">Sterilization, Antiseptics &amp; Disinfectants</h1>\r\n<p style=\"box-sizing: border-box; margin-top: 0px; margin-bottom: 1rem; color: #788188; font-family: \'Work Sans\', sans-serif;\">An antiseptic is an antimicrobial substance which can be applied to living tissue to reduce the possibility of infection. a disinfectant is a substance which is used on a non-living object to destroy microorganisms. Sterilization is the process of destroying microorganisms. There are no degrees of sterilization - an object is either sterile or non-sterile. Sterilization is extremely important in places like a hospital, where doctors and surgeons use instruments for surgical procedures. Sterilization products have been the backbone of healthcare delivery since the discovery of their role in reduction of infection. The usage of antiseptic surgical methods was championed by Joseph Lister. The sterilization procedure uses either one of heat, radiation or chemicals.</p>\r\n<p style=\"box-sizing: border-box; margin-top: 0px; margin-bottom: 1rem; color: #788188; font-family: \'Work Sans\', sans-serif;\"><span style=\"box-sizing: border-box; font-weight: bolder;\">Types of Sterilization, Antiseptics and Disinfectants products</span></p>\r\n<p style=\"box-sizing: border-box; margin-top: 0px; margin-bottom: 1rem; color: #788188; font-family: \'Work Sans\', sans-serif;\">Sterilization products, antiseptics, and disinfectants are used while doing invasive tests, surgical procedures, cleaning of instruments, equipment and premises, cleaning of hospital linen, cleaning surfaces, killing microbes present on hands etc. They come in various forms and chemical compositions based on the application.</p>\r\n<p style=\"box-sizing: border-box; margin-top: 0px; margin-bottom: 1rem; color: #788188; font-family: \'Work Sans\', sans-serif;\"><span style=\"box-sizing: border-box; font-weight: bolder;\">1.Hand Sanitizer</span></p>\r\n<p style=\"box-sizing: border-box; margin-top: 0px; margin-bottom: 1rem; color: #788188; font-family: \'Work Sans\', sans-serif;\">A hand sanitizer provides rapid disinfection from a broad spectrum of microbes present on skin.</p>\r\n<p style=\"box-sizing: border-box; margin-top: 0px; margin-bottom: 1rem; color: #788188; font-family: \'Work Sans\', sans-serif;\"><span style=\"box-sizing: border-box; font-weight: bolder;\">2.Surgical Prep Solution and Antiseptics</span></p>\r\n<p style=\"box-sizing: border-box; margin-top: 0px; margin-bottom: 1rem; color: #788188; font-family: \'Work Sans\', sans-serif;\">These are antiseptic agents to reduce microbes present at the incision site prior to incision. These can contain alcohol, povidine iodine, triclosan and chlorhexidine.</p>\r\n<p style=\"box-sizing: border-box; margin-top: 0px; margin-bottom: 1rem; color: #788188; font-family: \'Work Sans\', sans-serif;\"><span style=\"box-sizing: border-box; font-weight: bolder;\">3.Instrument and Equipment Detergents and Disinfectants</span></p>\r\n<p style=\"box-sizing: border-box; margin-top: 0px; margin-bottom: 1rem; color: #788188; font-family: \'Work Sans\', sans-serif;\">These Detergents and Disinfectants are utilized to disinfect equipment and instruments. They can be composed of Glutaraldehyde, Propanol, OPA, and preoteolytic enzymes.</p>\r\n<p style=\"box-sizing: border-box; margin-top: 0px; margin-bottom: 1rem; color: #788188; font-family: \'Work Sans\', sans-serif;\"><span style=\"box-sizing: border-box; font-weight: bolder;\">4.Linen Disinfectant</span></p>\r\n<p style=\"box-sizing: border-box; margin-top: 0px; margin-bottom: 1rem; color: #788188; font-family: \'Work Sans\', sans-serif;\">Linen Disinfectant are used to disinfect used hospital linen.</p>\r\n<p style=\"box-sizing: border-box; margin-top: 0px; margin-bottom: 1rem; color: #788188; font-family: \'Work Sans\', sans-serif;\"><span style=\"box-sizing: border-box; font-weight: bolder;\">5.Surgical Scrub/ Hand Wash</span></p>\r\n<p style=\"box-sizing: border-box; margin-top: 0px; margin-bottom: 1rem; color: #788188; font-family: \'Work Sans\', sans-serif;\">These products are used by operating team prior to intraoperative procedures for eliminating transient flora and inhibiting growth of microbes.</p>\r\n<p style=\"box-sizing: border-box; margin-top: 0px; margin-bottom: 1rem; color: #788188; font-family: \'Work Sans\', sans-serif;\"><span style=\"box-sizing: border-box; font-weight: bolder;\">6.Surface &amp; Environment Disinfectant</span></p>\r\n<p style=\"box-sizing: border-box; margin-top: 0px; margin-bottom: 1rem; color: #788188; font-family: \'Work Sans\', sans-serif;\">These are utilized to routine clean surfaces in health care set ups and have a broad spectrum activity against bacteria and eliminate other microbes.</p>\r\n<p style=\"box-sizing: border-box; margin-top: 0px; margin-bottom: 1rem; color: #788188; font-family: \'Work Sans\', sans-serif;\"><span style=\"box-sizing: border-box; font-weight: bolder;\">7.Sterilization Trays</span></p>\r\n<p style=\"box-sizing: border-box; margin-top: 0px; margin-bottom: 1rem; color: #788188; font-family: \'Work Sans\', sans-serif;\">These trays are designed to protect instruments during sterilization and storage.</p>\r\n<p style=\"box-sizing: border-box; margin-top: 0px; margin-bottom: 1rem; color: #788188; font-family: \'Work Sans\', sans-serif;\"><span style=\"box-sizing: border-box; font-weight: bolder;\">8.Sterilization Indicators &amp; Tapes</span></p>\r\n<p style=\"box-sizing: border-box; margin-top: 0px; margin-bottom: 1rem; color: #788188; font-family: \'Work Sans\', sans-serif;\">The sterilization indicators and tapes are used for reliable monitoring and tagging during various sterilization procedures.</p>\r\n<p style=\"box-sizing: border-box; margin-top: 0px; margin-bottom: 1rem; color: #788188; font-family: \'Work Sans\', sans-serif;\"><span style=\"box-sizing: border-box; font-weight: bolder;\">9.Sterilization Packaging</span></p>\r\n<p style=\"box-sizing: border-box; margin-top: 0px; margin-bottom: 1rem; color: #788188; font-family: \'Work Sans\', sans-serif;\">These are high strength medical grade paper with plastic polypropylene backing.</p>\r\n<p style=\"box-sizing: border-box; margin-top: 0px; margin-bottom: 1rem; color: #788188; font-family: \'Work Sans\', sans-serif;\"><span style=\"box-sizing: border-box; font-weight: bolder;\">10.Fogger Machine</span></p>\r\n<p style=\"box-sizing: border-box; margin-top: 0px; margin-bottom: 1rem; color: #788188; font-family: \'Work Sans\', sans-serif;\">These machines are used in hospitals for fumigation in place of fumigators and are highly effective for sanitation purpose.</p>\r\n<p style=\"box-sizing: border-box; margin-top: 0px; margin-bottom: 1rem; color: #788188; font-family: \'Work Sans\', sans-serif;\"><span style=\"box-sizing: border-box; font-weight: bolder;\">Buy Sterilization, Antiseptics &amp; Disinfectants products on Smart Medical Buyer</span></p>\r\n<p style=\"box-sizing: border-box; margin-top: 0px; margin-bottom: 1rem; color: #788188; font-family: \'Work Sans\', sans-serif;\">Smart Medical Buyer has sterilization products from the following companies - 3M Healthcare,Schuelke,Torrel, Zenith Chemicals &amp; Polchem Hygiene Labs. Popular brands like Microshield, Avagard, Desmanol, Steridex, Tridex, etc. are available at attractive prices. We provide the widest range of brands with an easy ordering process and door step delivery.</p>','','','',55,'en',1,'sterilization-antiseptics-disinfectants');
/*!40000 ALTER TABLE `category_translations` ENABLE KEYS */;
UNLOCK TABLES;
/*!50003 SET @saved_cs_client      = @@character_set_client */ ;
/*!50003 SET @saved_cs_results     = @@character_set_results */ ;
/*!50003 SET @saved_col_connection = @@collation_connection */ ;
/*!50003 SET character_set_client  = utf8mb4 */ ;
/*!50003 SET character_set_results = utf8mb4 */ ;
/*!50003 SET collation_connection  = utf8mb4_0900_ai_ci */ ;
/*!50003 SET @saved_sql_mode       = @@sql_mode */ ;
/*!50003 SET sql_mode              = 'NO_AUTO_VALUE_ON_ZERO' */ ;
DELIMITER ;;
/*!50003 CREATE*/ /*!50017 DEFINER=`root`@`localhost`*/ /*!50003 TRIGGER `trig_category_translations_insert` BEFORE INSERT ON `category_translations` FOR EACH ROW BEGIN
                            DECLARE parentUrlPath varchar(255);
            DECLARE urlPath varchar(255);

            IF NOT EXISTS (
                SELECT id
                FROM categories
                WHERE
                    id = NEW.category_id
                    AND parent_id IS NULL
            )
            THEN

                SELECT
                    GROUP_CONCAT(parent_translations.slug SEPARATOR '/') INTO parentUrlPath
                FROM
                    categories AS node,
                    categories AS parent
                    JOIN category_translations AS parent_translations ON parent.id = parent_translations.category_id
                WHERE
                    node._lft >= parent._lft
                    AND node._rgt <= parent._rgt
                    AND node.id = (SELECT parent_id FROM categories WHERE id = NEW.category_id)
                    AND node.parent_id IS NOT NULL
                    AND parent.parent_id IS NOT NULL
                    AND parent_translations.locale = NEW.locale
                GROUP BY
                    node.id;

                IF parentUrlPath IS NULL
                THEN
                    SET urlPath = NEW.slug;
                ELSE
                    SET urlPath = concat(parentUrlPath, '/', NEW.slug);
                END IF;

                SET NEW.url_path = urlPath;

            END IF;
            END */;;
DELIMITER ;
/*!50003 SET sql_mode              = @saved_sql_mode */ ;
/*!50003 SET character_set_client  = @saved_cs_client */ ;
/*!50003 SET character_set_results = @saved_cs_results */ ;
/*!50003 SET collation_connection  = @saved_col_connection */ ;
/*!50003 SET @saved_cs_client      = @@character_set_client */ ;
/*!50003 SET @saved_cs_results     = @@character_set_results */ ;
/*!50003 SET @saved_col_connection = @@collation_connection */ ;
/*!50003 SET character_set_client  = utf8mb4 */ ;
/*!50003 SET character_set_results = utf8mb4 */ ;
/*!50003 SET collation_connection  = utf8mb4_0900_ai_ci */ ;
/*!50003 SET @saved_sql_mode       = @@sql_mode */ ;
/*!50003 SET sql_mode              = 'NO_AUTO_VALUE_ON_ZERO' */ ;
DELIMITER ;;
/*!50003 CREATE*/ /*!50017 DEFINER=`root`@`localhost`*/ /*!50003 TRIGGER `trig_category_translations_update` BEFORE UPDATE ON `category_translations` FOR EACH ROW BEGIN
                            DECLARE parentUrlPath varchar(255);
            DECLARE urlPath varchar(255);

            IF NOT EXISTS (
                SELECT id
                FROM categories
                WHERE
                    id = NEW.category_id
                    AND parent_id IS NULL
            )
            THEN

                SELECT
                    GROUP_CONCAT(parent_translations.slug SEPARATOR '/') INTO parentUrlPath
                FROM
                    categories AS node,
                    categories AS parent
                    JOIN category_translations AS parent_translations ON parent.id = parent_translations.category_id
                WHERE
                    node._lft >= parent._lft
                    AND node._rgt <= parent._rgt
                    AND node.id = (SELECT parent_id FROM categories WHERE id = NEW.category_id)
                    AND node.parent_id IS NOT NULL
                    AND parent.parent_id IS NOT NULL
                    AND parent_translations.locale = NEW.locale
                GROUP BY
                    node.id;

                IF parentUrlPath IS NULL
                THEN
                    SET urlPath = NEW.slug;
                ELSE
                    SET urlPath = concat(parentUrlPath, '/', NEW.slug);
                END IF;

                SET NEW.url_path = urlPath;

            END IF;
            END */;;
DELIMITER ;
/*!50003 SET sql_mode              = @saved_sql_mode */ ;
/*!50003 SET character_set_client  = @saved_cs_client */ ;
/*!50003 SET character_set_results = @saved_cs_results */ ;
/*!50003 SET collation_connection  = @saved_col_connection */ ;

--
-- Table structure for table `channel_currencies`
--

DROP TABLE IF EXISTS `channel_currencies`;
/*!40101 SET @saved_cs_client     = @@character_set_client */;
/*!50503 SET character_set_client = utf8mb4 */;
CREATE TABLE `channel_currencies` (
  `channel_id` int unsigned NOT NULL,
  `currency_id` int unsigned NOT NULL,
  PRIMARY KEY (`channel_id`,`currency_id`),
  KEY `channel_currencies_currency_id_foreign` (`currency_id`),
  CONSTRAINT `channel_currencies_channel_id_foreign` FOREIGN KEY (`channel_id`) REFERENCES `channels` (`id`) ON DELETE CASCADE,
  CONSTRAINT `channel_currencies_currency_id_foreign` FOREIGN KEY (`currency_id`) REFERENCES `currencies` (`id`) ON DELETE CASCADE
) ENGINE=InnoDB DEFAULT CHARSET=utf8mb4 COLLATE=utf8mb4_unicode_ci ROW_FORMAT=DYNAMIC;
/*!40101 SET character_set_client = @saved_cs_client */;

--
-- Dumping data for table `channel_currencies`
--

LOCK TABLES `channel_currencies` WRITE;
/*!40000 ALTER TABLE `channel_currencies` DISABLE KEYS */;
INSERT INTO `channel_currencies` VALUES (1,1),(1,2),(1,3);
/*!40000 ALTER TABLE `channel_currencies` ENABLE KEYS */;
UNLOCK TABLES;

--
-- Table structure for table `channel_inventory_sources`
--

DROP TABLE IF EXISTS `channel_inventory_sources`;
/*!40101 SET @saved_cs_client     = @@character_set_client */;
/*!50503 SET character_set_client = utf8mb4 */;
CREATE TABLE `channel_inventory_sources` (
  `channel_id` int unsigned NOT NULL,
  `inventory_source_id` int unsigned NOT NULL,
  UNIQUE KEY `channel_inventory_sources_channel_id_inventory_source_id_unique` (`channel_id`,`inventory_source_id`),
  KEY `channel_inventory_sources_inventory_source_id_foreign` (`inventory_source_id`),
  CONSTRAINT `channel_inventory_sources_channel_id_foreign` FOREIGN KEY (`channel_id`) REFERENCES `channels` (`id`) ON DELETE CASCADE,
  CONSTRAINT `channel_inventory_sources_inventory_source_id_foreign` FOREIGN KEY (`inventory_source_id`) REFERENCES `inventory_sources` (`id`) ON DELETE CASCADE
) ENGINE=InnoDB DEFAULT CHARSET=utf8mb4 COLLATE=utf8mb4_unicode_ci ROW_FORMAT=DYNAMIC;
/*!40101 SET character_set_client = @saved_cs_client */;

--
-- Dumping data for table `channel_inventory_sources`
--

LOCK TABLES `channel_inventory_sources` WRITE;
/*!40000 ALTER TABLE `channel_inventory_sources` DISABLE KEYS */;
INSERT INTO `channel_inventory_sources` VALUES (1,1),(1,2);
/*!40000 ALTER TABLE `channel_inventory_sources` ENABLE KEYS */;
UNLOCK TABLES;

--
-- Table structure for table `channel_locales`
--

DROP TABLE IF EXISTS `channel_locales`;
/*!40101 SET @saved_cs_client     = @@character_set_client */;
/*!50503 SET character_set_client = utf8mb4 */;
CREATE TABLE `channel_locales` (
  `channel_id` int unsigned NOT NULL,
  `locale_id` int unsigned NOT NULL,
  PRIMARY KEY (`channel_id`,`locale_id`),
  KEY `channel_locales_locale_id_foreign` (`locale_id`),
  CONSTRAINT `channel_locales_channel_id_foreign` FOREIGN KEY (`channel_id`) REFERENCES `channels` (`id`) ON DELETE CASCADE,
  CONSTRAINT `channel_locales_locale_id_foreign` FOREIGN KEY (`locale_id`) REFERENCES `locales` (`id`) ON DELETE CASCADE
) ENGINE=InnoDB DEFAULT CHARSET=utf8mb4 COLLATE=utf8mb4_unicode_ci ROW_FORMAT=DYNAMIC;
/*!40101 SET character_set_client = @saved_cs_client */;

--
-- Dumping data for table `channel_locales`
--

LOCK TABLES `channel_locales` WRITE;
/*!40000 ALTER TABLE `channel_locales` DISABLE KEYS */;
INSERT INTO `channel_locales` VALUES (1,1);
/*!40000 ALTER TABLE `channel_locales` ENABLE KEYS */;
UNLOCK TABLES;

--
-- Table structure for table `channels`
--

DROP TABLE IF EXISTS `channels`;
/*!40101 SET @saved_cs_client     = @@character_set_client */;
/*!50503 SET character_set_client = utf8mb4 */;
CREATE TABLE `channels` (
  `id` int unsigned NOT NULL AUTO_INCREMENT,
  `code` varchar(191) CHARACTER SET utf8mb4 COLLATE utf8mb4_unicode_ci NOT NULL,
  `name` varchar(191) CHARACTER SET utf8mb4 COLLATE utf8mb4_unicode_ci NOT NULL,
  `description` text CHARACTER SET utf8mb4 COLLATE utf8mb4_unicode_ci,
  `timezone` varchar(191) CHARACTER SET utf8mb4 COLLATE utf8mb4_unicode_ci DEFAULT NULL,
  `theme` varchar(191) CHARACTER SET utf8mb4 COLLATE utf8mb4_unicode_ci DEFAULT NULL,
  `hostname` varchar(191) CHARACTER SET utf8mb4 COLLATE utf8mb4_unicode_ci DEFAULT NULL,
  `logo` varchar(191) CHARACTER SET utf8mb4 COLLATE utf8mb4_unicode_ci DEFAULT NULL,
  `favicon` varchar(191) CHARACTER SET utf8mb4 COLLATE utf8mb4_unicode_ci DEFAULT NULL,
  `home_page_content` text CHARACTER SET utf8mb4 COLLATE utf8mb4_unicode_ci,
  `footer_content` text CHARACTER SET utf8mb4 COLLATE utf8mb4_unicode_ci,
  `default_locale_id` int unsigned NOT NULL,
  `base_currency_id` int unsigned NOT NULL,
  `created_at` timestamp NULL DEFAULT NULL,
  `updated_at` timestamp NULL DEFAULT NULL,
  `root_category_id` int unsigned DEFAULT NULL,
  `home_seo` longtext CHARACTER SET utf8mb4 COLLATE utf8mb4_bin,
  PRIMARY KEY (`id`),
  KEY `channels_default_locale_id_foreign` (`default_locale_id`),
  KEY `channels_base_currency_id_foreign` (`base_currency_id`),
  KEY `channels_root_category_id_foreign` (`root_category_id`),
  CONSTRAINT `channels_base_currency_id_foreign` FOREIGN KEY (`base_currency_id`) REFERENCES `currencies` (`id`),
  CONSTRAINT `channels_default_locale_id_foreign` FOREIGN KEY (`default_locale_id`) REFERENCES `locales` (`id`),
  CONSTRAINT `channels_root_category_id_foreign` FOREIGN KEY (`root_category_id`) REFERENCES `categories` (`id`) ON DELETE SET NULL
) ENGINE=InnoDB AUTO_INCREMENT=2 DEFAULT CHARSET=utf8mb4 COLLATE=utf8mb4_unicode_ci ROW_FORMAT=DYNAMIC;
/*!40101 SET character_set_client = @saved_cs_client */;

--
-- Dumping data for table `channels`
--

LOCK TABLES `channels` WRITE;
/*!40000 ALTER TABLE `channels` DISABLE KEYS */;
INSERT INTO `channels` VALUES (1,'default','Default','',NULL,'zmart','',NULL,NULL,'<p>@include(\"shop::home.slider\") @include(\"shop::home.featured-products\") @include(\"shop::home.new-products\")</p>\r\n<div class=\"banner-container\">\r\n<div class=\"left-banner\"><img src=\"https://s3-ap-southeast-1.amazonaws.com/cdn.uvdesk.com/website/1/201902045c581f9494b8a1.png\" /></div>\r\n<div class=\"right-banner\"><img src=\"https://s3-ap-southeast-1.amazonaws.com/cdn.uvdesk.com/website/1/201902045c581fb045cf02.png\" /> <img src=\"https://s3-ap-southeast-1.amazonaws.com/cdn.uvdesk.com/website/1/201902045c581fc352d803.png\" /></div>\r\n</div>','<div class=\"list-container\"><span class=\"list-heading\">Quick Links</span>\r\n<ul class=\"list-group\">\r\n<li><a href=\"@php echo route(\'shop.cms.page\', \'about-us\') @endphp\">About Us</a></li>\r\n<li><a href=\"@php echo route(\'shop.cms.page\', \'return-policy\') @endphp\">Return Policy</a></li>\r\n<li><a href=\"@php echo route(\'shop.cms.page\', \'refund-policy\') @endphp\">Refund Policy</a></li>\r\n<li><a href=\"@php echo route(\'shop.cms.page\', \'terms-conditions\') @endphp\">Terms and conditions</a></li>\r\n<li><a href=\"@php echo route(\'shop.cms.page\', \'terms-of-use\') @endphp\">Terms of Use</a></li>\r\n<li><a href=\"@php echo route(\'shop.cms.page\', \'contact-us\') @endphp\">Contact Us</a></li>\r\n</ul>\r\n</div>\r\n<div class=\"list-container\"><span class=\"list-heading\">Connect With Us</span>\r\n<ul class=\"list-group\">\r\n<li><a href=\"#\"><span class=\"icon icon-facebook\"></span>Facebook </a></li>\r\n<li><a href=\"#\"><span class=\"icon icon-twitter\"></span> Twitter </a></li>\r\n<li><a href=\"#\"><span class=\"icon icon-instagram\"></span> Instagram </a></li>\r\n<li><a href=\"#\"> <span class=\"icon icon-google-plus\"></span>Google+ </a></li>\r\n<li><a href=\"#\"> <span class=\"icon icon-linkedin\"></span>LinkedIn </a></li>\r\n</ul>\r\n</div>',1,3,NULL,'2021-03-11 09:33:54',1,'{\"meta_title\":\"Zepomart\",\"meta_description\":\"Zepomart meta description\",\"meta_keywords\":\"Zepomart meta keyword\"}');
/*!40000 ALTER TABLE `channels` ENABLE KEYS */;
UNLOCK TABLES;

--
-- Table structure for table `cms_page_channels`
--

DROP TABLE IF EXISTS `cms_page_channels`;
/*!40101 SET @saved_cs_client     = @@character_set_client */;
/*!50503 SET character_set_client = utf8mb4 */;
CREATE TABLE `cms_page_channels` (
  `cms_page_id` int unsigned NOT NULL,
  `channel_id` int unsigned NOT NULL,
  UNIQUE KEY `cms_page_channels_cms_page_id_channel_id_unique` (`cms_page_id`,`channel_id`),
  KEY `cms_page_channels_channel_id_foreign` (`channel_id`),
  CONSTRAINT `cms_page_channels_channel_id_foreign` FOREIGN KEY (`channel_id`) REFERENCES `channels` (`id`) ON DELETE CASCADE,
  CONSTRAINT `cms_page_channels_cms_page_id_foreign` FOREIGN KEY (`cms_page_id`) REFERENCES `cms_pages` (`id`) ON DELETE CASCADE
) ENGINE=InnoDB DEFAULT CHARSET=utf8mb4 COLLATE=utf8mb4_unicode_ci ROW_FORMAT=DYNAMIC;
/*!40101 SET character_set_client = @saved_cs_client */;

--
-- Dumping data for table `cms_page_channels`
--

LOCK TABLES `cms_page_channels` WRITE;
/*!40000 ALTER TABLE `cms_page_channels` DISABLE KEYS */;
INSERT INTO `cms_page_channels` VALUES (1,1),(3,1),(4,1),(11,1),(12,1),(13,1),(14,1),(15,1),(16,1),(17,1),(18,1),(19,1);
/*!40000 ALTER TABLE `cms_page_channels` ENABLE KEYS */;
UNLOCK TABLES;

--
-- Table structure for table `cms_page_translations`
--

DROP TABLE IF EXISTS `cms_page_translations`;
/*!40101 SET @saved_cs_client     = @@character_set_client */;
/*!50503 SET character_set_client = utf8mb4 */;
CREATE TABLE `cms_page_translations` (
  `id` int unsigned NOT NULL AUTO_INCREMENT,
  `page_title` varchar(191) CHARACTER SET utf8mb4 COLLATE utf8mb4_unicode_ci NOT NULL,
  `url_key` varchar(191) CHARACTER SET utf8mb4 COLLATE utf8mb4_unicode_ci NOT NULL,
  `html_content` longtext CHARACTER SET utf8mb4 COLLATE utf8mb4_unicode_ci,
  `meta_title` text CHARACTER SET utf8mb4 COLLATE utf8mb4_unicode_ci,
  `meta_description` text CHARACTER SET utf8mb4 COLLATE utf8mb4_unicode_ci,
  `meta_keywords` text CHARACTER SET utf8mb4 COLLATE utf8mb4_unicode_ci,
  `locale` varchar(191) CHARACTER SET utf8mb4 COLLATE utf8mb4_unicode_ci NOT NULL,
  `cms_page_id` int unsigned NOT NULL,
  PRIMARY KEY (`id`),
  UNIQUE KEY `cms_page_translations_cms_page_id_url_key_locale_unique` (`cms_page_id`,`url_key`,`locale`),
  CONSTRAINT `cms_page_translations_cms_page_id_foreign` FOREIGN KEY (`cms_page_id`) REFERENCES `cms_pages` (`id`) ON DELETE CASCADE
) ENGINE=InnoDB AUTO_INCREMENT=41 DEFAULT CHARSET=utf8mb4 COLLATE=utf8mb4_unicode_ci ROW_FORMAT=DYNAMIC;
/*!40101 SET character_set_client = @saved_cs_client */;

--
-- Dumping data for table `cms_page_translations`
--

LOCK TABLES `cms_page_translations` WRITE;
/*!40000 ALTER TABLE `cms_page_translations` DISABLE KEYS */;
INSERT INTO `cms_page_translations` VALUES (1,'About Us','about-us','<div class=\"static-container\">\r\n<p>zepomart.com (A Division of zepomart technologies Private limited) is one of the leading medical device treading and distribution company. Our customers include Doctors, Hospitals, medical professionals, purchase managers; and end users such as patients, expecting mothers, etc. We serve our customers through direct mail, Mobile, Service support staff, field customer support engineers and use of internet and mobile technologies.</p>\r\n<p>We support medical professionals by providing products and services in an efficient and transparent way. Our customers are connected, informed and adapt in using technology to their advantage.zepomart is the best online Hospitals and Medical Equipment store in India medical equipment industry. We supply all kinds of medical supply and medical equipment for home, hospital, health, surgical, retail, physician, medical office, surgical shop, local medical, enema, healthcare, paramedic, medical furniture and many more medical supplies store. zepomart is one of the leading medical instruments online Store in India which can provide medical supply from store available nearby you instantly and best service will be provided to you that cannot find in local medical supply store near you.</p>\r\n<p>We have all India Service network to service our valuable customers. We understand the value of service for Medical equipment.</p>\r\n<p>zepomart that sell medical equipment and supplies at very low and reasonable cost with the best sale price available at <a href=\"../../../\">www.zepomart.com</a> . Our Products Services are available round the clock 24x7 hours online and our team work on Saturday and Sunday also.</p>\r\n<h3>Our Mission</h3>\r\n<p>To provide world-class, innovative Medical equipment, health care products and services; digitally to our customers - enabling them to deliver the best quality patient care in most efficient and cost effective way.</p>\r\n<h3>Why do we use it?</h3>\r\n<p>It is a long established fact that a reader will be distracted by the readable content of a page when looking at its layout. The point of using Lorem Ipsum is that it has a more-or-less normal distribution of letters, as opposed to using \'Content here, content here\', making it look like readable English. Many desktop publishing packages and web page editors now use Lorem Ipsum as their default model text, and a search for \'lorem ipsum\' will uncover many web sites still in their infancy. Various versions have evolved over the years, sometimes by accident, sometimes on purpose (injected humour and the like).</p>\r\n<h3>Our Vision</h3>\r\n<p>To be the top medical equipment company with all equipment and services under one roof.</p>\r\n<h3>Our Values</h3>\r\n<ul>\r\n<li>We believe digital technologies can help delivery the highest supply chain efficiency</li>\r\n<li>We believe in providing transparency in pricing and features to enable customer manage their costs</li>\r\n<li>We believe is minimizing complexity in sourcing and using medical products</li>\r\n<li>We believe in offering the widest variety to our customer so that they can opt for what fits them best</li>\r\n<li>We believe in high integrity in all aspects of our business.</li>\r\n<li>We believe in delivering high quality products and service and continuously enhance quality levels.</li>\r\n<li>We believe in continuous innovation and believe everything can be improved</li>\r\n</ul>\r\n<div class=\"sincenerly\" style=\"text-align: right;\"><b>Team,</b><br /><b>ZEPOMART</b></div>\r\n</div>','about us','','aboutus','en',1),(2,'Return Policy','return-policy','<div class=\"static-container\"><div class=\"mb-5\">Return policy page content</div></div>','return policy','','return, policy','en',2),(3,'Refund Policy','refund-policy','<div class=\"static-container\">\r\n<h3>Returns</h3>\r\n<p>Our policy change products wise. We put return or exchange period for particular products mention at product page. If mention days have gone by since your purchase, unfortunately we can&rsquo;t offer you a refund or exchange.</p>\r\n<p>To be eligible for a return, your item must be unused and in the same condition that you received it. It must also be in the original packaging.</p>\r\n<p>Several types of goods are exempt from being returned. Perishable goods such as food, flowers, newspapers or magazines, disposable products cannot be returned. We also do not accept products that are intimate or sanitary goods, hazardous materials, or flammable liquids or gases.</p>\r\n<p>Additional non-returnable items:</p>\r\n<ul>\r\n<li>Gift cards</li>\r\n<li>Downloadable software products</li>\r\n<li>Some health and personal care items</li>\r\n<li>Disposable Products</li>\r\n<li>Sterile products</li>\r\n</ul>\r\n<p>To complete your return, we require a receipt or proof of purchase.</p>\r\n<p>Please do not send your purchase back to the manufacturer.</p>\r\n<p>There are certain situations where only partial refunds are granted: (if applicable) Book with obvious signs of use CD, DVD, VHS tape, software, video game, cassette tape, or vinyl record that has been opened.</p>\r\n<p>Any item not in its original condition, is damaged or missing parts for reasons not due to our error.</p>\r\n<p>Any item that is returned more than 30 days after delivery</p>\r\n<h3>Refunds (if applicable)</h3>\r\n<p>Once your return is received and inspected, we will send you an email to notify you that we have received your returned item. We will also notify you of the approval or rejection of your refund.</p>\r\n<p>If you are approved, then your refund will be processed, and a credit will automatically be applied to your credit card or original method of payment, within a certain amount of days.</p>\r\n<h3>Late or missing refunds (if applicable)</h3>\r\n<p>If you haven&rsquo;t received a refund yet, first check your bank account again.</p>\r\n<p>Then contact your credit card company, it may take some time before your refund is officially posted.</p>\r\n<p>Next contact your bank. There is often some processing time before a refund is posted. If you&rsquo;ve done all of this and you still have not received your refund yet, please contact us at <a href=\"mailto:support@zepomart.com\">support@zepomart.com</a></p>\r\n<h3>Sale items (if applicable)</h3>\r\n<p>Only regular priced items may be refunded, unfortunately sale items cannot be refunded.</p>\r\n<h3>Exchanges (if applicable)</h3>\r\n<p>We only replace items if they are defective or damaged. If you need to exchange it for the same item, send us an email at support@zepomart.com and send your item to our company address which mention to our website.</p>\r\n<h3>Gifts</h3>\r\n<p>If the item was marked as a gift when purchased and shipped directly to you, you&rsquo;ll receive a gift credit for the value of your return. Once the returned item is received, a gift certificate will be mailed to you.</p>\r\n<p>If the item wasn&rsquo;t marked as a gift when purchased, or the gift giver had the order shipped to themselves to give to you later, we will send a refund to the gift giver and he will find out about your return.</p>\r\n<h3>Shipping</h3>\r\n<p>To return your product, you should mail your product to our company address which mention to our website.</p>\r\n<p>You will be responsible for paying for your own shipping costs for returning your item. Shipping costs are non-refundable. If you receive a refund, the cost of return shipping will be deducted from your refund.</p>\r\n<p>Depending on where you live, the time it may take for your exchanged product to reach you, may vary.</p>\r\n<p>If you are shipping an item over $75, you should consider using a trackable shipping service or purchasing shipping insurance. We don&rsquo;t guarantee that we will receive your returned item.</p>\r\n</div>','Refund policy','','refund, policy','en',3),(4,'Terms & Conditions','terms-conditions','<div class=\"static-container\">\r\n<h3>OVERVIEW</h3>\r\n<p>This website is operated by <b>zepomart technologies private limited.</b> Throughout the site, the terms &ldquo;we&rdquo;, &ldquo;us&rdquo; and &ldquo;our&rdquo; refer to <b>zepomart technologies private limited.</b></p>\r\n<p><b>Zepomart technologies private limited</b> offers this website, including all information, tools and services available from this site to you, the user, conditioned upon your acceptance of all terms, conditions, policies and notices stated here.</p>\r\n<p>By visiting our site and/ or purchasing something from us, you engage in our &ldquo;Service&rdquo; and agree to be bound by the following terms and conditions (&ldquo;Terms of Service&rdquo;, &ldquo;Terms&rdquo;), including those additional terms and conditions and policies referenced herein and/or available by hyperlink. These Terms of Service apply to all users of the site, including without limitation users who are browsers, vendors, customers, merchants, and/ or contributors of content.Please read these Terms of Service carefully before accessing or using our website. By accessing or using any part of the site, you agree to be bound by these Terms of Service. If you do not agree to all the terms and conditions of this agreement, then you may not access the website or use any services. If these Terms of Service are considered an offer, acceptance is expressly limited to these Terms of Service.</p>\r\n<p>Any new features or tools which are added to the current store shall also be subject to the Terms of Service. You can review the most current version of the Terms of Service at any time on this page. We reserve the right to update, change or replace any part of these Terms of Service by posting updates and/or changes to our website. It is your responsibility to check this page periodically for changes. Your continued use of or access to the website following the posting of any changes constitutes acceptance of those changes.</p>\r\n<h3>SECTION 1 - ONLINE STORE TERMS</h3>\r\n<p>By agreeing to these Terms of Service, you represent that you are at least the age of majority in your state or province of residence, or that you are the age of majority in your state or province of residence and you have given us your consent to allow any of your minor dependents to use this site.</p>\r\n<p>You may not use our products for any illegal or unauthorized purpose nor may you, in the use of the Service, violate any laws in your jurisdiction (including but not limited to copyright laws).You must not transmit any worms or viruses or any code of a destructive nature.</p>\r\n<p>A breach or violation of any of the Terms will result in an immediate termination of your Services.</p>\r\n<h3>SECTION 2 - GENERAL CONDITIONS</h3>\r\n<p>We reserve the right to refuse service to anyone for any reason at any time.</p>\r\n<p>You understand that your content (not including credit card information), may be transferred unencrypted and involve (a) transmissions over various networks; and (b) changes to conform and adapt to technical requirements of connecting networks or devices. Credit card information is always encrypted during transfer over networks.</p>\r\n<p>You agree not to reproduce, duplicate, copy, sell, resell or exploit any portion of the Service, use of the Service, or access to the Service or any contact on the website through which the service is provided, without express written permission by us.</p>\r\n<p>The headings used in this agreement are included for convenience only and will not limit or otherwise affect these Terms.</p>\r\n<h3>SECTION 3 - ACCURACY, COMPLETENESS AND TIMELINESS OF INFORMATION</h3>\r\n<p>We are not responsible if information made available on this site is not accurate, complete or current. The material on this site is provided for general information only and should not be relied upon or used as the sole basis for making decisions without consulting primary, more accurate, more complete or more timely sources of information. Any reliance on the material on this site is at your own risk.</p>\r\n<p>This site may contain certain historical information. Historical information, necessarily, is not current and is provided for your reference only. We reserve the right to modify the contents of this site at any time, but we have no obligation to update any information on our site. You agree that it is your responsibility to monitor changes to our site.</p>\r\n<h3>SECTION 4 - MODIFICATIONS TO THE SERVICE AND PRICES</h3>\r\n<p>Prices for our products are subject to change without notice.</p>\r\n<p>We reserve the right at any time to modify or discontinue the Service (or any part or content thereof) without notice at any time.</p>\r\n<p>We shall not be liable to you or to any third-party for any modification, price change, suspension or discontinuance of the Service.</p>\r\n<h3>SECTION 5 - PRODUCTS OR SERVICES</h3>\r\n<p>Certain products or services may be available exclusively online through the website. These products or services may have limited quantities and are subject to return or exchange only according to our Return Policy.</p>\r\n<p>We have made every effort to display as accurately as possible the colors and images of our products that appear at the store. We cannot guarantee that your computer monitor\'s display of any color will be accurate.</p>\r\n<p>We reserve the right, but are not obligated, to limit the sales of our products or Services to any person, geographic region or jurisdiction. We may exercise this right on a case-by-case basis. We reserve the right to limit the quantities of any products or services that we offer. All descriptions of products or product pricing are subject to change at anytime without notice, at the sole discretion of us. We reserve the right to discontinue any product at any time. Any offer for any product or service made on this site is void where prohibited.</p>\r\n<p>We do not warrant that the quality of any products, services, information, or other material purchased or obtained by you will meet your expectations, or that any errors in the Service will be corrected.</p>\r\n<h3>SECTION 6 - ACCURACY OF BILLING AND ACCOUNT INFORMATION</h3>\r\n<p>We reserve the right to refuse any order you place with us. We may, in our sole discretion, limit or cancel quantities purchased per person, per household or per order. These restrictions may include orders placed by or under the same customer account, the same credit card, and/or orders that use the same billing and/or shipping address. In the event that we make a change to or cancel an order, we may attempt to notify you by contacting the e-mail and/or billing address/phone number provided at the time the order was made. We reserve the right to limit or prohibit orders that, in our sole judgment, appear to be placed by dealers, resellers or distributors.</p>\r\n<p>You agree to provide current, complete and accurate purchase and account information for all purchases made at our store. You agree to promptly update your account and other information, including your email address and credit card numbers and expiration dates, so that we can complete your transactions and contact you as needed.</p>\r\n<p>For more detail, please review our Returns Policy.</p>\r\n<h3>SECTION 7 - OPTIONAL TOOLS</h3>\r\n<p>We may provide you with access to third-party tools over which we neither monitor nor have any control nor input.</p>\r\n<p>You acknowledge and agree that we provide access to such tools &rdquo;as is&rdquo; and &ldquo;as available&rdquo; without any warranties, representations or conditions of any kind and without any endorsement. We shall have no liability whatsoever arising from or relating to your use of optional third-party tools.</p>\r\n<p>Any use by you of optional tools offered through the site is entirely at your own risk and discretion and you should ensure that you are familiar with and approve of the terms on which tools are provided by the relevant third-party provider(s).</p>\r\n<p>We may also, in the future, offer new services and/or features through the website (including, the release of new tools and resources). Such new features and/or services shall also be subject to these Terms of Service.</p>\r\n<h3>SECTION 8 - THIRD-PARTY LINKS</h3>\r\n<p>Certain content, products and services available via our Service may include materials from third-parties.</p>\r\n<p>Third-party links on this site may direct you to third-party websites that are not affiliated with us. We are not responsible for examining or evaluating the content or accuracy and we do not warrant and will not have any liability or responsibility for any third-party materials or websites, or for any other materials, products, or services of third-parties.</p>\r\n<p>We are not liable for any harm or damages related to the purchase or use of goods, services, resources, content, or any other transactions made in connection with any third-party websites. Please review carefully the third-party\'s policies and practices and make sure you understand them before you engage in any transaction. Complaints, claims, concerns, or questions regarding third-party products should be directed to the third-party.</p>\r\n<h3>SECTION 9 - USER COMMENTS, FEEDBACK AND OTHER SUBMISSIONS</h3>\r\n<p>If, at our request, you send certain specific submissions (for example contest entries) or without a request from us you send creative ideas, suggestions, proposals, plans, or other materials, whether online, by email, by postal mail, or otherwise (collectively, \'comments\'), you agree that we may, at any time, without restriction, edit, copy, publish, distribute, translate and otherwise use in any medium any comments that you forward to us. We are and shall be under no obligation (1) to maintain any comments in confidence; (2) to pay compensation for any comments; or (3) to respond to any comments.</p>\r\n<p>We may, but have no obligation to, monitor, edit or remove content that we determine in our sole discretion are unlawful, offensive, threatening, libelous, defamatory, pornographic, obscene or otherwise objectionable or violates any party&rsquo;s intellectual property or these Terms of Service.</p>\r\n<p>You agree that your comments will not violate any right of any third-party, including copyright, trademark, privacy, personality or other personal or proprietary right. You further agree that your comments will not contain libelous or otherwise unlawful, abusive or obscene material, or contain any computer virus or other malware that could in any way affect the operation of the Service or any related website. You may not use a false e-mail address, pretend to be someone other than yourself, or otherwise mislead us or third-parties as to the origin of any comments. You are solely responsible for any comments you make and their accuracy. We take no responsibility and assume no liability for any comments posted by you or any third-party.</p>\r\n<h3>SECTION 10 - PERSONAL INFORMATION</h3>\r\n<p>Your submission of personal information through the store is governed by our Privacy Policy.</p>\r\n<h3>SECTION 11 - ERRORS, INACCURACIES AND OMISSIONS</h3>\r\n<p>Occasionally there may be information on our site or in the Service that contains typographical errors, inaccuracies or omissions that may relate to product descriptions, pricing, promotions, offers, product shipping charges, transit times and availability. We reserve the right to correct any errors, inaccuracies or omissions, and to change or update information or cancel orders if any information in the Service or on any related website is inaccurate at any time without prior notice (including after you have submitted your order).</p>\r\n<p>We undertake no obligation to update, amend or clarify information in the Service or on any related website, including without limitation, pricing information, except as required by law. No specified update or refresh date applied in the Service or on any related website, should be taken to indicate that all information in the Service or on any related website has been modified or updated.</p>\r\n<h3>SECTION 12 - PROHIBITED USES</h3>\r\n<p>In addition to other prohibitions as set forth in the Terms of Service, you are prohibited from using the site or its content: (a) for any unlawful purpose; (b) to solicit others to perform or participate in any unlawful acts; (c) to violate any international, federal, provincial or state regulations, rules, laws, or local ordinances; (d) to infringe upon or violate our intellectual property rights or the intellectual property rights of others; (e) to harass, abuse, insult, harm, defame, slander, disparage, intimidate, or discriminate based on gender, sexual orientation, religion, ethnicity, race, age, national origin, or disability; (f) to submit false or misleading information; (g) to upload or transmit viruses or any other type of malicious code that will or may be used in any way that will affect the functionality or operation of the Service or of any related website, other websites, or the Internet; (h) to collect or track the personal information of others; (i) to spam, phish, pharm, pretext, spider, crawl, or scrape; (j) for any obscene or immoral purpose; or (k) to interfere with or circumvent the security features of the Service or any related website, other websites, or the Internet. We reserve the right to terminate your use of the Service or any related website for violating any of the prohibited uses.</p>\r\n<h3>SECTION 13 - DISCLAIMER OF WARRANTIES; LIMITATION OF LIABILITY</h3>\r\n<p>We do not guarantee, represent or warrant that your use of our service will be uninterrupted, timely, secure or error-free.</p>\r\n<p>We do not warrant that the results that may be obtained from the use of the service will be accurate or reliable.</p>\r\n<p>You agree that from time to time we may remove the service for indefinite periods of time or cancel the service at any time, without notice to you.</p>\r\n<p>You expressly agree that your use of, or inability to use, the service is at your sole risk. The service and all products and services delivered to you through the service are (except as expressly stated by us) provided \'as is\' and \'as available\' for your use, without any representation, warranties or conditions of any kind, either express or implied, including all implied warranties or conditions of merchantability, merchantable quality, fitness for a particular purpose, durability, title, and non-infringement.</p>\r\n<p>In no case shall <b>zepomart technologies private limited</b> our directors, officers, employees, affiliates, agents, contractors, interns, suppliers, service providers or licensors be liable for any injury, loss, claim, or any direct, indirect, incidental, punitive, special, or consequential damages of any kind, including, without limitation lost profits, lost revenue, lost savings, loss of data, replacement costs, or any similar damages, whether based in contract, tort (including negligence), strict liability or otherwise, arising from your use of any of the service or any products procured using the service, or for any other claim related in any way to your use of the service or any product, including, but not limited to, any errors or omissions in any content, or any loss or damage of any kind incurred as a result of the use of the service or any content (or product) posted, transmitted, or otherwise made available via the service, even if advised of their possibility. Because some states or jurisdictions do not allow the exclusion or the limitation of liability for consequential or incidental damages, in such states or jurisdictions, our liability shall be limited to the maximum extent permitted by law.</p>\r\n<h3>SECTION 14 - INDEMNIFICATION</h3>\r\n<p>You agree to indemnify, defend and hold harmless <b>zepomart technologies private limited</b> and our parent, subsidiaries, affiliates, partners, officers, directors, agents, contractors, licensors, service providers, subcontractors, suppliers, interns and employees, harmless from any claim or demand, including reasonable attorneys&rsquo; fees, made by any third-party due to or arising out of your breach of these Terms of Service or the documents they incorporate by reference, or your violation of any law or the rights of a third-party.</p>\r\n<h3>SECTION 15 - SEVERABILITY</h3>\r\n<p>In the event that any provision of these Terms of Service is determined to be unlawful, void or unenforceable, such provision shall nonetheless be enforceable to the fullest extent permitted by applicable law, and the unenforceable portion shall be deemed to be severed from these Terms of Service, such determination shall not affect the validity and enforceability of any other remaining provisions.</p>\r\n<h3>SECTION 16 - TERMINATION</h3>\r\n<p>The obligations and liabilities of the parties incurred prior to the termination date shall survive the termination of this agreement for all purposes.</p>\r\n<p>These Terms of Service are effective unless and until terminated by either you or us. You may terminate these Terms of Service at any time by notifying us that you no longer wish to use our Services, or when you cease using our site.</p>\r\n<p>If in our sole judgment you fail, or we suspect that you have failed, to comply with any term or provision of these Terms of Service, we also may terminate this agreement at any time without notice and you will remain liable for all amounts due up to and including the date of termination; and/or accordingly may deny you access to our Services (or any part thereof).</p>\r\n<h3>SECTION 17 - ENTIRE AGREEMENT</h3>\r\n<p>The failure of us to exercise or enforce any right or provision of these Terms of Service shall not constitute a waiver of such right or provision.</p>\r\n<p>These Terms of Service and any policies or operating rules posted by us on this site or in respect to The Service constitutes the entire agreement and understanding between you and us and govern your use of the Service, superseding any prior or contemporaneous agreements, communications and proposals, whether oral or written, between you and us (including, but not limited to, any prior versions of the Terms of Service).</p>\r\n<p>Any ambiguities in the interpretation of these Terms of Service shall not be construed against the drafting party.</p>\r\n<h3>SECTION 18 - GOVERNING LAW</h3>\r\n<p>These Terms of Service and any separate agreements whereby we provide you Services shall be governed by and construed in accordance with the laws of India and jurisdiction of Ahmedabad,Gujarat.</p>\r\n<h3>SECTION 19 - CHANGES TO TERMS OF SERVICE</h3>\r\n<p>You can review the most current version of the Terms of Service at any time at this page. We reserve the right, at our sole discretion, to update, change or replace any part of these Terms of Service by posting updates and changes to our website. It is your responsibility to check our website periodically for changes. Your continued use of or access to our website or the Service following the posting of any changes to these Terms of Service constitutes acceptance of those changes.</p>\r\n<h3>SECTION 20 - CONTACT INFORMATION</h3>\r\n<p>Questions about the Terms of Service should be sent to us at <a href=\"mailto:support@zepomart.com\">support@zepomart.com</a> <br /> --------------------------------</p>\r\n</div>','Terms & Conditions','','term, conditions','en',4),(5,'Terms of use','terms-of-use','<div class=\"static-container\"><div class=\"mb-5\">Terms of use page content</div></div>','Terms of use','','term, use','en',5),(6,'Contact Us','contact-us','<div class=\"static-container\"><div class=\"mb-5\">Contact us page content</div></div>','Contact Us','','contact, us','en',6),(7,'Customer Service','cutomer-service','<div class=\"static-container\"><div class=\"mb-5\">Customer service  page content</div></div>','Customer Service','','customer, service','en',7),(8,'What\'s New','whats-new','<div class=\"static-container\"><div class=\"mb-5\">What\'s New page content</div></div>','What\'s New','','new','en',8),(9,'Payment Policy','payment-policy','<div class=\"static-container\"><div class=\"mb-5\">Payment Policy page content</div></div>','Payment Policy','','payment, policy','en',9),(10,'Shipping Policy','shipping-policy','<div class=\"static-container\"><div class=\"mb-5\">Shipping Policy  page content</div></div>','Shipping Policy','','shipping, policy','en',10),(11,'Privacy Policy','privacy-policy','<div class=\"static-container\">\r\n<h3>GENERAL</h3>\r\n<ol>\r\n<li>This document is an electronic record in terms of Information Technology Act, 2000 and rules there under as applicable and the amended provisions pertaining to electronic records in various statutes as amended by the Information Technology Act, 2000. This electronic record is generated by a computer system and does not require any physical or digital signatures.</li>\r\n<li>This document is published in accordance with the provisions of Rule 3 (1) of the Information Technology (Intermediaries guidelines) Rules, 2011 that require publishing the rules and regulations, privacy policy and Terms of Use for access or usage of www.smartmedicalbuyer.com.</li>\r\n<li>The domain name www.zepomart.com (\"Website\"), is owned and operated by Zepomart Technologies Private Limited (\"Company\"), incorporated under the provisions of the Companies Act, 2013, and having its registered office at Ahmedabad, Gujarat , where such expression shall, unless repugnant to the context thereof, be deemed to include its respective representatives, administrators, employees, directors, officers, agents and their successors and assigns.</li>\r\n<li>For the purpose of this Privacy Policy (\"Policy\"), wherever the context so requires,</li>\r\n<ol>\r\n<li>The term \'You\' &amp; \'User\' shall mean any legal person or entity accessing or using the services provided on this Website, who is competent to enter into binding contracts, as per the provisions of the Indian Contract Act, 1872;</li>\r\n<li>The terms \'We\', \'Us\' &amp; \'Our\' shall mean the Website and/or the Company, as the context so requires.</li>\r\n<li>The terms \'Party\' &amp; \'Parties\' shall respectively be used to refer to the User and the Company individually and collectively, as the context so requires.</li>\r\n</ol>\r\n<li>The headings of each section in this Policy are only for the purpose of organizing the various provisions under this Policy in an orderly manner, and shall not be used by either Party to interpret the provisions contained herein in any manner. Further, it is specifically agreed to by the Parties that the headings shall have no legal or contractual value.</li>\r\n<li>The use of the Website by the User is solely governed by this Policy as well as the Terms of Use of the Website (\"Terms\", available at www.zepomart.com), and any modifications or amendments made thereto by the Company from time to time, at its sole discretion. Visiting the home page of the Website and/or using any of the services provided on the Website shall be deemed to signify the User\'s unequivocal acceptance of this Policy and the aforementioned Terms, and the User expressly agrees to be bound by the same. The User expressly agrees and acknowledges that the Terms and Policy are co-terminus, and that expiry / termination of either one will lead to the termination of the other.</li>\r\n<li>The User unequivocally agrees that this Policy and the aforementioned Terms constitute a legally binding agreement between the User and the Company, and that the User shall be subject to the rules, guidelines, policies, terms, and conditions applicable to any service that is provided by the Website, and that the same shall be deemed to be incorporated into the Terms, and shall be treated as part and parcel of the same. The User acknowledges and agrees that no signature or express act is required to make these Terms and the Policy binding on the User, and that the User\'s act of visiting the any part of the Website constitutes the User\'s full and final acceptance of the Policy and the aforementioned Terms.</li>\r\n<li>The Parties expressly agree that the Company retains the sole and exclusive right to amend or modify the Policy and the aforementioned Terms without any prior permission or intimation to the User, and the User expressly agrees that any such amendments or modifications shall come into effect immediately. The User has a duty to periodically check the Policy and Terms, and stay updated on their provisions and requirements. If the User continues to use the Website following such a change, the User will be deemed to have consented to any and all amendments / modifications made to the Policy and Terms. In so far as the User complies with the Policy and Terms, he/she is granted a personal, non-exclusive, non-transferable, revocable, limited privilege to enter, access and use the Website.</li>\r\n</ol>\r\n<h3>COLLECTION OF PERSONAL AND OTHER INFORMATION</h3>\r\n<ol>\r\n<li>The User expressly agrees and acknowledges that the Company collects and stores the User\'s personal information, which is provided by the User from time to time on the Website, including but not limited to the User\'s user name, passwords, email address, name, address, age, date of birth, sex, nationality, shopping preferences, browsing history, etc., as well as any images or other information uploaded/published by the User on the Website. The User is aware that this information will be used by the Company/Website to provide services and features targeted at the User, that are most likely to meet the User\'s needs, and also to customize and improve the Website to make its users\' experiences safer and easier.</li>\r\n<li>The User is aware that the Company/Website may automatically track certain information about the User based upon the User\'s IP address and the User\'s behaviour on the Website, and the User expressly consents to the same. The User is aware that this information is used to do internal research on user demographics, interests, and behaviour, to enable the Company/Website to better understand, and cater to the interests of its users. The User is expressly made aware that such information may include the URL that the User visited prior to accessing the Website, the URL which the User subsequently visits (whether or not these URLs form a part of the Website), the User\'s computer &amp; web browser information, the User\'s IP address, etc.</li>\r\n<li>If the User chooses to purchase products / services from the Website, the User consents to allowing the Company/Website to collect information about the User\'s buying behaviour and trends.</li>\r\n<li>If the User chooses to post messages / reviews / feedback anywhere on the Website, including but not limited to message boards, chat rooms, other message areas, etc., the User is aware that any and all such information provided / uploaded will be collected and stored by the Company indefinitely, and that such retained information may be used to resolve disputes, provide customer support, troubleshoot problems, etc., and that such information, if requested, may be provided to judicial or governmental authorities of requisite jurisdiction, or otherwise used by the Company/Website as permitted by applicable laws.</li>\r\n<li>The User is aware that any and all information pertaining to the User collected by the Company, whether or not directly provided by the User to the Company/Website, including but not limited to personal correspondence such as emails or letters, feedback from other users or third parties regarding the User\'s activities or postings on the Website, etc., may be collected and complied by the Company/Website into a a file/folder specifically created for / allotted to the User, and the User hereby expressly consents to the same.</li>\r\n<li>The User is aware that while he/she can browse some sections of the Website without being a registered user, certain activities (such as placing an order) require the User to provide valid personal information to the Company/Website for the purpose of registration. The User is aware that the contact information provided to the Company/Website may be used to send the User offers and promotions, whether or not based on the User\'s previous orders and interests, and the User hereby expressly consents to receiving the same.</li>\r\n<li>The User is aware that the Company/Website may occasionally request the User to complete optional online surveys. These surveys may require the User to provide contact information and demographic information (like zip code, age, income bracket, sex, etc.). The User is aware that this data to is used to customise the Website for the benefit of the User, and providing all users of the Website with products/services/content that the Company/Website believes they might be interested in availing of, and also to display content according to the User\'s preferences.</li>\r\n<li>The User is further aware that the Company/Website may occasionally request the User to write reviews for products/services purchased/availed of by the User from the Website, and also reviews for the various sellers listing their products/services on the Website. The User is aware that such reviews will help other users of the website make prudent and correct purchases, and also help the Company/Website remove sellers whose products are unsatisfactory in any way, and the User hereby expressly authorises the Company/Website to publish any and all reviews written by the User on the Website, along with the User\'s name and certain contact details, for the benefit and use of other Users of the Website.</li>\r\ni) Nothing contained herein shall be deemed to compel the Website/Company to store, upload, publish, or display in any manner content/reviews/surveys/feedback submitted by the User, and the User hereby expressly authorises the Website/Company to remove from the Website any such content, review, survey, or feedback submitted by the User, without cause or being required to notify the User of the same.</ol>\r\n<h3>COOKIES</h3>\r\n<ol>\r\n<li>The User is aware that a \'Cookie\' is a small piece of information stored by a web server on a web browser so it can later be traced back from that particular browser, and that cookies are useful for enabling the browser to remember information specific to a given user, including but not limited to a User\'s login identification, password, etc. The User is aware that the Website places both permanent and temporary cookies in the User\'s computer\'s hard drive and web browser, and does hereby expressly consent to the same.</li>\r\n<li>The User is further aware that the Website uses data collection devices such as cookies on certain pages of the Website to help analyse web page flow, measure promotional effectiveness, and promote trust and safety, and that certain features of the Website are only available through the use of such cookies. While the User is free to decline the Website\'s cookies if the User\'s browser permits, the User may consequently be unable to use certain features on the Website.</li>\r\n<li>Additionally, the User is aware that he/she might encounter \'cookies\' or other similar devices on certain pages of the Website that are placed by third parties or affiliates of the Company/Website. The User expressly agrees and acknowledges that the Company/Website does not control the use of such cookies/other devices by third parties, that the Company/Website is in no way responsible for the same, and that the User assumes any and all risks in this regard.</li>\r\n</ol>\r\n<h3>DIVULGING/SHARING OF PERSONAL INFORMATION</h3>\r\n<ol>\r\n<li>The User is aware that the Website/Company may share the User\'s personal information with other corporate entities and affiliates to help detect and prevent identity theft, fraud and other potentially illegal acts; correlate related or multiple accounts to prevent abuse of the Website\'s services; and to facilitate joint or co-branded services, where such services are provided by more than one corporate entity.</li>\r\n<li>The User is aware that the Website/Company may disclose personal information if required to do so by law or if the Website/Company in good faith believes that such disclosure is reasonably necessary to respond to subpoenas, court orders, or other legal processes. The Website/Company may also disclose the User\'s personal information to law enforcement offices, third party rights owners, or other third parties if it believes that such disclosure is reasonably necessary to enforce the Terms or Policy; respond to claims that an advertisement, posting or other content violates the rights of a third party; or protect the rights, property or personal safety of its users, or the general public.</li>\r\n<li>The User is further aware that the Website/Company and its affiliates may share / sell some or all of the User\'s personal information with other business entities should the Company/Website (or its assets) plan to merge with, or be acquired by such business entity, or in the event of re-organization, amalgamation, or restructuring of the Company\'s business. Such business entity or new entity will continue to be bound be the Terms and Policy, as may be amended from time to time.</li>\r\n</ol>\r\n<h3>SECURITY</h3>\r\n<p>Transactions on the Website are secure and protected. Any information entered by the User when transacting on the Website is encrypted to protect the User against unintentional disclosure to third parties. The User\'s credit and debit card information is not received, stored by or retained by the Company / Website in any manner. This information is supplied by the User directly to the relevant payment gateway which is authorized to handle the information provided, and is compliant with the regulations and requirements of various banks and institutions and payment franchisees that it is associated with.</p>\r\n<h3>THIRD PARTY ADVERTISEMENTS / PROMOTIONS</h3>\r\n<p>The User is aware that the Company/Website uses third-party advertising companies to serve ads to the users of the Website. The User is aware that these companies may use information relating to the User\'s visits to the Website and other websites in order to provide customised advertisements to the User. Furthermore, the Website may contain links to other websites that may collect personally identifiable information about the User. The Company/Website is not responsible for the privacy practices or the content of any of the aforementioned linked websites, and the User expressly acknowledges the same and agrees that any and all risks associated will be borne entirely by the User.</p>\r\n<h3>USER\'S CONSENT</h3>\r\n<p>By using the Website and/ or by providing information to the Company through the Website, the User consents to the collection and use of the information disclosed by the User on the Website in accordance with this Policy, including but not limited to the User\'s consent the Company/Website sharing/divulging the User\'s information, as per the terms contained hereinabove in Section 4 of the Policy.</p>\r\n<h3>GRIEVANCE OFFICER</h3>\r\n<p>In accordance with Information Technology Act, 2000 and rules made there under, the name and contact details of the Grievance Officer are provided below:</p>\r\n<p><b>Kayur Patel</b><br /> <b>Co-founder</b><br /> <b>Phone:</b> <a href=\"tel:+91-9925114707\">+91 - 9925114707</a><br /> <b>Email ID:</b> <a href=\"mailto:support@zepomart.com\">support@zepomart.com </a></p>\r\n<h3>DISPUTE RESOLUTION AND JURISDICTION</h3>\r\n<p>It is expressly agreed to by the Parties hereto that the formation, interpretation and performance of this Policy and any disputes arising herefrom will be resolved through a two-step Alternate Dispute Resolution (\"ADR\") mechanism. It is further agreed to by the Parties that the contents of this Section shall survive even after the termination or expiry of the Policy and/or Terms.</p>\r\n<ol>\r\n<ol>\r\n<li><b>Mediation:</b> In case of any dispute between the parties, the Parties will attempt to resolve the same amicably amongst themselves, to the mutual satisfaction of both Parties. In the event that the Parties are unable to reach such an amicable solution within thirty (30) days of one Party communicating the existence of a dispute to the other Party, the dispute will be resolved by arbitration, as detailed hereinbelow;</li>\r\n<li><b>Arbitration:</b> In the event that the Parties are unable to amicably resolve a dispute by mediation, said dispute will be referred to arbitration by a sole arbitrator to be appointed by the Company, and the award passed by such sole arbitrator will be valid and binding on both Parties. The Parties shall bear their own costs for the proceedings, although the sole arbitrator may, in his/her sole discretion, direct either Party to bear the entire cost of the proceedings. The arbitration shall be conducted in English, and the seat of Arbitration shall be the city of Gujarat, India.</li>\r\n</ol>\r\n</ol>\r\n<p>The Parties expressly agree that the Terms, Policy and any other agreements entered into between the Parties are governed by the laws, rules and regulations of India, and that the Courts at New Delhi shall have exclusive jurisdiction over any disputes arising between the Parties.</p>\r\n</div>','Privacy Policy','','privacy, policy','en',11),(12,' Self Definition','self-definition','<p>Self Definition</p>','Self Definition','','','en',12),(13,' Self Definition','self-definition','<p>Self Definition</p>','Self Definition','','','fr',12),(14,' Self Definition','self-definition','<p>Self Definition</p>','Self Definition','','','nl',12),(15,' Self Definition','self-definition','<p>Self Definition</p>','Self Definition','','','tr',12),(16,'Procedure','procedure','<p>Procedure</p>','procedure','','','en',13),(17,'Procedure','procedure','<p>Procedure</p>','procedure','','','fr',13),(18,'Procedure','procedure','<p>Procedure</p>','procedure','','','nl',13),(19,'Procedure','procedure','<p>Procedure</p>','procedure','','','tr',13),(20,'Offline Stores','offline-stores','<p>Offline Stores</p>','Offline Stores','','','en',14),(21,'Offline Stores','offline-stores','<p>Offline Stores</p>','Offline Stores','','','fr',14),(22,'Offline Stores','offline-stores','<p>Offline Stores</p>','Offline Stores','','','nl',14),(23,'Offline Stores','offline-stores','<p>Offline Stores</p>','Offline Stores','','','tr',14),(24,'Our Valued Customer','our-valued-customer','<p>Our Valued Customer</p>','Our Valued Customer','','','en',15),(25,'Our Valued Customer','our-valued-customer','<p>Our Valued Customer</p>','Our Valued Customer','','','fr',15),(26,'Our Valued Customer','our-valued-customer','<p>Our Valued Customer</p>','Our Valued Customer','','','nl',15),(27,'Our Valued Customer','our-valued-customer','<p>Our Valued Customer</p>','Our Valued Customer','','','tr',15),(28,'FAQ','faq','<p>FAQ</p>','FAQ','','','en',16),(29,'FAQ','faq','<p>FAQ</p>','FAQ','','','fr',16),(30,'FAQ','faq','<p>FAQ</p>','FAQ','','','nl',16),(31,'FAQ','faq','<p>FAQ</p>','FAQ','','','tr',16),(32,'Measurement Process','measurement-process','<p>Measurement Process</p>','Measurement Process','','','en',17),(33,'Measurement Process','measurement-process','<p>Measurement Process</p>','Measurement Process','','','fr',17),(34,'Measurement Process','measurement-process','<p>Measurement Process</p>','Measurement Process','','','nl',17),(35,'Measurement Process','measurement-process','<p>Measurement Process</p>','Measurement Process','','','tr',17),(36,'Work with Us','work-with-us','<p>Work with Us</p>','Work with Us','','','en',18),(37,'Work with Us','work-with-us','<p>Work with Us</p>','Work with Us','','','fr',18),(38,'Work with Us','work-with-us','<p>Work with Us</p>','Work with Us','','','nl',18),(39,'Work with Us','work-with-us','<p>Work with Us</p>','Work with Us','','','tr',18),(40,'Terms and Conditions for Vendor/Seller','terms-and-conditions-for-vendorseller','<div class=\"static-container\">\r\n<p>This document is an electronic agreement in terms of Information Technology Act, 2000 (&ldquo;IT Act, 2000&rdquo;), the applicable rules there under and the provisions pertaining to electronic records in various statutes as amended by the Information Technology Act, 2000. This electronic record is generated by a computer system and does not require any physical or digital signatures.</p>\r\n<p>The domain name <a href=\"mailto:www.zepomart.com\">www.zepomart.com</a> including the related mobile site and mobile application as well as the seller portal https://www.zepomart.com/vendor.php (hereinafter referred to as &ldquo; Online Platform&rdquo;) is owned and operated by Zepomart , zepomart technologies private limited (hereinafter referred to as zepomart\' ), a registered a Partnership firm under with its registered office at Ahmedabad,india.</p>\r\n<p>For the purpose of the Terms of Use (hereinafter referred to as &ldquo;TOU&rdquo;), wherever the context so requires, &lsquo;you&rsquo; and &lsquo;your&rsquo; shall relate to any natural or legal person who has agreed to become a seller on the Platform by providing registration data while registering on the Platform using computer systems. The word &lsquo;user&rsquo; shall collectively imply a seller, a buyer, and any visitor on the Platform and the terms &lsquo;we&rsquo;, &lsquo;us&rsquo; and &lsquo;our&rsquo; shall mean Zepomart.</p>\r\n<p>When you use any current or future services provided by us through the Online Platform you will be subject to the rules, guidelines, policies, terms and conditions applicable to such services and they shall be deemed incorporated into the TOU and considered a part and parcel of the TOU. We reserve the right, at our sole discretion, to change, modify, add, or remove portions of the TOU at any time.</p>\r\n<p>ACCESSING, BROWSING, OR OTHERWISE USING THE PLATFORM INDICATES YOUR AGREEMENT WITH ALL THE TERMS AND CONDITIONS UNDER THE TOU. PLEASE READ THE TOU CAREFULLY BEFORE PROCEEDING.</p>\r\n<h3>Vendor/ Seller Eligibility</h3>\r\n<p>The use of the Platform is available only to persons who can form legally binding contracts under the Indian Contract Act, 1872. Persons who are \"incompetent to contract\" within the meaning of the Indian Contract Act, 1872 including minors, un-discharged insolvents etc. are not eligible to use the Platform. If you are a minor i.e. under the age of 18 years, you shall not register as a seller on the Platform, transact or use the Platform. &ldquo;ZEPOMART&rdquo; reserves the right to terminate your registration and/or refuse you access to the Platform if it is brought to ZEPOMART&rsquo;s notice or discovered that you are under the age of 18 years.</p>\r\n<h3>Your Account and Registration Obligations</h3>\r\n<p>In the course of your use of the our Online Platform, you agree to furnish your details and information as requested by us from time to time. You shall remain responsible for maintaining confidentiality of this information, as well as your display Name, login and password details. You agree that if you provide any information which is untrue, inaccurate, not current, or incomplete or we have reasonable grounds to suspect that such information is untrue, inaccurate, not current, incomplete, or not in accordance with the ToU, we shall have the right to suspend or terminate your account on the Platform or indefinitely block you from accessing the Platform.</p>\r\n<h3>SETTING UP YOUR ACCOUNT</h3>\r\n<ul>\r\n<li>Vendor admin ( www.zepomart.com/vendor.php ) is where you can find the tools to list and Manage your <b>Products</b> on Zepomart. Manage Your Customers, Orders, Inventory, Receive Payments, View Transactions, Create shipments, Contact customers, Contact seller support, Access sales report about your business .</li>\r\n<li>As we Identify Selling opportunities for you, We will notify you through Phone /Email Notification .</li>\r\n<li>For the Ongoing support after your account is launched on zepomart.com, You can use the &ldquo;Help Pages and Videos&rdquo; and Contact the Vendor Support team via Email/Phone. Or call our account Manager for Any business related issues, if allotted one.</li>\r\n<li>You can sell New Products and Refurbished Products both on zepomart.com, It is strictly recommended define Your Product Type &ldquo; Refurbished&rdquo; or &ldquo; New&rdquo; in Description .</li>\r\n</ul>\r\n<h3>LISTING YOUR PRODUCTS</h3>\r\n<ul>\r\n<li>Listing Products in right categories and with the correct information is critical for buyers to be able to find your products easily .</li>\r\n<li>Setup your Sales Price, Shipping charges, List Price ( MRP) , Taxes , Minimum Order Qty. , Stock/Inventory , Product Variations( if Any),Promotions, Product Images , Product Description.</li>\r\n<li>Without deleting your Product Listing, You can Disable or Activate or Hide your products from the Store Front any time whenever required.</li>\r\n<li>Product Selling Price , Listing Price (MRP) and Qty. Can be modify direct from the Listing Page .</li>\r\n<li>For All New product, there must be &ldquo;Manufacturer warranty&rdquo; supported by Seller. And Invoice should mention the warranty on it. Warranty Terms should be Defined Cleary in the Product Features .</li>\r\n<li>Product Type: Brand New or Refurbished</li>\r\n<li>Brand Name :</li>\r\n<li>Warranty Period :</li>\r\n<li>Warranty Type : On Site or Off Site</li>\r\n<li>Installation Charges : Free or Extra</li>\r\n<li>Country of Origin :</li>\r\n<li>Delivery Time :</li>\r\n</ul>\r\n<h3>CUSTOMER ORDERS</h3>\r\n<ul>\r\n<li>It is advisable to check your Vendor account at least daily for orders . You can check for new orders through Order Notifications Email, Manage Order Section in Vendor Admin Panel or Dashboard .</li>\r\n<li>Review You Default Shipping Settings and customize it fit to your fulfillment Model. Our Buyers expect their purchases to be well packed and to arrive on time . The Default Lead Time to ship / Fulfillment legacy is 2-3 Business Days .</li>\r\n<li>Octroi Charges if any will be borne by the seller /Vendor .</li>\r\n<li>The Orders that are not shipped and Confirmed as Shipped within 72 Hours of the last shipping date will be cancelled.</li>\r\n<li>2.5% of order Value will be charged as cancellation charges if the order is cancelled by the seller for any reason other then the buyer requested cancellation or if the order is auto cancelled by the zepomart as explained above .</li>\r\n<li>If your want to create a &ldquo;buy one and Get One &rdquo;promotion for two products , It is necessary to create a live listing for both Products .</li>\r\n<li>If an order is in Open / Pending State for More than 3 days , You should contact Seller/ Vendor Support .</li>\r\n<li>It is not advisable to include any marketing or promotional material with packing material.</li>\r\n</ul>\r\n<h3>CUSTOMER SERVICE</h3>\r\n<ul>\r\n<li>You should respond to the buyer quires within 24 Hours to maintain Good performance on customer Contact response time .</li>\r\n<li>If buyer provide a negative feedback , You can eighter resolve the issue by contacting the buyer through zepomart &ldquo;Customer Message Centre&rdquo;and request removal of the feedback , or post a response to the negative feedback on the website .</li>\r\n<li>Buy can Claim A-Z guarantee if a seller fail to deliver the product within</li>\r\n<li>3 days from the date of Maximum estimated delivery date , If the buyer receive the defective , Damaged or not the item depicted in the description, or if the buyer does not receive the refund or replacement as per policy .</li>\r\n<li>You should respond A-Z Claim Notification from &ldquo; zepomart&rdquo; within 7 calendar days</li>\r\n<li>You are required to take return or provide refund up-to 7Days from the date of delivery in accordance with &ldquo; zepomart&rdquo; Refund and return policy .</li>\r\n<li>Generally , zepomart.com pays the proceeds of your sales to your bank account 14 days after you register with our vendor Panel . Subsequently , the settlement process repeats every 7 days.</li>\r\n<li>If you don&rsquo;t meet your performance target you will receive a warning notifications by the &ldquo;Vendor&rsquo;s Performance Team&rdquo; to improve your performance on priority. Your account may get suspended immediately, If you miss your performance target by a large margin. You will get 90 days time for improving the performance to avoid suspension.</li>\r\n<li>It is prohibited to bribe buyers for positive feedback .</li>\r\n<li>It is prohibited to use buyer information for online and offline marketing purpose .</li>\r\n</ul>\r\n<h3>Communications</h3>\r\n<p>When you use the Platform or send emails, other data, information, or communication to us, you agree and understand that you are communicating with us through electronic records and you consent to receive communications via electronic records from us periodically or as and when required. We may communicate with you by email or any other mode of communication, electronic or otherwise.</p>\r\n<h3>Zepomart Platform for Transaction and Communication</h3>\r\n<p>The Platform is a platform that users utilize to independently meet and interact with one another for their transactions. Zepomart is not and cannot be a party to any transaction or dispute between users on the Platform.</p>\r\n<h3>Consequently:</h3>\r\n<ol>\r\n<li>All commercial/contractual terms are offered by you and agreed upon between you and buyers alone. The commercial/contractual terms include (without limitation) price, shipping costs, payment methods and terms, date, period, and mode of delivery, and warranties and after-sales services related to products and services. Zepomart does not determine, advice, have any control, or in any way involve itself in the offering or acceptance of such commercial/contractual terms between you and buyers.</li>\r\n<li>Zepomart does not make any representations or warranties regarding specifics (such as quality, value, and salability ) of the products or services proposed to be sold, offered to be sold or purchased on the Platform. Zepomart does not implicitly or explicitly support or endorse the sale or purchase of any products and services on the Platform. Zepomart accepts no liability for any errors or omissions of third parties in relation to the products and services.</li>\r\n<li>Zepomart is not responsible for any non-performance or breach of any contract between you and buyers. Zepomart cannot and does not guarantee that you and buyers concerned will perform transaction(s) concluded on the Platform. Zepomart shall not and is not required to mediate or resolve disputes or disagreements between you and buyers.</li>\r\n<li>Zepomart does not make any representations or warranties regarding item-specifics (such as legal title, creditworthiness, identity, etc.) of any of its users. You are advised to independently verify the bona fides of any particular buyer you choose to deal with on the Platform and use your best judgment in that regard.</li>\r\n<li>Zepomart does not at any point in time during a transaction between you and a buyer on the Platform come into or take possession of any of the products or services offered by you, gain title to or have any rights or claims over the products or services offered by you to the buyer.</li>\r\n<li>At no time shall Zepomart hold any right/title to or interest in the items nor have any obligations or liabilities with respect to such a contract. Zepomart is not responsible for unsatisfactory or delayed performance of services, damages, or delays as a result of items which are out of stock, unavailable, or back-ordered.</li>\r\n<li>The Platform is only a platform that can be utilized by you to reach a larger customer base to sell items or services. Zepomart only provides a platform for communication and it is agreed that the contract for sale of any products or services shall be a strictly bipartite contract between you and the buyer.</li>\r\n<li>You release and indemnify Zepomart and/or any of its officers and representatives from any cost, damage, liability or other consequence of any of the actions of the users on the Platform and specifically waive any claims that you may have in this behalf under any applicable law. Notwithstanding its reasonable efforts in that behalf, Zepomart cannot control the information provided by other users which is made available on the Platform. You may find other user\'s information to be offensive, harmful, inaccurate or deceptive. Please use caution and practice safe trading when using the Platform.</li>\r\n</ol>\r\n<h3>Use of the Zepomart Platform</h3>\r\n<p>You agree and understand that Zepomart and the Platform merely provide hosting services to its registered users and persons browsing/visiting the Platform. All items advertised / listed and the contents therein are advertised and listed by registered users and are third party user generated contents. Zepomart shall bear no responsibility or liability in relation to or arising out of third party user generated content. Zepomart neither originates nor initiates the transmission nor selects the sender and receiver of the transmission nor selects nor modifies the information contained in the transmission.</p>\r\n<p>Zepomart is merely an intermediary and does not interfere in the transaction between buyers and sellers.</p>\r\n<p>You agree, undertake and confirm that your use of the Platform shall be strictly governed by the following binding principles:</p>\r\n<ol>\r\n<li>You shall not host, display, upload, modify, publish, transmit, update or share any information which:</li>\r\n<ol class=\"lower-alpha\">\r\n<li>) belongs to another person and over which you have no right;</li>\r\n<li>) is grossly harmful, harassing, blasphemous, defamatory, bigotry, obscene, pornographic, paedophilic, libellous, invasive of another&rsquo;s privacy, hateful, or racially, ethnically objectionable, disparaging, relating to or encouraging money laundering or gambling, or otherwise unlawful in any manner whatever, or unlawfully threatening or harassing, including but not limited to &lsquo;indecent representation of women&rsquo; within the meaning of the Indecent Representation of Women (Prohibition) Act, 1986;</li>\r\n<li>) is false, inaccurate or misleading in any way;</li>\r\n<li>) is patently offensive to the online community, such as sexually explicit content or content that promotes obscenity, paedophilia, racism, bigotry, hatred, or physical harm of any kind against any group or individual;</li>\r\n<li>) harasses or advocates harassment of another person;</li>\r\n<li>) involves the transmission of &lsquo;junk mail&rsquo;, &lsquo;chain letters&rsquo;, unsolicited mass mailing, or &lsquo;spamming&rsquo;;</li>\r\n<li>) promotes illegal activity or conduct that is abusive, threatening, obscene, defamatory, or libelous;</li>\r\n<li>) infringes upon or violates any third party\'s rights [including but not limited to intellectual property rights, rights of privacy (including without limitation unauthorized disclosure of a person\'s name, email address, physical address, or phone number) or rights of publicity];</li>\r\n<li>) promotes an illegal or unauthorized copy of another person\'s copyrighted work (see &ldquo;Copyright complaint\" below for instructions on how to lodge a complaint about uploaded copyrighted material) such as providing pirated computer programs or links, information to circumvent manufacturer-installed copy-protect devices, or pirated music or links to pirated music files;</li>\r\n<li>) contains restricted or password-only access pages, hidden pages or images or URLs leading to any other pages (those not linked to or from another accessible page);</li>\r\n<li>) provides material that exploits people in a sexual, violent or otherwise inappropriate manner or solicits personal information from anyone;</li>\r\n<li>) provides instructional information about illegal activities such as making or buying illegal weapons, violating someone\'s privacy, providing or creating computer viruses;</li>\r\n<li>) contains unauthorized videos, photographs or images of another person (whether a minor or an adult);</li>\r\n<li>) tries to gain unauthorized access or exceeds the scope of authorized access to the Platform, profiles, blogs, communities, account information, bulletins, friend requests, or other areas of the Platform, or solicits passwords or personal identifying information for commercial or unlawful purposes from other users on the Platform;</li>\r\n<li>)\r\n<p>engages in commercial activities and/or sales such as contests, sweepstakes, barter, advertising, pyramid schemes, or the buying or selling of &lsquo;virtual&rsquo; items related to the Platform without our prior written consent.</p>\r\n<p>Throughout the Agreement, Zepomart&rsquo;s prior written consent means a communication coming from Zepomart&rsquo;s Legal Team in response to your request and specifically addressing the activities or conduct for which you have sought authorization;</p>\r\n</li>\r\n<li>) solicits gambling or engages in any gambling activity which we, at our sole discretion, believe is or could be construed as being illegal;</li>\r\n<li>) interferes with another&rsquo;s use and enjoyment of the Platform;</li>\r\n<li>) refers to any website/URL which, at our sole discretion, contains material that is inappropriate for the Platform or any other website and content that is prohibited or violates the letter and spirit of ToU;</li>\r\n<li>) harms minors in any way;</li>\r\n<li>) infringes any patent, trademark, copyright, proprietary rights, third-party&rsquo;s trade secrets, rights of publicity, or privacy, is fraudulent, or involves the sale of counterfeit or stolen items;</li>\r\n<li>) violates any law for the time being in force;</li>\r\n<li>) deceives or misleads the addressee/ users about the origin of messages or communicates any information which is grossly offensive or menacing in nature;</li>\r\n<li>) impersonates another person;</li>\r\n<li>) contains software viruses or any other computer codes, files, or programs designed to interrupt, destroy, or limit the functionality of any computer resource; or contains any trojan horses, worms, time bombs, cancelbots, easter eggs, or other computer programming routines that may damage, detrimentally interfere with, diminish value of, surreptitiously intercept, or expropriate any system, data, or personal information;</li>\r\n<li>) threatens the unity, integrity, defense, security or sovereignty of India, friendly relations with foreign states, or public order or causes incitement to the commission of any offence or prevents investigation of any offence or is insulting any other nation;</li>\r\n<li>) shall, directly or indirectly, offer or attempt to offer trade or attempt to trade in any item which is prohibited or restricted in any manner under the provisions of any applicable law, rule, regulation or guideline for the time being in force;</li>\r\n</ol>\r\n<li>You shall not use any &lsquo;deep-link&rsquo;, &lsquo;page-scrape&rsquo;, &lsquo;robot&rsquo;, &lsquo;spider&rsquo;, automatic device, program, algorithm, methodology, or any similar or equivalent manual process to access, acquire, copy, monitor any portion of the Platform or content or in any way reproduce, or circumvent the navigational structure, presentation of the Platform, or any content to obtain or attempt to obtain any material, documents, or information through any means not purposely made available through the Platform. We reserve our right to bar any such activities.</li>\r\n<li>You shall not attempt to gain unauthorized access to any portion or feature of the Platform, other systems, networks connected to the Platform, server, computer, network, or the services offered on or through the Platform by hacking, password &lsquo;mining&rsquo;, or any other illegitimate means.</li>\r\n<li>You shall not probe, scan or test the vulnerability of the Platform or any network connected to the Platform or breach the security, authentication measures on the Platform or any network connected to the Platform. You may not reverse look-up, trace or seek to trace information on any other user of or visitor to Platform (including any account on the Platform that is not owned by you) or to its source or exploit the Platform, any service, information made available, or offered by or through the Platform in any way where the purpose is to reveal any information (including but not limited to personal identification or information other than your own information) provided by the Platform.</li>\r\n<li>You shall not make any negative, denigrating, or defamatory statement(s)/comment(s) about us, the brand name or domain name used by us, including the terms Zepomart , zepomart.com or otherwise engage in any conduct or action that might tarnish the image or reputation of Zepomart or sellers on the platform or otherwise tarnish or dilute any Zepomart trade mark, service marks, trade name and/or goodwill associated with such trade, service marks or trade name as may be owned or used by us. You agree that you will not take any action that imposes an unreasonable or disproportionately large load on the infrastructure of the Platform or Zepomart&rsquo;s systems, networks , or any systems or networks connected to Zepomart .</li>\r\n<li>You agree not to use any device, software or routine to interfere or attempt to interfere with the proper working of the Platform, any transaction being conducted on the Platform or any other person&rsquo;s use of the Platform.</li>\r\n<li>You shall not forge headers or otherwise manipulate identifiers in order to disguise the origin of any message, transmittal you send to us on or through the Platform, or any service offered on or through the Platform. You may not pretend that you are or represent someone else or impersonate any other individual or entity.</li>\r\n<li>You may not use the Platform or any content for any purpose that is unlawful or prohibited by the ToU or to solicit the performance of any illegal activity or other activity which infringes the rights of Zepomart and/or others.</li>\r\n<li>You shall at all times ensure full compliance with the applicable provisions of the Information Technology Act, 2000, and the rules there under as applicable and amended from time to time and also all applicable domestic laws, rules and regulations (including the provisions of any applicable Exchange Control Laws or Regulations in force) and International Laws, Foreign Exchange Laws, Statutes, Ordinances and Regulations (including, but not limited to Integrated Goods and Services Tax Act, Central Goods and Services Tax Act, relevant State Goods and Services Tax Act or Union Territories Goods and Services Tax Act and Custom Duty, Local Levies as may be applicable) and obtain the necessary licences and permits regarding your use of our Platform, service and/or tools and your listing, purchase, solicitation of offers to purchase, and sale of items or services. You shall not engage in any transaction in an item or service, which is prohibited by the provisions of any applicable law including exchange control laws or regulations for the time being in force. In particular you shall ensure that if any of your items listed on the Platform qualifies as an \"Antiquity\" or \"Art treasure\" as defined in the Act (\"Artwork\"), you shall indicate that such Artwork is \"non-exportable\" and sold subject to the provisions of the Antiquities and Art Treasures Act, 1972, and shall ensure that it is not delivered to any buyer at any place outside India.</li>\r\n<li>Solely to enable us to use the information you provide us with and so that we do not violate any rights you might have in your information, you agree to grant us a non-exclusive, worldwide, perpetual, irrevocable, royalty-free, and sub-licensable (through multiple-tiers) right to exercise the copyright, publicity or database rights or any other rights you have in your information for any current or future promotional or advertising related activities and any business purposes of Zepomart. We will only use your information in accordance with this ToU and our Privacy Policy .</li>\r\n<li>From time to time you shall be responsible for providing information relating to the items or services proposed to be sold by you. In this connection, you undertake that all such information shall be accurate in all respects. You shall not exaggerate or over emphasize the attributes of such items or services so as to mislead other users on the Platform in any manner.</li>\r\n<li>You shall not engage in advertising of other sellers on the Platform to buy or sell any products or services, including but not limited to products or services related to what is displayed on the Platform. You may not transmit any chain letters or unsolicited commercial or junk email to other users acquired/via the Platform. It shall be a violation of the ToU to use any information obtained from the Platform in order to harass, abuse, or harm others or contact, advertise and sell to or solicit persons other than those who have chosen to buy from you. You understand that we have the right at all times to disclose any information (including the identity of the persons who have provided information or material on the Platform) as necessary to satisfy any law, regulation, or valid governmental request. This may include, without limitation, disclosure of the information in connection with the investigation of an alleged illegal activity or its solicitation and/or response to a lawful court order or subpoena. In addition, we can (and you hereby expressly authorized us to) disclose any information about you to law enforcement or other government officials as we, at our sole discretion, deem necessary or appropriate in connection with the investigation and/or resolution of possible crimes, especially those that may involve personal injury. We reserve the right, but have no obligation, to monitor the material posted on the Platform. Zepomart shall have the right, at its sole discretion, to remove any content that violates or is alleged to violate any applicable law or either the spirit or letter of the ToU. Notwithstanding this right, YOU REMAIN SOLELY RESPONSIBLE FOR THE CONTENT OF THE MATERIAL YOU POST ON THE WEBSITE AND YOUR INDEPENDENT COMMUNICATION WITH THE BUYERS AND OTHER SELLERS, REGARDLESS OF FORM. Please be advised that such content posted does not reflect our views. In no event shall Zepomart assume or have any responsibility or liability for any content posted on the Platform or claims, damages, or losses resulting from its use and/or appearance of it on the Platform. You hereby represent and warrant that you have necessary rights to all the content you provide and all information it contains and that such content shall not infringe any proprietary or other rights of third parties or contain any misleading, libellous, tortious, or otherwise unlawful information.</li>\r\n<li>Your correspondence or business dealings with or participation in the promotion of advertisers on or through the Platform (including payment and delivery of related products or services, any other terms, conditions, warranties, or representations associated with such dealings) are solely between you and such advertisers. We shall not be responsible or liable for any loss or damage of any sort incurred as a result of such dealings or the presence of such advertisers on the Platform.</li>\r\n<li>It is possible that other users (including unauthorized persons or &lsquo;hackers&rsquo;) may post or transmit offensive or obscene material on the Platform and that you may be involuntarily exposed to such material. It is also possible for others to obtain personal information about you due to your use of the Platform and use such information to harass or injure you. We do not approve of such unauthorized uses but by using the Platform, you acknowledge and agree that we are not responsible for the use of any personal information that you publicly disclose or share with others on the Platform. Please carefully select the type of information that you publicly disclose or share with others on the Platform.</li>\r\n<li>Zepomart shall have all the rights to take necessary action and claim damages that may occur due to your involvement/participation in any way on your own or through group(s) of people, intentionally or unintentionally, in DoS (denial of service)</li>\r\n</ol>\r\n<h3>Selling</h3>\r\n<p>As a registered seller, you shall list item(s) for sale on the Platform in accordance with the policies which are incorporated by way of reference in this ToU. You must be legally able to sell the item(s) you list for sale on our Platform and must have all the necessary licences and permits required for such sale. You must ensure that the listed items do not infringe upon the intellectual property, trade secret or other proprietary rights or rights of publicity or privacy rights of third parties. Listings may only include text descriptions, graphics, pictures or videos that describe your item for sale. All items must be listed in an appropriate category on the Platform. All listed items must be kept in stock for successful fulfilment of sales. The listing description of the item must not be misleading and must describe actual condition of the product. If the item description does not match the actual condition of the item, you agree to refund any amount that you may have received from the buyer. You agree not to list a single product in multiple quantities across various categories on the Platform. Zepomart reserves the right to delete such multiple listings of the same product listed by you in various categories.</p>\r\n<h3>Compliance on selling of goods/services</h3>\r\n<p>You shall also ensure full compliance with the provisions of Integrated Goods and Services Tax (IGST), Central Goods and Services Tax (CGST) and Union Territory Goods and Services Tax (UTGST) or State Goods and Services Tax (SGST) in respect of the goods/services supplied by you.</p>\r\n<p>It is your responsibility to charge appropriate goods and services taxes on the supplies effected and remittance of the same to the Government. Zepomart shall not be responsible for any deficiency and/ or omission on your part.</p>\r\n<p>Pursuant to the tax collection at source provisions under IGST, CGST and/UTGST or SGST, the portal would collect tax collection at source at applicable rates on net value of taxable supplies made through the portal and remit to the appropriate Government.</p>\r\n<p>In case of any mismatches on account of tax collection at source, you shall be required to provide all relevant information to Zepomart to correspond with the relevant authorities and also in case of any liability accruing on account of omission shall be your obligation to pay such deficit.</p>\r\n<p>You shall be required to provide the corresponding Harmonised System Nomenclature (HSN) code number for every product listing . In the event that you do not provide the HSN code number that particular product will be de-listed and you will no longer be able to sell the product on our platform. You have to select the appropriate GST rate during the product listing . We will not responsible for any incorrect GST selection .</p>\r\n<p>You shall also be required to provide your GSTIN , without which we will not be able to raise an invoice on you. In the event that you do not provide your GSTIN number, transaction on your account will be blocked and orders will not be processed on your account.</p>\r\n<p>In the event of you providing your Input Service Distributor Registration Number, Zepomart would be issuing an invoice to the ISD GST registration number as furnished by you. It is your responsibility to undertake the necessary compliance required in respect of the said ISD registration number.</p>\r\n<p>In the event of any conflict between the terms of this clause and any other clause in these terms of use, the provisions of this clause will prevail.</p>\r\n<h3>Content Posted on the Store .</h3>\r\n<p>All text, graphics, seller interfaces, visual interfaces, photographs, trademarks, logos, sounds, music and artwork, notes, messages, emails, billboard postings, drawings, profiles, opinions, ideas, images, videos, audio files, other material or information (collectively &lsquo;Content&rsquo;) are third-party generated Content and Zepomart has no responsibility or liability over such third-party generated Content as Zepomart is merely an intermediary for the purposes of this ToU. Except as expressly provided in the ToU, no part of the Platform including the Content may be copied, reproduced, republished, uploaded, posted, publicly displayed, encoded, translated, transmitted or distributed in any way (including &lsquo;mirroring&rsquo;) to any other computer, server, website or other medium for publication, distribution or any commercial enterprise without Zepomart&rsquo;s prior written consent.</p>\r\n<p>You may use the information on the products and services made available on the Platform for downloading provided you:</p>\r\n<ul>\r\n<li>do not remove any proprietary notice language in all copies of such Content;</li>\r\n<li>use such Content only for your personal, non-commercial informational purpose and do not copy or post such information on any networked computer or broadcast it to any media;</li>\r\n<li>make no modifications to any Content; and</li>\r\n<li>do not make any additional representations or warranties relating to the Content.</li>\r\n<li>You shall be responsible for the Content posted or transmitted on the Platform by You. The Content will become our property and you grant us the worldwide, perpetual, royalty free and transferable rights in such content. We shall be entitled to, consistent with our privacy policy as adopted in accordance with applicable law, use the Content or any of its elements for any type of purpose forever, including, but not limited to, promotional and advertising purposes in any media, whether now known or hereafter devised or the creation of derivative work. You agree that any content you post may be used by us, consistent with this TOU, and you are not entitled to any payment or other compensation for such use.</li>\r\n</ul>\r\n<h3>Limited License</h3>\r\n<p>Zepomart grants seller a limited, non-transferable, non-exclusive, non-sub licensable, non-assignable and personal license to use name and/or logo on seller&rsquo;s invoice for transactions concluded on the Platform.</p>\r\n<h3>Types of Sellers</h3>\r\n<p>All registered sellers are categorized into following tiers:</p>\r\n<ul>\r\n<li>Gold</li>\r\n<li>Silver</li>\r\n<li>Bronze</li>\r\n<li>Exclusive</li>\r\n</ul>\r\n<p>Zepomart reserves the right to revise the categories, criteria, and benefits to promote healthy competition amongst the sellers so that their performance lead to better customer experience on the Platform.</p>\r\n<h3>Payment</h3>\r\n<ol>\r\n<ol>\r\n<li>Transactions, transaction price and all commercial terms such as delivery, dispatch of products and/or services are as per principal to principal bipartite contractual obligations between sellers and buyers and the payment facility is merely used by sellers and buyers to facilitate the completion of transactions. Use of the payment facility shall not render Zepomart liable or responsible for non&ndash;delivery, non-receipt, non-payment, damage, breach of representations and warranties, non-provision of after-sales or warranty services or fraud as regards the products and/or services listed on the Platform.</li>\r\n<li>You have specifically authorized Zepomart or its service providers to collect, process, facilitate, and remit payments and/or the transaction price electronically or through cash on delivery (CoD) to and from buyers in respect of transactions through payment facility. Your relationship with Zepomart is on a principal to principal basis and by accepting the ToU, you agree that Zepomart is an independent contractor for all purposes and does not have control of or liability for the products or services that are listed on the Platform and paid for by using the payment facility. Zepomart does not guarantee the identity of any User nor does it ensure that a buyer or a seller will complete a transaction.</li>\r\n<li>You understand, accept, and agree that the payment facility provided by Zepomart is neither a banking nor financial service, but merely a facilitator providing an electronic, automated online electronic payment facility for receiving payment, or cash on delivery (COD) payment, collection and remittance for transactions on the Platform using the existing authorized banking infrastructure and credit card payment gateway (PG) network. Further, by providing payment facility, Zepomart neither acts as a trustee nor fiduciary with respect to transaction or transaction price.</li>\r\n</ol>\r\n</ol>\r\n<b>It is hereby clarified that cash on delivery (COD) option may not be available for select products or categories or Locations .</b>\r\n<ol>\r\n<li>All online bank transfers from valid bank accounts are processed using the gateway provided by the respective issuing bank that supports payment facility to provide these services to the users. All such online bank transfers on payment facility are also governed by the terms and conditions agreed to between a seller buyer and the respective issuing bank.</li>\r\n</ol>\r\n<h3>Dispatch of products and/or services</h3>\r\n<ol>\r\n<li>You, as a seller, shall be required to dispatch the products and/or services for every transaction to the buyer within the time period as provided in the TOU to ensure that the products and/or services are delivered in a timely manner. Further, you will solely be responsible for undertaking transit insurance for products sold by You on the Platform. For avoidance of doubt, Zepomart will not be responsible for undertaking any insurance(s) for products sold by sellers on the Platform</li>\r\n<li>Seller shall provide dispatch details and details of after-sales services related to products and services listed by it on the Platform to Zepomart in such a manner and within a time period as provided in the policies, failing which the transaction shall stand cancelled.</li>\r\n<li>Seller shall dispatch the products and/or services using only an approved delivery channel which provides appropriate &lsquo;proof of dispatch&rsquo; &amp; &lsquo;proof of delivery&rsquo; (PoDs) documentation. Such PoD documentation relating to delivery should be maintained by a seller for a period of 4 (four) years from the date of dispatch. The PoDs should be furnished to Zepomart on demand within the time frame as notified from time to time.</li>\r\n<li>Seller agrees that the dispatch details shall be true, correct, and duly authorized and shall not be misleading, fraudulent, false, unauthorized, illegal and shall not contain any misrepresentation of facts.</li>\r\n<li>In case a seller fails to provide dispatch details or provides dispatch details not complying with policies, it shall result in consequences as more specifically stated in the TOU and may lead to suspension and/or termination of seller account.</li>\r\n<li>Seller agrees that the transaction price paid by a buyer will be remitted to a seller&rsquo;s bank account contingent upon the following events:</li>\r\n<ol class=\"lower-alpha\">\r\n<li>) Buyer confirms the delivery of products and/or services in the transaction;</li>\r\n<li>) Buyer does not take any action on payment facility to confirm delivery within such a time period as provided in the policies despite confirmation of dispatch of products and/or services by a seller to the buyer;</li>\r\n<li>) Buyer&rsquo;s refund claim is rejected by Zepomart due to any breach of the ToU, policies, and any applicable law;</li>\r\n</ol>\r\n</ol>\r\n<p>Once the transaction is completed by the Seller, the remittance to seller shall be made in accordance with RBI Intermediary Guidelines.</p>\r\n<h3>Prepaid Payment Instruments</h3>\r\n<p>Zepomart may, either itself or through third-party service providers, offer prepaid instruments as a payment option for transactions on the Platform to users. Any purchases by buyers on the Platform using the prepaid instruments shall be governed by the following terms and conditions:</p>\r\n<ol>\r\n<li>Such prepaid instruments may be used to make payments for the products and/or services purchased on the Platform</li>\r\n<li>Such prepaid instruments can be redeemed by buyers by selecting the payment mode as may be provided on the Platform.</li>\r\n<li>Such prepaid instruments cannot be used to purchase other prepaid instruments or gift vouchers.</li>\r\n<li>If the order value exceeds the amount of such prepaid instruments, the balance must be paid by the respective buyer via Credit Card/Debit Card /Internet Banking. COD shall not be available as payment option for such transactions.</li>\r\n<li>If the order value is less than the amount of such prepaid instruments, the outstanding balance (after deduction of order value) will reflect as credit balance for such prepaid instruments.</li>\r\n<li>Prepaid instruments and any unused balance of such prepaid instruments shall expire 1 year from the date of their issue.</li>\r\n<li>Prepaid instruments cannot be redeemed for cash.</li>\r\n<li>Zepomart is not responsible if prepaid instruments are lost, stolen, or used without permission.</li>\r\n<li>Buyers can combine and use a maximum of 3 prepaid instruments per order. They can be combined with promotional codes.</li>\r\n<li>Purchases of prepaid instruments are not eligible for cashback offers.</li>\r\n<li>All sellers on the Platform will accept this prepaid instrument as a payment instrument.</li>\r\n<li>Zepomart will make payments to sellers whose products and/or services have been purchased by buyers redeeming electronic gift vouchers (EGV) as per the guidelines issued by the Reserve Bank of India from time to time.</li>\r\n</ol>\r\n<h3>GST / Taxes</h3>\r\n<p>You are responsible for paying all fees associated with the use of the Platform and charges collected in respect of such usage. You agree to bear any and all applicable taxes, charges, cesses levied thereon (including CGST+SGST/IGST/CGST+UGST and GST cess as may be applicable to the transaction).</p>\r\n<ol>\r\n<li>A seller agrees that Zepomart may offer to provide express remittance to eligible sellers as per payments settlement policy. Express Remittance shall be subject to RBI Intermediary Guidelines and arrangements/directions of the nodal bank..</li>\r\n<li>\r\n<p>Invoice generation: A seller expressly agrees that issuing correct and complete invoice is the sole and primary responsibility of a seller. We will assist you with this process by generating an invoice on your behalf. The seller shall be required to physically sign the invoice, print the invoice and affix the same on the consignment. The invoice generated by Zepomart shall be affixed by the seller on the consignment. Notwithstanding anything else contained in these terms of use, the seller shall be solely liable for any liability which may be imposed by taxation authorities for any discrepancy in the invoices.</p>\r\n<p>A seller expressly agrees that issuing correct and complete invoice is the sole and primary responsibility of a seller. Furthermore, seller shall ensure that invoices state &lsquo;Powered by Zepomart&rsquo; and failing to do so a seller shall be liable to charge backs (as applicable).</p>\r\n</li>\r\n<li>case of any charge backs levied by the bank, Zepomart shall have the right to deduct such chargebacks from seller remittances, present and future, and a seller&rsquo;s only remedy will be to discuss and resolve the same with the bank. A seller hereby agrees to extend full co-operation in resolving the chargeback disputes raised by a buyer through the bank and shall provide necessary documentation regarding the transaction to the complete satisfaction of the bank. In case the chargeback is ruled against a seller,</li>\r\n<li>Zepomart may delay notifying the payment confirmation, i.e. informing seller to dispatch if Zepomart deems suspicious or a buyer conducts high transaction volumes to ensure safety of the transaction and transaction price. In addition, Zepomart may hold transaction price and not inform seller to dispatch or remit transaction price to law enforcement officials (instead of refunding the same to a buyer) at the request of law enforcement officials or in the event of a buyer being engaged in any form of illegal activity.</li>\r\n<li>Sellers acknowledge that Zepomart will not be liable for any damages, interests, claims etc. resulting from not processing a transaction/transaction price or any delay in processing a transaction/transaction price that is beyond the control of Zepomart.</li>\r\n<li>Zepomart shall make payments into the bank account provided by a seller during the seller registration process. Once Zepomart has made payments into such a bank account number, Zepomart shall be discharged of any/all liabilities towards the seller and the seller shall not be eligible for any claims whatsoever.</li>\r\n</ol>\r\n<h3>Compliance with Laws:</h3>\r\n<p>Seller shall comply with all the applicable laws and obtain all necessary licences and permits applicable to them.</p>\r\n<h3>Product Description</h3>\r\n<p>Zepomart does not warrant that product description or other content on the Platform is accurate, complete, reliable, current, or error-free and assumes no liability in this regard. Audits</p>\r\n<p>Zepomart shall have the right to inspect and audit seller&rsquo;s records and premises / place of business through itself or through Zepomart approved third party testing agencies. Cost of such audit shall solely be borne by Zepomart unless audit reflects discrepancy in seller accounts / non-compliance with Zepomart&rsquo;s seller policies, in which case cost of audit shall be borne by the seller.</p>\r\n<h3>Breach</h3>\r\n<p>Without limiting other remedies, we may limit your activity, immediately remove your information, warn other users of your actions immediately, temporarily/indefinitely suspend/terminate/block your account and/or refuse you access to the Platform in the event of, including but not limited to, the following:</p>\r\n<ol>\r\n<li>if you breach the ToU, privacy policy or other policies (if any);</li>\r\n<li>if we are unable to verify or authenticate any information you provide; or</li>\r\n<li>if it is believed that your actions may cause legal liability for you, other users, or us;</li>\r\n</ol>\r\n<h3>Indemnity</h3>\r\n<p>You shall indemnify and hold harmless Zepomart its owner, licensee, affiliates, subsidiaries, group companies (as applicable) and their respective officers, directors, agents, and employees from any claim, demand, or actions including reasonable attorneys\' fees made by any third party or penalty imposed due to or arising out of your breach of the ToU, privacy policy and other policies or your violation of any law, rules, regulations or the rights (including infringement of intellectual property rights) of a third party.</p>\r\n<h3>Trademark and Copyright complaint</h3>\r\n<p>Zepomart respects the intellectual property of others. In case you feel that your trademark has been infringed, you can write to <a href=\"mailto:support@zepomart.com\">support@zepomart.com</a></p>\r\n<p>Zepomart respect the intellectual property of others. In case you feel that your work has been copied in any way that constitutes copyright infringement you can write to Zepomart at <a href=\"mailto:support@zepomart.com\">support@zepomart.com</a></p>\r\n<h3>Store Limitation of Liability</h3>\r\n<p>IN NO EVENT SHALL ZEPOMART BE LIABLE FOR ANY SPECIAL, INCIDENTAL, INDIRECT, OR CONSEQUENTIAL DAMAGES OF ANY KIND IN CONNECTION WITH THE TOU, EVEN IF ZEPOMART HAS BEEN INFORMED IN ADVANCE OF THE POSSIBILITY OF SUCH DAMAGES.</p>\r\n<h3>Applicable Law</h3>\r\n<p>The ToU shall be governed, interpreted, and construed in accordance with the laws of India. The place of jurisdiction shall exclusively be Delhi .</p>\r\n<h3>Contact Us</h3>\r\n<p><b>Zepomart</b><br /> Office 430, Suvas Scala,<br /> Near nikol police Station,<br /> Ahmedabad-382350</p>\r\n</div>','Terms and Conditions for Vendor/Seller','','','en',19);
/*!40000 ALTER TABLE `cms_page_translations` ENABLE KEYS */;
UNLOCK TABLES;

--
-- Table structure for table `cms_pages`
--

DROP TABLE IF EXISTS `cms_pages`;
/*!40101 SET @saved_cs_client     = @@character_set_client */;
/*!50503 SET character_set_client = utf8mb4 */;
CREATE TABLE `cms_pages` (
  `id` int unsigned NOT NULL AUTO_INCREMENT,
  `layout` varchar(191) CHARACTER SET utf8mb4 COLLATE utf8mb4_unicode_ci DEFAULT NULL,
  `created_at` timestamp NULL DEFAULT NULL,
  `updated_at` timestamp NULL DEFAULT NULL,
  PRIMARY KEY (`id`)
) ENGINE=InnoDB AUTO_INCREMENT=20 DEFAULT CHARSET=utf8mb4 COLLATE=utf8mb4_unicode_ci ROW_FORMAT=DYNAMIC;
/*!40101 SET character_set_client = @saved_cs_client */;

--
-- Dumping data for table `cms_pages`
--

LOCK TABLES `cms_pages` WRITE;
/*!40000 ALTER TABLE `cms_pages` DISABLE KEYS */;
INSERT INTO `cms_pages` VALUES (1,NULL,'2021-01-06 05:57:05','2021-01-06 05:57:05'),(2,NULL,'2021-01-06 05:57:05','2021-01-06 05:57:05'),(3,NULL,'2021-01-06 05:57:05','2021-01-06 05:57:05'),(4,NULL,'2021-01-06 05:57:05','2021-01-06 05:57:05'),(5,NULL,'2021-01-06 05:57:05','2021-01-06 05:57:05'),(6,NULL,'2021-01-06 05:57:05','2021-01-06 05:57:05'),(7,NULL,'2021-01-06 05:57:05','2021-01-06 05:57:05'),(8,NULL,'2021-01-06 05:57:05','2021-01-06 05:57:05'),(9,NULL,'2021-01-06 05:57:05','2021-01-06 05:57:05'),(10,NULL,'2021-01-06 05:57:05','2021-01-06 05:57:05'),(11,NULL,'2021-01-06 05:57:05','2021-01-06 05:57:05'),(12,NULL,'2021-02-10 03:33:00','2021-02-10 03:33:00'),(13,NULL,'2021-02-10 03:33:27','2021-02-10 03:33:27'),(14,NULL,'2021-02-10 03:34:06','2021-02-10 03:34:06'),(15,NULL,'2021-02-10 03:34:42','2021-02-10 03:34:42'),(16,NULL,'2021-02-10 03:35:34','2021-02-10 03:35:34'),(17,NULL,'2021-02-10 03:36:10','2021-02-10 03:36:10'),(18,NULL,'2021-02-10 03:36:52','2021-02-10 03:36:52'),(19,NULL,'2021-04-23 08:47:53','2021-04-23 08:47:53');
/*!40000 ALTER TABLE `cms_pages` ENABLE KEYS */;
UNLOCK TABLES;

--
-- Table structure for table `core_config`
--

DROP TABLE IF EXISTS `core_config`;
/*!40101 SET @saved_cs_client     = @@character_set_client */;
/*!50503 SET character_set_client = utf8mb4 */;
CREATE TABLE `core_config` (
  `id` int unsigned NOT NULL AUTO_INCREMENT,
  `code` varchar(191) CHARACTER SET utf8mb4 COLLATE utf8mb4_unicode_ci NOT NULL,
  `value` text CHARACTER SET utf8mb4 COLLATE utf8mb4_unicode_ci NOT NULL,
  `channel_code` varchar(191) CHARACTER SET utf8mb4 COLLATE utf8mb4_unicode_ci DEFAULT NULL,
  `locale_code` varchar(191) CHARACTER SET utf8mb4 COLLATE utf8mb4_unicode_ci DEFAULT NULL,
  `created_at` timestamp NULL DEFAULT NULL,
  `updated_at` timestamp NULL DEFAULT NULL,
  PRIMARY KEY (`id`),
  KEY `core_config_channel_id_foreign` (`channel_code`)
) ENGINE=InnoDB AUTO_INCREMENT=94 DEFAULT CHARSET=utf8mb4 COLLATE=utf8mb4_unicode_ci ROW_FORMAT=DYNAMIC;
/*!40101 SET character_set_client = @saved_cs_client */;

--
-- Dumping data for table `core_config`
--

LOCK TABLES `core_config` WRITE;
/*!40000 ALTER TABLE `core_config` DISABLE KEYS */;
INSERT INTO `core_config` VALUES (1,'catalog.products.guest-checkout.allow-guest-checkout','1',NULL,NULL,'2021-01-06 05:57:01','2021-01-06 05:57:01'),(2,'emails.general.notifications.emails.general.notifications.verification','1',NULL,NULL,'2021-01-06 05:57:01','2021-01-06 05:57:01'),(3,'emails.general.notifications.emails.general.notifications.registration','1',NULL,NULL,'2021-01-06 05:57:01','2021-01-06 05:57:01'),(4,'emails.general.notifications.emails.general.notifications.customer','1',NULL,NULL,'2021-01-06 05:57:01','2021-01-06 05:57:01'),(5,'emails.general.notifications.emails.general.notifications.new-order','1',NULL,NULL,'2021-01-06 05:57:01','2021-01-06 05:57:01'),(6,'emails.general.notifications.emails.general.notifications.new-admin','1',NULL,NULL,'2021-01-06 05:57:01','2021-01-06 05:57:01'),(7,'emails.general.notifications.emails.general.notifications.new-invoice','1',NULL,NULL,'2021-01-06 05:57:01','2021-01-06 05:57:01'),(8,'emails.general.notifications.emails.general.notifications.new-refund','1',NULL,NULL,'2021-01-06 05:57:01','2021-01-06 05:57:01'),(9,'emails.general.notifications.emails.general.notifications.new-shipment','1',NULL,NULL,'2021-01-06 05:57:01','2021-01-06 05:57:01'),(10,'emails.general.notifications.emails.general.notifications.new-inventory-source','1',NULL,NULL,'2021-01-06 05:57:01','2021-01-06 05:57:01'),(11,'emails.general.notifications.emails.general.notifications.cancel-order','1',NULL,NULL,'2021-01-06 05:57:01','2021-01-06 05:57:01'),(12,'customer.settings.social_login.enable_facebook','1','default',NULL,'2021-01-06 05:57:06','2021-01-06 05:57:06'),(13,'customer.settings.social_login.enable_twitter','1','default',NULL,'2021-01-06 05:57:06','2021-01-06 05:57:06'),(14,'customer.settings.social_login.enable_google','1','default',NULL,'2021-01-06 05:57:06','2021-01-06 05:57:06'),(15,'customer.settings.social_login.enable_linkedin','1','default',NULL,'2021-01-06 05:57:06','2021-01-06 05:57:06'),(16,'customer.settings.social_login.enable_github','1','default',NULL,'2021-01-06 05:57:06','2021-01-06 05:57:06'),(17,'general.content.shop.compare_option','1','default','en','2021-01-06 05:57:07','2021-01-06 05:57:07'),(18,'general.content.shop.compare_option','1','default','fr','2021-01-06 05:57:07','2021-01-06 05:57:07'),(19,'general.content.shop.compare_option','1','default','ar','2021-01-06 05:57:07','2021-01-06 05:57:07'),(20,'general.content.shop.compare_option','1','default','de','2021-01-06 05:57:07','2021-01-06 05:57:07'),(21,'general.content.shop.compare_option','1','default','es','2021-01-06 05:57:07','2021-01-06 05:57:07'),(22,'general.content.shop.compare_option','1','default','fa','2021-01-06 05:57:07','2021-01-06 05:57:07'),(23,'general.content.shop.compare_option','1','default','it','2021-01-06 05:57:07','2021-01-06 05:57:07'),(24,'general.content.shop.compare_option','1','default','ja','2021-01-06 05:57:07','2021-01-06 05:57:07'),(25,'general.content.shop.compare_option','1','default','nl','2021-01-06 05:57:07','2021-01-06 05:57:07'),(26,'general.content.shop.compare_option','1','default','pl','2021-01-06 05:57:07','2021-01-06 05:57:07'),(27,'general.content.shop.compare_option','1','default','pt_BR','2021-01-06 05:57:07','2021-01-06 05:57:07'),(28,'general.content.shop.compare_option','1','default','tr','2021-01-06 05:57:07','2021-01-06 05:57:07'),(29,'catalog.products.storefront.mode','grid','default',NULL,'2021-01-21 12:26:57','2021-04-05 08:52:46'),(30,'catalog.products.storefront.products_per_page','','default',NULL,'2021-01-21 12:26:58','2021-01-21 12:26:58'),(31,'catalog.products.storefront.sort_by','name-desc','default',NULL,'2021-01-21 12:26:58','2021-01-21 12:26:58'),(32,'catalog.products.review.guest_review','1',NULL,NULL,'2021-01-21 12:26:58','2021-01-21 12:26:58'),(33,'catalog.products.attribute.image_attribute_upload_size','',NULL,NULL,'2021-01-21 12:26:58','2021-01-21 12:26:58'),(34,'catalog.products.attribute.file_attribute_upload_size','',NULL,NULL,'2021-01-21 12:26:58','2021-01-21 12:26:58'),(35,'catalog.products.social_share.enabled','0',NULL,NULL,'2021-01-21 12:26:58','2021-01-21 12:26:58'),(36,'catalog.products.social_share.facebook','0',NULL,NULL,'2021-01-21 12:26:58','2021-01-21 12:26:58'),(37,'catalog.products.social_share.twitter','0',NULL,NULL,'2021-01-21 12:26:58','2021-01-21 12:26:58'),(38,'catalog.products.social_share.pinterest','0',NULL,NULL,'2021-01-21 12:26:58','2021-01-21 12:26:58'),(39,'catalog.products.social_share.whatsapp','0',NULL,NULL,'2021-01-21 12:26:58','2021-01-21 12:26:58'),(40,'catalog.products.social_share.linkedin','0',NULL,NULL,'2021-01-21 12:26:58','2021-01-21 12:26:58'),(41,'catalog.products.social_share.email','0',NULL,NULL,'2021-01-21 12:26:58','2021-01-21 12:26:58'),(42,'catalog.products.social_share.share_message','',NULL,NULL,'2021-01-21 12:26:58','2021-01-21 12:26:58'),(43,'catalog.rich_snippets.products.enable','0',NULL,NULL,'2021-01-21 12:28:36','2021-02-18 05:07:55'),(44,'catalog.rich_snippets.products.show_sku','0',NULL,NULL,'2021-01-21 12:28:36','2021-07-20 03:29:51'),(45,'catalog.rich_snippets.products.show_weight','0',NULL,NULL,'2021-01-21 12:28:36','2021-01-21 12:28:36'),(46,'catalog.rich_snippets.products.show_categories','0',NULL,NULL,'2021-01-21 12:28:36','2021-01-21 12:28:36'),(47,'catalog.rich_snippets.products.show_images','1',NULL,NULL,'2021-01-21 12:28:36','2021-01-21 12:28:36'),(48,'catalog.rich_snippets.products.show_reviews','1',NULL,NULL,'2021-01-21 12:28:36','2021-01-21 12:28:36'),(49,'catalog.rich_snippets.products.show_ratings','1',NULL,NULL,'2021-01-21 12:28:37','2021-01-21 12:28:37'),(50,'catalog.rich_snippets.products.show_offers','1',NULL,NULL,'2021-01-21 12:28:37','2021-01-21 12:28:37'),(51,'catalog.rich_snippets.categories.enable','0',NULL,NULL,'2021-01-21 12:28:37','2021-07-20 03:29:51'),(52,'catalog.rich_snippets.categories.show_search_input_field','0',NULL,NULL,'2021-01-21 12:28:37','2021-01-21 12:28:37'),(53,'general.general.locale_options.weight_unit','lbs','default',NULL,'2021-02-10 03:14:01','2021-02-10 03:14:01'),(54,'general.general.email_settings.sender_name','Zepomart','default',NULL,'2021-02-10 03:14:01','2021-02-10 03:14:01'),(55,'general.general.email_settings.shop_email_from','priyankastrivedge@gmail.com','default',NULL,'2021-02-10 03:14:01','2021-02-10 03:14:01'),(56,'general.general.email_settings.admin_name','Admin','default',NULL,'2021-02-10 03:14:01','2021-02-10 03:14:01'),(57,'general.general.email_settings.admin_email','kuldeep310797@gmail.com','default',NULL,'2021-02-10 03:14:01','2021-02-24 03:19:08'),(58,'sales.paymentmethods.cashondelivery.title','Cash On Delivery',NULL,'en','2021-02-11 03:43:51','2021-02-11 03:43:51'),(59,'sales.paymentmethods.cashondelivery.description','Cash On Delivery',NULL,'en','2021-02-11 03:43:51','2021-02-11 03:43:51'),(60,'sales.paymentmethods.cashondelivery.active','1',NULL,'en','2021-02-11 03:43:51','2021-02-11 03:43:51'),(61,'sales.paymentmethods.cashondelivery.instructions','',NULL,'en','2021-02-11 03:43:51','2021-02-11 03:43:51'),(62,'sales.paymentmethods.cashondelivery.sort','1',NULL,NULL,'2021-02-11 03:43:51','2021-02-11 03:43:51'),(63,'sales.paymentmethods.moneytransfer.title','Money Transfer',NULL,'en','2021-02-11 03:43:51','2021-02-11 03:43:51'),(64,'sales.paymentmethods.moneytransfer.description','Money Transfer',NULL,'en','2021-02-11 03:43:51','2021-02-11 03:43:51'),(65,'sales.paymentmethods.moneytransfer.active','0',NULL,'en','2021-02-11 03:43:51','2021-03-17 08:13:23'),(66,'sales.paymentmethods.moneytransfer.mailing_address','',NULL,'en','2021-02-11 03:43:51','2021-02-11 03:43:51'),(67,'sales.paymentmethods.moneytransfer.sort','2',NULL,NULL,'2021-02-11 03:43:51','2021-02-11 03:43:51'),(68,'sales.paymentmethods.paypal_standard.title','Paypal Standard',NULL,'en','2021-02-11 03:43:51','2021-02-11 03:43:51'),(69,'sales.paymentmethods.paypal_standard.description','Paypal Standard',NULL,'en','2021-02-11 03:43:51','2021-02-11 03:43:51'),(70,'sales.paymentmethods.paypal_standard.business_account','test@zepomart.com',NULL,NULL,'2021-02-11 03:43:51','2021-02-11 03:43:51'),(71,'sales.paymentmethods.paypal_standard.active','0',NULL,'en','2021-02-11 03:43:51','2021-03-17 08:13:23'),(72,'sales.paymentmethods.paypal_standard.sandbox','1',NULL,'en','2021-02-11 03:43:51','2021-02-11 03:43:51'),(73,'sales.paymentmethods.paypal_standard.sort','3',NULL,NULL,'2021-02-11 03:43:51','2021-02-11 03:43:51'),(74,'sales.paymentmethods.razorpay.title','RazorPay',NULL,'en','2021-02-13 10:29:45','2021-02-13 10:29:45'),(75,'sales.paymentmethods.razorpay.description','RazorPay',NULL,'en','2021-02-13 10:29:45','2021-02-13 10:29:45'),(76,'sales.paymentmethods.razorpay.active','1',NULL,'en','2021-02-13 10:29:45','2021-02-13 10:29:45'),(77,'sales.paymentmethods.razorpay.sandbox','1',NULL,'en','2021-02-13 10:29:45','2021-02-13 10:29:45'),(78,'sales.paymentmethods.razorpay.sort','1',NULL,NULL,'2021-02-13 10:29:45','2021-02-13 10:29:45'),(79,'customer.settings.address.street_lines','','default',NULL,'2021-02-27 08:48:09','2021-02-27 08:48:09'),(80,'customer.settings.newsletter.subscription','0',NULL,NULL,'2021-02-27 08:48:09','2021-02-27 08:48:09'),(81,'customer.settings.email.verification','1',NULL,NULL,'2021-02-27 08:48:09','2021-02-27 08:48:09'),(82,'sales.carriers.fedex.title','FedEx',NULL,'en','2021-03-18 03:53:48','2021-03-18 03:53:48'),(83,'sales.carriers.fedex.description','FedEx',NULL,'en','2021-03-18 03:53:48','2021-03-18 03:53:48'),(84,'sales.carriers.fedex.default_rate','10','default',NULL,'2021-03-18 03:53:48','2021-03-18 03:53:48'),(85,'sales.carriers.fedex.active','1',NULL,'en','2021-03-18 03:53:48','2021-03-18 03:53:48'),(86,'sales.carriers.free.title','Free Shipping',NULL,'en','2021-03-18 03:53:48','2021-03-18 03:53:48'),(87,'sales.carriers.free.description','Free Shipping',NULL,'en','2021-03-18 03:53:48','2021-03-18 03:53:48'),(88,'sales.carriers.free.active','0',NULL,'en','2021-03-18 03:53:48','2021-03-18 03:53:48'),(89,'sales.carriers.flatrate.title','Flat Rate','default','en','2021-03-18 03:53:48','2021-03-18 03:53:48'),(90,'sales.carriers.flatrate.description','Flat Rate Shipping','default',NULL,'2021-03-18 03:53:48','2021-03-18 03:53:48'),(91,'sales.carriers.flatrate.default_rate','10','default',NULL,'2021-03-18 03:53:48','2021-03-18 03:53:48'),(92,'sales.carriers.flatrate.type','per_unit',NULL,NULL,'2021-03-18 03:53:48','2021-03-18 03:53:48'),(93,'sales.carriers.flatrate.active','0',NULL,'en','2021-03-18 03:53:48','2021-03-18 03:53:48');
/*!40000 ALTER TABLE `core_config` ENABLE KEYS */;
UNLOCK TABLES;

--
-- Table structure for table `countries`
--

DROP TABLE IF EXISTS `countries`;
/*!40101 SET @saved_cs_client     = @@character_set_client */;
/*!50503 SET character_set_client = utf8mb4 */;
CREATE TABLE `countries` (
  `id` int unsigned NOT NULL AUTO_INCREMENT,
  `code` varchar(191) CHARACTER SET utf8mb4 COLLATE utf8mb4_unicode_ci NOT NULL,
  `name` varchar(191) CHARACTER SET utf8mb4 COLLATE utf8mb4_unicode_ci NOT NULL,
  PRIMARY KEY (`id`)
) ENGINE=InnoDB AUTO_INCREMENT=256 DEFAULT CHARSET=utf8mb4 COLLATE=utf8mb4_unicode_ci ROW_FORMAT=DYNAMIC;
/*!40101 SET character_set_client = @saved_cs_client */;

--
-- Dumping data for table `countries`
--

LOCK TABLES `countries` WRITE;
/*!40000 ALTER TABLE `countries` DISABLE KEYS */;
INSERT INTO `countries` VALUES (1,'AF','Afghanistan'),(2,'AX','land Islands'),(3,'AL','Albania'),(4,'DZ','Algeria'),(5,'AS','American Samoa'),(6,'AD','Andorra'),(7,'AO','Angola'),(8,'AI','Anguilla'),(9,'AQ','Antarctica'),(10,'AG','Antigua & Barbuda'),(11,'AR','Argentina'),(12,'AM','Armenia'),(13,'AW','Aruba'),(14,'AC','Ascension Island'),(15,'AU','Australia'),(16,'AT','Austria'),(17,'AZ','Azerbaijan'),(18,'BS','Bahamas'),(19,'BH','Bahrain'),(20,'BD','Bangladesh'),(21,'BB','Barbados'),(22,'BY','Belarus'),(23,'BE','Belgium'),(24,'BZ','Belize'),(25,'BJ','Benin'),(26,'BM','Bermuda'),(27,'BT','Bhutan'),(28,'BO','Bolivia'),(29,'BA','Bosnia & Herzegovina'),(30,'BW','Botswana'),(31,'BR','Brazil'),(32,'IO','British Indian Ocean Territory'),(33,'VG','British Virgin Islands'),(34,'BN','Brunei'),(35,'BG','Bulgaria'),(36,'BF','Burkina Faso'),(37,'BI','Burundi'),(38,'KH','Cambodia'),(39,'CM','Cameroon'),(40,'CA','Canada'),(41,'IC','Canary Islands'),(42,'CV','Cape Verde'),(43,'BQ','Caribbean Netherlands'),(44,'KY','Cayman Islands'),(45,'CF','Central African Republic'),(46,'EA','Ceuta & Melilla'),(47,'TD','Chad'),(48,'CL','Chile'),(49,'CN','China'),(50,'CX','Christmas Island'),(51,'CC','Cocos (Keeling) Islands'),(52,'CO','Colombia'),(53,'KM','Comoros'),(54,'CG','Congo - Brazzaville'),(55,'CD','Congo - Kinshasa'),(56,'CK','Cook Islands'),(57,'CR','Costa Rica'),(58,'CI','Cte dIvoire'),(59,'HR','Croatia'),(60,'CU','Cuba'),(61,'CW','Curaao'),(62,'CY','Cyprus'),(63,'CZ','Czechia'),(64,'DK','Denmark'),(65,'DG','Diego Garcia'),(66,'DJ','Djibouti'),(67,'DM','Dominica'),(68,'DO','Dominican Republic'),(69,'EC','Ecuador'),(70,'EG','Egypt'),(71,'SV','El Salvador'),(72,'GQ','Equatorial Guinea'),(73,'ER','Eritrea'),(74,'EE','Estonia'),(75,'ET','Ethiopia'),(76,'EZ','Eurozone'),(77,'FK','Falkland Islands'),(78,'FO','Faroe Islands'),(79,'FJ','Fiji'),(80,'FI','Finland'),(81,'FR','France'),(82,'GF','French Guiana'),(83,'PF','French Polynesia'),(84,'TF','French Southern Territories'),(85,'GA','Gabon'),(86,'GM','Gambia'),(87,'GE','Georgia'),(88,'DE','Germany'),(89,'GH','Ghana'),(90,'GI','Gibraltar'),(91,'GR','Greece'),(92,'GL','Greenland'),(93,'GD','Grenada'),(94,'GP','Guadeloupe'),(95,'GU','Guam'),(96,'GT','Guatemala'),(97,'GG','Guernsey'),(98,'GN','Guinea'),(99,'GW','Guinea-Bissau'),(100,'GY','Guyana'),(101,'HT','Haiti'),(102,'HN','Honduras'),(103,'HK','Hong Kong SAR China'),(104,'HU','Hungary'),(105,'IS','Iceland'),(106,'IN','India'),(107,'ID','Indonesia'),(108,'IR','Iran'),(109,'IQ','Iraq'),(110,'IE','Ireland'),(111,'IM','Isle of Man'),(112,'IL','Israel'),(113,'IT','Italy'),(114,'JM','Jamaica'),(115,'JP','Japan'),(116,'JE','Jersey'),(117,'JO','Jordan'),(118,'KZ','Kazakhstan'),(119,'KE','Kenya'),(120,'KI','Kiribati'),(121,'XK','Kosovo'),(122,'KW','Kuwait'),(123,'KG','Kyrgyzstan'),(124,'LA','Laos'),(125,'LV','Latvia'),(126,'LB','Lebanon'),(127,'LS','Lesotho'),(128,'LR','Liberia'),(129,'LY','Libya'),(130,'LI','Liechtenstein'),(131,'LT','Lithuania'),(132,'LU','Luxembourg'),(133,'MO','Macau SAR China'),(134,'MK','Macedonia'),(135,'MG','Madagascar'),(136,'MW','Malawi'),(137,'MY','Malaysia'),(138,'MV','Maldives'),(139,'ML','Mali'),(140,'MT','Malta'),(141,'MH','Marshall Islands'),(142,'MQ','Martinique'),(143,'MR','Mauritania'),(144,'MU','Mauritius'),(145,'YT','Mayotte'),(146,'MX','Mexico'),(147,'FM','Micronesia'),(148,'MD','Moldova'),(149,'MC','Monaco'),(150,'MN','Mongolia'),(151,'ME','Montenegro'),(152,'MS','Montserrat'),(153,'MA','Morocco'),(154,'MZ','Mozambique'),(155,'MM','Myanmar (Burma)'),(156,'NA','Namibia'),(157,'NR','Nauru'),(158,'NP','Nepal'),(159,'NL','Netherlands'),(160,'NC','New Caledonia'),(161,'NZ','New Zealand'),(162,'NI','Nicaragua'),(163,'NE','Niger'),(164,'NG','Nigeria'),(165,'NU','Niue'),(166,'NF','Norfolk Island'),(167,'KP','North Korea'),(168,'MP','Northern Mariana Islands'),(169,'NO','Norway'),(170,'OM','Oman'),(171,'PK','Pakistan'),(172,'PW','Palau'),(173,'PS','Palestinian Territories'),(174,'PA','Panama'),(175,'PG','Papua New Guinea'),(176,'PY','Paraguay'),(177,'PE','Peru'),(178,'PH','Philippines'),(179,'PN','Pitcairn Islands'),(180,'PL','Poland'),(181,'PT','Portugal'),(182,'PR','Puerto Rico'),(183,'QA','Qatar'),(184,'RE','Runion'),(185,'RO','Romania'),(186,'RU','Russia'),(187,'RW','Rwanda'),(188,'WS','Samoa'),(189,'SM','San Marino'),(190,'ST','So Tom & Prncipe'),(191,'SA','Saudi Arabia'),(192,'SN','Senegal'),(193,'RS','Serbia'),(194,'SC','Seychelles'),(195,'SL','Sierra Leone'),(196,'SG','Singapore'),(197,'SX','Sint Maarten'),(198,'SK','Slovakia'),(199,'SI','Slovenia'),(200,'SB','Solomon Islands'),(201,'SO','Somalia'),(202,'ZA','South Africa'),(203,'GS','South Georgia & South Sandwich Islands'),(204,'KR','South Korea'),(205,'SS','South Sudan'),(206,'ES','Spain'),(207,'LK','Sri Lanka'),(208,'BL','St. Barthlemy'),(209,'SH','St. Helena'),(210,'KN','St. Kitts & Nevis'),(211,'LC','St. Lucia'),(212,'MF','St. Martin'),(213,'PM','St. Pierre & Miquelon'),(214,'VC','St. Vincent & Grenadines'),(215,'SD','Sudan'),(216,'SR','Suriname'),(217,'SJ','Svalbard & Jan Mayen'),(218,'SZ','Swaziland'),(219,'SE','Sweden'),(220,'CH','Switzerland'),(221,'SY','Syria'),(222,'TW','Taiwan'),(223,'TJ','Tajikistan'),(224,'TZ','Tanzania'),(225,'TH','Thailand'),(226,'TL','Timor-Leste'),(227,'TG','Togo'),(228,'TK','Tokelau'),(229,'TO','Tonga'),(230,'TT','Trinidad & Tobago'),(231,'TA','Tristan da Cunha'),(232,'TN','Tunisia'),(233,'TR','Turkey'),(234,'TM','Turkmenistan'),(235,'TC','Turks & Caicos Islands'),(236,'TV','Tuvalu'),(237,'UM','U.S. Outlying Islands'),(238,'VI','U.S. Virgin Islands'),(239,'UG','Uganda'),(240,'UA','Ukraine'),(241,'AE','United Arab Emirates'),(242,'GB','United Kingdom'),(243,'UN','United Nations'),(244,'US','United States'),(245,'UY','Uruguay'),(246,'UZ','Uzbekistan'),(247,'VU','Vanuatu'),(248,'VA','Vatican City'),(249,'VE','Venezuela'),(250,'VN','Vietnam'),(251,'WF','Wallis & Futuna'),(252,'EH','Western Sahara'),(253,'YE','Yemen'),(254,'ZM','Zambia'),(255,'ZW','Zimbabwe');
/*!40000 ALTER TABLE `countries` ENABLE KEYS */;
UNLOCK TABLES;

--
-- Table structure for table `country_state_translations`
--

DROP TABLE IF EXISTS `country_state_translations`;
/*!40101 SET @saved_cs_client     = @@character_set_client */;
/*!50503 SET character_set_client = utf8mb4 */;
CREATE TABLE `country_state_translations` (
  `id` int unsigned NOT NULL AUTO_INCREMENT,
  `locale` varchar(191) CHARACTER SET utf8mb4 COLLATE utf8mb4_unicode_ci NOT NULL,
  `default_name` text CHARACTER SET utf8mb4 COLLATE utf8mb4_unicode_ci,
  `country_state_id` int unsigned NOT NULL,
  PRIMARY KEY (`id`),
  KEY `country_state_translations_country_state_id_foreign` (`country_state_id`),
  CONSTRAINT `country_state_translations_country_state_id_foreign` FOREIGN KEY (`country_state_id`) REFERENCES `country_states` (`id`) ON DELETE CASCADE
) ENGINE=InnoDB AUTO_INCREMENT=1705 DEFAULT CHARSET=utf8mb4 COLLATE=utf8mb4_unicode_ci ROW_FORMAT=DYNAMIC;
/*!40101 SET character_set_client = @saved_cs_client */;

--
-- Dumping data for table `country_state_translations`
--

LOCK TABLES `country_state_translations` WRITE;
/*!40000 ALTER TABLE `country_state_translations` DISABLE KEYS */;
INSERT INTO `country_state_translations` VALUES (1,'ar','',1),(2,'ar','',2),(3,'ar',' ',3),(4,'ar','',4),(5,'ar','',5),(6,'ar','  ',6),(7,'ar','  ',7),(8,'ar','  ',8),(9,'ar','  ',9),(10,'ar','   ',10),(11,'ar','    ',11),(12,'ar','',12),(13,'ar','',13),(14,'ar','',14),(15,'ar','',15),(16,'ar',' ',16),(17,'ar','  ',17),(18,'ar','',18),(19,'ar','',19),(20,'ar','',20),(21,'ar','',21),(22,'ar','',22),(23,'ar','',23),(24,'ar','',24),(25,'ar','',25),(26,'ar','',26),(27,'ar','',27),(28,'ar','',28),(29,'ar','',29),(30,'ar',' ',30),(31,'ar','',31),(32,'ar','',32),(33,'ar','',33),(34,'ar','',34),(35,'ar','',35),(36,'ar','',36),(37,'ar','',37),(38,'ar','',38),(39,'ar','',39),(40,'ar',' ',40),(41,'ar',' ',41),(42,'ar',' ',42),(43,'ar','',43),(44,'ar',' ',44),(45,'ar',' ',45),(46,'ar','  ',46),(47,'ar','',47),(48,'ar','',48),(49,'ar',' ',49),(50,'ar','',50),(51,'ar','',51),(52,'ar','',52),(53,'ar',' ',53),(54,'ar',' ',54),(55,'ar',' ',55),(56,'ar','',56),(57,'ar','',57),(58,'ar','',58),(59,'ar','',59),(60,'ar',' ',60),(61,'ar','',61),(62,'ar','',62),(63,'ar',' ',63),(64,'ar',' ',64),(65,'ar','',65),(66,'ar','',66),(67,'ar',' ',67),(68,'ar','',68),(69,'ar',' ',69),(70,'ar',' ',70),(71,'ar','  ',71),(72,'ar','  ',72),(73,'ar','',73),(74,'ar','',74),(75,'ar','  ',75),(76,'ar','',76),(77,'ar','',77),(78,'ar',' ',78),(79,'ar','Niedersachsen',79),(80,'ar',' ',80),(81,'ar',' ',81),(82,'ar','',82),(83,'ar','',83),(84,'ar','',84),(85,'ar','',85),(86,'ar','',86),(87,'ar','-',87),(88,'ar',' ',88),(89,'ar','-',89),(90,'ar','',90),(91,'ar','',91),(92,'ar',' ',92),(93,'ar',' ',93),(94,'ar','',94),(95,'ar','',95),(96,'ar',' ',96),(97,'ar',' ',97),(98,'ar','',98),(99,'ar','',99),(100,'ar','STEIERMARK',100),(101,'ar','',101),(102,'ar','',102),(103,'ar','',103),(104,'ar','',104),(105,'ar','Appenzell Innerrhoden',105),(106,'ar',' ',106),(107,'ar','',107),(108,'ar','  ',108),(109,'ar',' ',109),(110,'ar','',110),(111,'ar','Genf',111),(112,'ar','',112),(113,'ar','',113),(114,'ar','   ',114),(115,'ar','',115),(116,'ar',' Neuenburg',116),(117,'ar','',117),(118,'ar','',118),(119,'ar',' ',119),(120,'ar','',120),(121,'ar','',121),(122,'ar','',122),(123,'ar','',123),(124,'ar','',124),(125,'ar','',125),(126,'ar','',126),(127,'ar','',127),(128,'ar','',128),(129,'ar','',129),(130,'ar','Corunha',130),(131,'ar','',131),(132,'ar','',132),(133,'ar','',133),(134,'ar','',134),(135,'ar','',135),(136,'ar','',136),(137,'ar','',137),(138,'ar','',138),(139,'ar','',139),(140,'ar','',140),(141,'ar','',141),(142,'ar','',142),(143,'ar','',143),(144,'ar','',144),(145,'ar','',145),(146,'ar',' ',146),(147,'ar','',147),(148,'ar','',148),(149,'ar','',149),(150,'ar','',150),(151,'ar','',151),(152,'ar','',152),(153,'ar','',153),(154,'ar','',154),(155,'ar','',155),(156,'ar','',156),(157,'ar',' ',157),(158,'ar','',158),(159,'ar','',159),(160,'ar','',160),(161,'ar','',161),(162,'ar','',162),(163,'ar','',163),(164,'ar','',164),(165,'ar','',165),(166,'ar','',166),(167,'ar','',167),(168,'ar','',168),(169,'ar','',169),(170,'ar','   ',170),(171,'ar','',171),(172,'ar','',172),(173,'ar','',173),(174,'ar','',174),(175,'ar','',175),(176,'ar','',176),(177,'ar','',177),(178,'ar',' ',178),(179,'ar','',179),(180,'ar','',180),(181,'ar','',181),(182,'ar','',182),(183,'ar','',183),(184,'ar','',184),(185,'ar','  ',185),(186,'ar',' ',186),(187,'ar',' ',187),(188,'ar','ARDECHE',188),(189,'ar','Ardennes',189),(190,'ar','',190),(191,'ar','',191),(192,'ar','',192),(193,'ar','',193),(194,'ar','  ',194),(195,'ar','',195),(196,'ar','',196),(197,'ar','',197),(198,'ar','  ',198),(199,'ar','',199),(200,'ar','',200),(201,'ar',' --',201),(202,'ar',' ',202),(203,'ar',' ',203),(204,'ar',' ',204),(205,'ar','',205),(206,'ar','',206),(207,'ar','',207),(208,'ar','DrmeFinistre',208),(209,'ar','',209),(210,'ar',' ',210),(211,'ar','',211),(212,'ar','',212),(213,'ar',' ',213),(214,'ar','',214),(215,'ar','',215),(216,'ar','',216),(217,'ar',' ',217),(218,'ar','',218),(219,'ar',' ',219),(220,'ar','',220),(221,'ar','   ',221),(222,'ar','',222),(223,'ar',' ',223),(224,'ar','',224),(225,'ar','-',225),(226,'ar',' ',226),(227,'ar','',227),(228,'ar','',228),(229,'ar',' ',229),(230,'ar','',230),(231,'ar','--',231),(232,'ar','',232),(233,'ar','',233),(234,'ar',' ',234),(235,'ar','',235),(236,'ar',' ',236),(237,'ar','',237),(238,'ar','',238),(239,'ar','',239),(240,'ar','',240),(241,'ar','',241),(242,'ar','  ',242),(243,'ar','',243),(244,'ar','--',244),(245,'ar','  ',245),(246,'ar',' ',246),(247,'ar','-s',247),(248,'ar','-',248),(249,'ar',' ',249),(250,'ar',' ',250),(251,'ar',' [3]',251),(252,'ar','-',252),(253,'ar',' ',253),(254,'ar','',254),(255,'ar','',255),(256,'ar',' ',256),(257,'ar','',257),(258,'ar',' ',258),(259,'ar','  ',259),(260,'ar','',260),(261,'ar',' ',261),(262,'ar','',262),(263,'ar','',263),(264,'ar',' ',264),(265,'ar','',265),(266,'ar','',266),(267,'ar','',267),(268,'ar','',268),(269,'ar',' ',269),(270,'ar','',270),(271,'ar','',271),(272,'ar','--',272),(273,'ar','',273),(274,'ar','  ',274),(275,'ar','  ',275),(276,'ar','  ',276),(277,'ar',' ',277),(278,'ar','',278),(279,'ar','',279),(280,'ar','ARGES',280),(281,'ar','',281),(282,'ar','',282),(283,'ar',' ',283),(284,'ar','',284),(285,'ar','',285),(286,'ar','',286),(287,'ar','',287),(288,'ar','',288),(289,'ar',' ',289),(290,'ar','',290),(291,'ar','',291),(292,'ar','',292),(293,'ar','',293),(294,'ar','',294),(295,'ar','',295),(296,'ar','',296),(297,'ar','Giurgiu',297),(298,'ar','',298),(299,'ar','',299),(300,'ar','',300),(301,'ar','',301),(302,'ar','',302),(303,'ar','',303),(304,'ar','',304),(305,'ar','MEHEDINTI',305),(306,'ar','',306),(307,'ar','',307),(308,'ar','',308),(309,'ar','',309),(310,'ar',' ',310),(311,'ar','',311),(312,'ar','',312),(313,'ar','',313),(314,'ar','',314),(315,'ar',' ',315),(316,'ar','',316),(317,'ar','',317),(318,'ar','',318),(319,'ar','',319),(320,'ar','Lappi',320),(321,'ar','Pohjois-Pohjanmaa',321),(322,'ar','',322),(323,'ar','Pohjois-',323),(324,'ar','Pohjois-',324),(325,'ar','Etel-',325),(326,'ar','Etel-Pohjanmaa',326),(327,'ar','Pohjanmaa',327),(328,'ar','',328),(329,'ar',' ',329),(330,'ar','-Pohjanmaa',330),(331,'ar','-',331),(332,'ar','Varsinais-',332),(333,'ar','Etel-',333),(334,'ar','Pijt-Hme',334),(335,'ar','-HAME',335),(336,'ar','',336),(337,'ar','',337),(338,'ar','',338),(339,'ar','Ahvenanmaa',339),(340,'ar','Harjumaa',340),(341,'ar','',341),(342,'ar','   ',342),(343,'ar','',343),(344,'ar','',344),(345,'ar','',345),(346,'ar',' ',346),(347,'ar','',347),(348,'ar','',348),(349,'ar','Raplamaa',349),(350,'ar','Saaremaa',350),(351,'ar','Tartumaa',351),(352,'ar','Valgamaa',352),(353,'ar','Viljandimaa',353),(354,'ar',' Salacgr novvas',354),(355,'ar','',355),(356,'ar','',356),(357,'ar','',357),(358,'ar','',358),(359,'ar','',359),(360,'ar',' ',360),(361,'ar','',361),(362,'ar','',362),(363,'ar',' ',363),(364,'ar','',364),(365,'ar','',365),(366,'ar',' Aglonas',366),(367,'ar','Aizkraukles novads',367),(368,'ar','Aizkraukles novads',368),(369,'ar','Aknstes novads',369),(370,'ar','Alojas novads',370),(371,'ar',' Alsungas',371),(372,'ar',' ',372),(373,'ar',' ',373),(374,'ar',' ',374),(375,'ar',' ',375),(376,'ar',' ',376),(377,'ar','Baldones ',377),(378,'ar',' ',378),(379,'ar',' ',379),(380,'ar','Bauskas ',380),(381,'ar','Bevernas novads',381),(382,'ar','Novads Brocnu',382),(383,'ar','Novads Burtnieku',383),(384,'ar','Carnikavas novads',384),(385,'ar','Cesvaines novads',385),(386,'ar','Ciblas novads',386),(387,'ar',' ',387),(388,'ar','Dagdas novads',388),(389,'ar','Daugavpils novads',389),(390,'ar',' ',390),(391,'ar',' ',391),(392,'ar',' ',392),(393,'ar',' ',393),(394,'ar','Garkalnes novads',394),(395,'ar','Grobias novads',395),(396,'ar',' ',396),(397,'ar',' ',397),(398,'ar','Ikkiles novads',398),(399,'ar','Ilkstes novads',399),(400,'ar',' Inukalna',400),(401,'ar','Jaunjelgavas novads',401),(402,'ar','Jaunpiebalgas novads',402),(403,'ar',' Jaunpiebalgas',403),(404,'ar','Jelgavas novads',404),(405,'ar',' ',405),(406,'ar',' ',406),(407,'ar','Kokneses ',407),(408,'ar','Krimuldas novads',408),(409,'ar','Krustpils ',409),(410,'ar','Krslavas Apriis',410),(411,'ar',' ',411),(412,'ar','Krsavas novads',412),(413,'ar',' ',413),(414,'ar',' ',414),(415,'ar',' ',415),(416,'ar',' ',416),(417,'ar',' ',417),(418,'ar',' ',418),(419,'ar',' ',419),(420,'ar','Mazsalacas novads',420),(421,'ar',' ',421),(422,'ar','Mrupes novads',422),(423,'ar',' ',423),(424,'ar',' ',424),(425,'ar',' ',425),(426,'ar',' ',426),(427,'ar',' ',427),(428,'ar',' Ozolnieku',428),(429,'ar',' ',429),(430,'ar','Priekules ',430),(431,'ar','  ',431),(432,'ar','Prgaujas novads',432),(433,'ar',' ',433),(434,'ar',' ',434),(435,'ar',' ',435),(436,'ar','Riebiu novads',436),(437,'ar',' ',437),(438,'ar','Novads ',438),(439,'ar',' ',439),(440,'ar',' ',440),(441,'ar',' ',441),(442,'ar','Radzeknes novads',442),(443,'ar','Rjienas novads',443),(444,'ar',' ',444),(445,'ar',' ',445),(446,'ar','Salaspils novads',446),(447,'ar',' ',447),(448,'ar','Novuls Saulkrastu',448),(449,'ar',' ',449),(450,'ar','Skrundas novads',450),(451,'ar',' Skrveri',451),(452,'ar',' ',452),(453,'ar',' Stopiu',453),(454,'ar',' Stren novu',454),(455,'ar',' ',455),(456,'ar',' ',456),(457,'ar',' ',457),(458,'ar','Trvetes novads',458),(459,'ar','Vaiodes novads',459),(460,'ar',' ',460),(461,'ar',' ',461),(462,'ar',' ',462),(463,'ar','Vecpiebalgas novads',463),(464,'ar',' Vecumnieku',464),(465,'ar',' ',465),(466,'ar','Viestes Novads',466),(467,'ar','Viakas novads',467),(468,'ar',' ',468),(469,'ar','Vrkavas novads',469),(470,'ar',' ',470),(471,'ar',' ',471),(472,'ar',' Erglu',472),(473,'ar',' ',473),(474,'ar',' ',474),(475,'ar','Alytaus Apskritis',475),(476,'ar',' ',476),(477,'ar','Klaipdos apskritis',477),(478,'ar','Marijampol\'s apskritis',478),(479,'ar','Panevio apskritis',479),(480,'ar','uliauli apskritis',480),(481,'ar','Taurag\'s apskritis',481),(482,'ar','Teli apskritis',482),(483,'ar','Utenos apskritis',483),(484,'ar',' ',484),(485,'ar','',485),(486,'ar','',486),(487,'ar','',487),(488,'ar','',488),(489,'ar','',489),(490,'ar','',490),(491,'ar',' ',491),(492,'ar','',492),(493,'ar','',493),(494,'ar',' ',494),(495,'ar','   ',495),(496,'ar',' ',496),(497,'ar','',497),(498,'ar','',498),(499,'ar','',499),(500,'ar','',500),(501,'ar','',501),(502,'ar','  ',502),(503,'ar','   ',503),(504,'ar','   ',504),(505,'ar','',505),(506,'ar','',506),(507,'ar',' ',507),(508,'ar',' ',508),(509,'ar','',509),(510,'ar','',510),(511,'ar','  ',511),(512,'ar','Zagrebaka ',512),(513,'ar','Krapinsko-zagorska ',513),(514,'ar','Sisako-moslavaka ',514),(515,'ar',' ',515),(516,'ar',' ',516),(517,'ar','Koprivniko-krievaka ',517),(518,'ar','-',518),(519,'ar','  ',519),(520,'ar','  ',520),(521,'ar','Virovitiko-podravska ',521),(522,'ar','Poeko-slavonska upanija',522),(523,'ar','Brodsko-posavska upanija',523),(524,'ar',' ',524),(525,'ar','Osjeko-baranjska upanija',525),(526,'ar','- ',526),(527,'ar','Virovitiko-podravska ',527),(528,'ar','Splitsko-dalmatinska ',528),(529,'ar','Istarska ',529),(530,'ar','Dubrovako-neretvanska ',530),(531,'ar','Meimurska ',531),(532,'ar',' ',532),(533,'ar','  ',533),(534,'ar','  ',534),(535,'ar',' ',535),(536,'ar','',536),(537,'ar','',537),(538,'ar','',538),(539,'ar','',539),(540,'ar','  ',540),(541,'ar',' ',541),(542,'ar','',542),(543,'ar','',543),(544,'ar','',544),(545,'ar','',545),(546,'ar',' ',546),(547,'ar',' ',547),(548,'ar','',548),(549,'ar','',549),(550,'ar',' ',550),(551,'ar','',551),(552,'ar',' ',552),(553,'ar','',553),(554,'ar','',554),(555,'ar','',555),(556,'ar','',556),(557,'ar','',557),(558,'ar','',558),(559,'ar','',559),(560,'ar','',560),(561,'ar','',561),(562,'ar','',562),(563,'ar',' ',563),(564,'ar','',564),(565,'ar','',565),(566,'ar','  ',566),(567,'ar','',567),(568,'ar',' ',568),(569,'fa','',1),(570,'fa','',2),(571,'fa',' ',3),(572,'fa','',4),(573,'fa','',5),(574,'fa','  ',6),(575,'fa','Armed Forces America',7),(576,'fa','  ',8),(577,'fa','  ',9),(578,'fa','  ',10),(579,'fa','   ',11),(580,'fa','',12),(581,'fa','',13),(582,'fa','',14),(583,'fa','',15),(584,'fa',' ',16),(585,'fa','  ',17),(586,'fa','',18),(587,'fa','',19),(588,'fa','',20),(589,'fa','',21),(590,'fa','',22),(591,'fa','',23),(592,'fa','',24),(593,'fa','',25),(594,'fa','',26),(595,'fa','',27),(596,'fa','',28),(597,'fa','',29),(598,'fa','',30),(599,'fa','',31),(600,'fa',' ',32),(601,'fa','',33),(602,'fa',' ',34),(603,'fa','   ',35),(604,'fa','',36),(605,'fa','',37),(606,'fa','',38),(607,'fa','',39),(608,'fa','',40),(609,'fa','',41),(610,'fa','',42),(611,'fa','',43),(612,'fa',' ',44),(613,'fa',' ',45),(614,'fa','  ',46),(615,'fa','',47),(616,'fa','',48),(617,'fa','',49),(618,'fa','',50),(619,'fa','',51),(620,'fa','',52),(621,'fa',' ',53),(622,'fa',' ',54),(623,'fa',' ',55),(624,'fa','',56),(625,'fa','',57),(626,'fa','',58),(627,'fa','',59),(628,'fa',' ',60),(629,'fa','',61),(630,'fa','',62),(631,'fa',' ',63),(632,'fa','',64),(633,'fa','',65),(634,'fa','',66),(635,'fa',' ',67),(636,'fa','',68),(637,'fa','  ',69),(638,'fa','',70),(639,'fa',' ',71),(640,'fa','  ',72),(641,'fa','',73),(642,'fa','',74),(643,'fa','  ',75),(644,'fa','',76),(645,'fa','',77),(646,'fa',' ',78),(647,'fa','',79),(648,'fa','-',80),(649,'fa','',81),(650,'fa','',82),(651,'fa','',83),(652,'fa','',84),(653,'fa','',85),(654,'fa','',86),(655,'fa','-',87),(656,'fa','-',88),(657,'fa','-',89),(658,'fa','',90),(659,'fa','',91),(660,'fa','-',92),(661,'fa','-',93),(662,'fa','',94),(663,'fa','',95),(664,'fa',' ',96),(665,'fa',' ',97),(666,'fa','',98),(667,'fa','',99),(668,'fa','Steiermar',100),(669,'fa','',101),(670,'fa','',102),(671,'fa','Vorarlber',103),(672,'fa','',104),(673,'fa','',105),(674,'fa','',106),(675,'fa','',107),(676,'fa','-',108),(677,'fa',' ',109),(678,'fa','',110),(679,'fa','',111),(680,'fa','',112),(681,'fa','Graubnde',113),(682,'fa','',114),(683,'fa','',115),(684,'fa','',116),(685,'fa','',117),(686,'fa','',118),(687,'fa',' ',119),(688,'fa','',120),(689,'fa','',121),(690,'fa','',122),(691,'fa','',123),(692,'fa','',124),(693,'fa','',125),(694,'fa','',126),(695,'fa','',127),(696,'fa','',128),(697,'fa','',129),(698,'fa','',130),(699,'fa','',131),(700,'fa','',132),(701,'fa','',133),(702,'fa','',134),(703,'fa','',135),(704,'fa','',136),(705,'fa','',137),(706,'fa','  ',138),(707,'fa','',139),(708,'fa','',140),(709,'fa','',141),(710,'fa','',142),(711,'fa','',143),(712,'fa','',144),(713,'fa','',145),(714,'fa',' ',146),(715,'fa','',147),(716,'fa','Cuenc',148),(717,'fa','',149),(718,'fa','',150),(719,'fa','',151),(720,'fa','Guipuzcoa',152),(721,'fa','',153),(722,'fa','',154),(723,'fa','',155),(724,'fa',' ',156),(725,'fa',' ',157),(726,'fa','',158),(727,'fa','Lleid',159),(728,'fa','',160),(729,'fa','',161),(730,'fa','',162),(731,'fa','',163),(732,'fa','',164),(733,'fa','',165),(734,'fa','',166),(735,'fa','',167),(736,'fa','',168),(737,'fa','',169),(738,'fa','   ',170),(739,'fa','',171),(740,'fa','',172),(741,'fa','',173),(742,'fa','',174),(743,'fa','',175),(744,'fa','',176),(745,'fa','',177),(746,'fa','',178),(747,'fa','',179),(748,'fa','',180),(749,'fa','',181),(750,'fa','',182),(751,'fa','',183),(752,'fa','',184),(753,'fa','---',185),(754,'fa',' ',186),(755,'fa','Alpes-Maritime',187),(756,'fa','',188),(757,'fa','',189),(758,'fa','',190),(759,'fa','',191),(760,'fa','Aud',192),(761,'fa','',193),(762,'fa','BOCAS DO Rhne',194),(763,'fa',' ',195),(764,'fa','',196),(765,'fa','',197),(766,'fa','-',198),(767,'fa','',199),(768,'fa','',200),(769,'fa','  ',201),(770,'fa',' ',202),(771,'fa',' ',203),(772,'fa',' ',204),(773,'fa','',205),(774,'fa','',206),(775,'fa','',207),(776,'fa',' ',208),(777,'fa','',209),(778,'fa','Eure-et-Loi',210),(779,'fa','',211),(780,'fa','',212),(781,'fa','-',213),(782,'fa','',214),(783,'fa','',215),(784,'fa','',216),(785,'fa','   ',217),(786,'fa','',218),(787,'fa','Indre-et-Loir',219),(788,'fa','',220),(789,'fa','',221),(790,'fa','',222),(791,'fa','Loir-et-Che',223),(792,'fa',' ',224),(793,'fa','Haute-Loir',225),(794,'fa','Loire-Atlantiqu',226),(795,'fa','',227),(796,'fa','',228),(797,'fa','  ',229),(798,'fa','',230),(799,'fa',' et-Loire',231),(800,'fa','',232),(801,'fa','',233),(802,'fa','-',234),(803,'fa','',235),(804,'fa','-et-Moselle',236),(805,'fa',' ',237),(806,'fa','',238),(807,'fa','',239),(808,'fa','Nivr',240),(809,'fa','',241),(810,'fa','',242),(811,'fa','',243),(812,'fa','-',244),(813,'fa','Puy-de-Dm',245),(814,'fa','Pyrnes-Atlantiques',246),(815,'fa','Hautes-Pyrne',247),(816,'fa','Pyrnes-Orientales',248),(817,'fa',' ',249),(818,'fa','-',250),(819,'fa','',251),(820,'fa','Haute-Sane',252),(821,'fa','Sane-et-Loire',253),(822,'fa','',254),(823,'fa','',255),(824,'fa','-',256),(825,'fa','',257),(826,'fa','Seine-Maritime',258),(827,'fa','Seine-et-Marn',259),(828,'fa','',260),(829,'fa','Deux-Svres',261),(830,'fa','',262),(831,'fa','',263),(832,'fa','Tarn-et-Garonne',264),(833,'fa','',265),(834,'fa','',266),(835,'fa','',267),(836,'fa','',268),(837,'fa','-',269),(838,'fa',' ',270),(839,'fa','',271),(840,'fa','--',272),(841,'fa','',273),(842,'fa','  ',274),(843,'fa','Seine-Saint-Deni',275),(844,'fa',' ',276),(845,'fa','Val-d\'Ois',277),(846,'fa','',278),(847,'fa','',279),(848,'fa','Arge',280),(849,'fa','',281),(850,'fa','',282),(851,'fa','-',283),(852,'fa','',284),(853,'fa','',285),(854,'fa','Brila',286),(855,'fa','Bucureti',287),(856,'fa','',288),(857,'fa','- Severin',289),(858,'fa','',290),(859,'fa','',291),(860,'fa','',292),(861,'fa','',293),(862,'fa','Dmbovia',294),(863,'fa','',295),(864,'fa','',296),(865,'fa','',297),(866,'fa','',298),(867,'fa','',299),(868,'fa','',300),(869,'fa','',301),(870,'fa','Iai',302),(871,'fa','Ilfo',303),(872,'fa','Maramure',304),(873,'fa','Mehedini',305),(874,'fa','Mure',306),(875,'fa','Neam',307),(876,'fa','',308),(877,'fa','',309),(878,'fa',' ',310),(879,'fa','',311),(880,'fa','',312),(881,'fa','',313),(882,'fa','',314),(883,'fa','',315),(884,'fa','',316),(885,'fa','',317),(886,'fa','Vlcea',318),(887,'fa','',319),(888,'fa','',320),(889,'fa','Pohjois-Pohjanmaa',321),(890,'fa','',322),(891,'fa','Pohjois-Karjala',323),(892,'fa','Pohjois-Savo',324),(893,'fa','-',325),(894,'fa','-',326),(895,'fa','Pohjanmaa',327),(896,'fa','',328),(897,'fa','',329),(898,'fa','-',330),(899,'fa','-',331),(900,'fa','Varsinais-Suomi',332),(901,'fa',' ',333),(902,'fa','Pijt-HAM',334),(903,'fa','-',335),(904,'fa','',336),(905,'fa','',337),(906,'fa','',338),(907,'fa','',339),(908,'fa','',340),(909,'fa','',341),(910,'fa','-',342),(911,'fa','Jgevamaa',343),(912,'fa','',344),(913,'fa','',345),(914,'fa','-',346),(915,'fa','',347),(916,'fa','',348),(917,'fa','Raplama',349),(918,'fa','',350),(919,'fa','',351),(920,'fa','',352),(921,'fa','',353),(922,'fa','Vrumaa',354),(923,'fa','',355),(924,'fa','',356),(925,'fa','',357),(926,'fa','',358),(927,'fa','',359),(928,'fa',' ',360),(929,'fa','',361),(930,'fa','',362),(931,'fa',' ',363),(932,'fa','',364),(933,'fa','Ventspils',365),(934,'fa',' ',366),(935,'fa','  ',367),(936,'fa',' ',368),(937,'fa','',369),(938,'fa',' ',370),(939,'fa','  ',371),(940,'fa',' ',372),(941,'fa','  ',373),(942,'fa','  ',374),(943,'fa','    ',375),(944,'fa',' ',376),(945,'fa','Baldones novad',377),(946,'fa','  ',378),(947,'fa','Balvu novad',379),(948,'fa',' ',380),(949,'fa',' ',381),(950,'fa',' ',382),(951,'fa',' ',383),(952,'fa',' ',384),(953,'fa',' ',385),(954,'fa',' Cibla',386),(955,'fa',' Cesis',387),(956,'fa','  ',388),(957,'fa',' ',389),(958,'fa',' ',390),(959,'fa','  ',391),(960,'fa',' ',392),(961,'fa','   ',393),(962,'fa',' ',394),(963,'fa','  ',395),(964,'fa','  ',396),(965,'fa','Iecavas novads',397),(966,'fa',' ',398),(967,'fa',' ',399),(968,'fa','  ',400),(969,'fa',' Jaunjelgavas',401),(970,'fa','  Jaunpiebalgas',402),(971,'fa',' ',403),(972,'fa',' ',404),(973,'fa',' ',405),(974,'fa',' ',406),(975,'fa',' ',407),(976,'fa',' ',408),(977,'fa',' ',409),(978,'fa',' ',410),(979,'fa','  ',411),(980,'fa','  ',412),(981,'fa',' ',413),(982,'fa',' ',414),(983,'fa','  ',415),(984,'fa',' ',416),(985,'fa',' ',417),(986,'fa',' ',418),(987,'fa',' ',419),(988,'fa',' ',420),(989,'fa',' ',421),(990,'fa',' Mrupe',422),(991,'fa','   ',423),(992,'fa','  ',424),(993,'fa',' ',425),(994,'fa',' ',426),(995,'fa',' ',427),(996,'fa',' ',428),(997,'fa',' ',429),(998,'fa',' Priekule',430),(999,'fa','Condado de Priekui',431),(1000,'fa','   ',432),(1001,'fa',' ',433),(1002,'fa',' Plavinas',4),(1003,'fa',' ',435),(1004,'fa',' ',436),(1005,'fa',' ',437),(1006,'fa',' ',438),(1007,'fa',' ',439),(1008,'fa',' ',440),(1009,'fa',' ',441),(1010,'fa',' ',442),(1011,'fa',' ',443),(1012,'fa',' Salacgriva',444),(1013,'fa',' ',445),(1014,'fa',' Salaspils',446),(1015,'fa',' ',447),(1016,'fa',' ',448),(1017,'fa',' ',449),(1018,'fa',' Skrunda',450),(1019,'fa',' Skrveri',451),(1020,'fa',' Smiltene',452),(1021,'fa',' ',453),(1022,'fa',' ',454),(1023,'fa',' ',455),(1024,'fa',' ',456),(1025,'fa','',457),(1026,'fa',' ',458),(1027,'fa','  ',459),(1028,'fa',' ',460),(1029,'fa',' Valmiera',461),(1030,'fa',' ',462),(1031,'fa',' Vecpiebalga',463),(1032,'fa',' ',464),(1033,'fa',' ',465),(1034,'fa','  ',466),(1035,'fa',' ',467),(1036,'fa',' ',468),(1037,'fa',' ',469),(1038,'fa',' ',470),(1039,'fa',' ',471),(1040,'fa',' ',472),(1041,'fa',' ',473),(1042,'fa',' ',474),(1043,'fa',' Alytus',475),(1044,'fa',' Kaunas',476),(1045,'fa',' ',477),(1046,'fa',' ',478),(1047,'fa',' ',479),(1048,'fa',' ',480),(1049,'fa',' ',481),(1050,'fa',' ',482),(1051,'fa',' ',483),(1052,'fa',' ',484),(1053,'fa','',485),(1054,'fa','',486),(1055,'fa','',487),(1056,'fa','',488),(1057,'fa','',489),(1058,'fa','',490),(1059,'fa',' ',491),(1060,'fa','',492),(1061,'fa','',493),(1062,'fa',' ',494),(1063,'fa','Mato Grosso do Sul',495),(1064,'fa','  ',496),(1065,'fa','',497),(1066,'fa','',498),(1067,'fa','',499),(1068,'fa','',500),(1069,'fa','',501),(1070,'fa',' ',502),(1071,'fa','   ',503),(1072,'fa','   ',504),(1073,'fa','Rondni',505),(1074,'fa','Roraim',506),(1075,'fa',' ',507),(1076,'fa','',508),(1077,'fa','Sergip',509),(1078,'fa','',510),(1079,'fa',' ',511),(1080,'fa',' ',512),(1081,'fa','Condado de Krapina-Zagorj',513),(1082,'fa',' -',514),(1083,'fa',' ',515),(1084,'fa',' ',516),(1085,'fa','Condo de Koprivnica-Krievci',517),(1086,'fa','   -',518),(1087,'fa','Condado de Primorje-Gorski kotar',519),(1088,'fa',' -',520),(1089,'fa','Condado de Virovitica-Podravina',521),(1090,'fa',' -',522),(1091,'fa','Condado de Brod-Posavina',523),(1092,'fa',' ',524),(1093,'fa','Condado de Osijek-Baranja',525),(1094,'fa','Condo de Sibenik-Knin',526),(1095,'fa','Condado de Vukovar-Srijem',527),(1096,'fa',' -Dalmatia',528),(1097,'fa',' ',529),(1098,'fa','Condado de Dubrovnik-Neretva',530),(1099,'fa',' Meimurje',531),(1100,'fa',' ',532),(1101,'fa','   ',533),(1102,'fa',' ',534),(1103,'fa',' ',535),(1104,'fa','',536),(1105,'fa','Biha',537),(1106,'fa','',538),(1107,'fa','',539),(1108,'fa','   ',540),(1109,'fa','  ',541),(1110,'fa','',542),(1111,'fa','',543),(1112,'fa','',544),(1113,'fa','',545),(1114,'fa',' ',546),(1115,'fa','  ',547),(1116,'fa','',548),(1117,'fa','',549),(1118,'fa','',550),(1119,'fa','',551),(1120,'fa',' ',552),(1121,'fa','',553),(1122,'fa',' ',554),(1123,'fa','',555),(1124,'fa','',556),(1125,'fa','',557),(1126,'fa','',558),(1127,'fa','',559),(1128,'fa','',560),(1129,'fa','',561),(1130,'fa','',562),(1131,'fa',' ',563),(1132,'fa','',564),(1133,'fa','',565),(1134,'fa',' ',566),(1135,'fa','',567),(1136,'fa',' ',568),(1137,'pt_BR','Alabama',1),(1138,'pt_BR','Alaska',2),(1139,'pt_BR','Samoa Americana',3),(1140,'pt_BR','Arizona',4),(1141,'pt_BR','Arkansas',5),(1142,'pt_BR','Foras Armadas da frica',6),(1143,'pt_BR','Foras Armadas das Amricas',7),(1144,'pt_BR','Foras Armadas do Canad',8),(1145,'pt_BR','Foras Armadas da Europa',9),(1146,'pt_BR','Foras Armadas do Oriente Mdio',10),(1147,'pt_BR','Foras Armadas do Pacfico',11),(1148,'pt_BR','California',12),(1149,'pt_BR','Colorado',13),(1150,'pt_BR','Connecticut',14),(1151,'pt_BR','Delaware',15),(1152,'pt_BR','Distrito de Columbia',16),(1153,'pt_BR','Estados Federados da Micronsia',17),(1154,'pt_BR','Florida',18),(1155,'pt_BR','Gergia',19),(1156,'pt_BR','Guam',20),(1157,'pt_BR','Hava',21),(1158,'pt_BR','Idaho',22),(1159,'pt_BR','Illinois',23),(1160,'pt_BR','Indiana',24),(1161,'pt_BR','Iowa',25),(1162,'pt_BR','Kansas',26),(1163,'pt_BR','Kentucky',27),(1164,'pt_BR','Louisiana',28),(1165,'pt_BR','Maine',29),(1166,'pt_BR','Ilhas Marshall',30),(1167,'pt_BR','Maryland',31),(1168,'pt_BR','Massachusetts',32),(1169,'pt_BR','Michigan',33),(1170,'pt_BR','Minnesota',34),(1171,'pt_BR','Mississippi',35),(1172,'pt_BR','Missouri',36),(1173,'pt_BR','Montana',37),(1174,'pt_BR','Nebraska',38),(1175,'pt_BR','Nevada',39),(1176,'pt_BR','New Hampshire',40),(1177,'pt_BR','Nova Jersey',41),(1178,'pt_BR','Novo Mxico',42),(1179,'pt_BR','Nova York',43),(1180,'pt_BR','Carolina do Norte',44),(1181,'pt_BR','Dakota do Norte',45),(1182,'pt_BR','Ilhas Marianas do Norte',46),(1183,'pt_BR','Ohio',47),(1184,'pt_BR','Oklahoma',48),(1185,'pt_BR','Oregon',4),(1186,'pt_BR','Palau',50),(1187,'pt_BR','Pensilvnia',51),(1188,'pt_BR','Porto Rico',52),(1189,'pt_BR','Rhode Island',53),(1190,'pt_BR','Carolina do Sul',54),(1191,'pt_BR','Dakota do Sul',55),(1192,'pt_BR','Tennessee',56),(1193,'pt_BR','Texas',57),(1194,'pt_BR','Utah',58),(1195,'pt_BR','Vermont',59),(1196,'pt_BR','Ilhas Virgens',60),(1197,'pt_BR','Virginia',61),(1198,'pt_BR','Washington',62),(1199,'pt_BR','West Virginia',63),(1200,'pt_BR','Wisconsin',64),(1201,'pt_BR','Wyoming',65),(1202,'pt_BR','Alberta',66),(1203,'pt_BR','Colmbia Britnica',67),(1204,'pt_BR','Manitoba',68),(1205,'pt_BR','Terra Nova e Labrador',69),(1206,'pt_BR','New Brunswick',70),(1207,'pt_BR','Nova Esccia',7),(1208,'pt_BR','Territrios do Noroeste',72),(1209,'pt_BR','Nunavut',73),(1210,'pt_BR','Ontario',74),(1211,'pt_BR','Ilha do Prncipe Eduardo',75),(1212,'pt_BR','Quebec',76),(1213,'pt_BR','Saskatchewan',77),(1214,'pt_BR','Territrio yukon',78),(1215,'pt_BR','Niedersachsen',79),(1216,'pt_BR','Baden-Wurttemberg',80),(1217,'pt_BR','Bayern',81),(1218,'pt_BR','Berlim',82),(1219,'pt_BR','Brandenburg',83),(1220,'pt_BR','Bremen',84),(1221,'pt_BR','Hamburgo',85),(1222,'pt_BR','Hessen',86),(1223,'pt_BR','Mecklenburg-Vorpommern',87),(1224,'pt_BR','Nordrhein-Westfalen',88),(1225,'pt_BR','Rennia-Palatinado',8),(1226,'pt_BR','Sarre',90),(1227,'pt_BR','Sachsen',91),(1228,'pt_BR','Sachsen-Anhalt',92),(1229,'pt_BR','Schleswig-Holstein',93),(1230,'pt_BR','Turngia',94),(1231,'pt_BR','Viena',95),(1232,'pt_BR','Baixa ustria',96),(1233,'pt_BR','Obersterreich',97),(1234,'pt_BR','Salzburg',98),(1235,'pt_BR','Carntia',99),(1236,'pt_BR','Steiermark',100),(1237,'pt_BR','Tirol',101),(1238,'pt_BR','Burgenland',102),(1239,'pt_BR','Vorarlberg',103),(1240,'pt_BR','Aargau',104),(1241,'pt_BR','Appenzell Innerrhoden',105),(1242,'pt_BR','Appenzell Ausserrhoden',106),(1243,'pt_BR','Bern',107),(1244,'pt_BR','Basel-Landschaft',108),(1245,'pt_BR','Basel-Stadt',109),(1246,'pt_BR','Freiburg',110),(1247,'pt_BR','Genf',111),(1248,'pt_BR','Glarus',112),(1249,'pt_BR','Grisons',113),(1250,'pt_BR','Jura',114),(1251,'pt_BR','Luzern',115),(1252,'pt_BR','Neuenburg',116),(1253,'pt_BR','Nidwalden',117),(1254,'pt_BR','Obwalden',118),(1255,'pt_BR','St. Gallen',119),(1256,'pt_BR','Schaffhausen',120),(1257,'pt_BR','Solothurn',121),(1258,'pt_BR','Schwyz',122),(1259,'pt_BR','Thurgau',123),(1260,'pt_BR','Tessin',124),(1261,'pt_BR','Uri',125),(1262,'pt_BR','Waadt',126),(1263,'pt_BR','Wallis',127),(1264,'pt_BR','Zug',128),(1265,'pt_BR','Zurique',129),(1266,'pt_BR','Corunha',130),(1267,'pt_BR','lava',131),(1268,'pt_BR','Albacete',132),(1269,'pt_BR','Alicante',133),(1270,'pt_BR','Almeria',134),(1271,'pt_BR','Astrias',135),(1272,'pt_BR','Avila',136),(1273,'pt_BR','Badajoz',137),(1274,'pt_BR','Baleares',138),(1275,'pt_BR','Barcelona',139),(1276,'pt_BR','Burgos',140),(1277,'pt_BR','Caceres',141),(1278,'pt_BR','Cadiz',142),(1279,'pt_BR','Cantbria',143),(1280,'pt_BR','Castellon',144),(1281,'pt_BR','Ceuta',145),(1282,'pt_BR','Ciudad Real',146),(1283,'pt_BR','Cordoba',147),(1284,'pt_BR','Cuenca',148),(1285,'pt_BR','Girona',149),(1286,'pt_BR','Granada',150),(1287,'pt_BR','Guadalajara',151),(1288,'pt_BR','Guipuzcoa',152),(1289,'pt_BR','Huelva',153),(1290,'pt_BR','Huesca',154),(1291,'pt_BR','Jaen',155),(1292,'pt_BR','La Rioja',156),(1293,'pt_BR','Las Palmas',157),(1294,'pt_BR','Leon',158),(1295,'pt_BR','Lleida',159),(1296,'pt_BR','Lugo',160),(1297,'pt_BR','Madri',161),(1298,'pt_BR','Mlaga',162),(1299,'pt_BR','Melilla',163),(1300,'pt_BR','Murcia',164),(1301,'pt_BR','Navarra',165),(1302,'pt_BR','Ourense',166),(1303,'pt_BR','Palencia',167),(1304,'pt_BR','Pontevedra',168),(1305,'pt_BR','Salamanca',169),(1306,'pt_BR','Santa Cruz de Tenerife',170),(1307,'pt_BR','Segovia',171),(1308,'pt_BR','Sevilla',172),(1309,'pt_BR','Soria',173),(1310,'pt_BR','Tarragona',174),(1311,'pt_BR','Teruel',175),(1312,'pt_BR','Toledo',176),(1313,'pt_BR','Valencia',177),(1314,'pt_BR','Valladolid',178),(1315,'pt_BR','Vizcaya',179),(1316,'pt_BR','Zamora',180),(1317,'pt_BR','Zaragoza',181),(1318,'pt_BR','Ain',182),(1319,'pt_BR','Aisne',183),(1320,'pt_BR','Allier',184),(1321,'pt_BR','Alpes da Alta Provena',185),(1322,'pt_BR','Altos Alpes',186),(1323,'pt_BR','Alpes-Maritimes',187),(1324,'pt_BR','Ardche',188),(1325,'pt_BR','Ardennes',189),(1326,'pt_BR','Ariege',190),(1327,'pt_BR','Aube',191),(1328,'pt_BR','Aude',192),(1329,'pt_BR','Aveyron',193),(1330,'pt_BR','BOCAS DO Rhne',194),(1331,'pt_BR','Calvados',195),(1332,'pt_BR','Cantal',196),(1333,'pt_BR','Charente',197),(1334,'pt_BR','Charente-Maritime',198),(1335,'pt_BR','Cher',199),(1336,'pt_BR','Corrze',200),(1337,'pt_BR','Corse-du-Sud',201),(1338,'pt_BR','Alta Crsega',202),(1339,'pt_BR','Costa d\'OrCorrze',203),(1340,'pt_BR','Cotes d\'Armor',204),(1341,'pt_BR','Creuse',205),(1342,'pt_BR','Dordogne',206),(1343,'pt_BR','Doubs',207),(1344,'pt_BR','DrmeFinistre',208),(1345,'pt_BR','Eure',209),(1346,'pt_BR','Eure-et-Loir',210),(1347,'pt_BR','Finistre',211),(1348,'pt_BR','Gard',212),(1349,'pt_BR','Haute-Garonne',213),(1350,'pt_BR','Gers',214),(1351,'pt_BR','Gironde',215),(1352,'pt_BR','Hrault',216),(1353,'pt_BR','Ille-et-Vilaine',217),(1354,'pt_BR','Indre',218),(1355,'pt_BR','Indre-et-Loire',219),(1356,'pt_BR','Isre',220),(1357,'pt_BR','Jura',221),(1358,'pt_BR','Landes',222),(1359,'pt_BR','Loir-et-Cher',223),(1360,'pt_BR','Loire',224),(1361,'pt_BR','Haute-Loire',22),(1362,'pt_BR','Loire-Atlantique',226),(1363,'pt_BR','Loiret',227),(1364,'pt_BR','Lot',228),(1365,'pt_BR','Lot e Garona',229),(1366,'pt_BR','Lozre',230),(1367,'pt_BR','Maine-et-Loire',231),(1368,'pt_BR','Manche',232),(1369,'pt_BR','Marne',233),(1370,'pt_BR','Haute-Marne',234),(1371,'pt_BR','Mayenne',235),(1372,'pt_BR','Meurthe-et-Moselle',236),(1373,'pt_BR','Meuse',237),(1374,'pt_BR','Morbihan',238),(1375,'pt_BR','Moselle',239),(1376,'pt_BR','Nivre',240),(1377,'pt_BR','Nord',241),(1378,'pt_BR','Oise',242),(1379,'pt_BR','Orne',243),(1380,'pt_BR','Pas-de-Calais',244),(1381,'pt_BR','Puy-de-Dme',24),(1382,'pt_BR','Pirineus Atlnticos',246),(1383,'pt_BR','Hautes-Pyrnes',247),(1384,'pt_BR','Pirineus Orientais',248),(1385,'pt_BR','Bas-Rhin',249),(1386,'pt_BR','Alto Reno',250),(1387,'pt_BR','Rhne',251),(1388,'pt_BR','Haute-Sane',252),(1389,'pt_BR','Sane-et-Loire',253),(1390,'pt_BR','Sarthe',25),(1391,'pt_BR','Savoie',255),(1392,'pt_BR','Alta Sabia',256),(1393,'pt_BR','Paris',257),(1394,'pt_BR','Seine-Maritime',258),(1395,'pt_BR','Seine-et-Marne',259),(1396,'pt_BR','Yvelines',260),(1397,'pt_BR','Deux-Svres',261),(1398,'pt_BR','Somme',262),(1399,'pt_BR','Tarn',263),(1400,'pt_BR','Tarn-et-Garonne',264),(1401,'pt_BR','Var',265),(1402,'pt_BR','Vaucluse',266),(1403,'pt_BR','Compradora',267),(1404,'pt_BR','Vienne',268),(1405,'pt_BR','Haute-Vienne',269),(1406,'pt_BR','Vosges',270),(1407,'pt_BR','Yonne',271),(1408,'pt_BR','Territrio de Belfort',272),(1409,'pt_BR','Essonne',273),(1410,'pt_BR','Altos do Sena',274),(1411,'pt_BR','Seine-Saint-Denis',275),(1412,'pt_BR','Val-de-Marne',276),(1413,'pt_BR','Val-d\'Oise',277),(1414,'pt_BR','Alba',278),(1415,'pt_BR','Arad',279),(1416,'pt_BR','Arges',280),(1417,'pt_BR','Bacau',281),(1418,'pt_BR','Bihor',282),(1419,'pt_BR','Bistrita-Nasaud',283),(1420,'pt_BR','Botosani',284),(1421,'pt_BR','Braov',285),(1422,'pt_BR','Braila',286),(1423,'pt_BR','Bucareste',287),(1424,'pt_BR','Buzau',288),(1425,'pt_BR','Caras-Severin',289),(1426,'pt_BR','Clrai',290),(1427,'pt_BR','Cluj',291),(1428,'pt_BR','Constanta',292),(1429,'pt_BR','Covasna',29),(1430,'pt_BR','Dambovita',294),(1431,'pt_BR','Dolj',295),(1432,'pt_BR','Galati',296),(1433,'pt_BR','Giurgiu',297),(1434,'pt_BR','Gorj',298),(1435,'pt_BR','Harghita',299),(1436,'pt_BR','Hunedoara',300),(1437,'pt_BR','Ialomita',301),(1438,'pt_BR','Iasi',302),(1439,'pt_BR','Ilfov',303),(1440,'pt_BR','Maramures',304),(1441,'pt_BR','Maramures',305),(1442,'pt_BR','Mures',306),(1443,'pt_BR','alemo',307),(1444,'pt_BR','Olt',308),(1445,'pt_BR','Prahova',309),(1446,'pt_BR','Satu-Mare',310),(1447,'pt_BR','Salaj',311),(1448,'pt_BR','Sibiu',312),(1449,'pt_BR','Suceava',313),(1450,'pt_BR','Teleorman',314),(1451,'pt_BR','Timis',315),(1452,'pt_BR','Tulcea',316),(1453,'pt_BR','Vaslui',317),(1454,'pt_BR','dale',318),(1455,'pt_BR','Vrancea',319),(1456,'pt_BR','Lappi',320),(1457,'pt_BR','Pohjois-Pohjanmaa',321),(1458,'pt_BR','Kainuu',322),(1459,'pt_BR','Pohjois-Karjala',323),(1460,'pt_BR','Pohjois-Savo',324),(1461,'pt_BR','Sul Savo',325),(1462,'pt_BR','Ostrobothnia do sul',326),(1463,'pt_BR','Pohjanmaa',327),(1464,'pt_BR','Pirkanmaa',328),(1465,'pt_BR','Satakunta',329),(1466,'pt_BR','Keski-Pohjanmaa',330),(1467,'pt_BR','Keski-Suomi',331),(1468,'pt_BR','Varsinais-Suomi',332),(1469,'pt_BR','Carlia do Sul',333),(1470,'pt_BR','Pijt-Hme',334),(1471,'pt_BR','Kanta-Hme',335),(1472,'pt_BR','Uusimaa',336),(1473,'pt_BR','Uusimaa',337),(1474,'pt_BR','Kymenlaakso',338),(1475,'pt_BR','Ahvenanmaa',339),(1476,'pt_BR','Harjumaa',340),(1477,'pt_BR','Hiiumaa',341),(1478,'pt_BR','Ida-Virumaa',342),(1479,'pt_BR','Condado de Jgeva',343),(1480,'pt_BR','Condado de Jrva',344),(1481,'pt_BR','Lnemaa',345),(1482,'pt_BR','Condado de Lne-Viru',346),(1483,'pt_BR','Condado de Plva',347),(1484,'pt_BR','Condado de Prnu',348),(1485,'pt_BR','Raplamaa',349),(1486,'pt_BR','Saaremaa',350),(1487,'pt_BR','Tartumaa',351),(1488,'pt_BR','Valgamaa',352),(1489,'pt_BR','Viljandimaa',353),(1490,'pt_BR','Vrumaa',354),(1491,'pt_BR','Daugavpils',355),(1492,'pt_BR','Jelgava',356),(1493,'pt_BR','Jekabpils',357),(1494,'pt_BR','Jurmala',358),(1495,'pt_BR','Liepaja',359),(1496,'pt_BR','Liepaja County',360),(1497,'pt_BR','Rezekne',361),(1498,'pt_BR','Riga',362),(1499,'pt_BR','Condado de Riga',363),(1500,'pt_BR','Valmiera',364),(1501,'pt_BR','Ventspils',365),(1502,'pt_BR','Aglonas novads',366),(1503,'pt_BR','Aizkraukles novads',367),(1504,'pt_BR','Aizputes novads',368),(1505,'pt_BR','Condado de Akniste',369),(1506,'pt_BR','Alojas novads',370),(1507,'pt_BR','Alsungas novads',371),(1508,'pt_BR','Aluksne County',372),(1509,'pt_BR','Amatas novads',373),(1510,'pt_BR','Macacos novads',374),(1511,'pt_BR','Auces novads',375),(1512,'pt_BR','Babtes novads',376),(1513,'pt_BR','Baldones novads',377),(1514,'pt_BR','Baltinavas novads',378),(1515,'pt_BR','Balvu novads',379),(1516,'pt_BR','Bauskas novads',380),(1517,'pt_BR','Condado de Beverina',381),(1518,'pt_BR','Condado de Broceni',382),(1519,'pt_BR','Burtnieku novads',383),(1520,'pt_BR','Carnikavas novads',384),(1521,'pt_BR','Cesvaines novads',385),(1522,'pt_BR','Ciblas novads',386),(1523,'pt_BR','Cesis county',387),(1524,'pt_BR','Dagdas novads',388),(1525,'pt_BR','Daugavpils novads',389),(1526,'pt_BR','Dobeles novads',390),(1527,'pt_BR','Dundagas novads',391),(1528,'pt_BR','Durbes novads',392),(1529,'pt_BR','Engad novads',393),(1530,'pt_BR','Garkalnes novads',394),(1531,'pt_BR','O condado de Grobia',395),(1532,'pt_BR','Gulbenes novads',396),(1533,'pt_BR','Iecavas novads',397),(1534,'pt_BR','Ikskile county',398),(1535,'pt_BR','Ilkste county',399),(1536,'pt_BR','Condado de Inukalns',400),(1537,'pt_BR','Jaunjelgavas novads',401),(1538,'pt_BR','Jaunpiebalgas novads',402),(1539,'pt_BR','Jaunpils novads',403),(1540,'pt_BR','Jelgavas novads',404),(1541,'pt_BR','Jekabpils county',405),(1542,'pt_BR','Kandavas novads',406),(1543,'pt_BR','Kokneses novads',407),(1544,'pt_BR','Krimuldas novads',408),(1545,'pt_BR','Krustpils novads',409),(1546,'pt_BR','Condado de Kraslava',410),(1547,'pt_BR','Condado de Kuldga',411),(1548,'pt_BR','Condado de Krsava',412),(1549,'pt_BR','Condado de Lielvarde',413),(1550,'pt_BR','Condado de Limbai',414),(1551,'pt_BR','O distrito de Lubna',415),(1552,'pt_BR','Ludzas novads',416),(1553,'pt_BR','Ligatne county',417),(1554,'pt_BR','Livani county',418),(1555,'pt_BR','Madonas novads',419),(1556,'pt_BR','Mazsalacas novads',420),(1557,'pt_BR','Mlpils county',421),(1558,'pt_BR','Mrupe county',422),(1559,'pt_BR','O condado de Naukni',423),(1560,'pt_BR','Neretas novads',424),(1561,'pt_BR','Nca county',425),(1562,'pt_BR','Ogres novads',426),(1563,'pt_BR','Olaines novads',427),(1564,'pt_BR','Ozolnieku novads',428),(1565,'pt_BR','Preii county',429),(1566,'pt_BR','Priekules novads',430),(1567,'pt_BR','Condado de Priekui',431),(1568,'pt_BR','Moving county',432),(1569,'pt_BR','Condado de Pavilosta',433),(1570,'pt_BR','Condado de Plavinas',434),(1571,'pt_BR','Raunas novads',435),(1572,'pt_BR','Condado de Riebii',436),(1573,'pt_BR','Rojas novads',437),(1574,'pt_BR','Ropazi county',438),(1575,'pt_BR','Rucavas novads',439),(1576,'pt_BR','Rugji county',440),(1577,'pt_BR','Rundle county',441),(1578,'pt_BR','Rezekne county',442),(1579,'pt_BR','Rjiena county',443),(1580,'pt_BR','O municpio de Salacgriva',444),(1581,'pt_BR','Salas novads',445),(1582,'pt_BR','Salaspils novads',446),(1583,'pt_BR','Saldus novads',447),(1584,'pt_BR','Saulkrastu novads',448),(1585,'pt_BR','Siguldas novads',449),(1586,'pt_BR','Skrundas novads',450),(1587,'pt_BR','Skrveri county',451),(1588,'pt_BR','Smiltenes novads',452),(1589,'pt_BR','Condado de Stopini',453),(1590,'pt_BR','Condado de Streni',454),(1591,'pt_BR','Regio de semeadura',455),(1592,'pt_BR','Talsu novads',456),(1593,'pt_BR','Tukuma novads',457),(1594,'pt_BR','Condado de Trvete',458),(1595,'pt_BR','O condado de Vaiode',459),(1596,'pt_BR','Valkas novads',460),(1597,'pt_BR','Valmieras novads',461),(1598,'pt_BR','Varaklani county',462),(1599,'pt_BR','Vecpiebalgas novads',463),(1600,'pt_BR','Vecumnieku novads',464),(1601,'pt_BR','Ventspils novads',465),(1602,'pt_BR','Condado de Viesite',466),(1603,'pt_BR','Condado de Vilaka',467),(1604,'pt_BR','Vilani county',468),(1605,'pt_BR','Condado de Varkava',469),(1606,'pt_BR','Zilupes novads',470),(1607,'pt_BR','Adazi county',471),(1608,'pt_BR','Erglu county',472),(1609,'pt_BR','Kegums county',473),(1610,'pt_BR','Kekava county',474),(1611,'pt_BR','Alytaus Apskritis',475),(1612,'pt_BR','Kauno Apskritis',476),(1613,'pt_BR','Condado de Klaipeda',477),(1614,'pt_BR','Marijampol county',478),(1615,'pt_BR','Panevezys county',479),(1616,'pt_BR','Siauliai county',480),(1617,'pt_BR','Taurage county',481),(1618,'pt_BR','Teliai county',482),(1619,'pt_BR','Utenos Apskritis',483),(1620,'pt_BR','Vilniaus Apskritis',484),(1621,'pt_BR','Acre',485),(1622,'pt_BR','Alagoas',486),(1623,'pt_BR','Amap',487),(1624,'pt_BR','Amazonas',488),(1625,'pt_BR','Bahia',489),(1626,'pt_BR','Cear',490),(1627,'pt_BR','Esprito Santo',491),(1628,'pt_BR','Gois',492),(1629,'pt_BR','Maranho',493),(1630,'pt_BR','Mato Grosso',494),(1631,'pt_BR','Mato Grosso do Sul',495),(1632,'pt_BR','Minas Gerais',496),(1633,'pt_BR','Par',497),(1634,'pt_BR','Paraba',498),(1635,'pt_BR','Paran',499),(1636,'pt_BR','Pernambuco',500),(1637,'pt_BR','Piau',501),(1638,'pt_BR','Rio de Janeiro',502),(1639,'pt_BR','Rio Grande do Norte',503),(1640,'pt_BR','Rio Grande do Sul',504),(1641,'pt_BR','Rondnia',505),(1642,'pt_BR','Roraima',506),(1643,'pt_BR','Santa Catarina',507),(1644,'pt_BR','So Paulo',508),(1645,'pt_BR','Sergipe',509),(1646,'pt_BR','Tocantins',510),(1647,'pt_BR','Distrito Federal',511),(1648,'pt_BR','Condado de Zagreb',512),(1649,'pt_BR','Condado de Krapina-Zagorje',513),(1650,'pt_BR','Condado de Sisak-Moslavina',514),(1651,'pt_BR','Condado de Karlovac',515),(1652,'pt_BR','Concelho de Varadin',516),(1653,'pt_BR','Condado de Koprivnica-Krievci',517),(1654,'pt_BR','Condado de Bjelovar-Bilogora',518),(1655,'pt_BR','Condado de Primorje-Gorski kotar',519),(1656,'pt_BR','Condado de Lika-Senj',520),(1657,'pt_BR','Condado de Virovitica-Podravina',521),(1658,'pt_BR','Condado de Poega-Slavonia',522),(1659,'pt_BR','Condado de Brod-Posavina',523),(1660,'pt_BR','Condado de Zadar',524),(1661,'pt_BR','Condado de Osijek-Baranja',525),(1662,'pt_BR','Condado de ibenik-Knin',526),(1663,'pt_BR','Condado de Vukovar-Srijem',527),(1664,'pt_BR','Condado de Split-Dalmcia',528),(1665,'pt_BR','Condado de stria',529),(1666,'pt_BR','Condado de Dubrovnik-Neretva',530),(1667,'pt_BR','Meimurska upanija',531),(1668,'pt_BR','Grad Zagreb',532),(1669,'pt_BR','Ilhas Andaman e Nicobar',533),(1670,'pt_BR','Andhra Pradesh',534),(1671,'pt_BR','Arunachal Pradesh',535),(1672,'pt_BR','Assam',536),(1673,'pt_BR','Bihar',537),(1674,'pt_BR','Chandigarh',538),(1675,'pt_BR','Chhattisgarh',539),(1676,'pt_BR','Dadra e Nagar Haveli',540),(1677,'pt_BR','Daman e Diu',541),(1678,'pt_BR','Delhi',542),(1679,'pt_BR','Goa',543),(1680,'pt_BR','Gujarat',544),(1681,'pt_BR','Haryana',545),(1682,'pt_BR','Himachal Pradesh',546),(1683,'pt_BR','Jammu e Caxemira',547),(1684,'pt_BR','Jharkhand',548),(1685,'pt_BR','Karnataka',549),(1686,'pt_BR','Kerala',550),(1687,'pt_BR','Lakshadweep',551),(1688,'pt_BR','Madhya Pradesh',552),(1689,'pt_BR','Maharashtra',553),(1690,'pt_BR','Manipur',554),(1691,'pt_BR','Meghalaya',555),(1692,'pt_BR','Mizoram',556),(1693,'pt_BR','Nagaland',557),(1694,'pt_BR','Odisha',558),(1695,'pt_BR','Puducherry',559),(1696,'pt_BR','Punjab',560),(1697,'pt_BR','Rajasthan',561),(1698,'pt_BR','Sikkim',562),(1699,'pt_BR','Tamil Nadu',563),(1700,'pt_BR','Telangana',564),(1701,'pt_BR','Tripura',565),(1702,'pt_BR','Uttar Pradesh',566),(1703,'pt_BR','Uttarakhand',567),(1704,'pt_BR','Bengala Ocidental',568);
/*!40000 ALTER TABLE `country_state_translations` ENABLE KEYS */;
UNLOCK TABLES;

--
-- Table structure for table `country_states`
--

DROP TABLE IF EXISTS `country_states`;
/*!40101 SET @saved_cs_client     = @@character_set_client */;
/*!50503 SET character_set_client = utf8mb4 */;
CREATE TABLE `country_states` (
  `id` int unsigned NOT NULL AUTO_INCREMENT,
  `country_code` varchar(191) CHARACTER SET utf8mb4 COLLATE utf8mb4_unicode_ci DEFAULT NULL,
  `code` varchar(191) CHARACTER SET utf8mb4 COLLATE utf8mb4_unicode_ci DEFAULT NULL,
  `default_name` varchar(191) CHARACTER SET utf8mb4 COLLATE utf8mb4_unicode_ci DEFAULT NULL,
  `country_id` int unsigned DEFAULT NULL,
  PRIMARY KEY (`id`),
  KEY `country_states_country_id_foreign` (`country_id`),
  CONSTRAINT `country_states_country_id_foreign` FOREIGN KEY (`country_id`) REFERENCES `countries` (`id`) ON DELETE CASCADE
) ENGINE=InnoDB AUTO_INCREMENT=569 DEFAULT CHARSET=utf8mb4 COLLATE=utf8mb4_unicode_ci ROW_FORMAT=DYNAMIC;
/*!40101 SET character_set_client = @saved_cs_client */;

--
-- Dumping data for table `country_states`
--

LOCK TABLES `country_states` WRITE;
/*!40000 ALTER TABLE `country_states` DISABLE KEYS */;
INSERT INTO `country_states` VALUES (1,'US','AL','Alabama',244),(2,'US','AK','Alaska',244),(3,'US','AS','American Samoa',244),(4,'US','AZ','Arizona',244),(5,'US','AR','Arkansas',244),(6,'US','AE','Armed Forces Africa',244),(7,'US','AA','Armed Forces Americas',244),(8,'US','AE','Armed Forces Canada',244),(9,'US','AE','Armed Forces Europe',244),(10,'US','AE','Armed Forces Middle East',244),(11,'US','AP','Armed Forces Pacific',244),(12,'US','CA','California',244),(13,'US','CO','Colorado',244),(14,'US','CT','Connecticut',244),(15,'US','DE','Delaware',244),(16,'US','DC','District of Columbia',244),(17,'US','FM','Federated States Of Micronesia',244),(18,'US','FL','Florida',244),(19,'US','GA','Georgia',244),(20,'US','GU','Guam',244),(21,'US','HI','Hawaii',244),(22,'US','ID','Idaho',244),(23,'US','IL','Illinois',244),(24,'US','IN','Indiana',244),(25,'US','IA','Iowa',244),(26,'US','KS','Kansas',244),(27,'US','KY','Kentucky',244),(28,'US','LA','Louisiana',244),(29,'US','ME','Maine',244),(30,'US','MH','Marshall Islands',244),(31,'US','MD','Maryland',244),(32,'US','MA','Massachusetts',244),(33,'US','MI','Michigan',244),(34,'US','MN','Minnesota',244),(35,'US','MS','Mississippi',244),(36,'US','MO','Missouri',244),(37,'US','MT','Montana',244),(38,'US','NE','Nebraska',244),(39,'US','NV','Nevada',244),(40,'US','NH','New Hampshire',244),(41,'US','NJ','New Jersey',244),(42,'US','NM','New Mexico',244),(43,'US','NY','New York',244),(44,'US','NC','North Carolina',244),(45,'US','ND','North Dakota',244),(46,'US','MP','Northern Mariana Islands',244),(47,'US','OH','Ohio',244),(48,'US','OK','Oklahoma',244),(49,'US','OR','Oregon',244),(50,'US','PW','Palau',244),(51,'US','PA','Pennsylvania',244),(52,'US','PR','Puerto Rico',244),(53,'US','RI','Rhode Island',244),(54,'US','SC','South Carolina',244),(55,'US','SD','South Dakota',244),(56,'US','TN','Tennessee',244),(57,'US','TX','Texas',244),(58,'US','UT','Utah',244),(59,'US','VT','Vermont',244),(60,'US','VI','Virgin Islands',244),(61,'US','VA','Virginia',244),(62,'US','WA','Washington',244),(63,'US','WV','West Virginia',244),(64,'US','WI','Wisconsin',244),(65,'US','WY','Wyoming',244),(66,'CA','AB','Alberta',40),(67,'CA','BC','British Columbia',40),(68,'CA','MB','Manitoba',40),(69,'CA','NL','Newfoundland and Labrador',40),(70,'CA','NB','New Brunswick',40),(71,'CA','NS','Nova Scotia',40),(72,'CA','NT','Northwest Territories',40),(73,'CA','NU','Nunavut',40),(74,'CA','ON','Ontario',40),(75,'CA','PE','Prince Edward Island',40),(76,'CA','QC','Quebec',40),(77,'CA','SK','Saskatchewan',40),(78,'CA','YT','Yukon Territory',40),(79,'DE','NDS','Niedersachsen',88),(80,'DE','BAW','Baden-Wrttemberg',88),(81,'DE','BAY','Bayern',88),(82,'DE','BER','Berlin',88),(83,'DE','BRG','Brandenburg',88),(84,'DE','BRE','Bremen',88),(85,'DE','HAM','Hamburg',88),(86,'DE','HES','Hessen',88),(87,'DE','MEC','Mecklenburg-Vorpommern',88),(88,'DE','NRW','Nordrhein-Westfalen',88),(89,'DE','RHE','Rheinland-Pfalz',88),(90,'DE','SAR','Saarland',88),(91,'DE','SAS','Sachsen',88),(92,'DE','SAC','Sachsen-Anhalt',88),(93,'DE','SCN','Schleswig-Holstein',88),(94,'DE','THE','Thringen',88),(95,'AT','WI','Wien',16),(96,'AT','NO','Niedersterreich',16),(97,'AT','OO','Obersterreich',16),(98,'AT','SB','Salzburg',16),(99,'AT','KN','Krnten',16),(100,'AT','ST','Steiermark',16),(101,'AT','TI','Tirol',16),(102,'AT','BL','Burgenland',16),(103,'AT','VB','Vorarlberg',16),(104,'CH','AG','Aargau',220),(105,'CH','AI','Appenzell Innerrhoden',220),(106,'CH','AR','Appenzell Ausserrhoden',220),(107,'CH','BE','Bern',220),(108,'CH','BL','Basel-Landschaft',220),(109,'CH','BS','Basel-Stadt',220),(110,'CH','FR','Freiburg',220),(111,'CH','GE','Genf',220),(112,'CH','GL','Glarus',220),(113,'CH','GR','Graubnden',220),(114,'CH','JU','Jura',220),(115,'CH','LU','Luzern',220),(116,'CH','NE','Neuenburg',220),(117,'CH','NW','Nidwalden',220),(118,'CH','OW','Obwalden',220),(119,'CH','SG','St. Gallen',220),(120,'CH','SH','Schaffhausen',220),(121,'CH','SO','Solothurn',220),(122,'CH','SZ','Schwyz',220),(123,'CH','TG','Thurgau',220),(124,'CH','TI','Tessin',220),(125,'CH','UR','Uri',220),(126,'CH','VD','Waadt',220),(127,'CH','VS','Wallis',220),(128,'CH','ZG','Zug',220),(129,'CH','ZH','Zrich',220),(130,'ES','A Corua','A Corua',206),(131,'ES','Alava','Alava',206),(132,'ES','Albacete','Albacete',206),(133,'ES','Alicante','Alicante',206),(134,'ES','Almeria','Almeria',206),(135,'ES','Asturias','Asturias',206),(136,'ES','Avila','Avila',206),(137,'ES','Badajoz','Badajoz',206),(138,'ES','Baleares','Baleares',206),(139,'ES','Barcelona','Barcelona',206),(140,'ES','Burgos','Burgos',206),(141,'ES','Caceres','Caceres',206),(142,'ES','Cadiz','Cadiz',206),(143,'ES','Cantabria','Cantabria',206),(144,'ES','Castellon','Castellon',206),(145,'ES','Ceuta','Ceuta',206),(146,'ES','Ciudad Real','Ciudad Real',206),(147,'ES','Cordoba','Cordoba',206),(148,'ES','Cuenca','Cuenca',206),(149,'ES','Girona','Girona',206),(150,'ES','Granada','Granada',206),(151,'ES','Guadalajara','Guadalajara',206),(152,'ES','Guipuzcoa','Guipuzcoa',206),(153,'ES','Huelva','Huelva',206),(154,'ES','Huesca','Huesca',206),(155,'ES','Jaen','Jaen',206),(156,'ES','La Rioja','La Rioja',206),(157,'ES','Las Palmas','Las Palmas',206),(158,'ES','Leon','Leon',206),(159,'ES','Lleida','Lleida',206),(160,'ES','Lugo','Lugo',206),(161,'ES','Madrid','Madrid',206),(162,'ES','Malaga','Malaga',206),(163,'ES','Melilla','Melilla',206),(164,'ES','Murcia','Murcia',206),(165,'ES','Navarra','Navarra',206),(166,'ES','Ourense','Ourense',206),(167,'ES','Palencia','Palencia',206),(168,'ES','Pontevedra','Pontevedra',206),(169,'ES','Salamanca','Salamanca',206),(170,'ES','Santa Cruz de Tenerife','Santa Cruz de Tenerife',206),(171,'ES','Segovia','Segovia',206),(172,'ES','Sevilla','Sevilla',206),(173,'ES','Soria','Soria',206),(174,'ES','Tarragona','Tarragona',206),(175,'ES','Teruel','Teruel',206),(176,'ES','Toledo','Toledo',206),(177,'ES','Valencia','Valencia',206),(178,'ES','Valladolid','Valladolid',206),(179,'ES','Vizcaya','Vizcaya',206),(180,'ES','Zamora','Zamora',206),(181,'ES','Zaragoza','Zaragoza',206),(182,'FR','1','Ain',81),(183,'FR','2','Aisne',81),(184,'FR','3','Allier',81),(185,'FR','4','Alpes-de-Haute-Provence',81),(186,'FR','5','Hautes-Alpes',81),(187,'FR','6','Alpes-Maritimes',81),(188,'FR','7','Ardche',81),(189,'FR','8','Ardennes',81),(190,'FR','9','Arige',81),(191,'FR','10','Aube',81),(192,'FR','11','Aude',81),(193,'FR','12','Aveyron',81),(194,'FR','13','Bouches-du-Rhne',81),(195,'FR','14','Calvados',81),(196,'FR','15','Cantal',81),(197,'FR','16','Charente',81),(198,'FR','17','Charente-Maritime',81),(199,'FR','18','Cher',81),(200,'FR','19','Corrze',81),(201,'FR','2A','Corse-du-Sud',81),(202,'FR','2B','Haute-Corse',81),(203,'FR','21','Cte-d\'Or',81),(204,'FR','22','Ctes-d\'Armor',81),(205,'FR','23','Creuse',81),(206,'FR','24','Dordogne',81),(207,'FR','25','Doubs',81),(208,'FR','26','Drme',81),(209,'FR','27','Eure',81),(210,'FR','28','Eure-et-Loir',81),(211,'FR','29','Finistre',81),(212,'FR','30','Gard',81),(213,'FR','31','Haute-Garonne',81),(214,'FR','32','Gers',81),(215,'FR','33','Gironde',81),(216,'FR','34','Hrault',81),(217,'FR','35','Ille-et-Vilaine',81),(218,'FR','36','Indre',81),(219,'FR','37','Indre-et-Loire',81),(220,'FR','38','Isre',81),(221,'FR','39','Jura',81),(222,'FR','40','Landes',81),(223,'FR','41','Loir-et-Cher',81),(224,'FR','42','Loire',81),(225,'FR','43','Haute-Loire',81),(226,'FR','44','Loire-Atlantique',81),(227,'FR','45','Loiret',81),(228,'FR','46','Lot',81),(229,'FR','47','Lot-et-Garonne',81),(230,'FR','48','Lozre',81),(231,'FR','49','Maine-et-Loire',81),(232,'FR','50','Manche',81),(233,'FR','51','Marne',81),(234,'FR','52','Haute-Marne',81),(235,'FR','53','Mayenne',81),(236,'FR','54','Meurthe-et-Moselle',81),(237,'FR','55','Meuse',81),(238,'FR','56','Morbihan',81),(239,'FR','57','Moselle',81),(240,'FR','58','Nivre',81),(241,'FR','59','Nord',81),(242,'FR','60','Oise',81),(243,'FR','61','Orne',81),(244,'FR','62','Pas-de-Calais',81),(245,'FR','63','Puy-de-Dme',81),(246,'FR','64','Pyrnes-Atlantiques',81),(247,'FR','65','Hautes-Pyrnes',81),(248,'FR','66','Pyrnes-Orientales',81),(249,'FR','67','Bas-Rhin',81),(250,'FR','68','Haut-Rhin',81),(251,'FR','69','Rhne',81),(252,'FR','70','Haute-Sane',81),(253,'FR','71','Sane-et-Loire',81),(254,'FR','72','Sarthe',81),(255,'FR','73','Savoie',81),(256,'FR','74','Haute-Savoie',81),(257,'FR','75','Paris',81),(258,'FR','76','Seine-Maritime',81),(259,'FR','77','Seine-et-Marne',81),(260,'FR','78','Yvelines',81),(261,'FR','79','Deux-Svres',81),(262,'FR','80','Somme',81),(263,'FR','81','Tarn',81),(264,'FR','82','Tarn-et-Garonne',81),(265,'FR','83','Var',81),(266,'FR','84','Vaucluse',81),(267,'FR','85','Vende',81),(268,'FR','86','Vienne',81),(269,'FR','87','Haute-Vienne',81),(270,'FR','88','Vosges',81),(271,'FR','89','Yonne',81),(272,'FR','90','Territoire-de-Belfort',81),(273,'FR','91','Essonne',81),(274,'FR','92','Hauts-de-Seine',81),(275,'FR','93','Seine-Saint-Denis',81),(276,'FR','94','Val-de-Marne',81),(277,'FR','95','Val-d\'Oise',81),(278,'RO','AB','Alba',185),(279,'RO','AR','Arad',185),(280,'RO','AG','Arge',185),(281,'RO','BC','Bacu',185),(282,'RO','BH','Bihor',185),(283,'RO','BN','Bistria-Nsud',185),(284,'RO','BT','Botoani',185),(285,'RO','BV','Braov',185),(286,'RO','BR','Brila',185),(287,'RO','B','Bucureti',185),(288,'RO','BZ','Buzu',185),(289,'RO','CS','Cara-Severin',185),(290,'RO','CL','Clrai',185),(291,'RO','CJ','Cluj',185),(292,'RO','CT','Constana',185),(293,'RO','CV','Covasna',185),(294,'RO','DB','Dmbovia',185),(295,'RO','DJ','Dolj',185),(296,'RO','GL','Galai',185),(297,'RO','GR','Giurgiu',185),(298,'RO','GJ','Gorj',185),(299,'RO','HR','Harghita',185),(300,'RO','HD','Hunedoara',185),(301,'RO','IL','Ialomia',185),(302,'RO','IS','Iai',185),(303,'RO','IF','Ilfov',185),(304,'RO','MM','Maramure',185),(305,'RO','MH','Mehedini',185),(306,'RO','MS','Mure',185),(307,'RO','NT','Neam',185),(308,'RO','OT','Olt',185),(309,'RO','PH','Prahova',185),(310,'RO','SM','Satu-Mare',185),(311,'RO','SJ','Slaj',185),(312,'RO','SB','Sibiu',185),(313,'RO','SV','Suceava',185),(314,'RO','TR','Teleorman',185),(315,'RO','TM','Timi',185),(316,'RO','TL','Tulcea',185),(317,'RO','VS','Vaslui',185),(318,'RO','VL','Vlcea',185),(319,'RO','VN','Vrancea',185),(320,'FI','Lappi','Lappi',80),(321,'FI','Pohjois-Pohjanmaa','Pohjois-Pohjanmaa',80),(322,'FI','Kainuu','Kainuu',80),(323,'FI','Pohjois-Karjala','Pohjois-Karjala',80),(324,'FI','Pohjois-Savo','Pohjois-Savo',80),(325,'FI','Etel-Savo','Etel-Savo',80),(326,'FI','Etel-Pohjanmaa','Etel-Pohjanmaa',80),(327,'FI','Pohjanmaa','Pohjanmaa',80),(328,'FI','Pirkanmaa','Pirkanmaa',80),(329,'FI','Satakunta','Satakunta',80),(330,'FI','Keski-Pohjanmaa','Keski-Pohjanmaa',80),(331,'FI','Keski-Suomi','Keski-Suomi',80),(332,'FI','Varsinais-Suomi','Varsinais-Suomi',80),(333,'FI','Etel-Karjala','Etel-Karjala',80),(334,'FI','Pijt-Hme','Pijt-Hme',80),(335,'FI','Kanta-Hme','Kanta-Hme',80),(336,'FI','Uusimaa','Uusimaa',80),(337,'FI','It-Uusimaa','It-Uusimaa',80),(338,'FI','Kymenlaakso','Kymenlaakso',80),(339,'FI','Ahvenanmaa','Ahvenanmaa',80),(340,'EE','EE-37','Harjumaa',74),(341,'EE','EE-39','Hiiumaa',74),(342,'EE','EE-44','Ida-Virumaa',74),(343,'EE','EE-49','Jgevamaa',74),(344,'EE','EE-51','Jrvamaa',74),(345,'EE','EE-57','Lnemaa',74),(346,'EE','EE-59','Lne-Virumaa',74),(347,'EE','EE-65','Plvamaa',74),(348,'EE','EE-67','Prnumaa',74),(349,'EE','EE-70','Raplamaa',74),(350,'EE','EE-74','Saaremaa',74),(351,'EE','EE-78','Tartumaa',74),(352,'EE','EE-82','Valgamaa',74),(353,'EE','EE-84','Viljandimaa',74),(354,'EE','EE-86','Vrumaa',74),(355,'LV','LV-DGV','Daugavpils',125),(356,'LV','LV-JEL','Jelgava',125),(357,'LV','Jkabpils','Jkabpils',125),(358,'LV','LV-JUR','Jrmala',125),(359,'LV','LV-LPX','Liepja',125),(360,'LV','LV-LE','Liepjas novads',125),(361,'LV','LV-REZ','Rzekne',125),(362,'LV','LV-RIX','Rga',125),(363,'LV','LV-RI','Rgas novads',125),(364,'LV','Valmiera','Valmiera',125),(365,'LV','LV-VEN','Ventspils',125),(366,'LV','Aglonas novads','Aglonas novads',125),(367,'LV','LV-AI','Aizkraukles novads',125),(368,'LV','Aizputes novads','Aizputes novads',125),(369,'LV','Aknstes novads','Aknstes novads',125),(370,'LV','Alojas novads','Alojas novads',125),(371,'LV','Alsungas novads','Alsungas novads',125),(372,'LV','LV-AL','Alksnes novads',125),(373,'LV','Amatas novads','Amatas novads',125),(374,'LV','Apes novads','Apes novads',125),(375,'LV','Auces novads','Auces novads',125),(376,'LV','Babtes novads','Babtes novads',125),(377,'LV','Baldones novads','Baldones novads',125),(378,'LV','Baltinavas novads','Baltinavas novads',125),(379,'LV','LV-BL','Balvu novads',125),(380,'LV','LV-BU','Bauskas novads',125),(381,'LV','Bevernas novads','Bevernas novads',125),(382,'LV','Brocnu novads','Brocnu novads',125),(383,'LV','Burtnieku novads','Burtnieku novads',125),(384,'LV','Carnikavas novads','Carnikavas novads',125),(385,'LV','Cesvaines novads','Cesvaines novads',125),(386,'LV','Ciblas novads','Ciblas novads',125),(387,'LV','LV-CE','Csu novads',125),(388,'LV','Dagdas novads','Dagdas novads',125),(389,'LV','LV-DA','Daugavpils novads',125),(390,'LV','LV-DO','Dobeles novads',125),(391,'LV','Dundagas novads','Dundagas novads',125),(392,'LV','Durbes novads','Durbes novads',125),(393,'LV','Engures novads','Engures novads',125),(394,'LV','Garkalnes novads','Garkalnes novads',125),(395,'LV','Grobias novads','Grobias novads',125),(396,'LV','LV-GU','Gulbenes novads',125),(397,'LV','Iecavas novads','Iecavas novads',125),(398,'LV','Ikiles novads','Ikiles novads',125),(399,'LV','Ilkstes novads','Ilkstes novads',125),(400,'LV','Inukalna novads','Inukalna novads',125),(401,'LV','Jaunjelgavas novads','Jaunjelgavas novads',125),(402,'LV','Jaunpiebalgas novads','Jaunpiebalgas novads',125),(403,'LV','Jaunpils novads','Jaunpils novads',125),(404,'LV','LV-JL','Jelgavas novads',125),(405,'LV','LV-JK','Jkabpils novads',125),(406,'LV','Kandavas novads','Kandavas novads',125),(407,'LV','Kokneses novads','Kokneses novads',125),(408,'LV','Krimuldas novads','Krimuldas novads',125),(409,'LV','Krustpils novads','Krustpils novads',125),(410,'LV','LV-KR','Krslavas novads',125),(411,'LV','LV-KU','Kuldgas novads',125),(412,'LV','Krsavas novads','Krsavas novads',125),(413,'LV','Lielvrdes novads','Lielvrdes novads',125),(414,'LV','LV-LM','Limbau novads',125),(415,'LV','Lubnas novads','Lubnas novads',125),(416,'LV','LV-LU','Ludzas novads',125),(417,'LV','Lgatnes novads','Lgatnes novads',125),(418,'LV','Lvnu novads','Lvnu novads',125),(419,'LV','LV-MA','Madonas novads',125),(420,'LV','Mazsalacas novads','Mazsalacas novads',125),(421,'LV','Mlpils novads','Mlpils novads',125),(422,'LV','Mrupes novads','Mrupes novads',125),(423,'LV','Nauknu novads','Nauknu novads',125),(424,'LV','Neretas novads','Neretas novads',125),(425,'LV','Ncas novads','Ncas novads',125),(426,'LV','LV-OG','Ogres novads',125),(427,'LV','Olaines novads','Olaines novads',125),(428,'LV','Ozolnieku novads','Ozolnieku novads',125),(429,'LV','LV-PR','Preiu novads',125),(430,'LV','Priekules novads','Priekules novads',125),(431,'LV','Priekuu novads','Priekuu novads',125),(432,'LV','Prgaujas novads','Prgaujas novads',125),(433,'LV','Pvilostas novads','Pvilostas novads',125),(434,'LV','Paviu novads','Paviu novads',125),(435,'LV','Raunas novads','Raunas novads',125),(436,'LV','Riebiu novads','Riebiu novads',125),(437,'LV','Rojas novads','Rojas novads',125),(438,'LV','Ropau novads','Ropau novads',125),(439,'LV','Rucavas novads','Rucavas novads',125),(440,'LV','Rugju novads','Rugju novads',125),(441,'LV','Rundles novads','Rundles novads',125),(442,'LV','LV-RE','Rzeknes novads',125),(443,'LV','Rjienas novads','Rjienas novads',125),(444,'LV','Salacgrvas novads','Salacgrvas novads',125),(445,'LV','Salas novads','Salas novads',125),(446,'LV','Salaspils novads','Salaspils novads',125),(447,'LV','LV-SA','Saldus novads',125),(448,'LV','Saulkrastu novads','Saulkrastu novads',125),(449,'LV','Siguldas novads','Siguldas novads',125),(450,'LV','Skrundas novads','Skrundas novads',125),(451,'LV','Skrveru novads','Skrveru novads',125),(452,'LV','Smiltenes novads','Smiltenes novads',125),(453,'LV','Stopiu novads','Stopiu novads',125),(454,'LV','Strenu novads','Strenu novads',125),(455,'LV','Sjas novads','Sjas novads',125),(456,'LV','LV-TA','Talsu novads',125),(457,'LV','LV-TU','Tukuma novads',125),(458,'LV','Trvetes novads','Trvetes novads',125),(459,'LV','Vaiodes novads','Vaiodes novads',125),(460,'LV','LV-VK','Valkas novads',125),(461,'LV','LV-VM','Valmieras novads',125),(462,'LV','Varaknu novads','Varaknu novads',125),(463,'LV','Vecpiebalgas novads','Vecpiebalgas novads',125),(464,'LV','Vecumnieku novads','Vecumnieku novads',125),(465,'LV','LV-VE','Ventspils novads',125),(466,'LV','Viestes novads','Viestes novads',125),(467,'LV','Viakas novads','Viakas novads',125),(468,'LV','Vinu novads','Vinu novads',125),(469,'LV','Vrkavas novads','Vrkavas novads',125),(470,'LV','Zilupes novads','Zilupes novads',125),(471,'LV','dau novads','dau novads',125),(472,'LV','rgu novads','rgu novads',125),(473,'LV','eguma novads','eguma novads',125),(474,'LV','ekavas novads','ekavas novads',125),(475,'LT','LT-AL','Alytaus Apskritis',131),(476,'LT','LT-KU','Kauno Apskritis',131),(477,'LT','LT-KL','Klaipdos Apskritis',131),(478,'LT','LT-MR','Marijampols Apskritis',131),(479,'LT','LT-PN','Panevio Apskritis',131),(480,'LT','LT-SA','iauli Apskritis',131),(481,'LT','LT-TA','Taurags Apskritis',131),(482,'LT','LT-TE','Teli Apskritis',131),(483,'LT','LT-UT','Utenos Apskritis',131),(484,'LT','LT-VL','Vilniaus Apskritis',131),(485,'BR','AC','Acre',31),(486,'BR','AL','Alagoas',31),(487,'BR','AP','Amap',31),(488,'BR','AM','Amazonas',31),(489,'BR','BA','Bahia',31),(490,'BR','CE','Cear',31),(491,'BR','ES','Esprito Santo',31),(492,'BR','GO','Gois',31),(493,'BR','MA','Maranho',31),(494,'BR','MT','Mato Grosso',31),(495,'BR','MS','Mato Grosso do Sul',31),(496,'BR','MG','Minas Gerais',31),(497,'BR','PA','Par',31),(498,'BR','PB','Paraba',31),(499,'BR','PR','Paran',31),(500,'BR','PE','Pernambuco',31),(501,'BR','PI','Piau',31),(502,'BR','RJ','Rio de Janeiro',31),(503,'BR','RN','Rio Grande do Norte',31),(504,'BR','RS','Rio Grande do Sul',31),(505,'BR','RO','Rondnia',31),(506,'BR','RR','Roraima',31),(507,'BR','SC','Santa Catarina',31),(508,'BR','SP','So Paulo',31),(509,'BR','SE','Sergipe',31),(510,'BR','TO','Tocantins',31),(511,'BR','DF','Distrito Federal',31),(512,'HR','HR-01','Zagrebaka upanija',59),(513,'HR','HR-02','Krapinsko-zagorska upanija',59),(514,'HR','HR-03','Sisako-moslavaka upanija',59),(515,'HR','HR-04','Karlovaka upanija',59),(516,'HR','HR-05','Varadinska upanija',59),(517,'HR','HR-06','Koprivniko-krievaka upanija',59),(518,'HR','HR-07','Bjelovarsko-bilogorska upanija',59),(519,'HR','HR-08','Primorsko-goranska upanija',59),(520,'HR','HR-09','Liko-senjska upanija',59),(521,'HR','HR-10','Virovitiko-podravska upanija',59),(522,'HR','HR-11','Poeko-slavonska upanija',59),(523,'HR','HR-12','Brodsko-posavska upanija',59),(524,'HR','HR-13','Zadarska upanija',59),(525,'HR','HR-14','Osjeko-baranjska upanija',59),(526,'HR','HR-15','ibensko-kninska upanija',59),(527,'HR','HR-16','Vukovarsko-srijemska upanija',59),(528,'HR','HR-17','Splitsko-dalmatinska upanija',59),(529,'HR','HR-18','Istarska upanija',59),(530,'HR','HR-19','Dubrovako-neretvanska upanija',59),(531,'HR','HR-20','Meimurska upanija',59),(532,'HR','HR-21','Grad Zagreb',59),(533,'IN','AN','Andaman and Nicobar Islands',106),(534,'IN','AP','Andhra Pradesh',106),(535,'IN','AR','Arunachal Pradesh',106),(536,'IN','AS','Assam',106),(537,'IN','BR','Bihar',106),(538,'IN','CH','Chandigarh',106),(539,'IN','CT','Chhattisgarh',106),(540,'IN','DN','Dadra and Nagar Haveli',106),(541,'IN','DD','Daman and Diu',106),(542,'IN','DL','Delhi',106),(543,'IN','GA','Goa',106),(544,'IN','GJ','Gujarat',106),(545,'IN','HR','Haryana',106),(546,'IN','HP','Himachal Pradesh',106),(547,'IN','JK','Jammu and Kashmir',106),(548,'IN','JH','Jharkhand',106),(549,'IN','KA','Karnataka',106),(550,'IN','KL','Kerala',106),(551,'IN','LD','Lakshadweep',106),(552,'IN','MP','Madhya Pradesh',106),(553,'IN','MH','Maharashtra',106),(554,'IN','MN','Manipur',106),(555,'IN','ML','Meghalaya',106),(556,'IN','MZ','Mizoram',106),(557,'IN','NL','Nagaland',106),(558,'IN','OR','Odisha',106),(559,'IN','PY','Puducherry',106),(560,'IN','PB','Punjab',106),(561,'IN','RJ','Rajasthan',106),(562,'IN','SK','Sikkim',106),(563,'IN','TN','Tamil Nadu',106),(564,'IN','TG','Telangana',106),(565,'IN','TR','Tripura',106),(566,'IN','UP','Uttar Pradesh',106),(567,'IN','UT','Uttarakhand',106),(568,'IN','WB','West Bengal',106);
/*!40000 ALTER TABLE `country_states` ENABLE KEYS */;
UNLOCK TABLES;

--
-- Table structure for table `country_translations`
--

DROP TABLE IF EXISTS `country_translations`;
/*!40101 SET @saved_cs_client     = @@character_set_client */;
/*!50503 SET character_set_client = utf8mb4 */;
CREATE TABLE `country_translations` (
  `id` int unsigned NOT NULL AUTO_INCREMENT,
  `locale` varchar(191) CHARACTER SET utf8mb4 COLLATE utf8mb4_unicode_ci NOT NULL,
  `name` text CHARACTER SET utf8mb4 COLLATE utf8mb4_unicode_ci,
  `country_id` int unsigned NOT NULL,
  PRIMARY KEY (`id`),
  KEY `country_translations_country_id_foreign` (`country_id`),
  CONSTRAINT `country_translations_country_id_foreign` FOREIGN KEY (`country_id`) REFERENCES `countries` (`id`) ON DELETE CASCADE
) ENGINE=InnoDB AUTO_INCREMENT=766 DEFAULT CHARSET=utf8mb4 COLLATE=utf8mb4_unicode_ci ROW_FORMAT=DYNAMIC;
/*!40101 SET character_set_client = @saved_cs_client */;

--
-- Dumping data for table `country_translations`
--

LOCK TABLES `country_translations` WRITE;
/*!40000 ALTER TABLE `country_translations` DISABLE KEYS */;
INSERT INTO `country_translations` VALUES (1,'ar','',1),(2,'ar',' ',2),(3,'ar','',3),(4,'ar','',4),(5,'ar',' ',5),(6,'ar','',6),(7,'ar','',7),(8,'ar','',8),(9,'ar','  ',9),(10,'ar',' ',10),(11,'ar','',11),(12,'ar','',12),(13,'ar','',13),(14,'ar',' ',14),(15,'ar','',15),(16,'ar','',16),(17,'ar','',17),(18,'ar','',18),(19,'ar','',19),(20,'ar','',20),(21,'ar','',21),(22,'ar',' ',22),(23,'ar','',23),(24,'ar','',24),(25,'ar','',25),(26,'ar','',26),(27,'ar','',27),(28,'ar','',28),(29,'ar',' ',29),(30,'ar','',30),(31,'ar','',31),(32,'ar','   ',32),(33,'ar','  ',33),(34,'ar','',34),(35,'ar','',35),(36,'ar',' ',36),(37,'ar','',37),(38,'ar','',38),(39,'ar','',39),(40,'ar','',40),(41,'ar',' ',41),(42,'ar',' ',42),(43,'ar',' ',43),(44,'ar',' ',44),(45,'ar','  ',45),(46,'ar',' ',46),(47,'ar','',47),(48,'ar','',48),(49,'ar','',49),(50,'ar',' ',50),(51,'ar','  ()',51),(52,'ar','',52),(53,'ar',' ',53),(54,'ar',' - ',54),(55,'ar',' - ',55),(56,'ar',' ',56),(57,'ar','',57),(58,'ar',' ',58),(59,'ar','',59),(60,'ar','',60),(61,'ar','',61),(62,'ar','',62),(63,'ar','',63),(64,'ar','',64),(65,'ar',' ',65),(66,'ar','',66),(67,'ar','',67),(68,'ar',' ',68),(69,'ar','',69),(70,'ar','',70),(71,'ar','',71),(72,'ar',' ',72),(73,'ar','',73),(74,'ar','',74),(75,'ar','',75),(76,'ar',' ',76),(77,'ar',' ',77),(78,'ar',' ',78),(79,'ar','',79),(80,'ar','',80),(81,'ar','',81),(82,'ar',' ',82),(83,'ar',' ',83),(84,'ar','  ',84),(85,'ar','',85),(86,'ar','',86),(87,'ar','',87),(88,'ar','',88),(89,'ar','',89),(90,'ar',' ',90),(91,'ar','',91),(92,'ar',' ',92),(93,'ar','',93),(94,'ar','',94),(95,'ar','',95),(96,'ar','',96),(97,'ar','',97),(98,'ar','',98),(99,'ar',' ',99),(100,'ar','',100),(101,'ar','',101),(102,'ar','',102),(103,'ar','  SAR ',103),(104,'ar','',104),(105,'ar','',105),(106,'ar','',106),(107,'ar','',107),(108,'ar','',108),(109,'ar','',109),(110,'ar','',110),(111,'ar','   ',111),(112,'ar','',112),(113,'ar','',113),(114,'ar','',114),(115,'ar','',115),(116,'ar','',116),(117,'ar','',117),(118,'ar','',118),(119,'ar','',119),(120,'ar','',120),(121,'ar','',121),(122,'ar','',122),(123,'ar','',123),(124,'ar','',124),(125,'ar','',125),(126,'ar','',126),(127,'ar','',127),(128,'ar','',128),(129,'ar','',129),(130,'ar','',130),(131,'ar','',131),(132,'ar','',132),(133,'ar',' SAR ',133),(134,'ar','',134),(135,'ar','',135),(136,'ar','',136),(137,'ar','',137),(138,'ar',' ',138),(139,'ar','',139),(140,'ar','',140),(141,'ar',' ',141),(142,'ar','',142),(143,'ar','',143),(144,'ar','',144),(145,'ar','',145),(146,'ar','',146),(147,'ar','',147),(148,'ar','',148),(149,'ar','',149),(150,'ar','',150),(151,'ar',' ',151),(152,'ar','',152),(153,'ar','',153),(154,'ar','',154),(155,'ar',' ()',155),(156,'ar','',156),(157,'ar','',157),(158,'ar','',158),(159,'ar','',159),(160,'ar',' ',160),(161,'ar','',161),(162,'ar','',162),(163,'ar','',163),(164,'ar','',164),(165,'ar','',165),(166,'ar',' ',166),(167,'ar',' ',167),(168,'ar','  ',168),(169,'ar','',169),(170,'ar',' ',170),(171,'ar','',171),(172,'ar','',172),(173,'ar',' ',173),(174,'ar','',174),(175,'ar','  ',175),(176,'ar','',176),(177,'ar','',177),(178,'ar','',178),(179,'ar',' ',179),(180,'ar','',180),(181,'ar','',181),(182,'ar','',182),(183,'ar',' ',183),(184,'ar',' ',184),(185,'ar','',185),(186,'ar','',186),(187,'ar','',187),(188,'ar','',188),(189,'ar',' ',189),(190,'ar','  ',190),(191,'ar','  ',191),(192,'ar','',192),(193,'ar','',193),(194,'ar','',194),(195,'ar','',195),(196,'ar','',196),(197,'ar',' ',197),(198,'ar','',198),(199,'ar','',199),(200,'ar',' ',200),(201,'ar','',201),(202,'ar',' ',202),(203,'ar','    ',203),(204,'ar',' ',204),(205,'ar',' ',205),(206,'ar','',206),(207,'ar','',207),(208,'ar',' ',208),(209,'ar',' ',209),(210,'ar','  ',210),(211,'ar',' ',211),(212,'ar',' ',212),(213,'ar','  ',213),(214,'ar','   ',214),(215,'ar','',215),(216,'ar','',216),(217,'ar','  ',217),(218,'ar','',218),(219,'ar','',219),(220,'ar','',220),(221,'ar','',221),(222,'ar','',222),(223,'ar','',223),(224,'ar','',224),(225,'ar','',225),(226,'ar','',226),(227,'ar','',227),(228,'ar','',228),(229,'ar','',229),(230,'ar',' ',230),(231,'ar','  ',231),(232,'ar','',232),(233,'ar',' ',233),(234,'ar','',234),(235,'ar','  ',235),(236,'ar','',236),(237,'ar','   ',237),(238,'ar','  ',238),(239,'ar','',239),(240,'ar','',240),(241,'ar','  ',241),(242,'ar',' ',242),(243,'ar',' ',243),(244,'ar','  ',244),(245,'ar','',245),(246,'ar','',246),(247,'ar','',247),(248,'ar',' ',248),(249,'ar','',249),(250,'ar','',250),(251,'ar',' ',251),(252,'ar',' ',252),(253,'ar','',253),(254,'ar','',254),(255,'ar','',255),(256,'fa','',1),(257,'fa',' ',2),(258,'fa','',3),(259,'fa','',4),(260,'fa',' ',5),(261,'fa','',6),(262,'fa','',7),(263,'fa','',8),(264,'fa','',9),(265,'fa','  ',10),(266,'fa','',11),(267,'fa','',12),(268,'fa','',13),(269,'fa',' ',14),(270,'fa','',15),(271,'fa','',16),(272,'fa','',17),(273,'fa','',18),(274,'fa','',19),(275,'fa','',20),(276,'fa','',21),(277,'fa','',22),(278,'fa','',23),(279,'fa','',24),(280,'fa','',25),(281,'fa','',26),(282,'fa','',27),(283,'fa','',28),(284,'fa','  ',29),(285,'fa','',30),(286,'fa','',31),(287,'fa','   ',32),(288,'fa','  ',33),(289,'fa','',34),(290,'fa','',35),(291,'fa',' ',36),(292,'fa','',37),(293,'fa','',38),(294,'fa','',39),(295,'fa','',40),(296,'fa',' ',41),(297,'fa',' ',42),(298,'fa',' ',43),(299,'fa','Cayman Islands',44),(300,'fa','  ',45),(301,'fa','  ',46),(302,'fa','',47),(303,'fa','',48),(304,'fa','',49),(305,'fa',' ',50),(306,'fa','  (Keeling)',51),(307,'fa','',52),(308,'fa','',53),(309,'fa',' - ',54),(310,'fa',' - ',55),(311,'fa',' ',56),(312,'fa','',57),(313,'fa',' ',58),(314,'fa','',59),(315,'fa','',60),(316,'fa','',61),(317,'fa','',62),(318,'fa','',63),(319,'fa','',64),(320,'fa',' ',65),(321,'fa','',66),(322,'fa','',67),(323,'fa',' ',68),(324,'fa','',69),(325,'fa','',70),(326,'fa','',71),(327,'fa',' ',72),(328,'fa','',73),(329,'fa','',74),(330,'fa','',75),(331,'fa',' ',76),(332,'fa',' ',77),(333,'fa',' ',78),(334,'fa','',79),(335,'fa','',80),(336,'fa','',81),(337,'fa',' ',82),(338,'fa',' ',83),(339,'fa','   ',84),(340,'fa','',85),(341,'fa','',86),(342,'fa','',87),(343,'fa','',88),(344,'fa','',89),(345,'fa',' ',90),(346,'fa','',91),(347,'fa','',92),(348,'fa','',93),(349,'fa','',94),(350,'fa','',95),(351,'fa','',96),(352,'fa','',97),(353,'fa','',98),(354,'fa',' ',99),(355,'fa','',100),(356,'fa','',101),(357,'fa','',102),(358,'fa','  SAR ',103),(359,'fa','',104),(360,'fa','',105),(361,'fa','',106),(362,'fa','',107),(363,'fa','',108),(364,'fa','',109),(365,'fa','',110),(366,'fa',' ',111),(367,'fa','',112),(368,'fa','',113),(369,'fa','',114),(370,'fa','',115),(371,'fa',' ',116),(372,'fa','',117),(373,'fa','',118),(374,'fa','',119),(375,'fa','',120),(376,'fa','',121),(377,'fa','',122),(378,'fa','',123),(379,'fa','',124),(380,'fa','',125),(381,'fa','',126),(382,'fa','',127),(383,'fa','',128),(384,'fa','',129),(385,'fa',' ',130),(386,'fa','',131),(387,'fa','',132),(388,'fa',' SAR ',133),(389,'fa','',134),(390,'fa','',135),(391,'fa','',136),(392,'fa','',137),(393,'fa','',138),(394,'fa','',139),(395,'fa','',140),(396,'fa',' ',141),(397,'fa','',142),(398,'fa','',143),(399,'fa','',144),(400,'fa','',145),(401,'fa','',146),(402,'fa','',147),(403,'fa','',148),(404,'fa','',149),(405,'fa','',150),(406,'fa',' ',151),(407,'fa','',152),(408,'fa','',153),(409,'fa','',154),(410,'fa',' ()',155),(411,'fa','',156),(412,'fa','',157),(413,'fa','',158),(414,'fa','',159),(415,'fa',' ',160),(416,'fa','',161),(417,'fa','',162),(418,'fa','',163),(419,'fa','',164),(420,'fa','',165),(421,'fa',' ',166),(422,'fa',' ',167),(423,'fa','  ',168),(424,'fa','',169),(425,'fa','',170),(426,'fa','',171),(427,'fa','',172),(428,'fa','  ',173),(429,'fa','',174),(430,'fa','  ',175),(431,'fa','',176),(432,'fa','',177),(433,'fa','',178),(434,'fa',' ',179),(435,'fa','',180),(436,'fa',' ',181),(437,'fa','',182),(438,'fa','',183),(439,'fa',' ',184),(440,'fa','',185),(441,'fa','',186),(442,'fa','',187),(443,'fa','',188),(444,'fa',' ',189),(445,'fa','   ',190),(446,'fa',' ',191),(447,'fa','',192),(448,'fa','',193),(449,'fa','',194),(450,'fa','',195),(451,'fa','',196),(452,'fa',' ',197),(453,'fa','',198),(454,'fa','',199),(455,'fa',' ',200),(456,'fa','',201),(457,'fa',' ',202),(458,'fa','      ',203),(459,'fa',' ',204),(460,'fa',' ',205),(461,'fa','',206),(462,'fa',' ',207),(463,'fa',' ',208),(464,'fa',' ',209),(465,'fa','   ',210),(466,'fa',' ',211),(467,'fa',' ',212),(468,'fa','   ',213),(469,'fa','   ',214),(470,'fa','',215),(471,'fa','',216),(472,'fa','   ',217),(473,'fa','',218),(474,'fa','',219),(475,'fa','',220),(476,'fa','',221),(477,'fa','',222),(478,'fa','',223),(479,'fa','',224),(480,'fa','',225),(481,'fa','-',226),(482,'fa','',227),(483,'fa','',228),(484,'fa','',229),(485,'fa','  ',230),(486,'fa','  ',231),(487,'fa','',232),(488,'fa','',233),(489,'fa','',234),(490,'fa','   ',235),(491,'fa','',236),(492,'fa','     ',237),(493,'fa','   ',238),(494,'fa','',239),(495,'fa','',240),(496,'fa','  ',241),(497,'fa','',242),(498,'fa',' ',243),(499,'fa',' ',244),(500,'fa','',245),(501,'fa','',246),(502,'fa','',247),(503,'fa',' ',248),(504,'fa','',249),(505,'fa','',250),(506,'fa','  ',251),(507,'fa',' ',252),(508,'fa','',253),(509,'fa','',254),(510,'fa','',255),(511,'pt_BR','Afeganisto',1),(512,'pt_BR','Ilhas land',2),(513,'pt_BR','Albnia',3),(514,'pt_BR','Arglia',4),(515,'pt_BR','Samoa Americana',5),(516,'pt_BR','Andorra',6),(517,'pt_BR','Angola',7),(518,'pt_BR','Angola',8),(519,'pt_BR','Antrtico',9),(520,'pt_BR','Antgua e Barbuda',10),(521,'pt_BR','Argentina',11),(522,'pt_BR','Armnia',12),(523,'pt_BR','Aruba',13),(524,'pt_BR','Ilha de escalada',14),(525,'pt_BR','Austrlia',15),(526,'pt_BR','ustria',16),(527,'pt_BR','Azerbaijo',17),(528,'pt_BR','Bahamas',18),(529,'pt_BR','Bahrain',19),(530,'pt_BR','Bangladesh',20),(531,'pt_BR','Barbados',21),(532,'pt_BR','Bielorrssia',22),(533,'pt_BR','Blgica',23),(534,'pt_BR','Blgica',24),(535,'pt_BR','Benin',25),(536,'pt_BR','Bermuda',26),(537,'pt_BR','Buto',27),(538,'pt_BR','Bolvia',28),(539,'pt_BR','Bsnia e Herzegovina',29),(540,'pt_BR','Botsuana',30),(541,'pt_BR','Brasil',31),(542,'pt_BR','Territrio Britnico do Oceano ndico',32),(543,'pt_BR','Ilhas Virgens Britnicas',33),(544,'pt_BR','Brunei',34),(545,'pt_BR','Bulgria',35),(546,'pt_BR','Burkina Faso',36),(547,'pt_BR','Burundi',37),(548,'pt_BR','Camboja',38),(549,'pt_BR','Camares',39),(550,'pt_BR','Canad',40),(551,'pt_BR','Ilhas Canrias',41),(552,'pt_BR','Cabo Verde',42),(553,'pt_BR','Holanda do Caribe',43),(554,'pt_BR','Ilhas Cayman',44),(555,'pt_BR','Repblica Centro-Africana',45),(556,'pt_BR','Ceuta e Melilla',46),(557,'pt_BR','Chade',47),(558,'pt_BR','Chile',48),(559,'pt_BR','China',49),(560,'pt_BR','Ilha Christmas',50),(561,'pt_BR','Ilhas Cocos (Keeling)',51),(562,'pt_BR','Colmbia',52),(563,'pt_BR','Comores',53),(564,'pt_BR','Congo - Brazzaville',54),(565,'pt_BR','Congo - Kinshasa',55),(566,'pt_BR','Ilhas Cook',56),(567,'pt_BR','Costa Rica',57),(568,'pt_BR','Costa do Marfim',58),(569,'pt_BR','Crocia',59),(570,'pt_BR','Cuba',60),(571,'pt_BR','Curaao',61),(572,'pt_BR','Chipre',62),(573,'pt_BR','Czechia',63),(574,'pt_BR','Dinamarca',64),(575,'pt_BR','Diego Garcia',65),(576,'pt_BR','Djibuti',66),(577,'pt_BR','Dominica',67),(578,'pt_BR','Repblica Dominicana',68),(579,'pt_BR','Equador',69),(580,'pt_BR','Egito',70),(581,'pt_BR','El Salvador',71),(582,'pt_BR','Guin Equatorial',72),(583,'pt_BR','Eritreia',73),(584,'pt_BR','Estnia',74),(585,'pt_BR','Etipia',75),(586,'pt_BR','Zona Euro',76),(587,'pt_BR','Ilhas Malvinas',77),(588,'pt_BR','Ilhas Faroe',78),(589,'pt_BR','Fiji',79),(590,'pt_BR','Finlndia',80),(591,'pt_BR','Frana',81),(592,'pt_BR','Guiana Francesa',82),(593,'pt_BR','Polinsia Francesa',83),(594,'pt_BR','Territrios Franceses do Sul',84),(595,'pt_BR','Gabo',85),(596,'pt_BR','Gmbia',86),(597,'pt_BR','Gergia',87),(598,'pt_BR','Alemanha',88),(599,'pt_BR','Gana',89),(600,'pt_BR','Gibraltar',90),(601,'pt_BR','Grcia',91),(602,'pt_BR','Gronelndia',92),(603,'pt_BR','Granada',93),(604,'pt_BR','Guadalupe',94),(605,'pt_BR','Guam',95),(606,'pt_BR','Guatemala',96),(607,'pt_BR','Guernsey',97),(608,'pt_BR','Guin',98),(609,'pt_BR','Guin-Bissau',99),(610,'pt_BR','Guiana',100),(611,'pt_BR','Haiti',101),(612,'pt_BR','Honduras',102),(613,'pt_BR','Regio Administrativa Especial de Hong Kong, China',103),(614,'pt_BR','Hungria',104),(615,'pt_BR','Islndia',105),(616,'pt_BR','ndia',106),(617,'pt_BR','Indonsia',107),(618,'pt_BR','Ir',108),(619,'pt_BR','Iraque',109),(620,'pt_BR','Irlanda',110),(621,'pt_BR','Ilha de Man',111),(622,'pt_BR','Israel',112),(623,'pt_BR','Itlia',113),(624,'pt_BR','Jamaica',114),(625,'pt_BR','Japo',115),(626,'pt_BR','Jersey',116),(627,'pt_BR','Jordnia',117),(628,'pt_BR','Cazaquisto',118),(629,'pt_BR','Qunia',119),(630,'pt_BR','Quiribati',120),(631,'pt_BR','Kosovo',121),(632,'pt_BR','Kuwait',122),(633,'pt_BR','Quirguisto',123),(634,'pt_BR','Laos',124),(635,'pt_BR','Letnia',125),(636,'pt_BR','Lbano',126),(637,'pt_BR','Lesoto',127),(638,'pt_BR','Libria',128),(639,'pt_BR','Lbia',129),(640,'pt_BR','Liechtenstein',130),(641,'pt_BR','Litunia',131),(642,'pt_BR','Luxemburgo',132),(643,'pt_BR','Macau SAR China',133),(644,'pt_BR','Macednia',134),(645,'pt_BR','Madagascar',135),(646,'pt_BR','Malawi',136),(647,'pt_BR','Malsia',137),(648,'pt_BR','Maldivas',138),(649,'pt_BR','Mali',139),(650,'pt_BR','Malta',140),(651,'pt_BR','Ilhas Marshall',141),(652,'pt_BR','Martinica',142),(653,'pt_BR','Mauritnia',143),(654,'pt_BR','Maurcio',144),(655,'pt_BR','Maiote',145),(656,'pt_BR','Mxico',146),(657,'pt_BR','Micronsia',147),(658,'pt_BR','Moldvia',148),(659,'pt_BR','Mnaco',149),(660,'pt_BR','Monglia',150),(661,'pt_BR','Montenegro',151),(662,'pt_BR','Montserrat',152),(663,'pt_BR','Marrocos',153),(664,'pt_BR','Moambique',154),(665,'pt_BR','Mianmar (Birmnia)',155),(666,'pt_BR','Nambia',156),(667,'pt_BR','Nauru',157),(668,'pt_BR','Nepal',158),(669,'pt_BR','Holanda',159),(670,'pt_BR','Nova Calednia',160),(671,'pt_BR','Nova Zelndia',161),(672,'pt_BR','Nicargua',162),(673,'pt_BR','Nger',163),(674,'pt_BR','Nigria',164),(675,'pt_BR','Niue',165),(676,'pt_BR','Ilha Norfolk',166),(677,'pt_BR','Coria do Norte',167),(678,'pt_BR','Ilhas Marianas do Norte',168),(679,'pt_BR','Noruega',169),(680,'pt_BR','Om',170),(681,'pt_BR','Paquisto',171),(682,'pt_BR','Palau',172),(683,'pt_BR','Territrios Palestinos',173),(684,'pt_BR','Panam',174),(685,'pt_BR','Papua Nova Guin',175),(686,'pt_BR','Paraguai',176),(687,'pt_BR','Peru',177),(688,'pt_BR','Filipinas',178),(689,'pt_BR','Ilhas Pitcairn',179),(690,'pt_BR','Polnia',180),(691,'pt_BR','Portugal',181),(692,'pt_BR','Porto Rico',182),(693,'pt_BR','Catar',183),(694,'pt_BR','Reunio',184),(695,'pt_BR','Romnia',185),(696,'pt_BR','Rssia',186),(697,'pt_BR','Ruanda',187),(698,'pt_BR','Samoa',188),(699,'pt_BR','So Marinho',189),(700,'pt_BR','So Cristvo e Nevis',190),(701,'pt_BR','Arbia Saudita',191),(702,'pt_BR','Senegal',192),(703,'pt_BR','Srvia',193),(704,'pt_BR','Seychelles',194),(705,'pt_BR','Serra Leoa',195),(706,'pt_BR','Cingapura',196),(707,'pt_BR','So Martinho',197),(708,'pt_BR','Eslovquia',198),(709,'pt_BR','Eslovnia',199),(710,'pt_BR','Ilhas Salomo',200),(711,'pt_BR','Somlia',201),(712,'pt_BR','frica do Sul',202),(713,'pt_BR','Ilhas Gergia do Sul e Sandwich do Sul',203),(714,'pt_BR','Coria do Sul',204),(715,'pt_BR','Sudo do Sul',205),(716,'pt_BR','Espanha',206),(717,'pt_BR','Sri Lanka',207),(718,'pt_BR','So Bartolomeu',208),(719,'pt_BR','Santa Helena',209),(720,'pt_BR','So Cristvo e Nevis',210),(721,'pt_BR','Santa Lcia',211),(722,'pt_BR','So Martinho',212),(723,'pt_BR','So Pedro e Miquelon',213),(724,'pt_BR','So Vicente e Granadinas',214),(725,'pt_BR','Sudo',215),(726,'pt_BR','Suriname',216),(727,'pt_BR','Svalbard e Jan Mayen',217),(728,'pt_BR','Suazilndia',218),(729,'pt_BR','Sucia',219),(730,'pt_BR','Sua',220),(731,'pt_BR','Sria',221),(732,'pt_BR','Taiwan',222),(733,'pt_BR','Tajiquisto',223),(734,'pt_BR','Tanznia',224),(735,'pt_BR','Tailndia',225),(736,'pt_BR','Timor-Leste',226),(737,'pt_BR','Togo',227),(738,'pt_BR','Tokelau',228),(739,'pt_BR','Tonga',229),(740,'pt_BR','Trinidad e Tobago',230),(741,'pt_BR','Tristan da Cunha',231),(742,'pt_BR','Tunsia',232),(743,'pt_BR','Turquia',233),(744,'pt_BR','Turquemenisto',234),(745,'pt_BR','Ilhas Turks e Caicos',235),(746,'pt_BR','Tuvalu',236),(747,'pt_BR','Ilhas perifricas dos EUA',237),(748,'pt_BR','Ilhas Virgens dos EUA',238),(749,'pt_BR','Uganda',239),(750,'pt_BR','Ucrnia',240),(751,'pt_BR','Emirados rabes Unidos',241),(752,'pt_BR','Reino Unido',242),(753,'pt_BR','Naes Unidas',243),(754,'pt_BR','Estados Unidos',244),(755,'pt_BR','Uruguai',245),(756,'pt_BR','Uzbequisto',246),(757,'pt_BR','Vanuatu',247),(758,'pt_BR','Cidade do Vaticano',248),(759,'pt_BR','Venezuela',249),(760,'pt_BR','Vietn',250),(761,'pt_BR','Wallis e Futuna',251),(762,'pt_BR','Saara Ocidental',252),(763,'pt_BR','Imen',253),(764,'pt_BR','Zmbia',254),(765,'pt_BR','Zimbbue',255);
/*!40000 ALTER TABLE `country_translations` ENABLE KEYS */;
UNLOCK TABLES;

--
-- Table structure for table `currencies`
--

DROP TABLE IF EXISTS `currencies`;
/*!40101 SET @saved_cs_client     = @@character_set_client */;
/*!50503 SET character_set_client = utf8mb4 */;
CREATE TABLE `currencies` (
  `id` int unsigned NOT NULL AUTO_INCREMENT,
  `code` varchar(191) CHARACTER SET utf8mb4 COLLATE utf8mb4_unicode_ci NOT NULL,
  `name` varchar(191) CHARACTER SET utf8mb4 COLLATE utf8mb4_unicode_ci NOT NULL,
  `created_at` timestamp NULL DEFAULT NULL,
  `updated_at` timestamp NULL DEFAULT NULL,
  `symbol` varchar(191) CHARACTER SET utf8mb4 COLLATE utf8mb4_unicode_ci DEFAULT NULL,
  PRIMARY KEY (`id`)
) ENGINE=InnoDB AUTO_INCREMENT=4 DEFAULT CHARSET=utf8mb4 COLLATE=utf8mb4_unicode_ci ROW_FORMAT=DYNAMIC;
/*!40101 SET character_set_client = @saved_cs_client */;

--
-- Dumping data for table `currencies`
--

LOCK TABLES `currencies` WRITE;
/*!40000 ALTER TABLE `currencies` DISABLE KEYS */;
INSERT INTO `currencies` VALUES (1,'USD','US Dollar',NULL,NULL,'$'),(2,'EUR','Euro',NULL,NULL,''),(3,'INR','Indian Rupee','2021-03-11 09:30:20','2021-03-11 09:30:20','');
/*!40000 ALTER TABLE `currencies` ENABLE KEYS */;
UNLOCK TABLES;

--
-- Table structure for table `currency_exchange_rates`
--

DROP TABLE IF EXISTS `currency_exchange_rates`;
/*!40101 SET @saved_cs_client     = @@character_set_client */;
/*!50503 SET character_set_client = utf8mb4 */;
CREATE TABLE `currency_exchange_rates` (
  `id` int unsigned NOT NULL AUTO_INCREMENT,
  `rate` decimal(24,12) NOT NULL,
  `target_currency` int unsigned NOT NULL,
  `created_at` timestamp NULL DEFAULT NULL,
  `updated_at` timestamp NULL DEFAULT NULL,
  PRIMARY KEY (`id`),
  UNIQUE KEY `currency_exchange_rates_target_currency_unique` (`target_currency`),
  CONSTRAINT `currency_exchange_rates_target_currency_foreign` FOREIGN KEY (`target_currency`) REFERENCES `currencies` (`id`) ON DELETE CASCADE
) ENGINE=InnoDB AUTO_INCREMENT=4 DEFAULT CHARSET=utf8mb4 COLLATE=utf8mb4_unicode_ci ROW_FORMAT=DYNAMIC;
/*!40101 SET character_set_client = @saved_cs_client */;

--
-- Dumping data for table `currency_exchange_rates`
--

LOCK TABLES `currency_exchange_rates` WRITE;
/*!40000 ALTER TABLE `currency_exchange_rates` DISABLE KEYS */;
INSERT INTO `currency_exchange_rates` VALUES (1,0.011530567500,2,'2021-03-09 05:13:18','2021-03-13 05:29:43'),(2,72.998654557700,3,'2021-03-11 09:31:19','2021-03-11 09:31:19'),(3,0.013759426200,1,'2021-03-13 05:29:43','2021-03-13 05:29:43');
/*!40000 ALTER TABLE `currency_exchange_rates` ENABLE KEYS */;
UNLOCK TABLES;

--
-- Table structure for table `customer_groups`
--

DROP TABLE IF EXISTS `customer_groups`;
/*!40101 SET @saved_cs_client     = @@character_set_client */;
/*!50503 SET character_set_client = utf8mb4 */;
CREATE TABLE `customer_groups` (
  `id` int unsigned NOT NULL AUTO_INCREMENT,
  `name` varchar(191) CHARACTER SET utf8mb4 COLLATE utf8mb4_unicode_ci NOT NULL,
  `is_user_defined` tinyint(1) NOT NULL DEFAULT '1',
  `created_at` timestamp NULL DEFAULT NULL,
  `updated_at` timestamp NULL DEFAULT NULL,
  `code` varchar(191) CHARACTER SET utf8mb4 COLLATE utf8mb4_unicode_ci NOT NULL,
  PRIMARY KEY (`id`),
  UNIQUE KEY `customer_groups_code_unique` (`code`)
) ENGINE=InnoDB AUTO_INCREMENT=5 DEFAULT CHARSET=utf8mb4 COLLATE=utf8mb4_unicode_ci ROW_FORMAT=DYNAMIC;
/*!40101 SET character_set_client = @saved_cs_client */;

--
-- Dumping data for table `customer_groups`
--

LOCK TABLES `customer_groups` WRITE;
/*!40000 ALTER TABLE `customer_groups` DISABLE KEYS */;
INSERT INTO `customer_groups` VALUES (1,'Guest',0,NULL,NULL,'guest'),(2,'General',0,NULL,NULL,'general'),(3,'Wholesale',0,NULL,NULL,'wholesale'),(4,'Friends',1,'2021-03-15 05:31:23','2021-03-15 05:31:23','friends');
/*!40000 ALTER TABLE `customer_groups` ENABLE KEYS */;
UNLOCK TABLES;

--
-- Table structure for table `customer_password_resets`
--

DROP TABLE IF EXISTS `customer_password_resets`;
/*!40101 SET @saved_cs_client     = @@character_set_client */;
/*!50503 SET character_set_client = utf8mb4 */;
CREATE TABLE `customer_password_resets` (
  `email` varchar(191) CHARACTER SET utf8mb4 COLLATE utf8mb4_unicode_ci NOT NULL,
  `token` varchar(191) CHARACTER SET utf8mb4 COLLATE utf8mb4_unicode_ci NOT NULL,
  `created_at` timestamp NULL DEFAULT NULL,
  KEY `customer_password_resets_email_index` (`email`)
) ENGINE=InnoDB DEFAULT CHARSET=utf8mb4 COLLATE=utf8mb4_unicode_ci ROW_FORMAT=DYNAMIC;
/*!40101 SET character_set_client = @saved_cs_client */;

--
-- Dumping data for table `customer_password_resets`
--

LOCK TABLES `customer_password_resets` WRITE;
/*!40000 ALTER TABLE `customer_password_resets` DISABLE KEYS */;
/*!40000 ALTER TABLE `customer_password_resets` ENABLE KEYS */;
UNLOCK TABLES;

--
-- Table structure for table `customer_product_price`
--

DROP TABLE IF EXISTS `customer_product_price`;
/*!40101 SET @saved_cs_client     = @@character_set_client */;
/*!50503 SET character_set_client = utf8mb4 */;
CREATE TABLE `customer_product_price` (
  `id` bigint unsigned NOT NULL AUTO_INCREMENT,
  `product_id` int DEFAULT NULL,
  `customer_id` int DEFAULT NULL,
  `price` decimal(12,4) DEFAULT NULL,
  `created_at` timestamp NULL DEFAULT NULL,
  `updated_at` timestamp NULL DEFAULT NULL,
  PRIMARY KEY (`id`)
) ENGINE=InnoDB AUTO_INCREMENT=13 DEFAULT CHARSET=utf8mb4 COLLATE=utf8mb4_unicode_ci ROW_FORMAT=DYNAMIC;
/*!40101 SET character_set_client = @saved_cs_client */;

--
-- Dumping data for table `customer_product_price`
--

LOCK TABLES `customer_product_price` WRITE;
/*!40000 ALTER TABLE `customer_product_price` DISABLE KEYS */;
INSERT INTO `customer_product_price` VALUES (1,1,1,30.0000,'2021-06-28 13:50:38','2021-06-28 13:50:38'),(2,1,16,35.0000,'2021-06-28 13:50:38','2021-06-28 13:50:38'),(3,1,17,90.0000,'2021-06-28 13:50:38','2021-06-28 13:50:38'),(4,1,15,80.0000,'2021-06-28 13:53:04','2021-06-28 13:53:04'),(6,125,16,40.0000,'2021-07-02 03:54:25','2021-07-02 03:54:26'),(7,125,15,20.0000,'2021-07-02 03:55:02','2021-07-02 03:55:02'),(8,132,15,40.0000,'2021-07-02 04:00:44','2021-07-02 04:00:45'),(9,112,15,40.0000,'2021-07-02 04:01:25','2021-07-02 04:01:25'),(10,87,15,30.0000,'2021-07-03 09:05:42','2021-07-03 09:05:42'),(11,87,4,50.0000,'2021-07-03 09:05:42','2021-07-03 09:05:42'),(12,87,12,300.0000,'2021-07-03 09:05:42','2021-07-03 09:05:42');
/*!40000 ALTER TABLE `customer_product_price` ENABLE KEYS */;
UNLOCK TABLES;

--
-- Table structure for table `customer_social_accounts`
--

DROP TABLE IF EXISTS `customer_social_accounts`;
/*!40101 SET @saved_cs_client     = @@character_set_client */;
/*!50503 SET character_set_client = utf8mb4 */;
CREATE TABLE `customer_social_accounts` (
  `id` int unsigned NOT NULL AUTO_INCREMENT,
  `provider_name` varchar(191) CHARACTER SET utf8mb4 COLLATE utf8mb4_unicode_ci DEFAULT NULL,
  `provider_id` varchar(191) CHARACTER SET utf8mb4 COLLATE utf8mb4_unicode_ci DEFAULT NULL,
  `customer_id` int unsigned NOT NULL,
  `created_at` timestamp NULL DEFAULT NULL,
  `updated_at` timestamp NULL DEFAULT NULL,
  PRIMARY KEY (`id`),
  UNIQUE KEY `customer_social_accounts_provider_id_unique` (`provider_id`),
  KEY `customer_social_accounts_customer_id_foreign` (`customer_id`),
  CONSTRAINT `customer_social_accounts_customer_id_foreign` FOREIGN KEY (`customer_id`) REFERENCES `customers` (`id`) ON DELETE CASCADE
) ENGINE=InnoDB AUTO_INCREMENT=10 DEFAULT CHARSET=utf8mb4 COLLATE=utf8mb4_unicode_ci ROW_FORMAT=DYNAMIC;
/*!40101 SET character_set_client = @saved_cs_client */;

--
-- Dumping data for table `customer_social_accounts`
--

LOCK TABLES `customer_social_accounts` WRITE;
/*!40000 ALTER TABLE `customer_social_accounts` DISABLE KEYS */;
INSERT INTO `customer_social_accounts` VALUES (5,'google','102485648003529466312',10,'2021-03-01 11:16:59','2021-03-01 11:16:59'),(6,'facebook','479580829723169',10,'2021-03-01 11:27:26','2021-03-01 11:27:26'),(7,'google','111743490152000395977',15,'2021-03-27 05:29:35','2021-03-27 05:29:35'),(8,'google','100818565740074609752',12,'2021-07-03 07:38:18','2021-07-03 07:38:18'),(9,'google','106489470086295194053',17,'2021-07-05 12:22:51','2021-07-05 12:22:51');
/*!40000 ALTER TABLE `customer_social_accounts` ENABLE KEYS */;
UNLOCK TABLES;

--
-- Table structure for table `customers`
--

DROP TABLE IF EXISTS `customers`;
/*!40101 SET @saved_cs_client     = @@character_set_client */;
/*!50503 SET character_set_client = utf8mb4 */;
CREATE TABLE `customers` (
  `id` int unsigned NOT NULL AUTO_INCREMENT,
  `first_name` varchar(191) CHARACTER SET utf8mb4 COLLATE utf8mb4_unicode_ci NOT NULL,
  `last_name` varchar(191) CHARACTER SET utf8mb4 COLLATE utf8mb4_unicode_ci NOT NULL,
  `gender` varchar(50) CHARACTER SET utf8mb4 COLLATE utf8mb4_unicode_ci DEFAULT NULL,
  `date_of_birth` date DEFAULT NULL,
  `email` varchar(191) CHARACTER SET utf8mb4 COLLATE utf8mb4_unicode_ci DEFAULT NULL,
  `image` varchar(200) CHARACTER SET utf8mb4 COLLATE utf8mb4_unicode_ci DEFAULT NULL,
  `status` tinyint NOT NULL DEFAULT '1',
  `password` varchar(191) CHARACTER SET utf8mb4 COLLATE utf8mb4_unicode_ci DEFAULT NULL,
  `api_token` varchar(80) CHARACTER SET utf8mb4 COLLATE utf8mb4_unicode_ci DEFAULT NULL,
  `customer_group_id` int unsigned DEFAULT NULL,
  `subscribed_to_news_letter` tinyint(1) NOT NULL DEFAULT '0',
  `remember_token` varchar(100) CHARACTER SET utf8mb4 COLLATE utf8mb4_unicode_ci DEFAULT NULL,
  `created_at` timestamp NULL DEFAULT NULL,
  `updated_at` timestamp NULL DEFAULT NULL,
  `is_verified` tinyint(1) NOT NULL DEFAULT '0',
  `token` varchar(191) CHARACTER SET utf8mb4 COLLATE utf8mb4_unicode_ci DEFAULT NULL,
  `notes` text CHARACTER SET utf8mb4 COLLATE utf8mb4_unicode_ci,
  `phone` varchar(191) CHARACTER SET utf8mb4 COLLATE utf8mb4_unicode_ci DEFAULT NULL,
  PRIMARY KEY (`id`),
  UNIQUE KEY `customers_email_unique` (`email`),
  UNIQUE KEY `customers_api_token_unique` (`api_token`),
  KEY `customers_customer_group_id_foreign` (`customer_group_id`),
  CONSTRAINT `customers_customer_group_id_foreign` FOREIGN KEY (`customer_group_id`) REFERENCES `customer_groups` (`id`) ON DELETE SET NULL
) ENGINE=InnoDB AUTO_INCREMENT=21 DEFAULT CHARSET=utf8mb4 COLLATE=utf8mb4_unicode_ci ROW_FORMAT=DYNAMIC;
/*!40101 SET character_set_client = @saved_cs_client */;

--
-- Dumping data for table `customers`
--

LOCK TABLES `customers` WRITE;
/*!40000 ALTER TABLE `customers` DISABLE KEYS */;
INSERT INTO `customers` VALUES (1,'Payal','Test','Female','2021-02-01','payal@gmail.com','uploadImages/customer/1612418311.jpeg',1,'$2y$10$SST3Xx2M/ISl69UloQTSnOn9Sy6uN/Yy0eAohsSkUXoMtHp.3TMmC','RoWEuYlxVmY1TggAQ2iENAm54feMrastdSJDhfVEVwjah9rlNndPThNvDCFTwgQscbwDxoeXmIbbBBID',2,0,NULL,'2021-01-06 12:11:22','2021-03-20 03:51:25',1,'02ff26d590686e2da7a23007eb615c6e',NULL,'9982825062'),(2,'Customer2','Test','Male','0000-00-00','c2@gmail.com',NULL,1,'$2y$10$VXgakqZSsgG.FbDu4SNdduOkNXXpnN/9tHC2htVvWEi1lVqnXpQka',NULL,3,0,NULL,'2021-01-11 08:30:01','2021-01-11 08:30:01',1,NULL,NULL,'234567'),(3,'Kishan','Test','Female','1996-05-01','kishan@gmail.com',NULL,1,'$2y$10$eEySLTboE8ywfidAssdKKevs9vQckS1eHzICNsLLyhJc6UEmwvGyq','6RfARWseTFtZepUkkZZoC1UTJk5cddWa7fr5860WYbU1qWxfnXSh51zEGnbDVgCXSMpHWdgXAYxinHIO',4,0,NULL,'2021-01-25 07:22:29','2021-03-15 05:32:20',1,'0fbe85f0773786d437d71a61d78b8d38',NULL,'0123456789'),(4,'Ravindra','Radadiya',NULL,NULL,'rcube6593@gmail.com',NULL,1,'$2y$10$CVQbZojWTSvhvK6AnFVzO.hxSx7s/kyOTbTOHoHj6n0gr3uT02bKi','GZnBZtHD9IFNr4wN1jd8ayMAN6cj8OYPVnCiYbHtlxL9ZRF06iDZA7c2wY32HCgLCXbuKGGBmFLhpocJ',2,0,NULL,'2021-01-26 02:04:18','2021-01-26 02:04:18',1,'977715c97d39da93ad3942fb8e54b964',NULL,NULL),(5,'Bhargav','Test','Male','1997-07-31','bhargavtest@gmail.com',NULL,1,'$2y$10$HuI5ao4irPXJM4N9X85Xc.4nfdWF8MBJJztDK/HYT4.V2TVcz6oNm','Yyo6f5DQokZI2T47kdYJlcJ2QCYKTTNnh5EQC9U3ikUG515CfADNwicQQhUbvk5mYSregF65OFsn2uLk',2,0,NULL,'2021-01-30 05:58:08','2021-02-09 08:37:26',1,'4305c0646b67470c94f107406ce4223d',NULL,''),(6,'bhargav','Dolaria',NULL,NULL,'Bhargav@gmail.com',NULL,1,'$2y$10$6ALeV08ve51RE6SdN9NCgex0wzeXKRGtMLLefxvqNlrZGALjlJOW2','wpWuuljTt3jNHvIhLOL1ZYyIsfjdfKS9LHxdy8drhc1kwznkwYHTvpPrIjecmmgsnnHUDUvhKqsc5YH5',2,0,NULL,'2021-02-09 08:38:33','2021-02-09 08:38:33',1,'f95873b8dcad755b8da175a9cbf8c9c0',NULL,NULL),(10,'Priyanka','Vaishnav',NULL,NULL,'priyankastrivedge@gmail.com',NULL,1,NULL,NULL,2,0,'nn2iug6r2jw6gFAEn3pkzCfenrXwykAKPuQf4rH998ZBdIHAaornXfvWQ0qA','2021-03-01 11:16:59','2021-03-01 11:16:59',0,NULL,NULL,NULL),(11,'Bhargav','Test',NULL,NULL,'bhargavdolaria@gmail.com',NULL,1,'$2y$10$wLmP9cKybQNMLIRKyeMyB./NrHKoy1An9kijCd3EM1/okx94mnFZG','CsIDlpTJ37zunJrT49tjytRZMa1zi9iDdcSN56uY5tJnONNxwMV0xcRyekfuQ4uetrGpR7lbLMupeYcX',2,0,NULL,'2021-03-04 11:13:13','2021-03-04 11:13:13',0,'76b23299327b8cca332e72576af1f125',NULL,NULL),(12,'Akash','Patel',NULL,NULL,'akashpatel160@gmail.com',NULL,1,'$2y$10$WC7f08xYwqKiwJsyU5xPo.HhOavmx.heCIph3nttgv55a0J5RJE0m','xgUbnHawSKV52ciKsaR2SGatctkwfI9uxS59zvSLDkPhD6rckPPPSyCN0jjCIZj5oMFI2QybY4or9beQ',2,0,'UPpyQZCDKJEMCV8mGAbc50P9iZOgcWddqAuZF1WAANMkR4V5z6VC3Nlnxnjd','2021-03-05 02:15:05','2021-03-05 02:15:55',0,'50a6581461da1b88746c0f982dff430b',NULL,NULL),(13,'Keyur','Patel','Male','1988-07-08','kpatel@gmail.com',NULL,1,'$2y$10$/fWgiKxj7dpHDbYaAZIJJ.hspebFcVCBiql3UZ9HvANFOztx/zK7K',NULL,2,0,NULL,'2021-03-08 01:02:08','2021-07-03 04:01:33',1,NULL,'',''),(14,'Kuldeep','Panchal`','Male','1997-07-31','kuldeep.mscit19@gmail.com',NULL,1,'$2y$10$OIzP27VhhdZnLcnjAXj4fO2nvhwkMfNW9ZNGaBtJYJiwglShKBqEy','TrWGLPKw8oPgASzqWnBOhlPUIPPkwONtfmncMjXEF23gfdZ7YlsVGqQx3UeXf4sH3NvsAaiCJYILvLl2',3,0,NULL,'2021-03-13 05:08:32','2021-03-13 05:16:48',1,'NULL',NULL,'9166002646'),(15,'Keyur','Patel','Male','1988-07-08','kpatel4707@gmail.com','uploadImages/customer/1619530303.jpeg',1,'$2y$10$ebVxlnshgjWoyaQfuE5vIOvWLFtymJXol7G4aIMCeJQ6BBbLsUare',NULL,2,0,'CIwI2kL1N41WqmfNUvRfwbXMLS5mj1yoQGwDjLvzIStytPYPUjud9HQfta1u','2021-03-27 05:29:35','2021-06-30 05:28:40',1,'NULL',NULL,'9925114707'),(16,'Ravindra ','Radadiya',NULL,NULL,'info@zplusdisposable.com',NULL,1,'$2y$10$r9mEXAO8MqGOZTljAy5.YOxE0pX23CstBBBSJFuxBIJ3DrnKw.9xu','Preqx19nqLPilb0gIfWD4oAVACpEpGPBS3iLcXnfulJplK2dBpsWsMq5O4H7NHFMzgc8KlkmtZ4HyT8F',2,0,NULL,'2021-06-03 03:19:07','2021-06-03 04:44:57',1,'NULL',NULL,'8000673733'),(17,'Akash','Patel',NULL,NULL,'cortexproducts@gmail.com',NULL,1,'$2y$10$h.GEi55x2LkN3cFouThiruj97WBECw98DUJQy9FQ.hWcVOASEiE3u','5jCdzJtVDH2mfk4TGU4KyxeyHXv7RVTu8fWnQGSD7uLv0KHlaP7yktk7m8vGuS4OizVMI4VQ4d9kKabI',2,0,'TuxHh6SHr77YfZYMojds82pd3GwfHhVqwbuo9yPfZ4WqYp63Gj66tij9PT56','2021-06-03 12:19:11','2021-06-03 12:19:28',1,'NULL',NULL,'9859854143'),(20,'Kuldeep','Panchal','Male','0000-00-00','kuldeep.strivedge@gmail.com',NULL,1,'$2y$10$rue/Zaa3MKWTlfO.8mRn8OhPggNYwd7ueRIfkYh8WMsAWyNffThlu',NULL,2,0,NULL,'2021-06-12 03:58:08','2021-06-12 03:58:08',1,NULL,NULL,'');
/*!40000 ALTER TABLE `customers` ENABLE KEYS */;
UNLOCK TABLES;

--
-- Table structure for table `downloadable_link_purchased`
--

DROP TABLE IF EXISTS `downloadable_link_purchased`;
/*!40101 SET @saved_cs_client     = @@character_set_client */;
/*!50503 SET character_set_client = utf8mb4 */;
CREATE TABLE `downloadable_link_purchased` (
  `id` int unsigned NOT NULL AUTO_INCREMENT,
  `product_name` varchar(191) CHARACTER SET utf8mb4 COLLATE utf8mb4_unicode_ci DEFAULT NULL,
  `name` varchar(191) CHARACTER SET utf8mb4 COLLATE utf8mb4_unicode_ci DEFAULT NULL,
  `url` varchar(191) CHARACTER SET utf8mb4 COLLATE utf8mb4_unicode_ci DEFAULT NULL,
  `file` varchar(191) CHARACTER SET utf8mb4 COLLATE utf8mb4_unicode_ci DEFAULT NULL,
  `file_name` varchar(191) CHARACTER SET utf8mb4 COLLATE utf8mb4_unicode_ci DEFAULT NULL,
  `type` varchar(191) CHARACTER SET utf8mb4 COLLATE utf8mb4_unicode_ci NOT NULL,
  `download_bought` int NOT NULL DEFAULT '0',
  `download_used` int NOT NULL DEFAULT '0',
  `status` varchar(191) CHARACTER SET utf8mb4 COLLATE utf8mb4_unicode_ci DEFAULT NULL,
  `customer_id` int unsigned NOT NULL,
  `order_id` int unsigned NOT NULL,
  `order_item_id` int unsigned NOT NULL,
  `created_at` timestamp NULL DEFAULT NULL,
  `updated_at` timestamp NULL DEFAULT NULL,
  PRIMARY KEY (`id`),
  KEY `downloadable_link_purchased_customer_id_foreign` (`customer_id`),
  KEY `downloadable_link_purchased_order_id_foreign` (`order_id`),
  KEY `downloadable_link_purchased_order_item_id_foreign` (`order_item_id`),
  CONSTRAINT `downloadable_link_purchased_customer_id_foreign` FOREIGN KEY (`customer_id`) REFERENCES `customers` (`id`) ON DELETE CASCADE,
  CONSTRAINT `downloadable_link_purchased_order_id_foreign` FOREIGN KEY (`order_id`) REFERENCES `orders` (`id`) ON DELETE CASCADE,
  CONSTRAINT `downloadable_link_purchased_order_item_id_foreign` FOREIGN KEY (`order_item_id`) REFERENCES `order_items` (`id`) ON DELETE CASCADE
) ENGINE=InnoDB DEFAULT CHARSET=utf8mb4 COLLATE=utf8mb4_unicode_ci ROW_FORMAT=DYNAMIC;
/*!40101 SET character_set_client = @saved_cs_client */;

--
-- Dumping data for table `downloadable_link_purchased`
--

LOCK TABLES `downloadable_link_purchased` WRITE;
/*!40000 ALTER TABLE `downloadable_link_purchased` DISABLE KEYS */;
/*!40000 ALTER TABLE `downloadable_link_purchased` ENABLE KEYS */;
UNLOCK TABLES;

--
-- Table structure for table `inventory_sources`
--

DROP TABLE IF EXISTS `inventory_sources`;
/*!40101 SET @saved_cs_client     = @@character_set_client */;
/*!50503 SET character_set_client = utf8mb4 */;
CREATE TABLE `inventory_sources` (
  `id` int unsigned NOT NULL AUTO_INCREMENT,
  `code` varchar(191) CHARACTER SET utf8mb4 COLLATE utf8mb4_unicode_ci NOT NULL,
  `name` varchar(191) CHARACTER SET utf8mb4 COLLATE utf8mb4_unicode_ci NOT NULL,
  `description` text CHARACTER SET utf8mb4 COLLATE utf8mb4_unicode_ci,
  `contact_name` varchar(191) CHARACTER SET utf8mb4 COLLATE utf8mb4_unicode_ci NOT NULL,
  `contact_email` varchar(191) CHARACTER SET utf8mb4 COLLATE utf8mb4_unicode_ci NOT NULL,
  `contact_number` varchar(191) CHARACTER SET utf8mb4 COLLATE utf8mb4_unicode_ci NOT NULL,
  `contact_fax` varchar(191) CHARACTER SET utf8mb4 COLLATE utf8mb4_unicode_ci DEFAULT NULL,
  `country` varchar(191) CHARACTER SET utf8mb4 COLLATE utf8mb4_unicode_ci NOT NULL,
  `state` varchar(191) CHARACTER SET utf8mb4 COLLATE utf8mb4_unicode_ci NOT NULL,
  `city` varchar(191) CHARACTER SET utf8mb4 COLLATE utf8mb4_unicode_ci NOT NULL,
  `street` varchar(191) CHARACTER SET utf8mb4 COLLATE utf8mb4_unicode_ci NOT NULL,
  `postcode` varchar(191) CHARACTER SET utf8mb4 COLLATE utf8mb4_unicode_ci NOT NULL,
  `priority` int NOT NULL DEFAULT '0',
  `latitude` decimal(10,5) DEFAULT NULL,
  `longitude` decimal(10,5) DEFAULT NULL,
  `status` tinyint(1) NOT NULL DEFAULT '1',
  `created_at` timestamp NULL DEFAULT NULL,
  `updated_at` timestamp NULL DEFAULT NULL,
  PRIMARY KEY (`id`),
  UNIQUE KEY `inventory_sources_code_unique` (`code`)
) ENGINE=InnoDB AUTO_INCREMENT=3 DEFAULT CHARSET=utf8mb4 COLLATE=utf8mb4_unicode_ci ROW_FORMAT=DYNAMIC;
/*!40101 SET character_set_client = @saved_cs_client */;

--
-- Dumping data for table `inventory_sources`
--

LOCK TABLES `inventory_sources` WRITE;
/*!40000 ALTER TABLE `inventory_sources` DISABLE KEYS */;
INSERT INTO `inventory_sources` VALUES (1,'default','Default','','Detroit Warehouse','warehouse@example.com','1234567899','','US','MI','Detroit','12th Street','48127',0,0.00000,0.00000,0,NULL,'2021-03-19 10:16:47'),(2,'availablestock','Available Stock','sdfhu','Test','t@gmail.com','3456455','','IN','GJ','ahmedabad','fvg','46777',0,0.00000,0.00000,1,'2021-01-09 13:29:49','2021-03-19 10:18:34');
/*!40000 ALTER TABLE `inventory_sources` ENABLE KEYS */;
UNLOCK TABLES;

--
-- Table structure for table `invoice_items`
--

DROP TABLE IF EXISTS `invoice_items`;
/*!40101 SET @saved_cs_client     = @@character_set_client */;
/*!50503 SET character_set_client = utf8mb4 */;
CREATE TABLE `invoice_items` (
  `id` int unsigned NOT NULL AUTO_INCREMENT,
  `name` varchar(191) CHARACTER SET utf8mb4 COLLATE utf8mb4_unicode_ci DEFAULT NULL,
  `description` varchar(191) CHARACTER SET utf8mb4 COLLATE utf8mb4_unicode_ci DEFAULT NULL,
  `sku` varchar(191) CHARACTER SET utf8mb4 COLLATE utf8mb4_unicode_ci DEFAULT NULL,
  `qty` int DEFAULT NULL,
  `price` decimal(12,4) NOT NULL DEFAULT '0.0000',
  `base_price` decimal(12,4) NOT NULL DEFAULT '0.0000',
  `total` decimal(12,4) NOT NULL DEFAULT '0.0000',
  `base_total` decimal(12,4) NOT NULL DEFAULT '0.0000',
  `tax_amount` decimal(12,4) DEFAULT '0.0000',
  `base_tax_amount` decimal(12,4) DEFAULT '0.0000',
  `product_id` int unsigned DEFAULT NULL,
  `product_type` varchar(191) CHARACTER SET utf8mb4 COLLATE utf8mb4_unicode_ci DEFAULT NULL,
  `order_item_id` int unsigned DEFAULT NULL,
  `invoice_id` int unsigned DEFAULT NULL,
  `parent_id` int unsigned DEFAULT NULL,
  `additional` longtext CHARACTER SET utf8mb4 COLLATE utf8mb4_bin,
  `created_at` timestamp NULL DEFAULT NULL,
  `updated_at` timestamp NULL DEFAULT NULL,
  `discount_percent` decimal(12,4) DEFAULT '0.0000',
  `discount_amount` decimal(12,4) DEFAULT '0.0000',
  `base_discount_amount` decimal(12,4) DEFAULT '0.0000',
  PRIMARY KEY (`id`),
  KEY `invoice_items_invoice_id_foreign` (`invoice_id`),
  KEY `invoice_items_parent_id_foreign` (`parent_id`),
  CONSTRAINT `invoice_items_invoice_id_foreign` FOREIGN KEY (`invoice_id`) REFERENCES `invoices` (`id`) ON DELETE CASCADE,
  CONSTRAINT `invoice_items_parent_id_foreign` FOREIGN KEY (`parent_id`) REFERENCES `invoice_items` (`id`) ON DELETE CASCADE
) ENGINE=InnoDB AUTO_INCREMENT=8 DEFAULT CHARSET=utf8mb4 COLLATE=utf8mb4_unicode_ci ROW_FORMAT=DYNAMIC;
/*!40101 SET character_set_client = @saved_cs_client */;

--
-- Dumping data for table `invoice_items`
--

LOCK TABLES `invoice_items` WRITE;
/*!40000 ALTER TABLE `invoice_items` DISABLE KEYS */;
INSERT INTO `invoice_items` VALUES (1,'Test Product',NULL,'ssd',2,90.0000,90.0000,180.0000,180.0000,0.0000,0.0000,1,'Webkul\\Product\\Models\\Product',1,1,NULL,'{\"quantity\":2,\"product_id\":\"1\",\"_token\":\"kmXhAXt9nwgOnA4ij36dXo6QGo3QaoTCatBsBcWi\",\"locale\":\"en\"}','2021-01-09 13:15:33','2021-01-09 13:15:33',0.0000,0.0000,0.0000),(2,'Mac',NULL,'sdff',1,100000.0000,100000.0000,100000.0000,100000.0000,0.0000,0.0000,24,'Webkul\\Product\\Models\\Product',2,2,NULL,'{\"quantity\":1,\"product_id\":\"24\",\"_token\":\"V3jyrzamxHisYUoc8kRq99ivJwKWe6UOiyfoD0Ri\",\"locale\":\"en\"}','2021-01-09 13:45:27','2021-01-09 13:45:27',0.0000,0.0000,0.0000),(3,'PURELL Advanced Hand Sanitizer Refreshing Gel, Clean Scent, 1 fl oz Travel Size Flip-Cap Bottle with Display Bowl (Pack of 36)  3901-36-BWL',NULL,'0116',1,9.5000,9.5000,9.5000,9.5000,0.0000,0.0000,102,'Webkul\\Product\\Models\\Product',21,3,NULL,'{\"_token\":\"9iuWgM1NIJXJ2LYe2eUllRqszGhP2zgpv8U6vAZB\",\"product_id\":\"102\",\"quantity\":\"1\",\"locale\":\"en\"}','2021-02-11 02:51:46','2021-02-11 02:51:46',0.0000,0.0000,0.0000),(4,'albumdesignstore',NULL,'sumer1',1,10.4500,10.4500,10.4500,10.4500,0.0000,0.0000,105,'Webkul\\Product\\Models\\Product',22,4,NULL,'{\"quantity\":1,\"product_id\":\"105\",\"_token\":\"PiFDCofdrm5YvlwMqB7ElYHS4jryaozxB6bhROVK\",\"locale\":\"en\"}','2021-02-13 07:23:54','2021-02-13 07:23:54',0.0000,0.0000,0.0000),(5,'Face Shield, Disposable',NULL,'0108',1,1.0000,1.0000,1.0000,1.0000,0.0000,0.0000,94,'Webkul\\Product\\Models\\Product',27,5,NULL,'{\"_token\":\"1jVOZC6GFh3h0ZsqG7VwLwQItu4SoLmOSchSQaRJ\",\"product_id\":\"94\",\"quantity\":\"1\",\"status\":0,\"locale\":\"en\"}','2021-07-03 04:06:04','2021-07-03 04:06:04',0.0000,0.0000,0.0000),(6,'Disposable Protective Coveralls 63 GSM',NULL,'0106',1,10.0000,10.0000,10.0000,10.0000,0.0000,0.0000,92,'Webkul\\Product\\Models\\Product',28,5,NULL,'{\"_token\":\"1jVOZC6GFh3h0ZsqG7VwLwQItu4SoLmOSchSQaRJ\",\"product_id\":\"92\",\"quantity\":\"1\",\"status\":0,\"locale\":\"en\"}','2021-07-03 04:06:04','2021-07-03 04:06:04',0.0000,0.0000,0.0000),(7,'DP2040 - Fingertip Oximeter',NULL,'0114',2,1.1008,80.0000,2.2016,160.0000,0.0000,0.0000,100,'Webkul\\Product\\Models\\Product',26,6,NULL,'{\"_token\":\"1jVOZC6GFh3h0ZsqG7VwLwQItu4SoLmOSchSQaRJ\",\"product_id\":\"100\",\"quantity\":\"1\",\"status\":0,\"locale\":\"en\"}','2021-07-03 09:19:43','2021-07-03 09:19:43',0.0000,0.0000,0.0000);
/*!40000 ALTER TABLE `invoice_items` ENABLE KEYS */;
UNLOCK TABLES;

--
-- Table structure for table `invoices`
--

DROP TABLE IF EXISTS `invoices`;
/*!40101 SET @saved_cs_client     = @@character_set_client */;
/*!50503 SET character_set_client = utf8mb4 */;
CREATE TABLE `invoices` (
  `id` int unsigned NOT NULL AUTO_INCREMENT,
  `increment_id` varchar(191) CHARACTER SET utf8mb4 COLLATE utf8mb4_unicode_ci DEFAULT NULL,
  `state` varchar(191) CHARACTER SET utf8mb4 COLLATE utf8mb4_unicode_ci DEFAULT NULL,
  `email_sent` tinyint(1) NOT NULL DEFAULT '0',
  `total_qty` int DEFAULT NULL,
  `base_currency_code` varchar(191) CHARACTER SET utf8mb4 COLLATE utf8mb4_unicode_ci DEFAULT NULL,
  `channel_currency_code` varchar(191) CHARACTER SET utf8mb4 COLLATE utf8mb4_unicode_ci DEFAULT NULL,
  `order_currency_code` varchar(191) CHARACTER SET utf8mb4 COLLATE utf8mb4_unicode_ci DEFAULT NULL,
  `sub_total` decimal(12,4) DEFAULT '0.0000',
  `base_sub_total` decimal(12,4) DEFAULT '0.0000',
  `grand_total` decimal(12,4) DEFAULT '0.0000',
  `base_grand_total` decimal(12,4) DEFAULT '0.0000',
  `shipping_amount` decimal(12,4) DEFAULT '0.0000',
  `base_shipping_amount` decimal(12,4) DEFAULT '0.0000',
  `tax_amount` decimal(12,4) DEFAULT '0.0000',
  `base_tax_amount` decimal(12,4) DEFAULT '0.0000',
  `discount_amount` decimal(12,4) DEFAULT '0.0000',
  `base_discount_amount` decimal(12,4) DEFAULT '0.0000',
  `order_id` int unsigned DEFAULT NULL,
  `order_address_id` int unsigned DEFAULT NULL,
  `created_at` timestamp NULL DEFAULT NULL,
  `updated_at` timestamp NULL DEFAULT NULL,
  `transaction_id` varchar(191) CHARACTER SET utf8mb4 COLLATE utf8mb4_unicode_ci DEFAULT NULL,
  PRIMARY KEY (`id`),
  KEY `invoices_order_id_foreign` (`order_id`),
  KEY `invoices_order_address_id_foreign` (`order_address_id`),
  CONSTRAINT `invoices_order_id_foreign` FOREIGN KEY (`order_id`) REFERENCES `orders` (`id`) ON DELETE CASCADE
) ENGINE=InnoDB AUTO_INCREMENT=7 DEFAULT CHARSET=utf8mb4 COLLATE=utf8mb4_unicode_ci ROW_FORMAT=DYNAMIC;
/*!40101 SET character_set_client = @saved_cs_client */;

--
-- Dumping data for table `invoices`
--

LOCK TABLES `invoices` WRITE;
/*!40000 ALTER TABLE `invoices` DISABLE KEYS */;
INSERT INTO `invoices` VALUES (1,NULL,'paid',0,2,'USD','USD','USD',180.0000,180.0000,180.0000,180.0000,0.0000,0.0000,0.0000,0.0000,0.0000,0.0000,1,5,'2021-01-09 13:15:33','2021-01-09 13:15:33',NULL),(2,NULL,'paid',0,1,'USD','USD','USD',100000.0000,100000.0000,100000.0000,100000.0000,0.0000,0.0000,0.0000,0.0000,0.0000,0.0000,2,9,'2021-01-09 13:45:27','2021-01-09 13:45:28',NULL),(3,NULL,'paid',0,1,'USD','USD','USD',9.5000,9.5000,19.5000,19.5000,10.0000,10.0000,0.0000,0.0000,0.0000,0.0000,14,63,'2021-02-11 02:51:46','2021-02-11 02:51:46',NULL),(4,NULL,'paid',0,1,'USD','USD','USD',10.4500,10.4500,20.4500,20.4500,10.0000,10.0000,0.0000,0.0000,0.0000,0.0000,15,67,'2021-02-13 07:23:54','2021-02-13 07:23:54',NULL),(5,NULL,'paid',0,2,'INR','INR','INR',11.0000,11.0000,11.0000,11.0000,0.0000,0.0000,0.0000,0.0000,0.0000,0.0000,20,96,'2021-07-03 04:06:04','2021-07-03 04:06:04',NULL),(6,NULL,'paid',0,2,'INR','INR','USD',2.2016,160.0000,2.2016,160.0000,0.0000,0.0000,0.0000,0.0000,0.0000,0.0000,19,92,'2021-07-03 09:19:43','2021-07-03 09:19:43',NULL);
/*!40000 ALTER TABLE `invoices` ENABLE KEYS */;
UNLOCK TABLES;

--
-- Table structure for table `locales`
--

DROP TABLE IF EXISTS `locales`;
/*!40101 SET @saved_cs_client     = @@character_set_client */;
/*!50503 SET character_set_client = utf8mb4 */;
CREATE TABLE `locales` (
  `id` int unsigned NOT NULL AUTO_INCREMENT,
  `code` varchar(191) CHARACTER SET utf8mb4 COLLATE utf8mb4_unicode_ci NOT NULL,
  `name` varchar(191) CHARACTER SET utf8mb4 COLLATE utf8mb4_unicode_ci NOT NULL,
  `created_at` timestamp NULL DEFAULT NULL,
  `updated_at` timestamp NULL DEFAULT NULL,
  `direction` enum('ltr','rtl') CHARACTER SET utf8mb4 COLLATE utf8mb4_unicode_ci NOT NULL DEFAULT 'ltr',
  `locale_image` text CHARACTER SET utf8mb4 COLLATE utf8mb4_unicode_ci,
  PRIMARY KEY (`id`),
  UNIQUE KEY `locales_code_unique` (`code`)
) ENGINE=InnoDB AUTO_INCREMENT=2 DEFAULT CHARSET=utf8mb4 COLLATE=utf8mb4_unicode_ci ROW_FORMAT=DYNAMIC;
/*!40101 SET character_set_client = @saved_cs_client */;

--
-- Dumping data for table `locales`
--

LOCK TABLES `locales` WRITE;
/*!40000 ALTER TABLE `locales` DISABLE KEYS */;
INSERT INTO `locales` VALUES (1,'en','English',NULL,NULL,'ltr',NULL);
/*!40000 ALTER TABLE `locales` ENABLE KEYS */;
UNLOCK TABLES;

--
-- Table structure for table `master_festival`
--

DROP TABLE IF EXISTS `master_festival`;
/*!40101 SET @saved_cs_client     = @@character_set_client */;
/*!50503 SET character_set_client = utf8mb4 */;
CREATE TABLE `master_festival` (
  `id` int unsigned NOT NULL AUTO_INCREMENT,
  `title` varchar(191) CHARACTER SET utf8mb4 COLLATE utf8mb4_unicode_ci DEFAULT NULL,
  `short_desc` longtext CHARACTER SET utf8mb4 COLLATE utf8mb4_unicode_ci,
  `long_desc` longtext CHARACTER SET utf8mb4 COLLATE utf8mb4_unicode_ci,
  `image` varchar(191) CHARACTER SET utf8mb4 COLLATE utf8mb4_unicode_ci DEFAULT NULL,
  `start_date` date DEFAULT NULL,
  `end_date` date DEFAULT NULL,
  `status` tinyint(1) NOT NULL DEFAULT '0',
  `created_at` timestamp NULL DEFAULT NULL,
  `updated_at` timestamp NULL DEFAULT NULL,
  PRIMARY KEY (`id`)
) ENGINE=InnoDB AUTO_INCREMENT=2 DEFAULT CHARSET=utf8mb4 COLLATE=utf8mb4_unicode_ci ROW_FORMAT=DYNAMIC;
/*!40101 SET character_set_client = @saved_cs_client */;

--
-- Dumping data for table `master_festival`
--

LOCK TABLES `master_festival` WRITE;
/*!40000 ALTER TABLE `master_festival` DISABLE KEYS */;
INSERT INTO `master_festival` VALUES (1,'New sale is alive','Don\'t miss out ','Get exciting Offers','uploadImages/festival/1614171649.png','2021-02-24','2021-04-25',1,'2021-02-24 10:30:49','2021-03-26 11:10:30');
/*!40000 ALTER TABLE `master_festival` ENABLE KEYS */;
UNLOCK TABLES;

--
-- Table structure for table `master_festival_products`
--

DROP TABLE IF EXISTS `master_festival_products`;
/*!40101 SET @saved_cs_client     = @@character_set_client */;
/*!50503 SET character_set_client = utf8mb4 */;
CREATE TABLE `master_festival_products` (
  `parent_id` int unsigned NOT NULL,
  `product_id` int unsigned NOT NULL,
  KEY `master_festival_products_parent_id_foreign` (`parent_id`),
  KEY `master_festival_products_product_id_foreign` (`product_id`),
  CONSTRAINT `master_festival_products_parent_id_foreign` FOREIGN KEY (`parent_id`) REFERENCES `master_festival` (`id`) ON DELETE CASCADE,
  CONSTRAINT `master_festival_products_product_id_foreign` FOREIGN KEY (`product_id`) REFERENCES `products` (`id`) ON DELETE CASCADE
) ENGINE=InnoDB DEFAULT CHARSET=utf8mb4 COLLATE=utf8mb4_unicode_ci ROW_FORMAT=DYNAMIC;
/*!40101 SET character_set_client = @saved_cs_client */;

--
-- Dumping data for table `master_festival_products`
--

LOCK TABLES `master_festival_products` WRITE;
/*!40000 ALTER TABLE `master_festival_products` DISABLE KEYS */;
INSERT INTO `master_festival_products` VALUES (1,101),(1,103),(1,97);
/*!40000 ALTER TABLE `master_festival_products` ENABLE KEYS */;
UNLOCK TABLES;

--
-- Table structure for table `master_offer`
--

DROP TABLE IF EXISTS `master_offer`;
/*!40101 SET @saved_cs_client     = @@character_set_client */;
/*!50503 SET character_set_client = utf8mb4 */;
CREATE TABLE `master_offer` (
  `id` int NOT NULL AUTO_INCREMENT,
  `title` varchar(255) CHARACTER SET utf8 COLLATE utf8_unicode_ci DEFAULT NULL,
  `description` text CHARACTER SET utf8 COLLATE utf8_unicode_ci,
  `image` varchar(255) CHARACTER SET utf8 COLLATE utf8_unicode_ci DEFAULT NULL,
  `start_date` datetime DEFAULT NULL,
  `end_date` datetime DEFAULT NULL,
  `status` tinyint(1) DEFAULT NULL,
  `created_at` timestamp NULL DEFAULT CURRENT_TIMESTAMP,
  `updated_at` timestamp NULL DEFAULT CURRENT_TIMESTAMP ON UPDATE CURRENT_TIMESTAMP,
  PRIMARY KEY (`id`)
) ENGINE=InnoDB DEFAULT CHARSET=utf8mb3 COLLATE=utf8_unicode_ci;
/*!40101 SET character_set_client = @saved_cs_client */;

--
-- Dumping data for table `master_offer`
--

LOCK TABLES `master_offer` WRITE;
/*!40000 ALTER TABLE `master_offer` DISABLE KEYS */;
/*!40000 ALTER TABLE `master_offer` ENABLE KEYS */;
UNLOCK TABLES;

--
-- Table structure for table `master_offer_gallary`
--

DROP TABLE IF EXISTS `master_offer_gallary`;
/*!40101 SET @saved_cs_client     = @@character_set_client */;
/*!50503 SET character_set_client = utf8mb4 */;
CREATE TABLE `master_offer_gallary` (
  `id` int unsigned NOT NULL AUTO_INCREMENT,
  `title` varchar(191) CHARACTER SET utf8mb4 COLLATE utf8mb4_unicode_ci NOT NULL,
  `image` varchar(191) CHARACTER SET utf8mb4 COLLATE utf8mb4_unicode_ci NOT NULL,
  `status` tinyint(1) NOT NULL DEFAULT '0',
  `created_at` timestamp NULL DEFAULT NULL,
  `updated_at` timestamp NULL DEFAULT NULL,
  PRIMARY KEY (`id`)
) ENGINE=InnoDB AUTO_INCREMENT=3 DEFAULT CHARSET=utf8mb4 COLLATE=utf8mb4_unicode_ci ROW_FORMAT=DYNAMIC;
/*!40101 SET character_set_client = @saved_cs_client */;

--
-- Dumping data for table `master_offer_gallary`
--

LOCK TABLES `master_offer_gallary` WRITE;
/*!40000 ALTER TABLE `master_offer_gallary` DISABLE KEYS */;
INSERT INTO `master_offer_gallary` VALUES (1,'Online Medical Deal 1','uploadImages/offerGallary/1620040550.png',1,'2021-05-03 08:45:50','2021-05-03 08:45:50'),(2,'Online Medical Deal','uploadImages/offerGallary/1620040643.png',1,'2021-05-03 08:47:23','2021-05-03 08:47:23');
/*!40000 ALTER TABLE `master_offer_gallary` ENABLE KEYS */;
UNLOCK TABLES;

--
-- Table structure for table `master_offers`
--

DROP TABLE IF EXISTS `master_offers`;
/*!40101 SET @saved_cs_client     = @@character_set_client */;
/*!50503 SET character_set_client = utf8mb4 */;
CREATE TABLE `master_offers` (
  `id` bigint unsigned NOT NULL AUTO_INCREMENT,
  `title` varchar(100) CHARACTER SET utf8mb4 COLLATE utf8mb4_unicode_ci DEFAULT NULL,
  `desc` longtext CHARACTER SET utf8mb4 COLLATE utf8mb4_unicode_ci,
  `image` varchar(191) CHARACTER SET utf8mb4 COLLATE utf8mb4_unicode_ci DEFAULT NULL,
  `start_date` date DEFAULT NULL,
  `end_date` date DEFAULT NULL,
  `status` tinyint(1) DEFAULT NULL,
  `created_at` timestamp NULL DEFAULT CURRENT_TIMESTAMP,
  `updated_at` timestamp NULL DEFAULT NULL ON UPDATE CURRENT_TIMESTAMP,
  PRIMARY KEY (`id`)
) ENGINE=InnoDB AUTO_INCREMENT=8 DEFAULT CHARSET=utf8mb4 COLLATE=utf8mb4_unicode_ci ROW_FORMAT=DYNAMIC;
/*!40101 SET character_set_client = @saved_cs_client */;

--
-- Dumping data for table `master_offers`
--

LOCK TABLES `master_offers` WRITE;
/*!40000 ALTER TABLE `master_offers` DISABLE KEYS */;
INSERT INTO `master_offers` VALUES (6,'FREE Shipping on All Equipments Value above Rs. 40000','FREE Shipping on All Equipments Value above Rs. 40000','uploadImages/offer/1614315916.png','2021-01-01','2022-03-31',1,'2021-01-20 07:09:42','2021-02-26 02:35:16'),(7,'Get 30% off','Get 30% off','uploadImages/offer/1617012063.png','2021-03-29','2022-01-30',1,'2021-03-29 07:31:03','2021-07-05 05:20:00');
/*!40000 ALTER TABLE `master_offers` ENABLE KEYS */;
UNLOCK TABLES;

--
-- Table structure for table `master_posts`
--

DROP TABLE IF EXISTS `master_posts`;
/*!40101 SET @saved_cs_client     = @@character_set_client */;
/*!50503 SET character_set_client = utf8mb4 */;
CREATE TABLE `master_posts` (
  `id` bigint unsigned NOT NULL AUTO_INCREMENT,
  `title` varchar(100) CHARACTER SET utf8mb4 COLLATE utf8mb4_unicode_ci DEFAULT NULL,
  `image` varchar(100) CHARACTER SET utf8mb4 COLLATE utf8mb4_unicode_ci DEFAULT NULL,
  `slug` varchar(250) CHARACTER SET utf8mb4 COLLATE utf8mb4_unicode_ci DEFAULT NULL,
  `content` longtext CHARACTER SET utf8mb4 COLLATE utf8mb4_unicode_ci,
  `date` date DEFAULT NULL,
  `created_at` timestamp NULL DEFAULT NULL,
  `updated_at` timestamp NULL DEFAULT NULL,
  PRIMARY KEY (`id`),
  UNIQUE KEY `slug` (`slug`)
) ENGINE=InnoDB AUTO_INCREMENT=6 DEFAULT CHARSET=utf8mb4 COLLATE=utf8mb4_unicode_ci ROW_FORMAT=DYNAMIC;
/*!40101 SET character_set_client = @saved_cs_client */;

--
-- Dumping data for table `master_posts`
--

LOCK TABLES `master_posts` WRITE;
/*!40000 ALTER TABLE `master_posts` DISABLE KEYS */;
INSERT INTO `master_posts` VALUES (1,'Cpap & Bipap','uploadImages/blogs/1614315937.png','cpap-bipap','People with the most common form of obstructive sleep apnea usually start treatment with CPAP or AutoCPAP. Bilevel, or BiPAP, is more often used to treat central sleep apnea, which is characterized by pauses in breathing without obstruction of the airway.','2021-01-23',NULL,'2021-06-05 04:49:33'),(2,'Syringe Pump','uploadImages/blogs/1614315948.png','syringe-pump','A syringe pump is a motor-driven precision pump that uses one or more syringes to deliver precise and accurate amounts of fluid in high-impact research environments. Types of Syringe Pumps There are two broad types of pumps: Laboratory syringe pump and Medical infusion pump.','2021-01-23',NULL,'2021-06-05 04:35:28'),(3,'Ventilator','uploadImages/blogs/1614315958.png','ventilator','A ventilator is a machine that provides mechanical ventilation by moving breathable air into and out of the lungs, to deliver breaths to a patient who is physically unable to breathe, or breathing insufficiently. Ventilators are computerized microprocessor-controlled machines, but patients can also be ventilated with a simple, hand-operated bag valve mask. Ventilators are chiefly used in intensive-care medicine, home care, and emergency medicine (as standalone units) and in anesthesiology (as a component of an anesthesia machine).','2021-01-23',NULL,'2021-06-05 04:38:58'),(4,'ECG','uploadImages/blogs/1614315968.png','ecg','An ECG records the rhythm and activity of the heart on a moving paper strip or line on a screen. In other words ECG machine is the physiological function detecting equipment to record waveform of electric activity of the heart.','2021-01-23',NULL,'2021-06-05 04:36:56'),(5,'Why 3-Ply Surgical Masks Are Safer Than Cloth Masks','uploadImages/blogs/1625471584.jpeg','-surgical-masks-are-safer-than-cloth-masks','Why 3-Ply Surgical Masks Are Safer Than Cloth Masks\r\n\r\nMasks are one of the most comprehensive measures for minimising the transmission of Viruses & Bacteria shed in droplets and aerosols. With the outbreak of COVID19, face masks have become crucial for everyone. Ranging from a common man to a medical professional, everybody is seen donning a mask, especially in public areas where the risk of contamination is much higher.\r\n\r\nOne has also been witnessing an ever-growing trend of matching the face mask with a variety of outfits. Contrary to the fashion statement it makes, cloth masks are highly risky and can put you and your loved ones in grave danger.\r\n\r\nAs per the U.S. FDA, Food & Drug Association, a surgical mask is a loose-fitting disposable mask that creates a barrier between the mouth & nose of the wearer and potential contaminants in the vicinity. Having said that, certified Surgical Masks are subjected to specific regulations and stringent quality control measures that are not possible in regular Cloth Masks.\r\n\r\nWe have tried to draw a comparison between the two to show you why one should opt only for certified 3-Ply Surgical Face Masks.\r\n\r\nComplete 3-Layer Protection\r\n\r\n3-Ply Surgical Face Masks have been extremely common amongst doctors, surgeons, and paramedical personnel for a long time. However, with the onset of Covid19, these have started gaining momentum among the general population as well. \r\n\r\nTo talk about the credibility of 3-Ply Surgical Face Masks, they boast of long-standing research against their cloth counterpart that doesnt have enough data to support their effectiveness. As the name suggests, 3-Ply Surgical Face Masks are engineered with a 3-layer technology that includes two layers of non-woven fabric with a protective layer of the melt-blown filter in the middle. These masks effectively protect the wearer from around 99% of Bacteria & Viruses shed in droplets and aerosols.\r\n\r\nCloth masks, on the other hand, do not have a melt-blown filter or multiple layers to provide adequate protection against splashes or large-particle droplets released in the air.\r\n\r\nProper Fit\r\n\r\nProper fit of a face mask is of utmost importance to prevent the seepage of any harmful airborne particles from the corners. One needs to make sure that the face and nose of the wearer are covered at all times. Licensed 3-Ply Surgical Face Masks guarantee an absolute snug fit experience thanks to their stretchable elastic ear loops and an adjustable nose bridge. This ensures no leakage from the edge of the mask, leaving the wearer secure and safe.\r\n\r\nOn the other hand, Cloth Masks are not disposable, and the stretchable elastic loops tend to loosen with time. These masks usually do not have a nose bridge, leaving a significant gap around the nose area.  \r\n\r\nWhile choosing a mask, one has to make sure that it\'s comfortable to avoid touching the front of the mask unnecessarily. Usually, this is the area that is most contaminated.\r\n\r\nDisposable\r\n\r\n3-Ply Surgical Face Masks are made for one-time use only. This makes them safer by reducing the risk of contamination. Masks may contain bacteria or viruses on the outside, and thus it is best recommended to dispose them of responsibly. Cloth masks, though laundered regularly, might not be able to wash out the bacteria completely.\r\n\r\nTroubled Breathing\r\n\r\nPeople suffering from asthma, sinusitis, or any other breathing difficulties can wear surgical masks for shorter periods. Cloth masks, especially those crafted from polyester or other synthetic fabrics, can be quite suffocating. 3-Ply Surgical masks are crafted from fine non-woven fabrics that make breathing easier.\r\n\r\nTo conclude, one can say that 3-Ply Face Masks are an effective way to prevent the spread of not only the novel Coronavirus, but also provide adequate protection against dust, pollutants, and other harmful elements present in the air. Wearing an effective mask is imperative to prevent the spread of the virus. Cloth masks, though fancy, are much less effective than the 3-Ply Face Masks. While choosing a mask, one has to consider the material it\'s made from, the comfort it guarantees, and most importantly the fit it offers.','2021-07-05','2021-07-05 05:23:04','2021-07-05 05:23:04');
/*!40000 ALTER TABLE `master_posts` ENABLE KEYS */;
UNLOCK TABLES;

--
-- Table structure for table `master_product_discount`
--

DROP TABLE IF EXISTS `master_product_discount`;
/*!40101 SET @saved_cs_client     = @@character_set_client */;
/*!50503 SET character_set_client = utf8mb4 */;
CREATE TABLE `master_product_discount` (
  `id` int unsigned NOT NULL AUTO_INCREMENT,
  `discount_type` varchar(191) CHARACTER SET utf8mb4 COLLATE utf8mb4_unicode_ci DEFAULT NULL,
  `percentage` varchar(191) CHARACTER SET utf8mb4 COLLATE utf8mb4_unicode_ci DEFAULT NULL,
  `discount_condition` varchar(191) CHARACTER SET utf8mb4 COLLATE utf8mb4_unicode_ci DEFAULT NULL,
  `discount_qty` varchar(191) CHARACTER SET utf8mb4 COLLATE utf8mb4_unicode_ci DEFAULT NULL,
  `discount_purchase` varchar(191) CHARACTER SET utf8mb4 COLLATE utf8mb4_unicode_ci DEFAULT NULL,
  `discount_by` varchar(191) CHARACTER SET utf8mb4 COLLATE utf8mb4_unicode_ci DEFAULT NULL,
  `status` tinyint(1) NOT NULL DEFAULT '0',
  `created_at` timestamp NULL DEFAULT NULL,
  `updated_at` timestamp NULL DEFAULT NULL,
  PRIMARY KEY (`id`)
) ENGINE=InnoDB DEFAULT CHARSET=utf8mb4 COLLATE=utf8mb4_unicode_ci ROW_FORMAT=DYNAMIC;
/*!40101 SET character_set_client = @saved_cs_client */;

--
-- Dumping data for table `master_product_discount`
--

LOCK TABLES `master_product_discount` WRITE;
/*!40000 ALTER TABLE `master_product_discount` DISABLE KEYS */;
/*!40000 ALTER TABLE `master_product_discount` ENABLE KEYS */;
UNLOCK TABLES;

--
-- Table structure for table `master_tabsection`
--

DROP TABLE IF EXISTS `master_tabsection`;
/*!40101 SET @saved_cs_client     = @@character_set_client */;
/*!50503 SET character_set_client = utf8mb4 */;
CREATE TABLE `master_tabsection` (
  `id` int unsigned NOT NULL AUTO_INCREMENT,
  `category_id` varchar(191) CHARACTER SET utf8mb4 COLLATE utf8mb4_unicode_ci DEFAULT NULL,
  `created_at` timestamp NULL DEFAULT NULL,
  `updated_at` timestamp NULL DEFAULT NULL,
  PRIMARY KEY (`id`)
) ENGINE=InnoDB AUTO_INCREMENT=2 DEFAULT CHARSET=utf8mb4 COLLATE=utf8mb4_unicode_ci ROW_FORMAT=DYNAMIC;
/*!40101 SET character_set_client = @saved_cs_client */;

--
-- Dumping data for table `master_tabsection`
--

LOCK TABLES `master_tabsection` WRITE;
/*!40000 ALTER TABLE `master_tabsection` DISABLE KEYS */;
INSERT INTO `master_tabsection` VALUES (1,'','2021-03-30 21:36:18','2021-05-19 06:10:08');
/*!40000 ALTER TABLE `master_tabsection` ENABLE KEYS */;
UNLOCK TABLES;

--
-- Table structure for table `master_testinominal`
--

DROP TABLE IF EXISTS `master_testinominal`;
/*!40101 SET @saved_cs_client     = @@character_set_client */;
/*!50503 SET character_set_client = utf8mb4 */;
CREATE TABLE `master_testinominal` (
  `id` bigint unsigned NOT NULL AUTO_INCREMENT,
  `title` varchar(100) CHARACTER SET utf8mb4 COLLATE utf8mb4_unicode_ci DEFAULT NULL,
  `image` varchar(100) CHARACTER SET utf8mb4 COLLATE utf8mb4_unicode_ci DEFAULT NULL,
  `desc` longtext CHARACTER SET utf8mb4 COLLATE utf8mb4_unicode_ci,
  `date` date DEFAULT NULL,
  `created_at` timestamp NULL DEFAULT CURRENT_TIMESTAMP,
  `updated_at` timestamp NULL DEFAULT CURRENT_TIMESTAMP ON UPDATE CURRENT_TIMESTAMP,
  PRIMARY KEY (`id`)
) ENGINE=InnoDB AUTO_INCREMENT=12 DEFAULT CHARSET=utf8mb4 COLLATE=utf8mb4_unicode_ci ROW_FORMAT=DYNAMIC;
/*!40101 SET character_set_client = @saved_cs_client */;

--
-- Dumping data for table `master_testinominal`
--

LOCK TABLES `master_testinominal` WRITE;
/*!40000 ALTER TABLE `master_testinominal` DISABLE KEYS */;
INSERT INTO `master_testinominal` VALUES (2,'Nancy Rice','uploadImages/testinominal/1614315987.png','Lorem Ipsum is simply dummy text of the printing and typesetting industry. Lorem Ipsum has been1500s.','2021-01-01',NULL,'2021-02-26 02:36:27'),(3,'Julian Fernandez','uploadImages/testinominal/1614315997.png','Lorem Ipsum is simply dummy text of the printing and typesetting industry. Lorem Ipsum has been1500s.','2021-01-01',NULL,'2021-02-26 02:36:37'),(5,'Jordan Porter','uploadImages/testinominal/1614316007.png','Lorem Ipsum is simply dummy text of the printing and typesetting industry. Lorem Ipsum has been1500s.','2021-01-23','2021-01-23 05:40:54','2021-02-26 02:36:47'),(6,'Magentech','uploadImages/testinominal/1614316016.png','Lorem Ipsum is simply dummy text of the printing and typesetting industry. Lorem Ipsum has been1500s.','2021-01-23','2021-01-23 05:41:28','2021-02-26 02:36:56'),(7,'Kuldeep Panchal','uploadImages/testinominal/1614316026.png','Lorem Ipsum is simply dummy text of the printing and typesetting industry. Lorem Ipsum has been1500s.','2021-01-23','2021-01-23 05:42:43','2021-02-26 02:37:06'),(8,'Sandeep Chouhan','uploadImages/testinominal/1614316038.png','Lorem Ipsum is simply dummy text of the printing and typesetting industry. Lorem Ipsum has been1500s.','2021-01-23','2021-01-23 05:43:10','2021-02-26 02:37:18'),(10,'Kishan Parikh','uploadImages/testinominal/1614316048.png','Lorem Ipsum is simply dummy text of the printing and typesetting industry. Lorem Ipsum has been1500s.','2021-01-23','2021-01-23 05:44:10','2021-02-26 02:37:28'),(11,'Ravindra Radadiya','uploadImages/testinominal/1625471262.jpeg','we buy product of plastic gloves from Zepomart.','2021-07-05','2021-07-05 05:17:42','2021-07-05 05:17:42');
/*!40000 ALTER TABLE `master_testinominal` ENABLE KEYS */;
UNLOCK TABLES;

--
-- Table structure for table `master_zip_codes`
--

DROP TABLE IF EXISTS `master_zip_codes`;
/*!40101 SET @saved_cs_client     = @@character_set_client */;
/*!50503 SET character_set_client = utf8mb4 */;
CREATE TABLE `master_zip_codes` (
  `id` int unsigned NOT NULL AUTO_INCREMENT,
  `area_name` varchar(191) CHARACTER SET utf8mb4 COLLATE utf8mb4_unicode_ci DEFAULT NULL,
  `zipcode` varchar(191) CHARACTER SET utf8mb4 COLLATE utf8mb4_unicode_ci NOT NULL,
  `status` tinyint(1) NOT NULL DEFAULT '0',
  `created_at` timestamp NULL DEFAULT NULL,
  `updated_at` timestamp NULL DEFAULT NULL,
  PRIMARY KEY (`id`),
  UNIQUE KEY `master_zip_codes_zipcode_unique` (`zipcode`)
) ENGINE=InnoDB AUTO_INCREMENT=9 DEFAULT CHARSET=utf8mb4 COLLATE=utf8mb4_unicode_ci ROW_FORMAT=DYNAMIC;
/*!40101 SET character_set_client = @saved_cs_client */;

--
-- Dumping data for table `master_zip_codes`
--

LOCK TABLES `master_zip_codes` WRITE;
/*!40000 ALTER TABLE `master_zip_codes` DISABLE KEYS */;
INSERT INTO `master_zip_codes` VALUES (1,'Law Garden Ahmedabad','380009',1,'2021-03-24 19:49:40','2021-03-24 19:49:40'),(2,'Ramdev Nagar, Ahmedabad','380015',0,'2021-03-24 19:50:56','2021-03-24 19:50:56'),(3,'Vejalpur Ahmadabad','380051',1,'2021-03-24 19:52:37','2021-03-24 19:52:37'),(4,'Vastral Ahmedabad','382418',1,'2021-03-24 19:54:12','2021-04-04 19:38:40'),(5,'Vastrapur Ahmedabad','380059',1,'2021-03-24 19:55:24','2021-03-24 19:55:24'),(6,'BapuNagar','380024',0,'2021-03-26 21:54:03','2021-04-04 19:39:24'),(7,'Amreli','365455',1,'2021-04-04 19:41:01','2021-04-04 19:41:01'),(8,'savarkundla','364515',1,'2021-04-04 19:42:13','2021-04-14 02:55:52');
/*!40000 ALTER TABLE `master_zip_codes` ENABLE KEYS */;
UNLOCK TABLES;

--
-- Table structure for table `migrations`
--

DROP TABLE IF EXISTS `migrations`;
/*!40101 SET @saved_cs_client     = @@character_set_client */;
/*!50503 SET character_set_client = utf8mb4 */;
CREATE TABLE `migrations` (
  `id` int unsigned NOT NULL AUTO_INCREMENT,
  `migration` varchar(191) CHARACTER SET utf8mb4 COLLATE utf8mb4_unicode_ci NOT NULL,
  `batch` int NOT NULL,
  PRIMARY KEY (`id`)
) ENGINE=InnoDB AUTO_INCREMENT=200 DEFAULT CHARSET=utf8mb4 COLLATE=utf8mb4_unicode_ci ROW_FORMAT=DYNAMIC;
/*!40101 SET character_set_client = @saved_cs_client */;

--
-- Dumping data for table `migrations`
--

LOCK TABLES `migrations` WRITE;
/*!40000 ALTER TABLE `migrations` DISABLE KEYS */;
INSERT INTO `migrations` VALUES (1,'2014_10_12_000000_create_users_table',1),(2,'2014_10_12_100000_create_admin_password_resets_table',1),(3,'2014_10_12_100000_create_password_resets_table',1),(4,'2018_06_12_111907_create_admins_table',1),(5,'2018_06_13_055341_create_roles_table',1),(6,'2018_07_05_130148_create_attributes_table',1),(7,'2018_07_05_132854_create_attribute_translations_table',1),(8,'2018_07_05_135150_create_attribute_families_table',1),(9,'2018_07_05_135152_create_attribute_groups_table',1),(10,'2018_07_05_140832_create_attribute_options_table',1),(11,'2018_07_05_140856_create_attribute_option_translations_table',1),(12,'2018_07_05_142820_create_categories_table',1),(13,'2018_07_10_055143_create_locales_table',1),(14,'2018_07_20_054426_create_countries_table',1),(15,'2018_07_20_054502_create_currencies_table',1),(16,'2018_07_20_054542_create_currency_exchange_rates_table',1),(17,'2018_07_20_064849_create_channels_table',1),(18,'2018_07_21_142836_create_category_translations_table',1),(19,'2018_07_23_110040_create_inventory_sources_table',1),(20,'2018_07_24_082635_create_customer_groups_table',1),(21,'2018_07_24_082930_create_customers_table',1),(22,'2018_07_24_083025_create_customer_addresses_table',1),(23,'2018_07_27_065727_create_products_table',1),(24,'2018_07_27_070011_create_product_attribute_values_table',1),(25,'2018_07_27_092623_create_product_reviews_table',1),(26,'2018_07_27_113941_create_product_images_table',1),(27,'2018_07_27_113956_create_product_inventories_table',1),(28,'2018_08_03_114203_create_sliders_table',1),(29,'2018_08_30_064755_create_tax_categories_table',1),(30,'2018_08_30_065042_create_tax_rates_table',1),(31,'2018_08_30_065840_create_tax_mappings_table',1),(32,'2018_09_05_150444_create_cart_table',1),(33,'2018_09_05_150915_create_cart_items_table',1),(34,'2018_09_11_064045_customer_password_resets',1),(35,'2018_09_19_092845_create_cart_address',1),(36,'2018_09_19_093453_create_cart_payment',1),(37,'2018_09_19_093508_create_cart_shipping_rates_table',1),(38,'2018_09_20_060658_create_core_config_table',1),(39,'2018_09_27_113154_create_orders_table',1),(40,'2018_09_27_113207_create_order_items_table',1),(41,'2018_09_27_113405_create_order_address_table',1),(42,'2018_09_27_115022_create_shipments_table',1),(43,'2018_09_27_115029_create_shipment_items_table',1),(44,'2018_09_27_115135_create_invoices_table',1),(45,'2018_09_27_115144_create_invoice_items_table',1),(46,'2018_10_01_095504_create_order_payment_table',1),(47,'2018_10_03_025230_create_wishlist_table',1),(48,'2018_10_12_101803_create_country_translations_table',1),(49,'2018_10_12_101913_create_country_states_table',1),(50,'2018_10_12_101923_create_country_state_translations_table',1),(51,'2018_11_15_153257_alter_order_table',1),(52,'2018_11_15_163729_alter_invoice_table',1),(53,'2018_11_16_173504_create_subscribers_list_table',1),(54,'2018_11_17_165758_add_is_verified_column_in_customers_table',1),(55,'2018_11_21_144411_create_cart_item_inventories_table',1),(56,'2018_11_26_110500_change_gender_column_in_customers_table',1),(57,'2018_11_27_174449_change_content_column_in_sliders_table',1),(58,'2018_12_05_132625_drop_foreign_key_core_config_table',1),(59,'2018_12_05_132629_alter_core_config_table',1),(60,'2018_12_06_185202_create_product_flat_table',1),(61,'2018_12_21_101307_alter_channels_table',1),(62,'2018_12_24_123812_create_channel_inventory_sources_table',1),(63,'2018_12_24_184402_alter_shipments_table',1),(64,'2018_12_26_165327_create_product_ordered_inventories_table',1),(65,'2018_12_31_161114_alter_channels_category_table',1),(66,'2019_01_11_122452_add_vendor_id_column_in_product_inventories_table',1),(67,'2019_01_25_124522_add_updated_at_column_in_product_flat_table',1),(68,'2019_01_29_123053_add_min_price_and_max_price_column_in_product_flat_table',1),(69,'2019_01_31_164117_update_value_column_type_to_text_in_core_config_table',1),(70,'2019_02_21_145238_alter_product_reviews_table',1),(71,'2019_02_21_152709_add_swatch_type_column_in_attributes_table',1),(72,'2019_02_21_153035_alter_customer_id_in_product_reviews_table',1),(73,'2019_02_21_153851_add_swatch_value_columns_in_attribute_options_table',1),(74,'2019_03_15_123337_add_display_mode_column_in_categories_table',1),(75,'2019_03_28_103658_add_notes_column_in_customers_table',1),(76,'2019_04_24_155820_alter_product_flat_table',1),(77,'2019_05_13_024320_remove_tables',1),(78,'2019_05_13_024321_create_cart_rules_table',1),(79,'2019_05_13_024322_create_cart_rule_channels_table',1),(80,'2019_05_13_024323_create_cart_rule_customer_groups_table',1),(81,'2019_05_13_024324_create_cart_rule_translations_table',1),(82,'2019_05_13_024325_create_cart_rule_customers_table',1),(83,'2019_05_13_024326_create_cart_rule_coupons_table',1),(84,'2019_05_13_024327_create_cart_rule_coupon_usage_table',1),(85,'2019_05_22_165833_update_zipcode_column_type_to_varchar_in_cart_address_table',1),(86,'2019_05_23_113407_add_remaining_column_in_product_flat_table',1),(87,'2019_05_23_155520_add_discount_columns_in_invoice_items_table',1),(88,'2019_05_23_184029_rename_discount_columns_in_cart_table',1),(89,'2019_06_04_114009_add_phone_column_in_customers_table',1),(90,'2019_06_06_195905_update_custom_price_to_nullable_in_cart_items',1),(91,'2019_06_15_183412_add_code_column_in_customer_groups_table',1),(92,'2019_06_17_180258_create_product_downloadable_samples_table',1),(93,'2019_06_17_180314_create_product_downloadable_sample_translations_table',1),(94,'2019_06_17_180325_create_product_downloadable_links_table',1),(95,'2019_06_17_180346_create_product_downloadable_link_translations_table',1),(96,'2019_06_19_162817_remove_unique_in_phone_column_in_customers_table',1),(97,'2019_06_21_130512_update_weight_column_deafult_value_in_cart_items_table',1),(98,'2019_06_21_202249_create_downloadable_link_purchased_table',1),(99,'2019_07_02_180307_create_booking_products_table',1),(100,'2019_07_05_114157_add_symbol_column_in_currencies_table',1),(101,'2019_07_05_154415_create_booking_product_default_slots_table',1),(102,'2019_07_05_154429_create_booking_product_appointment_slots_table',1),(103,'2019_07_05_154440_create_booking_product_event_tickets_table',1),(104,'2019_07_05_154451_create_booking_product_rental_slots_table',1),(105,'2019_07_05_154502_create_booking_product_table_slots_table',1),(106,'2019_07_11_151210_add_locale_id_in_category_translations',1),(107,'2019_07_23_033128_alter_locales_table',1),(108,'2019_07_23_174708_create_velocity_contents_table',1),(109,'2019_07_23_175212_create_velocity_contents_translations_table',1),(110,'2019_07_29_142734_add_use_in_flat_column_in_attributes_table',1),(111,'2019_07_30_153530_create_cms_pages_table',1),(112,'2019_07_31_143339_create_category_filterable_attributes_table',1),(113,'2019_08_02_105320_create_product_grouped_products_table',1),(114,'2019_08_12_184925_add_additional_cloumn_in_wishlist_table',1),(115,'2019_08_20_170510_create_product_bundle_options_table',1),(116,'2019_08_20_170520_create_product_bundle_option_translations_table',1),(117,'2019_08_20_170528_create_product_bundle_option_products_table',1),(118,'2019_08_21_123707_add_seo_column_in_channels_table',1),(119,'2019_09_11_184511_create_refunds_table',1),(120,'2019_09_11_184519_create_refund_items_table',1),(121,'2019_09_26_163950_remove_channel_id_from_customers_table',1),(122,'2019_10_03_105451_change_rate_column_in_currency_exchange_rates_table',1),(123,'2019_10_21_105136_order_brands',1),(124,'2019_10_24_173358_change_postcode_column_type_in_order_address_table',1),(125,'2019_10_24_173437_change_postcode_column_type_in_cart_address_table',1),(126,'2019_10_24_173507_change_postcode_column_type_in_customer_addresses_table',1),(127,'2019_11_21_194541_add_column_url_path_to_category_translations',1),(128,'2019_11_21_194608_add_stored_function_to_get_url_path_of_category',1),(129,'2019_11_21_194627_add_trigger_to_category_translations',1),(130,'2019_11_21_194648_add_url_path_to_existing_category_translations',1),(131,'2019_11_21_194703_add_trigger_to_categories',1),(132,'2019_11_25_171136_add_applied_cart_rule_ids_column_in_cart_table',1),(133,'2019_11_25_171208_add_applied_cart_rule_ids_column_in_cart_items_table',1),(134,'2019_11_30_124437_add_applied_cart_rule_ids_column_in_orders_table',1),(135,'2019_11_30_165644_add_discount_columns_in_cart_shipping_rates_table',1),(136,'2019_12_03_175253_create_remove_catalog_rule_tables',1),(137,'2019_12_03_184613_create_catalog_rules_table',1),(138,'2019_12_03_184651_create_catalog_rule_channels_table',1),(139,'2019_12_03_184732_create_catalog_rule_customer_groups_table',1),(140,'2019_12_06_101110_create_catalog_rule_products_table',1),(141,'2019_12_06_110507_create_catalog_rule_product_prices_table',1),(142,'2019_12_30_155256_create_velocity_meta_data',1),(143,'2020_01_02_201029_add_api_token_columns',1),(144,'2020_01_06_173505_alter_trigger_category_translations',1),(145,'2020_01_06_173524_alter_stored_function_url_path_category',1),(146,'2020_01_06_195305_alter_trigger_on_categories',1),(147,'2020_01_09_154851_add_shipping_discount_columns_in_orders_table',1),(148,'2020_01_09_202815_add_inventory_source_name_column_in_shipments_table',1),(149,'2020_01_10_122226_update_velocity_meta_data',1),(150,'2020_01_10_151902_customer_address_improvements',1),(151,'2020_01_13_131431_alter_float_value_column_type_in_product_attribute_values_table',1),(152,'2020_01_13_155803_add_velocity_locale_icon',1),(153,'2020_01_13_192149_add_category_velocity_meta_data',1),(154,'2020_01_14_191854_create_cms_page_translations_table',1),(155,'2020_01_14_192206_remove_columns_from_cms_pages_table',1),(156,'2020_01_15_130209_create_cms_page_channels_table',1),(157,'2020_01_15_145637_add_product_policy',1),(158,'2020_01_15_152121_add_banner_link',1),(159,'2020_01_28_102422_add_new_column_and_rename_name_column_in_customer_addresses_table',1),(160,'2020_01_29_124748_alter_name_column_in_country_state_translations_table',1),(161,'2020_02_18_165639_create_bookings_table',1),(162,'2020_02_21_121201_create_booking_product_event_ticket_translations_table',1),(163,'2020_02_24_190025_add_is_comparable_column_in_attributes_table',1),(164,'2020_02_25_181902_propagate_company_name',1),(165,'2020_02_26_163908_change_column_type_in_cart_rules_table',1),(166,'2020_02_28_105104_fix_order_columns',1),(167,'2020_02_28_111958_create_customer_compare_products_table',1),(168,'2020_03_23_201431_alter_booking_products_table',1),(169,'2020_04_13_224524_add_locale_in_sliders_table',1),(170,'2020_04_16_130351_remove_channel_from_tax_category',1),(171,'2020_04_16_185147_add_table_addresses',1),(172,'2020_05_06_171638_create_order_comments_table',1),(173,'2020_05_21_171500_create_product_customer_group_prices_table',1),(174,'2020_06_08_161708_add_sale_prices_to_booking_product_event_tickets',1),(175,'2020_06_10_201453_add_locale_velocity_meta_data',1),(176,'2020_06_25_162154_create_customer_social_accounts_table',1),(177,'2020_06_25_162340_change_email_password_columns_in_customers_table',1),(178,'2020_06_30_163510_remove_unique_name_in_tax_categories_table',1),(179,'2020_07_31_142021_update_cms_page_translations_table_field_html_content',1),(180,'2020_08_01_132239_add_header_content_count_velocity_meta_data_table',1),(181,'2020_08_12_114128_removing_foriegn_key',1),(182,'2020_08_17_104228_add_channel_to_velocity_meta_data_table',1),(183,'2020_09_07_120413_add_unique_index_to_increment_id_in_orders_table',1),(184,'2020_09_07_195157_add_additional_to_category',1),(189,'2021_01_13_155941_create_posts',2),(190,'2021_01_18_155725_testinominal',2),(191,'2021_01_19_193136_create_offers_table',3),(192,'2021_02_13_102521_order_transaction',4),(193,'2021_02_19_114417_create_support_tickets_table',5),(194,'2021_02_22_143225_master_festival_product',5),(195,'2021_03_23_144808_create_zip_codes_table',6),(196,'2021_03_27_130146_create_tabsection_table',7),(197,'2021_04_06_172633_create_product_discount_table',7),(198,'2021_05_03_114856_create_offer_gallary_table',7),(199,'2021_06_26_164108_create_customer_product_price_table',8);
/*!40000 ALTER TABLE `migrations` ENABLE KEYS */;
UNLOCK TABLES;

--
-- Table structure for table `order_brands`
--

DROP TABLE IF EXISTS `order_brands`;
/*!40101 SET @saved_cs_client     = @@character_set_client */;
/*!50503 SET character_set_client = utf8mb4 */;
CREATE TABLE `order_brands` (
  `id` int unsigned NOT NULL AUTO_INCREMENT,
  `order_id` int unsigned DEFAULT NULL,
  `order_item_id` int unsigned DEFAULT NULL,
  `product_id` int unsigned DEFAULT NULL,
  `brand` int unsigned DEFAULT NULL,
  `created_at` timestamp NULL DEFAULT NULL,
  `updated_at` timestamp NULL DEFAULT NULL,
  PRIMARY KEY (`id`),
  KEY `order_brands_order_id_foreign` (`order_id`),
  KEY `order_brands_order_item_id_foreign` (`order_item_id`),
  KEY `order_brands_product_id_foreign` (`product_id`),
  KEY `order_brands_brand_foreign` (`brand`),
  CONSTRAINT `order_brands_brand_foreign` FOREIGN KEY (`brand`) REFERENCES `attribute_options` (`id`) ON DELETE CASCADE,
  CONSTRAINT `order_brands_order_id_foreign` FOREIGN KEY (`order_id`) REFERENCES `orders` (`id`) ON DELETE CASCADE,
  CONSTRAINT `order_brands_order_item_id_foreign` FOREIGN KEY (`order_item_id`) REFERENCES `order_items` (`id`) ON DELETE CASCADE,
  CONSTRAINT `order_brands_product_id_foreign` FOREIGN KEY (`product_id`) REFERENCES `products` (`id`) ON DELETE CASCADE
) ENGINE=InnoDB AUTO_INCREMENT=26 DEFAULT CHARSET=utf8mb4 COLLATE=utf8mb4_unicode_ci ROW_FORMAT=DYNAMIC;
/*!40101 SET character_set_client = @saved_cs_client */;

--
-- Dumping data for table `order_brands`
--

LOCK TABLES `order_brands` WRITE;
/*!40000 ALTER TABLE `order_brands` DISABLE KEYS */;
INSERT INTO `order_brands` VALUES (1,1,1,1,NULL,'2021-01-07 08:13:46','2021-01-07 08:13:46'),(2,2,2,24,NULL,'2021-01-09 13:43:08','2021-01-09 13:43:08'),(6,5,9,93,NULL,'2021-01-28 11:55:17','2021-01-28 11:55:17'),(7,6,10,103,12,'2021-01-30 06:01:30','2021-01-30 06:01:30'),(8,7,11,103,12,'2021-02-03 10:26:45','2021-02-03 10:26:45'),(9,7,12,94,NULL,'2021-02-03 10:26:45','2021-02-03 10:26:45'),(10,7,13,23,NULL,'2021-02-03 10:26:45','2021-02-03 10:26:45'),(11,8,14,90,NULL,'2021-02-04 14:43:47','2021-02-04 14:43:47'),(12,8,15,95,NULL,'2021-02-04 14:43:47','2021-02-04 14:43:47'),(13,9,16,102,12,'2021-02-05 10:48:53','2021-02-05 10:48:53'),(14,10,17,102,12,'2021-02-09 03:31:20','2021-02-09 03:31:20'),(15,11,18,102,12,'2021-02-09 08:11:08','2021-02-09 08:11:08'),(16,12,19,102,12,'2021-02-09 08:48:31','2021-02-09 08:48:31'),(17,13,20,102,12,'2021-02-09 10:10:06','2021-02-09 10:10:06'),(18,14,21,102,12,'2021-02-11 02:46:11','2021-02-11 02:46:11'),(20,16,23,101,16,'2021-03-07 14:59:56','2021-03-07 14:59:56'),(21,17,24,101,16,'2021-03-13 05:32:28','2021-03-13 05:32:28'),(22,18,25,102,15,'2021-03-15 03:26:04','2021-03-15 03:26:04'),(23,19,26,100,12,'2021-03-15 03:42:52','2021-03-15 03:42:52'),(24,20,27,94,12,'2021-03-15 07:13:15','2021-03-15 07:13:15'),(25,20,28,92,12,'2021-03-15 07:13:15','2021-03-15 07:13:15');
/*!40000 ALTER TABLE `order_brands` ENABLE KEYS */;
UNLOCK TABLES;

--
-- Table structure for table `order_comments`
--

DROP TABLE IF EXISTS `order_comments`;
/*!40101 SET @saved_cs_client     = @@character_set_client */;
/*!50503 SET character_set_client = utf8mb4 */;
CREATE TABLE `order_comments` (
  `id` int unsigned NOT NULL AUTO_INCREMENT,
  `comment` text CHARACTER SET utf8mb4 COLLATE utf8mb4_unicode_ci NOT NULL,
  `customer_notified` tinyint(1) NOT NULL DEFAULT '0',
  `order_id` int unsigned DEFAULT NULL,
  `created_at` timestamp NULL DEFAULT NULL,
  `updated_at` timestamp NULL DEFAULT NULL,
  PRIMARY KEY (`id`),
  KEY `order_comments_order_id_foreign` (`order_id`),
  CONSTRAINT `order_comments_order_id_foreign` FOREIGN KEY (`order_id`) REFERENCES `orders` (`id`) ON DELETE CASCADE
) ENGINE=InnoDB AUTO_INCREMENT=4 DEFAULT CHARSET=utf8mb4 COLLATE=utf8mb4_unicode_ci ROW_FORMAT=DYNAMIC;
/*!40101 SET character_set_client = @saved_cs_client */;

--
-- Dumping data for table `order_comments`
--

LOCK TABLES `order_comments` WRITE;
/*!40000 ALTER TABLE `order_comments` DISABLE KEYS */;
INSERT INTO `order_comments` VALUES (1,'Hi this is test comment',1,14,'2021-02-11 03:00:37','2021-02-11 03:00:37'),(2,'sasg',1,15,'2021-02-13 07:15:02','2021-02-13 07:15:02'),(3,'test note',1,19,'2021-07-03 09:21:19','2021-07-03 09:21:19');
/*!40000 ALTER TABLE `order_comments` ENABLE KEYS */;
UNLOCK TABLES;

--
-- Table structure for table `order_items`
--

DROP TABLE IF EXISTS `order_items`;
/*!40101 SET @saved_cs_client     = @@character_set_client */;
/*!50503 SET character_set_client = utf8mb4 */;
CREATE TABLE `order_items` (
  `id` int unsigned NOT NULL AUTO_INCREMENT,
  `sku` varchar(191) CHARACTER SET utf8mb4 COLLATE utf8mb4_unicode_ci DEFAULT NULL,
  `type` varchar(191) CHARACTER SET utf8mb4 COLLATE utf8mb4_unicode_ci DEFAULT NULL,
  `name` varchar(191) CHARACTER SET utf8mb4 COLLATE utf8mb4_unicode_ci DEFAULT NULL,
  `coupon_code` varchar(191) CHARACTER SET utf8mb4 COLLATE utf8mb4_unicode_ci DEFAULT NULL,
  `weight` decimal(12,4) DEFAULT '0.0000',
  `total_weight` decimal(12,4) DEFAULT '0.0000',
  `qty_ordered` int DEFAULT '0',
  `qty_shipped` int DEFAULT '0',
  `qty_invoiced` int DEFAULT '0',
  `qty_canceled` int DEFAULT '0',
  `qty_refunded` int DEFAULT '0',
  `price` decimal(12,4) NOT NULL DEFAULT '0.0000',
  `base_price` decimal(12,4) NOT NULL DEFAULT '0.0000',
  `total` decimal(12,4) NOT NULL DEFAULT '0.0000',
  `base_total` decimal(12,4) NOT NULL DEFAULT '0.0000',
  `total_invoiced` decimal(12,4) NOT NULL DEFAULT '0.0000',
  `base_total_invoiced` decimal(12,4) NOT NULL DEFAULT '0.0000',
  `amount_refunded` decimal(12,4) NOT NULL DEFAULT '0.0000',
  `base_amount_refunded` decimal(12,4) NOT NULL DEFAULT '0.0000',
  `discount_percent` decimal(12,4) DEFAULT '0.0000',
  `discount_amount` decimal(12,4) DEFAULT '0.0000',
  `base_discount_amount` decimal(12,4) DEFAULT '0.0000',
  `discount_invoiced` decimal(12,4) DEFAULT '0.0000',
  `base_discount_invoiced` decimal(12,4) DEFAULT '0.0000',
  `discount_refunded` decimal(12,4) DEFAULT '0.0000',
  `base_discount_refunded` decimal(12,4) DEFAULT '0.0000',
  `tax_percent` decimal(12,4) DEFAULT '0.0000',
  `tax_amount` decimal(12,4) DEFAULT '0.0000',
  `base_tax_amount` decimal(12,4) DEFAULT '0.0000',
  `tax_amount_invoiced` decimal(12,4) DEFAULT '0.0000',
  `base_tax_amount_invoiced` decimal(12,4) DEFAULT '0.0000',
  `tax_amount_refunded` decimal(12,4) DEFAULT '0.0000',
  `base_tax_amount_refunded` decimal(12,4) DEFAULT '0.0000',
  `product_id` int unsigned DEFAULT NULL,
  `product_type` varchar(191) CHARACTER SET utf8mb4 COLLATE utf8mb4_unicode_ci DEFAULT NULL,
  `order_id` int unsigned DEFAULT NULL,
  `parent_id` int unsigned DEFAULT NULL,
  `additional` longtext CHARACTER SET utf8mb4 COLLATE utf8mb4_bin,
  `created_at` timestamp NULL DEFAULT NULL,
  `updated_at` timestamp NULL DEFAULT NULL,
  PRIMARY KEY (`id`),
  KEY `order_items_order_id_foreign` (`order_id`),
  KEY `order_items_parent_id_foreign` (`parent_id`),
  CONSTRAINT `order_items_order_id_foreign` FOREIGN KEY (`order_id`) REFERENCES `orders` (`id`) ON DELETE CASCADE,
  CONSTRAINT `order_items_parent_id_foreign` FOREIGN KEY (`parent_id`) REFERENCES `order_items` (`id`) ON DELETE CASCADE
) ENGINE=InnoDB AUTO_INCREMENT=29 DEFAULT CHARSET=utf8mb4 COLLATE=utf8mb4_unicode_ci ROW_FORMAT=DYNAMIC;
/*!40101 SET character_set_client = @saved_cs_client */;

--
-- Dumping data for table `order_items`
--

LOCK TABLES `order_items` WRITE;
/*!40000 ALTER TABLE `order_items` DISABLE KEYS */;
INSERT INTO `order_items` VALUES (1,'ssd','simple','Test Product',NULL,100.0000,200.0000,2,1,2,0,0,90.0000,90.0000,180.0000,180.0000,180.0000,180.0000,0.0000,0.0000,0.0000,0.0000,0.0000,0.0000,0.0000,0.0000,0.0000,0.0000,0.0000,0.0000,0.0000,0.0000,0.0000,0.0000,1,'Webkul\\Product\\Models\\Product',1,NULL,'{\"quantity\":2,\"product_id\":\"1\",\"_token\":\"kmXhAXt9nwgOnA4ij36dXo6QGo3QaoTCatBsBcWi\",\"locale\":\"en\"}','2021-01-07 08:13:44','2021-01-09 13:15:33'),(2,'sdff','simple','Mac',NULL,500.0000,500.0000,1,1,1,0,0,100000.0000,100000.0000,100000.0000,100000.0000,100000.0000,100000.0000,0.0000,0.0000,0.0000,0.0000,0.0000,0.0000,0.0000,0.0000,0.0000,0.0000,0.0000,0.0000,0.0000,0.0000,0.0000,0.0000,24,'Webkul\\Product\\Models\\Product',2,NULL,'{\"quantity\":1,\"product_id\":\"24\",\"_token\":\"V3jyrzamxHisYUoc8kRq99ivJwKWe6UOiyfoD0Ri\",\"locale\":\"en\"}','2021-01-09 13:43:08','2021-01-09 13:45:51'),(3,'65434523','configurable','Round Kruti',NULL,0.0000,0.0000,1,0,0,0,0,20.0000,20.0000,20.0000,20.0000,0.0000,0.0000,0.0000,0.0000,0.0000,0.0000,0.0000,0.0000,0.0000,0.0000,0.0000,0.0000,0.0000,0.0000,0.0000,0.0000,0.0000,0.0000,68,'Webkul\\Product\\Models\\Product',3,NULL,'{\"is_buy_now\":\"0\",\"_token\":\"braeOHp5G61tpBcy1mbqjWNyfoepIy6Qspzux5kA\",\"product_id\":\"68\",\"quantity\":\"1\",\"selected_configurable_option\":\"69\",\"super_attribute\":{\"23\":\"1\",\"24\":\"7\",\"28\":\"10\"},\"attributes\":{\"color\":{\"attribute_name\":\"Color\",\"option_id\":1,\"option_label\":\"Red\"},\"size\":{\"attribute_name\":\"Size\",\"option_id\":7,\"option_label\":\"M\"},\"Material\":{\"attribute_name\":\"Material\",\"option_id\":10,\"option_label\":\"Cotton\"}},\"locale\":\"en\"}','2021-01-11 14:26:51','2021-01-11 14:26:51'),(4,'65434523-variant-1-7-10','simple','Red M',NULL,0.0000,0.0000,0,0,0,0,0,1.0000,0.0000,0.0000,0.0000,0.0000,0.0000,0.0000,0.0000,0.0000,0.0000,0.0000,0.0000,0.0000,0.0000,0.0000,0.0000,0.0000,0.0000,0.0000,0.0000,0.0000,0.0000,69,'Webkul\\Product\\Models\\Product',3,3,'{\"product_id\":69,\"parent_id\":68,\"locale\":\"en\"}','2021-01-11 14:26:51','2021-01-11 14:26:51'),(5,'qwerd','configurable','Top',NULL,0.0000,0.0000,1,0,0,0,0,180.0000,180.0000,180.0000,180.0000,0.0000,0.0000,0.0000,0.0000,0.0000,0.0000,0.0000,0.0000,0.0000,0.0000,0.0000,0.0000,0.0000,0.0000,0.0000,0.0000,0.0000,0.0000,25,'Webkul\\Product\\Models\\Product',4,NULL,'{\"is_buy_now\":\"0\",\"_token\":\"anhTCnKEYOEwCNStTvEUDuKLxKcdo5vx1SIBKUlC\",\"product_id\":\"25\",\"quantity\":\"1\",\"selected_configurable_option\":\"67\",\"super_attribute\":{\"23\":\"1\",\"24\":\"7\",\"28\":\"10\"},\"attributes\":{\"color\":{\"attribute_name\":\"Color\",\"option_id\":1,\"option_label\":\"Red\"},\"size\":{\"attribute_name\":\"Size\",\"option_id\":7,\"option_label\":\"M\"},\"Material\":{\"attribute_name\":\"Material\",\"option_id\":10,\"option_label\":\"Cotton\"}},\"locale\":\"en\"}','2021-01-13 10:58:09','2021-01-13 10:58:09'),(6,'qwerd-variant-1-7-10','simple','Red medium',NULL,0.0000,0.0000,0,0,0,0,0,1.0000,0.0000,0.0000,0.0000,0.0000,0.0000,0.0000,0.0000,0.0000,0.0000,0.0000,0.0000,0.0000,0.0000,0.0000,0.0000,0.0000,0.0000,0.0000,0.0000,0.0000,0.0000,67,'Webkul\\Product\\Models\\Product',4,5,'{\"product_id\":67,\"parent_id\":25,\"locale\":\"en\"}','2021-01-13 10:58:09','2021-01-13 10:58:09'),(7,'qwerd','configurable','Top',NULL,0.0000,0.0000,1,0,0,0,0,189.0000,189.0000,189.0000,189.0000,0.0000,0.0000,0.0000,0.0000,0.0000,0.0000,0.0000,0.0000,0.0000,0.0000,0.0000,0.0000,0.0000,0.0000,0.0000,0.0000,0.0000,0.0000,25,'Webkul\\Product\\Models\\Product',4,NULL,'{\"is_buy_now\":\"0\",\"_token\":\"anhTCnKEYOEwCNStTvEUDuKLxKcdo5vx1SIBKUlC\",\"product_id\":\"25\",\"quantity\":\"1\",\"selected_configurable_option\":\"66\",\"super_attribute\":{\"23\":\"4\",\"24\":\"7\",\"28\":\"10\"},\"attributes\":{\"color\":{\"attribute_name\":\"Color\",\"option_id\":4,\"option_label\":\"Black\"},\"size\":{\"attribute_name\":\"Size\",\"option_id\":7,\"option_label\":\"M\"},\"Material\":{\"attribute_name\":\"Material\",\"option_id\":10,\"option_label\":\"Cotton\"}},\"locale\":\"en\"}','2021-01-13 10:58:10','2021-01-13 10:58:10'),(8,'qwerd-variant-4-7-10','simple','Black medium',NULL,0.0000,0.0000,0,0,0,0,0,1.0000,0.0000,0.0000,0.0000,0.0000,0.0000,0.0000,0.0000,0.0000,0.0000,0.0000,0.0000,0.0000,0.0000,0.0000,0.0000,0.0000,0.0000,0.0000,0.0000,0.0000,0.0000,66,'Webkul\\Product\\Models\\Product',4,7,'{\"product_id\":66,\"parent_id\":25,\"locale\":\"en\"}','2021-01-13 10:58:10','2021-01-13 10:58:10'),(9,'0107','simple','Infrared Thermometer',NULL,2.0000,2.0000,1,0,0,0,0,23.7500,23.7500,23.7500,23.7500,0.0000,0.0000,0.0000,0.0000,0.0000,0.0000,0.0000,0.0000,0.0000,0.0000,0.0000,0.0000,0.0000,0.0000,0.0000,0.0000,0.0000,0.0000,93,'Webkul\\Product\\Models\\Product',5,NULL,'{\"is_buy_now\":\"0\",\"_token\":\"EO3G5Bxm5z994GPkeGCNT2pVrXuvitmsRSLnxM7F\",\"product_id\":\"93\",\"quantity\":\"1\",\"locale\":\"en\"}','2021-01-28 11:55:17','2021-01-28 11:55:17'),(10,'0117','simple','PURELL Cottony Soft Hand Sanitizing Wipes, 1000 Individually Wrapped Hand Sanitizing Wipes in Bulk Packed Shipper - 9026-1M',NULL,4.0000,4.0000,1,0,0,0,0,28.5000,28.5000,28.5000,28.5000,0.0000,0.0000,0.0000,0.0000,0.0000,0.0000,0.0000,0.0000,0.0000,0.0000,0.0000,0.0000,0.0000,0.0000,0.0000,0.0000,0.0000,0.0000,103,'Webkul\\Product\\Models\\Product',6,NULL,'{\"is_buy_now\":\"0\",\"_token\":\"OI55F0TOP0CncVyLoX3KNtzxKmLEtTkCexxy2Sx1\",\"product_id\":\"103\",\"quantity\":\"1\",\"locale\":\"en\"}','2021-01-30 06:01:30','2021-01-30 06:01:30'),(11,'0117','simple','PURELL Cottony Soft Hand Sanitizing Wipes, 1000 Individually Wrapped Hand Sanitizing Wipes in Bulk Packed Shipper - 9026-1M',NULL,4.0000,4.0000,1,0,0,0,0,30.0000,30.0000,30.0000,30.0000,0.0000,0.0000,0.0000,0.0000,0.0000,0.0000,0.0000,0.0000,0.0000,0.0000,0.0000,0.0000,0.0000,0.0000,0.0000,0.0000,0.0000,0.0000,103,'Webkul\\Product\\Models\\Product',7,NULL,'{\"is_buy_now\":\"0\",\"_token\":\"gTVZtyvokUeYwDuX0td88ILFAg068ON3roIhj3dk\",\"product_id\":\"103\",\"quantity\":\"1\",\"locale\":\"en\"}','2021-02-03 10:26:37','2021-02-03 10:26:37'),(12,'0108','simple','Face Shield, Disposable',NULL,0.0000,0.0000,1,0,0,0,0,1.0000,1.0000,1.0000,1.0000,0.0000,0.0000,0.0000,0.0000,0.0000,0.0000,0.0000,0.0000,0.0000,0.0000,0.0000,0.0000,0.0000,0.0000,0.0000,0.0000,0.0000,0.0000,94,'Webkul\\Product\\Models\\Product',7,NULL,'{\"quantity\":1,\"product_id\":\"94\",\"_token\":\"MooLadIL5auFIhyJBvrp4NFknMUmjcXpTitxpTrH\",\"locale\":\"en\"}','2021-02-03 10:26:37','2021-02-03 10:26:37'),(13,'fgu','simple','Tshirt',NULL,200.0000,200.0000,1,0,0,0,0,500.0000,500.0000,500.0000,500.0000,0.0000,0.0000,0.0000,0.0000,0.0000,0.0000,0.0000,0.0000,0.0000,0.0000,0.0000,0.0000,0.0000,0.0000,0.0000,0.0000,0.0000,0.0000,23,'Webkul\\Product\\Models\\Product',7,NULL,'{\"quantity\":1,\"product_id\":\"23\",\"_token\":\"gV3srrsDK7YsLHlVYb7fngAcdDf0Lc0xHjeLmWnp\",\"locale\":\"en\"}','2021-02-03 10:26:38','2021-02-03 10:26:38'),(14,'0104','simple','KN95 with Respiratory Valve',NULL,0.0000,0.0000,2,2,0,0,0,6.0000,6.0000,12.0000,12.0000,0.0000,0.0000,0.0000,0.0000,0.0000,0.0000,0.0000,0.0000,0.0000,0.0000,0.0000,0.0000,0.0000,0.0000,0.0000,0.0000,0.0000,0.0000,90,'Webkul\\Product\\Models\\Product',8,NULL,'{\"_token\":\"Pf50t7sA0dabUwT0544tjaf4MSWAAJk96wG8WcU7\",\"product_id\":\"90\",\"quantity\":2,\"locale\":\"en\"}','2021-02-04 14:43:44','2021-03-09 05:54:50'),(15,'0109','simple','Currency Notes/Mobile/Keys Sanitizing Machine',NULL,3.0000,3.0000,1,1,0,0,0,35.0000,35.0000,35.0000,35.0000,0.0000,0.0000,0.0000,0.0000,0.0000,0.0000,0.0000,0.0000,0.0000,0.0000,0.0000,0.0000,0.0000,0.0000,0.0000,0.0000,0.0000,0.0000,95,'Webkul\\Product\\Models\\Product',8,NULL,'{\"_token\":\"Pf50t7sA0dabUwT0544tjaf4MSWAAJk96wG8WcU7\",\"product_id\":\"95\",\"quantity\":\"1\",\"locale\":\"en\"}','2021-02-04 14:43:45','2021-03-09 05:54:51'),(16,'0116','simple','PURELL Advanced Hand Sanitizer Refreshing Gel, Clean Scent, 1 fl oz Travel Size Flip-Cap Bottle with Display Bowl (Pack of 36)  3901-36-BWL',NULL,1.0000,1.0000,1,0,0,0,0,9.5000,9.5000,9.5000,9.5000,0.0000,0.0000,0.0000,0.0000,0.0000,0.0000,0.0000,0.0000,0.0000,0.0000,0.0000,0.0000,0.0000,0.0000,0.0000,0.0000,0.0000,0.0000,102,'Webkul\\Product\\Models\\Product',9,NULL,'{\"quantity\":1,\"product_id\":\"102\",\"_token\":\"AwgXI10NAtsyO8mXuxkGx4rk3cIvOIRpZAOZRiyC\",\"locale\":\"en\"}','2021-02-05 10:48:53','2021-02-05 10:48:53'),(17,'0116','simple','PURELL Advanced Hand Sanitizer Refreshing Gel, Clean Scent, 1 fl oz Travel Size Flip-Cap Bottle with Display Bowl (Pack of 36)  3901-36-BWL',NULL,1.0000,1.0000,1,0,0,0,0,9.5000,9.5000,9.5000,9.5000,0.0000,0.0000,0.0000,0.0000,0.0000,0.0000,0.0000,0.0000,0.0000,0.0000,0.0000,0.0000,0.0000,0.0000,0.0000,0.0000,0.0000,0.0000,102,'Webkul\\Product\\Models\\Product',10,NULL,'{\"quantity\":1,\"product_id\":\"102\",\"_token\":\"s5aFOMH3RzYTQKfbAf13Xvxn4csIL9tEh09TiRil\",\"locale\":\"en\"}','2021-02-09 03:31:19','2021-02-09 03:31:19'),(18,'0116','simple','PURELL Advanced Hand Sanitizer Refreshing Gel, Clean Scent, 1 fl oz Travel Size Flip-Cap Bottle with Display Bowl (Pack of 36)  3901-36-BWL',NULL,1.0000,3.0000,3,0,0,0,0,9.5000,9.5000,28.5000,28.5000,0.0000,0.0000,0.0000,0.0000,0.0000,0.0000,0.0000,0.0000,0.0000,0.0000,0.0000,0.0000,0.0000,0.0000,0.0000,0.0000,0.0000,0.0000,102,'Webkul\\Product\\Models\\Product',11,NULL,'{\"quantity\":1,\"product_id\":\"102\",\"_token\":\"o6a4e03vdKJTExJdCG5UIrtax7btNEESQTiie856\",\"locale\":\"en\"}','2021-02-09 08:11:08','2021-02-09 08:11:08'),(19,'0116','simple','PURELL Advanced Hand Sanitizer Refreshing Gel, Clean Scent, 1 fl oz Travel Size Flip-Cap Bottle with Display Bowl (Pack of 36)  3901-36-BWL',NULL,1.0000,1.0000,1,0,0,0,0,9.5000,9.5000,9.5000,9.5000,0.0000,0.0000,0.0000,0.0000,0.0000,0.0000,0.0000,0.0000,0.0000,0.0000,0.0000,0.0000,0.0000,0.0000,0.0000,0.0000,0.0000,0.0000,102,'Webkul\\Product\\Models\\Product',12,NULL,'{\"quantity\":1,\"product_id\":\"102\",\"_token\":\"WhGej2Q7jqK8QBD62oSjavBHb7MrJasC8qN9zADQ\",\"locale\":\"en\"}','2021-02-09 08:48:30','2021-02-09 08:48:30'),(20,'0116','simple','PURELL Advanced Hand Sanitizer Refreshing Gel, Clean Scent, 1 fl oz Travel Size Flip-Cap Bottle with Display Bowl (Pack of 36)  3901-36-BWL',NULL,1.0000,1.0000,1,0,0,0,0,9.5000,9.5000,9.5000,9.5000,0.0000,0.0000,0.0000,0.0000,0.0000,0.0000,0.0000,0.0000,0.0000,0.0000,0.0000,0.0000,0.0000,0.0000,0.0000,0.0000,0.0000,0.0000,102,'Webkul\\Product\\Models\\Product',13,NULL,'{\"quantity\":1,\"product_id\":\"102\",\"_token\":\"WhGej2Q7jqK8QBD62oSjavBHb7MrJasC8qN9zADQ\",\"locale\":\"en\"}','2021-02-09 10:10:05','2021-02-09 10:10:05'),(21,'0116','simple','PURELL Advanced Hand Sanitizer Refreshing Gel, Clean Scent, 1 fl oz Travel Size Flip-Cap Bottle with Display Bowl (Pack of 36)  3901-36-BWL',NULL,1.0000,1.0000,1,1,1,0,1,9.5000,9.5000,9.5000,9.5000,9.5000,9.5000,9.5000,9.5000,0.0000,0.0000,0.0000,0.0000,0.0000,0.0000,0.0000,0.0000,0.0000,0.0000,0.0000,0.0000,0.0000,0.0000,102,'Webkul\\Product\\Models\\Product',14,NULL,'{\"_token\":\"9iuWgM1NIJXJ2LYe2eUllRqszGhP2zgpv8U6vAZB\",\"product_id\":\"102\",\"quantity\":\"1\",\"locale\":\"en\"}','2021-02-11 02:46:06','2021-02-11 02:59:37'),(22,'sumer1','simple','albumdesignstore',NULL,1.0000,1.0000,1,1,1,0,0,10.4500,10.4500,10.4500,10.4500,10.4500,10.4500,0.0000,0.0000,0.0000,0.0000,0.0000,0.0000,0.0000,0.0000,0.0000,0.0000,0.0000,0.0000,0.0000,0.0000,0.0000,0.0000,105,'Webkul\\Product\\Models\\Product',15,NULL,'{\"quantity\":1,\"product_id\":\"105\",\"_token\":\"PiFDCofdrm5YvlwMqB7ElYHS4jryaozxB6bhROVK\",\"locale\":\"en\"}','2021-02-13 07:13:32','2021-02-13 07:23:54'),(23,'0115','simple','DxTerity COVID-19 Saliva at-Home Collection Kit with Prepaid Express Return Shipping and Laboratory PCR Testing',NULL,0.0000,0.0000,1,0,0,0,0,3.0000,3.0000,3.0000,3.0000,0.0000,0.0000,0.0000,0.0000,0.0000,0.0000,0.0000,0.0000,0.0000,0.0000,0.0000,0.0000,0.0000,0.0000,0.0000,0.0000,0.0000,0.0000,101,'Webkul\\Product\\Models\\Product',16,NULL,'{\"quantity\":1,\"product_id\":\"101\",\"_token\":\"jebFbrdqKcosthvFQAxNdFYihXuJTzp1IVOUqQHK\",\"locale\":\"en\"}','2021-03-07 14:59:51','2021-03-07 14:59:51'),(24,'0115','simple','DxTerity COVID-19 Saliva at-Home Collection Kit with Prepaid Express Return Shipping and Laboratory PCR Testing',NULL,0.0000,0.0000,101,0,0,0,0,0.0413,3.0000,4.1691,303.0000,0.0000,0.0000,0.0000,0.0000,0.0000,0.0000,0.0000,0.0000,0.0000,0.0000,0.0000,0.0000,0.0000,0.0000,0.0000,0.0000,0.0000,0.0000,101,'Webkul\\Product\\Models\\Product',17,NULL,'{\"_token\":\"1IDbqFQ5FnVE1aWIibUsYOG7azBgBkCpjul7LIbQ\",\"product_id\":\"101\",\"quantity\":\"1\",\"status\":0,\"locale\":\"en\"}','2021-03-13 05:32:23','2021-03-13 05:32:23'),(25,'0116','simple','PURELL Advanced Hand Sanitizer Refreshing Gel, Clean Scent, 1 fl oz Travel Size Flip-Cap Bottle with Display Bowl (Pack of 36)  3901-36-BWL',NULL,1.0000,2.0000,2,0,0,0,0,0.1376,10.0000,0.2752,20.0000,0.0000,0.0000,0.0000,0.0000,0.0000,0.0000,0.0000,0.0000,0.0000,0.0000,0.0000,0.0000,0.0000,0.0000,0.0000,0.0000,0.0000,0.0000,102,'Webkul\\Product\\Models\\Product',18,NULL,'{\"_token\":\"1jVOZC6GFh3h0ZsqG7VwLwQItu4SoLmOSchSQaRJ\",\"product_id\":\"102\",\"quantity\":\"1\",\"status\":0,\"locale\":\"en\"}','2021-03-15 03:25:59','2021-03-15 03:25:59'),(26,'0114','simple','DP2040 - Fingertip Oximeter',NULL,4.0000,8.0000,2,2,2,0,2,1.1008,80.0000,2.2015,160.0000,2.2016,160.0000,2.2016,160.0000,0.0000,0.0000,0.0000,0.0000,0.0000,0.0000,0.0000,0.0000,0.0000,0.0000,0.0000,0.0000,0.0000,0.0000,100,'Webkul\\Product\\Models\\Product',19,NULL,'{\"_token\":\"1jVOZC6GFh3h0ZsqG7VwLwQItu4SoLmOSchSQaRJ\",\"product_id\":\"100\",\"quantity\":\"1\",\"status\":0,\"locale\":\"en\"}','2021-03-15 03:42:48','2021-07-03 09:24:38'),(27,'0108','simple','Face Shield, Disposable',NULL,0.0000,0.0000,1,1,1,0,1,1.0000,1.0000,1.0000,1.0000,1.0000,1.0000,1.0000,1.0000,0.0000,0.0000,0.0000,0.0000,0.0000,0.0000,0.0000,0.0000,0.0000,0.0000,0.0000,0.0000,0.0000,0.0000,94,'Webkul\\Product\\Models\\Product',20,NULL,'{\"_token\":\"1jVOZC6GFh3h0ZsqG7VwLwQItu4SoLmOSchSQaRJ\",\"product_id\":\"94\",\"quantity\":\"1\",\"status\":0,\"locale\":\"en\"}','2021-03-15 07:13:10','2021-07-03 04:06:44'),(28,'0106','simple','Disposable Protective Coveralls 63 GSM',NULL,2.0000,2.0000,1,1,1,0,1,10.0000,10.0000,10.0000,10.0000,10.0000,10.0000,10.0000,10.0000,0.0000,0.0000,0.0000,0.0000,0.0000,0.0000,0.0000,0.0000,0.0000,0.0000,0.0000,0.0000,0.0000,0.0000,92,'Webkul\\Product\\Models\\Product',20,NULL,'{\"_token\":\"1jVOZC6GFh3h0ZsqG7VwLwQItu4SoLmOSchSQaRJ\",\"product_id\":\"92\",\"quantity\":\"1\",\"status\":0,\"locale\":\"en\"}','2021-03-15 07:13:10','2021-07-03 04:06:44');
/*!40000 ALTER TABLE `order_items` ENABLE KEYS */;
UNLOCK TABLES;

--
-- Table structure for table `order_payment`
--

DROP TABLE IF EXISTS `order_payment`;
/*!40101 SET @saved_cs_client     = @@character_set_client */;
/*!50503 SET character_set_client = utf8mb4 */;
CREATE TABLE `order_payment` (
  `id` int unsigned NOT NULL AUTO_INCREMENT,
  `method` varchar(191) CHARACTER SET utf8mb4 COLLATE utf8mb4_unicode_ci NOT NULL,
  `method_title` varchar(191) CHARACTER SET utf8mb4 COLLATE utf8mb4_unicode_ci DEFAULT NULL,
  `order_id` int unsigned DEFAULT NULL,
  `created_at` timestamp NULL DEFAULT NULL,
  `updated_at` timestamp NULL DEFAULT NULL,
  PRIMARY KEY (`id`),
  KEY `order_payment_order_id_foreign` (`order_id`),
  CONSTRAINT `order_payment_order_id_foreign` FOREIGN KEY (`order_id`) REFERENCES `orders` (`id`) ON DELETE CASCADE
) ENGINE=InnoDB AUTO_INCREMENT=21 DEFAULT CHARSET=utf8mb4 COLLATE=utf8mb4_unicode_ci ROW_FORMAT=DYNAMIC;
/*!40101 SET character_set_client = @saved_cs_client */;

--
-- Dumping data for table `order_payment`
--

LOCK TABLES `order_payment` WRITE;
/*!40000 ALTER TABLE `order_payment` DISABLE KEYS */;
INSERT INTO `order_payment` VALUES (1,'cashondelivery',NULL,1,'2021-01-07 08:13:43','2021-01-07 08:13:43'),(2,'cashondelivery',NULL,2,'2021-01-09 13:43:08','2021-01-09 13:43:08'),(3,'cashondelivery',NULL,3,'2021-01-11 14:26:50','2021-01-11 14:26:50'),(4,'cashondelivery',NULL,4,'2021-01-13 10:58:09','2021-01-13 10:58:09'),(5,'cashondelivery',NULL,5,'2021-01-28 11:55:17','2021-01-28 11:55:17'),(6,'cashondelivery',NULL,6,'2021-01-30 06:01:30','2021-01-30 06:01:30'),(7,'cashondelivery',NULL,7,'2021-02-03 10:26:37','2021-02-03 10:26:37'),(8,'cashondelivery',NULL,8,'2021-02-04 14:43:44','2021-02-04 14:43:44'),(9,'cashondelivery',NULL,9,'2021-02-05 10:48:53','2021-02-05 10:48:53'),(10,'cashondelivery',NULL,10,'2021-02-09 03:31:19','2021-02-09 03:31:19'),(11,'cashondelivery',NULL,11,'2021-02-09 08:11:08','2021-02-09 08:11:08'),(12,'cashondelivery',NULL,12,'2021-02-09 08:48:30','2021-02-09 08:48:30'),(13,'cashondelivery',NULL,13,'2021-02-09 10:10:05','2021-02-09 10:10:05'),(14,'cashondelivery',NULL,14,'2021-02-11 02:46:06','2021-02-11 02:46:06'),(15,'cashondelivery',NULL,15,'2021-02-13 07:13:32','2021-02-13 07:13:32'),(16,'moneytransfer',NULL,16,'2021-03-07 14:59:51','2021-03-07 14:59:51'),(17,'cashondelivery',NULL,17,'2021-03-13 05:32:23','2021-03-13 05:32:23'),(18,'cashondelivery',NULL,18,'2021-03-15 03:25:59','2021-03-15 03:25:59'),(19,'cashondelivery',NULL,19,'2021-03-15 03:42:48','2021-03-15 03:42:48'),(20,'moneytransfer',NULL,20,'2021-03-15 07:13:10','2021-03-15 07:13:10');
/*!40000 ALTER TABLE `order_payment` ENABLE KEYS */;
UNLOCK TABLES;

--
-- Table structure for table `order_transaction`
--

DROP TABLE IF EXISTS `order_transaction`;
/*!40101 SET @saved_cs_client     = @@character_set_client */;
/*!50503 SET character_set_client = utf8mb4 */;
CREATE TABLE `order_transaction` (
  `id` int unsigned NOT NULL AUTO_INCREMENT,
  `order_id` int DEFAULT NULL,
  `card_id` int DEFAULT NULL,
  `payment_id` int DEFAULT NULL,
  `transaction_payment_id` int DEFAULT NULL,
  `is_guest` tinyint(1) DEFAULT NULL,
  `customer_first_name` varchar(191) CHARACTER SET utf8mb4 COLLATE utf8mb4_unicode_ci DEFAULT NULL,
  `customer_last_name` varchar(191) CHARACTER SET utf8mb4 COLLATE utf8mb4_unicode_ci DEFAULT NULL,
  `customer_id` int DEFAULT NULL,
  `customer_email` varchar(200) CHARACTER SET utf8mb4 COLLATE utf8mb4_unicode_ci DEFAULT NULL,
  `customer_contact` varchar(200) CHARACTER SET utf8mb4 COLLATE utf8mb4_unicode_ci DEFAULT NULL,
  `sub_total` decimal(12,4) NOT NULL DEFAULT '0.0000',
  `grand_total` decimal(12,4) NOT NULL DEFAULT '0.0000',
  `amount` decimal(12,4) NOT NULL DEFAULT '0.0000',
  `amount_captured` decimal(12,4) NOT NULL DEFAULT '0.0000',
  `payment_method` varchar(200) CHARACTER SET utf8mb4 COLLATE utf8mb4_unicode_ci DEFAULT NULL,
  `pay_method` varchar(200) CHARACTER SET utf8mb4 COLLATE utf8mb4_unicode_ci DEFAULT NULL,
  `currency` varchar(200) CHARACTER SET utf8mb4 COLLATE utf8mb4_unicode_ci DEFAULT NULL,
  `payment_status` varchar(200) CHARACTER SET utf8mb4 COLLATE utf8mb4_unicode_ci DEFAULT NULL,
  `payment_error` text CHARACTER SET utf8mb4 COLLATE utf8mb4_unicode_ci,
  `date` date DEFAULT NULL,
  `created_at` timestamp NULL DEFAULT NULL,
  `updated_at` timestamp NULL DEFAULT NULL,
  PRIMARY KEY (`id`)
) ENGINE=InnoDB DEFAULT CHARSET=utf8mb4 COLLATE=utf8mb4_unicode_ci ROW_FORMAT=DYNAMIC;
/*!40101 SET character_set_client = @saved_cs_client */;

--
-- Dumping data for table `order_transaction`
--

LOCK TABLES `order_transaction` WRITE;
/*!40000 ALTER TABLE `order_transaction` DISABLE KEYS */;
/*!40000 ALTER TABLE `order_transaction` ENABLE KEYS */;
UNLOCK TABLES;

--
-- Table structure for table `orders`
--

DROP TABLE IF EXISTS `orders`;
/*!40101 SET @saved_cs_client     = @@character_set_client */;
/*!50503 SET character_set_client = utf8mb4 */;
CREATE TABLE `orders` (
  `id` int unsigned NOT NULL AUTO_INCREMENT,
  `increment_id` varchar(191) CHARACTER SET utf8mb4 COLLATE utf8mb4_unicode_ci NOT NULL,
  `status` varchar(191) CHARACTER SET utf8mb4 COLLATE utf8mb4_unicode_ci DEFAULT NULL,
  `channel_name` varchar(191) CHARACTER SET utf8mb4 COLLATE utf8mb4_unicode_ci DEFAULT NULL,
  `is_guest` tinyint(1) DEFAULT NULL,
  `customer_email` varchar(191) CHARACTER SET utf8mb4 COLLATE utf8mb4_unicode_ci DEFAULT NULL,
  `customer_first_name` varchar(191) CHARACTER SET utf8mb4 COLLATE utf8mb4_unicode_ci DEFAULT NULL,
  `customer_last_name` varchar(191) CHARACTER SET utf8mb4 COLLATE utf8mb4_unicode_ci DEFAULT NULL,
  `customer_company_name` varchar(191) CHARACTER SET utf8mb4 COLLATE utf8mb4_unicode_ci DEFAULT NULL,
  `customer_vat_id` varchar(191) CHARACTER SET utf8mb4 COLLATE utf8mb4_unicode_ci DEFAULT NULL,
  `shipping_method` varchar(191) CHARACTER SET utf8mb4 COLLATE utf8mb4_unicode_ci DEFAULT NULL,
  `shipping_title` varchar(191) CHARACTER SET utf8mb4 COLLATE utf8mb4_unicode_ci DEFAULT NULL,
  `shipping_description` varchar(191) CHARACTER SET utf8mb4 COLLATE utf8mb4_unicode_ci DEFAULT NULL,
  `coupon_code` varchar(191) CHARACTER SET utf8mb4 COLLATE utf8mb4_unicode_ci DEFAULT NULL,
  `is_gift` tinyint(1) NOT NULL DEFAULT '0',
  `total_item_count` int DEFAULT NULL,
  `total_qty_ordered` int DEFAULT NULL,
  `base_currency_code` varchar(191) CHARACTER SET utf8mb4 COLLATE utf8mb4_unicode_ci DEFAULT NULL,
  `channel_currency_code` varchar(191) CHARACTER SET utf8mb4 COLLATE utf8mb4_unicode_ci DEFAULT NULL,
  `order_currency_code` varchar(191) CHARACTER SET utf8mb4 COLLATE utf8mb4_unicode_ci DEFAULT NULL,
  `grand_total` decimal(12,4) DEFAULT '0.0000',
  `base_grand_total` decimal(12,4) DEFAULT '0.0000',
  `grand_total_invoiced` decimal(12,4) DEFAULT '0.0000',
  `base_grand_total_invoiced` decimal(12,4) DEFAULT '0.0000',
  `grand_total_refunded` decimal(12,4) DEFAULT '0.0000',
  `base_grand_total_refunded` decimal(12,4) DEFAULT '0.0000',
  `sub_total` decimal(12,4) DEFAULT '0.0000',
  `base_sub_total` decimal(12,4) DEFAULT '0.0000',
  `sub_total_invoiced` decimal(12,4) DEFAULT '0.0000',
  `base_sub_total_invoiced` decimal(12,4) DEFAULT '0.0000',
  `sub_total_refunded` decimal(12,4) DEFAULT '0.0000',
  `base_sub_total_refunded` decimal(12,4) DEFAULT '0.0000',
  `discount_percent` decimal(12,4) DEFAULT '0.0000',
  `discount_amount` decimal(12,4) DEFAULT '0.0000',
  `base_discount_amount` decimal(12,4) DEFAULT '0.0000',
  `discount_invoiced` decimal(12,4) DEFAULT '0.0000',
  `base_discount_invoiced` decimal(12,4) DEFAULT '0.0000',
  `discount_refunded` decimal(12,4) DEFAULT '0.0000',
  `base_discount_refunded` decimal(12,4) DEFAULT '0.0000',
  `tax_amount` decimal(12,4) DEFAULT '0.0000',
  `base_tax_amount` decimal(12,4) DEFAULT '0.0000',
  `tax_amount_invoiced` decimal(12,4) DEFAULT '0.0000',
  `base_tax_amount_invoiced` decimal(12,4) DEFAULT '0.0000',
  `tax_amount_refunded` decimal(12,4) DEFAULT '0.0000',
  `base_tax_amount_refunded` decimal(12,4) DEFAULT '0.0000',
  `shipping_amount` decimal(12,4) DEFAULT '0.0000',
  `base_shipping_amount` decimal(12,4) DEFAULT '0.0000',
  `shipping_invoiced` decimal(12,4) DEFAULT '0.0000',
  `base_shipping_invoiced` decimal(12,4) DEFAULT '0.0000',
  `shipping_refunded` decimal(12,4) DEFAULT '0.0000',
  `base_shipping_refunded` decimal(12,4) DEFAULT '0.0000',
  `customer_id` int unsigned DEFAULT NULL,
  `customer_type` varchar(191) CHARACTER SET utf8mb4 COLLATE utf8mb4_unicode_ci DEFAULT NULL,
  `channel_id` int unsigned DEFAULT NULL,
  `channel_type` varchar(191) CHARACTER SET utf8mb4 COLLATE utf8mb4_unicode_ci DEFAULT NULL,
  `created_at` timestamp NULL DEFAULT NULL,
  `updated_at` timestamp NULL DEFAULT NULL,
  `cart_id` int DEFAULT NULL,
  `applied_cart_rule_ids` varchar(191) CHARACTER SET utf8mb4 COLLATE utf8mb4_unicode_ci DEFAULT NULL,
  `shipping_discount_amount` decimal(12,4) DEFAULT '0.0000',
  `base_shipping_discount_amount` decimal(12,4) DEFAULT '0.0000',
  PRIMARY KEY (`id`),
  UNIQUE KEY `orders_increment_id_unique` (`increment_id`),
  KEY `orders_customer_id_foreign` (`customer_id`),
  KEY `orders_channel_id_foreign` (`channel_id`),
  CONSTRAINT `orders_channel_id_foreign` FOREIGN KEY (`channel_id`) REFERENCES `channels` (`id`) ON DELETE SET NULL,
  CONSTRAINT `orders_customer_id_foreign` FOREIGN KEY (`customer_id`) REFERENCES `customers` (`id`) ON DELETE SET NULL
) ENGINE=InnoDB AUTO_INCREMENT=21 DEFAULT CHARSET=utf8mb4 COLLATE=utf8mb4_unicode_ci ROW_FORMAT=DYNAMIC;
/*!40101 SET character_set_client = @saved_cs_client */;

--
-- Dumping data for table `orders`
--

LOCK TABLES `orders` WRITE;
/*!40000 ALTER TABLE `orders` DISABLE KEYS */;
INSERT INTO `orders` VALUES (1,'1','processing','Default',0,'payal@gmail.com','Payal','Test',NULL,NULL,'free_free','Free Shipping - Free Shipping','Free Shipping',NULL,0,1,2,'USD','USD','USD',180.0000,180.0000,180.0000,180.0000,0.0000,0.0000,180.0000,180.0000,180.0000,180.0000,0.0000,0.0000,0.0000,0.0000,0.0000,0.0000,0.0000,0.0000,0.0000,0.0000,0.0000,0.0000,0.0000,0.0000,0.0000,0.0000,0.0000,0.0000,0.0000,0.0000,0.0000,1,'Webkul\\Customer\\Models\\Customer',1,'Webkul\\Core\\Models\\Channel','2021-01-07 08:13:43','2021-01-09 13:15:33',1,'',0.0000,0.0000),(2,'2','completed','Default',0,'payal@gmail.com','Payal','Test',NULL,NULL,'free_free','Free Shipping - Free Shipping','Free Shipping',NULL,0,1,1,'USD','USD','USD',100000.0000,100000.0000,100000.0000,100000.0000,0.0000,0.0000,100000.0000,100000.0000,100000.0000,100000.0000,0.0000,0.0000,0.0000,0.0000,0.0000,0.0000,0.0000,0.0000,0.0000,0.0000,0.0000,0.0000,0.0000,0.0000,0.0000,0.0000,0.0000,0.0000,0.0000,0.0000,0.0000,1,'Webkul\\Customer\\Models\\Customer',1,'Webkul\\Core\\Models\\Channel','2021-01-09 13:43:08','2021-01-09 13:45:51',3,'',0.0000,0.0000),(3,'3','pending','Default',0,'payal@gmail.com','Payal','Test',NULL,NULL,'flatrate_flatrate','Flat Rate - Flat Rate','Flat Rate Shipping',NULL,0,1,1,'USD','USD','USD',30.0000,30.0000,0.0000,0.0000,0.0000,0.0000,20.0000,20.0000,0.0000,0.0000,0.0000,0.0000,0.0000,0.0000,0.0000,0.0000,0.0000,0.0000,0.0000,0.0000,0.0000,0.0000,0.0000,0.0000,0.0000,10.0000,10.0000,0.0000,0.0000,0.0000,0.0000,1,'Webkul\\Customer\\Models\\Customer',1,'Webkul\\Core\\Models\\Channel','2021-01-11 14:26:50','2021-01-11 14:26:50',8,'',0.0000,0.0000),(4,'4','pending','Default',1,'sss@gmail.com','Catalog product','ff',NULL,NULL,'free_free','Free Shipping - Free Shipping','Free Shipping',NULL,0,2,2,'USD','USD','USD',369.0000,369.0000,0.0000,0.0000,0.0000,0.0000,369.0000,369.0000,0.0000,0.0000,0.0000,0.0000,0.0000,0.0000,0.0000,0.0000,0.0000,0.0000,0.0000,0.0000,0.0000,0.0000,0.0000,0.0000,0.0000,0.0000,0.0000,0.0000,0.0000,0.0000,0.0000,NULL,NULL,1,'Webkul\\Core\\Models\\Channel','2021-01-13 10:58:09','2021-01-13 10:58:09',15,'',0.0000,0.0000),(5,'5','pending','Default',0,'payal@gmail.com','Payal','Test',NULL,NULL,'free_free','Free Shipping - Free Shipping','Free Shipping',NULL,0,1,1,'USD','USD','USD',23.7500,23.7500,0.0000,0.0000,0.0000,0.0000,23.7500,23.7500,0.0000,0.0000,0.0000,0.0000,0.0000,0.0000,0.0000,0.0000,0.0000,0.0000,0.0000,0.0000,0.0000,0.0000,0.0000,0.0000,0.0000,0.0000,0.0000,0.0000,0.0000,0.0000,0.0000,1,'Webkul\\Customer\\Models\\Customer',1,'Webkul\\Core\\Models\\Channel','2021-01-28 11:55:17','2021-01-28 11:55:17',17,'',0.0000,0.0000),(6,'6','pending','Default',0,'kuldeep@gmail.com','Kuldeep','Panchal',NULL,NULL,'flatrate_flatrate','Flat Rate - Flat Rate','Flat Rate Shipping',NULL,0,1,1,'USD','USD','USD',38.5000,38.5000,0.0000,0.0000,0.0000,0.0000,28.5000,28.5000,0.0000,0.0000,0.0000,0.0000,0.0000,0.0000,0.0000,0.0000,0.0000,0.0000,0.0000,0.0000,0.0000,0.0000,0.0000,0.0000,0.0000,10.0000,10.0000,0.0000,0.0000,0.0000,0.0000,5,'Webkul\\Customer\\Models\\Customer',1,'Webkul\\Core\\Models\\Channel','2021-01-30 06:01:30','2021-01-30 06:01:30',23,'',0.0000,0.0000),(7,'7','pending','Default',0,'payal@gmail.com','Payal','Test',NULL,NULL,'free_free','Free Shipping - Free Shipping','Free Shipping',NULL,0,3,3,'USD','USD','USD',531.0000,531.0000,0.0000,0.0000,0.0000,0.0000,531.0000,531.0000,0.0000,0.0000,0.0000,0.0000,0.0000,0.0000,0.0000,0.0000,0.0000,0.0000,0.0000,0.0000,0.0000,0.0000,0.0000,0.0000,0.0000,0.0000,0.0000,0.0000,0.0000,0.0000,0.0000,1,'Webkul\\Customer\\Models\\Customer',1,'Webkul\\Core\\Models\\Channel','2021-02-03 10:26:37','2021-02-03 10:26:37',22,'',0.0000,0.0000),(8,'8','processing','Default',0,'payal@gmail.com','Payal','Test',NULL,NULL,'free_free','Free Shipping - Free Shipping','Free Shipping',NULL,0,2,3,'USD','USD','USD',47.0000,47.0000,0.0000,0.0000,0.0000,0.0000,47.0000,47.0000,0.0000,0.0000,0.0000,0.0000,0.0000,0.0000,0.0000,0.0000,0.0000,0.0000,0.0000,0.0000,0.0000,0.0000,0.0000,0.0000,0.0000,0.0000,0.0000,0.0000,0.0000,0.0000,0.0000,1,'Webkul\\Customer\\Models\\Customer',1,'Webkul\\Core\\Models\\Channel','2021-02-04 14:43:44','2021-03-09 05:54:51',26,'',0.0000,0.0000),(9,'9','pending','Default',1,'priyankastrivedge@gmail.com','Bob','B',NULL,NULL,'flatrate_flatrate','Flat Rate - Flat Rate','Flat Rate Shipping',NULL,0,1,1,'USD','USD','USD',19.5000,19.5000,0.0000,0.0000,0.0000,0.0000,9.5000,9.5000,0.0000,0.0000,0.0000,0.0000,0.0000,0.0000,0.0000,0.0000,0.0000,0.0000,0.0000,0.0000,0.0000,0.0000,0.0000,0.0000,0.0000,10.0000,10.0000,0.0000,0.0000,0.0000,0.0000,NULL,NULL,1,'Webkul\\Core\\Models\\Channel','2021-02-05 10:48:53','2021-02-05 10:48:53',30,'',0.0000,0.0000),(10,'10','pending','Default',0,'payal@gmail.com','Payal','Test',NULL,NULL,'flatrate_flatrate','Flat Rate - Flat Rate','Flat Rate Shipping',NULL,0,1,1,'USD','USD','USD',19.5000,19.5000,0.0000,0.0000,0.0000,0.0000,9.5000,9.5000,0.0000,0.0000,0.0000,0.0000,0.0000,0.0000,0.0000,0.0000,0.0000,0.0000,0.0000,0.0000,0.0000,0.0000,0.0000,0.0000,0.0000,10.0000,10.0000,0.0000,0.0000,0.0000,0.0000,1,'Webkul\\Customer\\Models\\Customer',1,'Webkul\\Core\\Models\\Channel','2021-02-09 03:31:19','2021-02-09 03:31:19',31,'',0.0000,0.0000),(11,'11','pending','Default',0,'payal@gmail.com','Payal','Test',NULL,NULL,'flatrate_flatrate','Flat Rate - Flat Rate','Flat Rate Shipping',NULL,0,1,3,'USD','USD','USD',58.5000,58.5000,0.0000,0.0000,0.0000,0.0000,28.5000,28.5000,0.0000,0.0000,0.0000,0.0000,0.0000,0.0000,0.0000,0.0000,0.0000,0.0000,0.0000,0.0000,0.0000,0.0000,0.0000,0.0000,0.0000,30.0000,30.0000,0.0000,0.0000,0.0000,0.0000,1,'Webkul\\Customer\\Models\\Customer',1,'Webkul\\Core\\Models\\Channel','2021-02-09 08:11:08','2021-02-09 08:11:08',32,'',0.0000,0.0000),(12,'12','pending','Default',0,'Bhargav@gmail.com','bhargav','Dolaria',NULL,NULL,'flatrate_flatrate','Flat Rate - Flat Rate','Flat Rate Shipping',NULL,0,1,1,'USD','USD','USD',19.5000,19.5000,0.0000,0.0000,0.0000,0.0000,9.5000,9.5000,0.0000,0.0000,0.0000,0.0000,0.0000,0.0000,0.0000,0.0000,0.0000,0.0000,0.0000,0.0000,0.0000,0.0000,0.0000,0.0000,0.0000,10.0000,10.0000,0.0000,0.0000,0.0000,0.0000,6,'Webkul\\Customer\\Models\\Customer',1,'Webkul\\Core\\Models\\Channel','2021-02-09 08:48:30','2021-02-09 08:48:30',33,'',0.0000,0.0000),(13,'13','pending','Default',0,'Bhargav@gmail.com','bhargav','Dolaria',NULL,NULL,'free_free','Free Shipping - Free Shipping','Free Shipping',NULL,0,1,1,'USD','USD','USD',9.5000,9.5000,0.0000,0.0000,0.0000,0.0000,9.5000,9.5000,0.0000,0.0000,0.0000,0.0000,0.0000,0.0000,0.0000,0.0000,0.0000,0.0000,0.0000,0.0000,0.0000,0.0000,0.0000,0.0000,0.0000,0.0000,0.0000,0.0000,0.0000,0.0000,0.0000,6,'Webkul\\Customer\\Models\\Customer',1,'Webkul\\Core\\Models\\Channel','2021-02-09 10:10:05','2021-02-09 10:10:05',34,'',0.0000,0.0000),(14,'14','closed','Default',0,'priyankastrivedge@gmail.com','Priya','Test',NULL,NULL,'flatrate_flatrate','Flat Rate - Flat Rate','Flat Rate Shipping',NULL,0,1,1,'USD','USD','USD',19.5000,19.5000,19.5000,19.5000,19.5000,19.5000,9.5000,9.5000,9.5000,9.5000,9.5000,9.5000,0.0000,0.0000,0.0000,0.0000,0.0000,0.0000,0.0000,0.0000,0.0000,0.0000,0.0000,0.0000,0.0000,10.0000,10.0000,10.0000,10.0000,10.0000,10.0000,NULL,'Webkul\\Customer\\Models\\Customer',1,'Webkul\\Core\\Models\\Channel','2021-02-11 02:46:06','2021-02-11 02:59:37',37,'',0.0000,0.0000),(15,'15','completed','Default',0,'payal@gmail.com','Payal','Test',NULL,NULL,'flatrate_flatrate','Flat Rate - Flat Rate','Flat Rate Shipping',NULL,0,1,1,'USD','USD','USD',20.4500,20.4500,20.4500,20.4500,0.0000,0.0000,10.4500,10.4500,10.4500,10.4500,0.0000,0.0000,0.0000,0.0000,0.0000,0.0000,0.0000,0.0000,0.0000,0.0000,0.0000,0.0000,0.0000,0.0000,0.0000,10.0000,10.0000,10.0000,10.0000,0.0000,0.0000,1,'Webkul\\Customer\\Models\\Customer',1,'Webkul\\Core\\Models\\Channel','2021-02-13 07:13:32','2021-02-13 07:23:54',41,'',0.0000,0.0000),(16,'16','pending','Default',1,'tr@yy.com','hiiuiu','mhhjhj',NULL,NULL,'free_free','Free Shipping - Free Shipping','Free Shipping',NULL,0,1,1,'USD','USD','USD',3.0000,3.0000,0.0000,0.0000,0.0000,0.0000,3.0000,3.0000,0.0000,0.0000,0.0000,0.0000,0.0000,0.0000,0.0000,0.0000,0.0000,0.0000,0.0000,0.0000,0.0000,0.0000,0.0000,0.0000,0.0000,0.0000,0.0000,0.0000,0.0000,0.0000,0.0000,NULL,NULL,1,'Webkul\\Core\\Models\\Channel','2021-03-07 14:59:51','2021-03-07 14:59:51',58,'',0.0000,0.0000),(17,'17','pending','Default',0,'kuldeep.mscit19@gmail.com','Kuldeep','Panchal`',NULL,NULL,'free_free','Free Shipping - Free Shipping','Free Shipping',NULL,0,1,101,'INR','INR','INR',4.1700,303.0000,0.0000,0.0000,0.0000,0.0000,4.1691,303.0000,0.0000,0.0000,0.0000,0.0000,0.0000,0.0000,0.0000,0.0000,0.0000,0.0000,0.0000,0.0000,0.0000,0.0000,0.0000,0.0000,0.0000,0.0000,0.0000,0.0000,0.0000,0.0000,0.0000,14,'Webkul\\Customer\\Models\\Customer',1,'Webkul\\Core\\Models\\Channel','2021-03-13 05:32:23','2021-03-13 05:32:23',63,'',0.0000,0.0000),(18,'18','pending','Default',1,'self@gmail.com','Kuldeep','Panchal',NULL,NULL,'free_free','Free Shipping - Free Shipping','Free Shipping',NULL,0,1,2,'INR','INR','INR',0.2800,20.0000,0.0000,0.0000,0.0000,0.0000,0.2752,20.0000,0.0000,0.0000,0.0000,0.0000,0.0000,0.0000,0.0000,0.0000,0.0000,0.0000,0.0000,0.0000,0.0000,0.0000,0.0000,0.0000,0.0000,0.0000,0.0000,0.0000,0.0000,0.0000,0.0000,NULL,NULL,1,'Webkul\\Core\\Models\\Channel','2021-03-15 03:25:59','2021-03-15 03:25:59',64,'',0.0000,0.0000),(19,'19','closed','Default',1,'kuldeep.glspgdca18@gmail.com','Kuldeep','Panchal',NULL,NULL,'free_free','Free Shipping - Free Shipping','Free Shipping',NULL,0,1,2,'INR','INR','USD',2.2000,160.0000,2.2016,160.0000,2.2016,160.0000,2.2015,160.0000,2.2016,160.0000,2.2016,160.0000,0.0000,0.0000,0.0000,0.0000,0.0000,0.0000,0.0000,0.0000,0.0000,0.0000,0.0000,0.0000,0.0000,0.0000,0.0000,0.0000,0.0000,0.0000,0.0000,NULL,NULL,1,'Webkul\\Core\\Models\\Channel','2021-03-15 03:42:48','2021-07-03 09:24:38',65,'',0.0000,0.0000),(20,'20','closed','Default',1,'kuldeep.glspgdca18@gmail.com','Kuldeep','Panchal',NULL,NULL,'free_free','Free Shipping - Free Shipping','Free Shipping',NULL,0,2,2,'INR','INR','INR',11.0000,11.0000,11.0000,11.0000,11.0000,11.0000,11.0000,11.0000,11.0000,11.0000,11.0000,11.0000,0.0000,0.0000,0.0000,0.0000,0.0000,0.0000,0.0000,0.0000,0.0000,0.0000,0.0000,0.0000,0.0000,0.0000,0.0000,0.0000,0.0000,0.0000,0.0000,NULL,NULL,1,'Webkul\\Core\\Models\\Channel','2021-03-15 07:13:10','2021-07-03 04:06:44',69,'',0.0000,0.0000);
/*!40000 ALTER TABLE `orders` ENABLE KEYS */;
UNLOCK TABLES;

--
-- Table structure for table `password_resets`
--

DROP TABLE IF EXISTS `password_resets`;
/*!40101 SET @saved_cs_client     = @@character_set_client */;
/*!50503 SET character_set_client = utf8mb4 */;
CREATE TABLE `password_resets` (
  `email` varchar(191) CHARACTER SET utf8mb4 COLLATE utf8mb4_unicode_ci NOT NULL,
  `token` varchar(191) CHARACTER SET utf8mb4 COLLATE utf8mb4_unicode_ci NOT NULL,
  `created_at` timestamp NULL DEFAULT NULL,
  KEY `password_resets_email_index` (`email`)
) ENGINE=InnoDB DEFAULT CHARSET=utf8mb4 COLLATE=utf8mb4_unicode_ci ROW_FORMAT=DYNAMIC;
/*!40101 SET character_set_client = @saved_cs_client */;

--
-- Dumping data for table `password_resets`
--

LOCK TABLES `password_resets` WRITE;
/*!40000 ALTER TABLE `password_resets` DISABLE KEYS */;
/*!40000 ALTER TABLE `password_resets` ENABLE KEYS */;
UNLOCK TABLES;

--
-- Table structure for table `product_attribute_values`
--

DROP TABLE IF EXISTS `product_attribute_values`;
/*!40101 SET @saved_cs_client     = @@character_set_client */;
/*!50503 SET character_set_client = utf8mb4 */;
CREATE TABLE `product_attribute_values` (
  `id` int unsigned NOT NULL AUTO_INCREMENT,
  `locale` varchar(191) CHARACTER SET utf8mb4 COLLATE utf8mb4_unicode_ci DEFAULT NULL,
  `channel` varchar(191) CHARACTER SET utf8mb4 COLLATE utf8mb4_unicode_ci DEFAULT NULL,
  `text_value` text CHARACTER SET utf8mb4 COLLATE utf8mb4_unicode_ci,
  `boolean_value` tinyint(1) DEFAULT NULL,
  `integer_value` int DEFAULT NULL,
  `float_value` decimal(12,4) DEFAULT NULL,
  `datetime_value` datetime DEFAULT NULL,
  `date_value` date DEFAULT NULL,
  `json_value` longtext CHARACTER SET utf8mb4 COLLATE utf8mb4_bin,
  `product_id` int unsigned NOT NULL,
  `attribute_id` int unsigned NOT NULL,
  PRIMARY KEY (`id`),
  UNIQUE KEY `chanel_locale_attribute_value_index_unique` (`channel`,`locale`,`attribute_id`,`product_id`),
  KEY `product_attribute_values_product_id_foreign` (`product_id`),
  KEY `product_attribute_values_attribute_id_foreign` (`attribute_id`),
  CONSTRAINT `product_attribute_values_attribute_id_foreign` FOREIGN KEY (`attribute_id`) REFERENCES `attributes` (`id`) ON DELETE CASCADE,
  CONSTRAINT `product_attribute_values_product_id_foreign` FOREIGN KEY (`product_id`) REFERENCES `products` (`id`) ON DELETE CASCADE
) ENGINE=InnoDB AUTO_INCREMENT=3254 DEFAULT CHARSET=utf8mb4 COLLATE=utf8mb4_unicode_ci ROW_FORMAT=DYNAMIC;
/*!40101 SET character_set_client = @saved_cs_client */;

--
-- Dumping data for table `product_attribute_values`
--

LOCK TABLES `product_attribute_values` WRITE;
/*!40000 ALTER TABLE `product_attribute_values` DISABLE KEYS */;
INSERT INTO `product_attribute_values` VALUES (1,'en','default','<p>Short desc</p>',NULL,NULL,NULL,NULL,NULL,NULL,1,9),(2,'en','default','<p>Long desc</p>',NULL,NULL,NULL,NULL,NULL,NULL,1,10),(3,NULL,NULL,'ssd',NULL,NULL,NULL,NULL,NULL,NULL,1,1),(4,'en','default','Test Product',NULL,NULL,NULL,NULL,NULL,NULL,1,2),(5,NULL,NULL,'test-product',NULL,NULL,NULL,NULL,NULL,NULL,1,3),(6,NULL,'default',NULL,NULL,0,NULL,NULL,NULL,NULL,1,4),(7,NULL,NULL,NULL,1,NULL,NULL,NULL,NULL,NULL,1,5),(8,NULL,NULL,NULL,0,NULL,NULL,NULL,NULL,NULL,1,6),(9,NULL,NULL,NULL,1,NULL,NULL,NULL,NULL,NULL,1,7),(10,NULL,NULL,NULL,1,NULL,NULL,NULL,NULL,NULL,1,8),(11,NULL,NULL,NULL,NULL,4,NULL,NULL,NULL,NULL,1,23),(12,NULL,NULL,NULL,NULL,6,NULL,NULL,NULL,NULL,1,24),(13,NULL,NULL,NULL,1,NULL,NULL,NULL,NULL,NULL,1,26),(14,'en','default','',NULL,NULL,NULL,NULL,NULL,NULL,1,16),(15,'en','default','',NULL,NULL,NULL,NULL,NULL,NULL,1,17),(16,'en','default','',NULL,NULL,NULL,NULL,NULL,NULL,1,18),(17,NULL,NULL,NULL,NULL,NULL,100.0000,NULL,NULL,NULL,1,11),(18,NULL,'default',NULL,NULL,NULL,100.0000,NULL,NULL,NULL,1,12),(19,NULL,NULL,NULL,NULL,NULL,NULL,NULL,NULL,NULL,1,13),(20,NULL,'default',NULL,NULL,NULL,NULL,NULL,NULL,NULL,1,14),(21,NULL,'default',NULL,NULL,NULL,NULL,NULL,NULL,NULL,1,15),(22,NULL,NULL,'',NULL,NULL,NULL,NULL,NULL,NULL,1,19),(23,NULL,NULL,'',NULL,NULL,NULL,NULL,NULL,NULL,1,20),(24,NULL,NULL,'',NULL,NULL,NULL,NULL,NULL,NULL,1,21),(25,NULL,NULL,'100',NULL,NULL,NULL,NULL,NULL,NULL,1,22),(240,'en','default','<p>Short desc</p>',NULL,NULL,NULL,NULL,NULL,NULL,23,9),(241,'en','default','<p>Long Desc</p>',NULL,NULL,NULL,NULL,NULL,NULL,23,10),(242,NULL,NULL,'fgu',NULL,NULL,NULL,NULL,NULL,NULL,23,1),(243,'en','default','Tshirt',NULL,NULL,NULL,NULL,NULL,NULL,23,2),(244,NULL,NULL,'tshirt',NULL,NULL,NULL,NULL,NULL,NULL,23,3),(245,NULL,'default',NULL,NULL,0,NULL,NULL,NULL,NULL,23,4),(246,NULL,NULL,NULL,1,NULL,NULL,NULL,NULL,NULL,23,5),(247,NULL,NULL,NULL,0,NULL,NULL,NULL,NULL,NULL,23,6),(248,NULL,NULL,NULL,1,NULL,NULL,NULL,NULL,NULL,23,7),(249,NULL,NULL,NULL,1,NULL,NULL,NULL,NULL,NULL,23,8),(250,NULL,NULL,NULL,NULL,1,NULL,NULL,NULL,NULL,23,23),(251,NULL,NULL,NULL,NULL,6,NULL,NULL,NULL,NULL,23,24),(252,NULL,NULL,NULL,1,NULL,NULL,NULL,NULL,NULL,23,26),(253,'en','default','',NULL,NULL,NULL,NULL,NULL,NULL,23,16),(254,'en','default','',NULL,NULL,NULL,NULL,NULL,NULL,23,17),(255,'en','default','',NULL,NULL,NULL,NULL,NULL,NULL,23,18),(256,NULL,NULL,NULL,NULL,NULL,500.0000,NULL,NULL,NULL,23,11),(257,NULL,'default',NULL,NULL,NULL,NULL,NULL,NULL,NULL,23,12),(258,NULL,NULL,NULL,NULL,NULL,NULL,NULL,NULL,NULL,23,13),(259,NULL,'default',NULL,NULL,NULL,NULL,NULL,NULL,NULL,23,14),(260,NULL,'default',NULL,NULL,NULL,NULL,NULL,NULL,NULL,23,15),(261,NULL,NULL,'',NULL,NULL,NULL,NULL,NULL,NULL,23,19),(262,NULL,NULL,'',NULL,NULL,NULL,NULL,NULL,NULL,23,20),(263,NULL,NULL,'',NULL,NULL,NULL,NULL,NULL,NULL,23,21),(264,NULL,NULL,'200',NULL,NULL,NULL,NULL,NULL,NULL,23,22),(265,'en','default','<p>Short Desc</p>',NULL,NULL,NULL,NULL,NULL,NULL,24,9),(266,'en','default','<p>Long Desc</p>',NULL,NULL,NULL,NULL,NULL,NULL,24,10),(267,NULL,NULL,'sdff',NULL,NULL,NULL,NULL,NULL,NULL,24,1),(268,'en','default','Mac',NULL,NULL,NULL,NULL,NULL,NULL,24,2),(269,NULL,NULL,'mac',NULL,NULL,NULL,NULL,NULL,NULL,24,3),(270,NULL,'default',NULL,NULL,0,NULL,NULL,NULL,NULL,24,4),(271,NULL,NULL,NULL,0,NULL,NULL,NULL,NULL,NULL,24,5),(272,NULL,NULL,NULL,1,NULL,NULL,NULL,NULL,NULL,24,6),(273,NULL,NULL,NULL,1,NULL,NULL,NULL,NULL,NULL,24,7),(274,NULL,NULL,NULL,1,NULL,NULL,NULL,NULL,NULL,24,8),(275,NULL,NULL,NULL,NULL,4,NULL,NULL,NULL,NULL,24,23),(276,NULL,NULL,NULL,NULL,6,NULL,NULL,NULL,NULL,24,24),(277,NULL,NULL,NULL,1,NULL,NULL,NULL,NULL,NULL,24,26),(278,'en','default','',NULL,NULL,NULL,NULL,NULL,NULL,24,16),(279,'en','default','',NULL,NULL,NULL,NULL,NULL,NULL,24,17),(280,'en','default','',NULL,NULL,NULL,NULL,NULL,NULL,24,18),(281,NULL,NULL,NULL,NULL,NULL,100000.0000,NULL,NULL,NULL,24,11),(282,NULL,'default',NULL,NULL,NULL,NULL,NULL,NULL,NULL,24,12),(283,NULL,NULL,NULL,NULL,NULL,NULL,NULL,NULL,NULL,24,13),(284,NULL,'default',NULL,NULL,NULL,NULL,NULL,NULL,NULL,24,14),(285,NULL,'default',NULL,NULL,NULL,NULL,NULL,NULL,NULL,24,15),(286,NULL,NULL,'',NULL,NULL,NULL,NULL,NULL,NULL,24,19),(287,NULL,NULL,'',NULL,NULL,NULL,NULL,NULL,NULL,24,20),(288,NULL,NULL,'',NULL,NULL,NULL,NULL,NULL,NULL,24,21),(289,NULL,NULL,'500',NULL,NULL,NULL,NULL,NULL,NULL,24,22),(978,'en','default','<p><span style=\"color: #4f4f4f; font-family: \'Work Sans\', sans-serif;\">Thermometers are used to measure fever in humans or tell you how cold it is outside. Made up of thermo (heat) and meter (measuring device), the meaning of the word thermometer is straightforward. Thermometers measure temperatures in degrees, according to either the Celsius or Fahrenheit system</span></p>',NULL,NULL,NULL,NULL,NULL,NULL,87,9),(979,'en','default','<p style=\"box-sizing: border-box; margin-top: 0px; margin-bottom: 1rem; color: #4f4f4f; font-family: \'Work Sans\', sans-serif;\">- The Niscomed Digital Thermometer is used to check the body temperature right from the comfort of your home</p>\r\n<p style=\"box-sizing: border-box; margin-top: 0px; margin-bottom: 1rem; color: #4f4f4f; font-family: \'Work Sans\', sans-serif;\">&nbsp;</p>\r\n<p style=\"box-sizing: border-box; margin-top: 0px; margin-bottom: 1rem; color: #4f4f4f; font-family: \'Work Sans\', sans-serif;\">- The digital thermometer from Niscomed has a fixed tip and is mercury-free</p>\r\n<p style=\"box-sizing: border-box; margin-top: 0px; margin-bottom: 1rem; color: #4f4f4f; font-family: \'Work Sans\', sans-serif;\">- This thermometer can be used for taking oral, rectal and axillary temperature</p>\r\n<p style=\"box-sizing: border-box; margin-top: 0px; margin-bottom: 1rem; color: #4f4f4f; font-family: \'Work Sans\', sans-serif;\">- In about a minute, it displays the temperature on its petite display</p>\r\n<p style=\"box-sizing: border-box; margin-top: 0px; margin-bottom: 1rem; color: #4f4f4f; font-family: \'Work Sans\', sans-serif;\">- This digital thermometer gives a beep sound when the measuring is done</p>\r\n<p style=\"box-sizing: border-box; margin-top: 0px; margin-bottom: 1rem; color: #4f4f4f; font-family: \'Work Sans\', sans-serif;\">- The device supports a large easy to read LCD display</p>\r\n<p style=\"box-sizing: border-box; margin-top: 0px; margin-bottom: 1rem; color: #4f4f4f; font-family: \'Work Sans\', sans-serif;\">- The thermometer comes with a low battery indicator</p>\r\n<p style=\"box-sizing: border-box; margin-top: 0px; margin-bottom: 1rem; color: #4f4f4f; font-family: \'Work Sans\', sans-serif;\">- Thermometers are used to measure fever in humans or tell you how cold it is outside. Made up of thermo (heat) and meter (measuring device), the meaning of the word thermometer is straightforward. Thermometers measure temperatures in degrees, according to either the Celsius or Fahrenheit system</p>',NULL,NULL,NULL,NULL,NULL,NULL,87,10),(980,NULL,NULL,'0101',NULL,NULL,NULL,NULL,NULL,NULL,87,1),(981,'en','default','Digital Thermometer',NULL,NULL,NULL,NULL,NULL,NULL,87,2),(982,NULL,NULL,'niscomed-dt-01-digital-thermometer---single',NULL,NULL,NULL,NULL,NULL,NULL,87,3),(983,NULL,'default',NULL,NULL,0,NULL,NULL,NULL,NULL,87,4),(984,NULL,NULL,NULL,1,NULL,NULL,NULL,NULL,NULL,87,5),(985,NULL,NULL,NULL,0,NULL,NULL,NULL,NULL,NULL,87,6),(986,NULL,NULL,NULL,1,NULL,NULL,NULL,NULL,NULL,87,7),(987,NULL,NULL,NULL,1,NULL,NULL,NULL,NULL,NULL,87,8),(988,NULL,NULL,NULL,NULL,5,NULL,NULL,NULL,NULL,87,23),(989,NULL,NULL,NULL,NULL,6,NULL,NULL,NULL,NULL,87,24),(990,NULL,NULL,NULL,1,NULL,NULL,NULL,NULL,NULL,87,26),(991,'en','default','',NULL,NULL,NULL,NULL,NULL,NULL,87,16),(992,'en','default','',NULL,NULL,NULL,NULL,NULL,NULL,87,17),(993,'en','default','',NULL,NULL,NULL,NULL,NULL,NULL,87,18),(994,NULL,NULL,NULL,NULL,NULL,10.0000,NULL,NULL,NULL,87,11),(995,NULL,'default',NULL,NULL,NULL,NULL,NULL,NULL,NULL,87,12),(996,NULL,NULL,NULL,NULL,NULL,NULL,NULL,NULL,NULL,87,13),(997,NULL,'default',NULL,NULL,NULL,NULL,NULL,NULL,NULL,87,14),(998,NULL,'default',NULL,NULL,NULL,NULL,NULL,NULL,NULL,87,15),(999,NULL,NULL,'',NULL,NULL,NULL,NULL,NULL,NULL,87,19),(1000,NULL,NULL,'',NULL,NULL,NULL,NULL,NULL,NULL,87,20),(1001,NULL,NULL,'',NULL,NULL,NULL,NULL,NULL,NULL,87,21),(1002,NULL,NULL,'0',NULL,NULL,NULL,NULL,NULL,NULL,87,22),(1003,'en','default','<ul style=\"box-sizing: border-box; margin-top: 0px; margin-bottom: 1rem; list-style-type: none; color: #212529; font-family: Poppins, sans-serif; font-size: 16px;\">\r\n<li style=\"box-sizing: border-box; line-height: 35px;\">Neutral box packing</li>\r\n<li style=\"box-sizing: border-box; line-height: 35px;\">Size: 17.5x9.5cm</li>\r\n</ul>',NULL,NULL,NULL,NULL,NULL,NULL,88,9),(1004,'en','default','<ul style=\"box-sizing: border-box; margin-top: 0px; margin-bottom: 1rem; list-style-type: none; color: #212529; font-family: Poppins, sans-serif; font-size: 16px;\">\r\n<li style=\"box-sizing: border-box; line-height: 35px;\">25G +25G +25G</li>\r\n<li style=\"box-sizing: border-box; line-height: 35px;\">3ply</li>\r\n<li style=\"box-sizing: border-box; line-height: 35px;\">BFE&ge;95%</li>\r\n<li style=\"box-sizing: border-box; line-height: 35px;\">Ear-loop</li>\r\n<li style=\"box-sizing: border-box; line-height: 35px;\">50 pcs/box</li>\r\n<li style=\"box-sizing: border-box; line-height: 35px;\">Neutral box packing</li>\r\n<li style=\"box-sizing: border-box; line-height: 35px;\">Size: 17.5x9.5cm</li>\r\n</ul>',NULL,NULL,NULL,NULL,NULL,NULL,88,10),(1005,NULL,NULL,'0102',NULL,NULL,NULL,NULL,NULL,NULL,88,1),(1006,'en','default','Non woven Face mask (for Civil Use)',NULL,NULL,NULL,NULL,NULL,NULL,88,2),(1007,NULL,NULL,'niet-geweven-gezichtsmasker-voor-civiel-gebruik',NULL,NULL,NULL,NULL,NULL,NULL,88,3),(1008,NULL,'default',NULL,NULL,2,NULL,NULL,NULL,NULL,88,4),(1009,NULL,NULL,NULL,0,NULL,NULL,NULL,NULL,NULL,88,5),(1010,NULL,NULL,NULL,1,NULL,NULL,NULL,NULL,NULL,88,6),(1011,NULL,NULL,NULL,1,NULL,NULL,NULL,NULL,NULL,88,7),(1012,NULL,NULL,NULL,1,NULL,NULL,NULL,NULL,NULL,88,8),(1013,NULL,NULL,NULL,NULL,1,NULL,NULL,NULL,NULL,88,23),(1014,NULL,NULL,NULL,NULL,6,NULL,NULL,NULL,NULL,88,24),(1015,NULL,NULL,NULL,1,NULL,NULL,NULL,NULL,NULL,88,26),(1016,'en','default','',NULL,NULL,NULL,NULL,NULL,NULL,88,16),(1017,'en','default','',NULL,NULL,NULL,NULL,NULL,NULL,88,17),(1018,'en','default','',NULL,NULL,NULL,NULL,NULL,NULL,88,18),(1019,NULL,NULL,NULL,NULL,NULL,1.0000,NULL,NULL,NULL,88,11),(1020,NULL,'default',NULL,NULL,NULL,NULL,NULL,NULL,NULL,88,12),(1021,NULL,NULL,NULL,NULL,NULL,NULL,NULL,NULL,NULL,88,13),(1022,NULL,'default',NULL,NULL,NULL,NULL,NULL,NULL,NULL,88,14),(1023,NULL,'default',NULL,NULL,NULL,NULL,NULL,NULL,NULL,88,15),(1024,NULL,NULL,'',NULL,NULL,NULL,NULL,NULL,NULL,88,19),(1025,NULL,NULL,'',NULL,NULL,NULL,NULL,NULL,NULL,88,20),(1026,NULL,NULL,'',NULL,NULL,NULL,NULL,NULL,NULL,88,21),(1027,NULL,NULL,'0',NULL,NULL,NULL,NULL,NULL,NULL,88,22),(1028,'en','default','<p>(50g nonwoven + 25g PEE filter(meltdown) + 25g PEE filter(meltdown) + 60g cotton + 30g non woven)</p>\r\n<p>&nbsp;</p>',NULL,NULL,NULL,NULL,NULL,NULL,89,9),(1029,'en','default','<div>\r\n<div>\r\n<p>(50g nonwoven + 25g PEE filter(meltdown) + 25g PEE filter(meltdown) + 60g cotton + 30g non woven )</p>\r\n<p>with Nose Clip &amp; Ear</p>\r\n<p>Loop</p>\r\n<p>Mask size: 15.5x10.5cm</p>\r\n<p>BFE&ge;95%</p>\r\n<p>Product meet EN 149:2001+A1:2009</p>\r\n<p>GB2626-2006 standard</p>\r\n</div>\r\n</div>',NULL,NULL,NULL,NULL,NULL,NULL,89,10),(1030,NULL,NULL,'0103',NULL,NULL,NULL,NULL,NULL,NULL,89,1),(1031,'en','default','KN 95 Face Mask, 5 layers',NULL,NULL,NULL,NULL,NULL,NULL,89,2),(1032,NULL,NULL,'kn-95-face-mask-5-layers',NULL,NULL,NULL,NULL,NULL,NULL,89,3),(1033,NULL,'default',NULL,NULL,0,NULL,NULL,NULL,NULL,89,4),(1034,NULL,NULL,NULL,0,NULL,NULL,NULL,NULL,NULL,89,5),(1035,NULL,NULL,NULL,1,NULL,NULL,NULL,NULL,NULL,89,6),(1036,NULL,NULL,NULL,1,NULL,NULL,NULL,NULL,NULL,89,7),(1037,NULL,NULL,NULL,1,NULL,NULL,NULL,NULL,NULL,89,8),(1038,NULL,NULL,NULL,NULL,1,NULL,NULL,NULL,NULL,89,23),(1039,NULL,NULL,NULL,NULL,6,NULL,NULL,NULL,NULL,89,24),(1040,NULL,NULL,NULL,1,NULL,NULL,NULL,NULL,NULL,89,26),(1041,'en','default','',NULL,NULL,NULL,NULL,NULL,NULL,89,16),(1042,'en','default','',NULL,NULL,NULL,NULL,NULL,NULL,89,17),(1043,'en','default','',NULL,NULL,NULL,NULL,NULL,NULL,89,18),(1044,NULL,NULL,NULL,NULL,NULL,5.0000,NULL,NULL,NULL,89,11),(1045,NULL,'default',NULL,NULL,NULL,NULL,NULL,NULL,NULL,89,12),(1046,NULL,NULL,NULL,NULL,NULL,NULL,NULL,NULL,NULL,89,13),(1047,NULL,'default',NULL,NULL,NULL,NULL,NULL,NULL,NULL,89,14),(1048,NULL,'default',NULL,NULL,NULL,NULL,NULL,NULL,NULL,89,15),(1049,NULL,NULL,'',NULL,NULL,NULL,NULL,NULL,NULL,89,19),(1050,NULL,NULL,'',NULL,NULL,NULL,NULL,NULL,NULL,89,20),(1051,NULL,NULL,'',NULL,NULL,NULL,NULL,NULL,NULL,89,21),(1052,NULL,NULL,'0',NULL,NULL,NULL,NULL,NULL,NULL,89,22),(1053,'en','default','<p>5 Layers</p>\r\n<p>with nose clip</p>\r\n<p>size:15.5x10.5cm</p>\r\n<p>SPP+PEE+ES&amp;PP+SPP</p>\r\n<p>BFE&ge;95%</p>\r\n<p>Product meet EN 149:2001+A1:2009</p>\r\n<p>GB2626-2006 standard Spunbond 50Gsm</p>\r\n<p>Meltblow 25gsm</p>\r\n<p>Filter Cotton : 50Gsm</p>\r\n<p>Meltblown 25gsm</p>\r\n<p>Spunbond : 30gsm</p>',NULL,NULL,NULL,NULL,NULL,NULL,90,9),(1054,'en','default','<p>5 Layers with nose clip</p>\r\n<p>&nbsp;</p>',NULL,NULL,NULL,NULL,NULL,NULL,90,10),(1055,NULL,NULL,'0104',NULL,NULL,NULL,NULL,NULL,NULL,90,1),(1056,'en','default','KN95 with Respiratory Valve',NULL,NULL,NULL,NULL,NULL,NULL,90,2),(1057,NULL,NULL,'kn95-met-ademhalingsventiel',NULL,NULL,NULL,NULL,NULL,NULL,90,3),(1058,NULL,'default',NULL,NULL,1,NULL,NULL,NULL,NULL,90,4),(1059,NULL,NULL,NULL,0,NULL,NULL,NULL,NULL,NULL,90,5),(1060,NULL,NULL,NULL,1,NULL,NULL,NULL,NULL,NULL,90,6),(1061,NULL,NULL,NULL,1,NULL,NULL,NULL,NULL,NULL,90,7),(1062,NULL,NULL,NULL,1,NULL,NULL,NULL,NULL,NULL,90,8),(1063,NULL,NULL,NULL,NULL,5,NULL,NULL,NULL,NULL,90,23),(1064,NULL,NULL,NULL,NULL,6,NULL,NULL,NULL,NULL,90,24),(1065,NULL,NULL,NULL,1,NULL,NULL,NULL,NULL,NULL,90,26),(1066,'en','default','',NULL,NULL,NULL,NULL,NULL,NULL,90,16),(1067,'en','default','',NULL,NULL,NULL,NULL,NULL,NULL,90,17),(1068,'en','default','',NULL,NULL,NULL,NULL,NULL,NULL,90,18),(1069,NULL,NULL,NULL,NULL,NULL,6.0000,NULL,NULL,NULL,90,11),(1070,NULL,'default',NULL,NULL,NULL,NULL,NULL,NULL,NULL,90,12),(1071,NULL,NULL,NULL,NULL,NULL,NULL,NULL,NULL,NULL,90,13),(1072,NULL,'default',NULL,NULL,NULL,NULL,NULL,NULL,NULL,90,14),(1073,NULL,'default',NULL,NULL,NULL,NULL,NULL,NULL,NULL,90,15),(1074,NULL,NULL,'',NULL,NULL,NULL,NULL,NULL,NULL,90,19),(1075,NULL,NULL,'',NULL,NULL,NULL,NULL,NULL,NULL,90,20),(1076,NULL,NULL,'',NULL,NULL,NULL,NULL,NULL,NULL,90,21),(1077,NULL,NULL,'0',NULL,NULL,NULL,NULL,NULL,NULL,90,22),(1078,'en','default','<p>Level-2 as per ANSI/AAMI PB70 Barrier Performance.</p>',NULL,NULL,NULL,NULL,NULL,NULL,91,9),(1079,'en','default','<p>Level-2 as per ANSI/AAMI PB70 Barrier Performance.</p>\r\n<p>Used to protect from Fluids during treatment.</p>\r\n<p>Gown Sizes: Medium, Large, Extra Large</p>',NULL,NULL,NULL,NULL,NULL,NULL,91,10),(1080,NULL,NULL,'0105',NULL,NULL,NULL,NULL,NULL,NULL,91,1),(1081,'en','default','Disposable SMS Medical Gown, 40 GSM',NULL,NULL,NULL,NULL,NULL,NULL,91,2),(1082,NULL,NULL,'disposable-sms-medical-gown-40-gsm',NULL,NULL,NULL,NULL,NULL,NULL,91,3),(1083,NULL,'default',NULL,NULL,0,NULL,NULL,NULL,NULL,91,4),(1084,NULL,NULL,NULL,1,NULL,NULL,NULL,NULL,NULL,91,5),(1085,NULL,NULL,NULL,1,NULL,NULL,NULL,NULL,NULL,91,6),(1086,NULL,NULL,NULL,1,NULL,NULL,NULL,NULL,NULL,91,7),(1087,NULL,NULL,NULL,1,NULL,NULL,NULL,NULL,NULL,91,8),(1088,NULL,NULL,NULL,NULL,5,NULL,NULL,NULL,NULL,91,23),(1089,NULL,NULL,NULL,NULL,6,NULL,NULL,NULL,NULL,91,24),(1090,NULL,NULL,NULL,1,NULL,NULL,NULL,NULL,NULL,91,26),(1091,'en','default','',NULL,NULL,NULL,NULL,NULL,NULL,91,16),(1092,'en','default','',NULL,NULL,NULL,NULL,NULL,NULL,91,17),(1093,'en','default','',NULL,NULL,NULL,NULL,NULL,NULL,91,18),(1094,NULL,NULL,NULL,NULL,NULL,2.0000,NULL,NULL,NULL,91,11),(1095,NULL,'default',NULL,NULL,NULL,NULL,NULL,NULL,NULL,91,12),(1096,NULL,NULL,NULL,NULL,NULL,NULL,NULL,NULL,NULL,91,13),(1097,NULL,'default',NULL,NULL,NULL,NULL,NULL,NULL,NULL,91,14),(1098,NULL,'default',NULL,NULL,NULL,NULL,NULL,NULL,NULL,91,15),(1099,NULL,NULL,'',NULL,NULL,NULL,NULL,NULL,NULL,91,19),(1100,NULL,NULL,'',NULL,NULL,NULL,NULL,NULL,NULL,91,20),(1101,NULL,NULL,'',NULL,NULL,NULL,NULL,NULL,NULL,91,21),(1102,NULL,NULL,'0',NULL,NULL,NULL,NULL,NULL,NULL,91,22),(1103,'en','default','<p>PP Non-Woven Fabric(30gsm) + Breathable film(30gsm) + Glue(3gsm)</p>\r\n<p>&nbsp;</p>',NULL,NULL,NULL,NULL,NULL,NULL,92,9),(1104,'en','default','<p>PP Non-Woven Fabric(30gsm) + Breathable film(30gsm) + Glue(3gsm)</p>\r\n<p><span style=\"box-sizing: border-box; font-weight: bolder;\">Size:</span>&nbsp;L/XL</p>\r\n<p><span style=\"box-sizing: border-box; font-weight: bolder;\">Color:</span>&nbsp;White (with blue adhesive tape)</p>\r\n<p><span style=\"box-sizing: border-box; font-weight: bolder;\">Features:</span>&nbsp;Waterproof, Guard against cross infection</p>\r\n<p>Applications: Medical outpatient department, sick room, inspection charmber, lab room, ICU, CDC and other clinical protective place</p>',NULL,NULL,NULL,NULL,NULL,NULL,92,10),(1105,NULL,NULL,'0106',NULL,NULL,NULL,NULL,NULL,NULL,92,1),(1106,'en','default','Disposable Protective Coveralls 63 GSM',NULL,NULL,NULL,NULL,NULL,NULL,92,2),(1107,NULL,NULL,'disposable-protective-coveralls-63-gsm',NULL,NULL,NULL,NULL,NULL,NULL,92,3),(1108,NULL,'default',NULL,NULL,0,NULL,NULL,NULL,NULL,92,4),(1109,NULL,NULL,NULL,1,NULL,NULL,NULL,NULL,NULL,92,5),(1110,NULL,NULL,NULL,1,NULL,NULL,NULL,NULL,NULL,92,6),(1111,NULL,NULL,NULL,1,NULL,NULL,NULL,NULL,NULL,92,7),(1112,NULL,NULL,NULL,1,NULL,NULL,NULL,NULL,NULL,92,8),(1113,NULL,NULL,NULL,NULL,5,NULL,NULL,NULL,NULL,92,23),(1114,NULL,NULL,NULL,NULL,9,NULL,NULL,NULL,NULL,92,24),(1115,NULL,NULL,NULL,1,NULL,NULL,NULL,NULL,NULL,92,26),(1116,'en','default','',NULL,NULL,NULL,NULL,NULL,NULL,92,16),(1117,'en','default','',NULL,NULL,NULL,NULL,NULL,NULL,92,17),(1118,'en','default','',NULL,NULL,NULL,NULL,NULL,NULL,92,18),(1119,NULL,NULL,NULL,NULL,NULL,10.0000,NULL,NULL,NULL,92,11),(1120,NULL,'default',NULL,NULL,NULL,NULL,NULL,NULL,NULL,92,12),(1121,NULL,NULL,NULL,NULL,NULL,NULL,NULL,NULL,NULL,92,13),(1122,NULL,'default',NULL,NULL,NULL,NULL,NULL,NULL,NULL,92,14),(1123,NULL,'default',NULL,NULL,NULL,NULL,NULL,NULL,NULL,92,15),(1124,NULL,NULL,'',NULL,NULL,NULL,NULL,NULL,NULL,92,19),(1125,NULL,NULL,'',NULL,NULL,NULL,NULL,NULL,NULL,92,20),(1126,NULL,NULL,'',NULL,NULL,NULL,NULL,NULL,NULL,92,21),(1127,NULL,NULL,'2',NULL,NULL,NULL,NULL,NULL,NULL,92,22),(1128,'en','default','<table>\r\n<tbody>\r\n<tr>\r\n<td>Automatic shut-down:</td>\r\n<td>13 Second</td>\r\n</tr>\r\n</tbody>\r\n</table>',NULL,NULL,NULL,NULL,NULL,NULL,93,9),(1129,'en','default','<table class=\"table table-bordered table-striped mt-4\" style=\"border-collapse: collapse; width: 802px; margin-bottom: 1rem; border: 0px; color: #212529; font-family: Poppins, sans-serif; font-size: 16px; margin-top: 1.5rem !important;\">\r\n<tbody style=\"box-sizing: border-box;\">\r\n<tr style=\"box-sizing: border-box; background-color: rgba(0, 0, 0, 0.05);\">\r\n<td style=\"box-sizing: border-box; padding: 0.75rem; vertical-align: top; border: 1px solid #dee2e6;\"><span style=\"box-sizing: border-box; font-weight: bolder;\">Operation mode:</span></td>\r\n<td style=\"box-sizing: border-box; padding: 0.75rem; vertical-align: top; border: 1px solid #dee2e6;\">Continuous operation</td>\r\n</tr>\r\n<tr style=\"box-sizing: border-box;\">\r\n<td style=\"box-sizing: border-box; padding: 0.75rem; vertical-align: top; border: 1px solid #dee2e6;\"><span style=\"box-sizing: border-box; font-weight: bolder;\">Resolution:</span></td>\r\n<td style=\"box-sizing: border-box; padding: 0.75rem; vertical-align: top; border: 1px solid #dee2e6;\">0.1&deg;C</td>\r\n</tr>\r\n<tr style=\"box-sizing: border-box; background-color: rgba(0, 0, 0, 0.05);\">\r\n<td style=\"box-sizing: border-box; padding: 0.75rem; vertical-align: top; border: 1px solid #dee2e6;\"><span style=\"box-sizing: border-box; font-weight: bolder;\">Temperature unit:</span></td>\r\n<td style=\"box-sizing: border-box; padding: 0.75rem; vertical-align: top; border: 1px solid #dee2e6;\">(&deg;C) / (&deg;F)</td>\r\n</tr>\r\n<tr style=\"box-sizing: border-box;\">\r\n<td style=\"box-sizing: border-box; padding: 0.75rem; vertical-align: top; border: 1px solid #dee2e6;\"><span style=\"box-sizing: border-box; font-weight: bolder;\">Temperature display range:</span></td>\r\n<td style=\"box-sizing: border-box; padding: 0.75rem; vertical-align: top; border: 1px solid #dee2e6;\">33&deg;C-43&deg;C</td>\r\n</tr>\r\n<tr style=\"box-sizing: border-box; background-color: rgba(0, 0, 0, 0.05);\">\r\n<td style=\"box-sizing: border-box; padding: 0.75rem; vertical-align: top; border: 1px solid #dee2e6;\"><span style=\"box-sizing: border-box; font-weight: bolder;\">Measuring distance range:</span></td>\r\n<td style=\"box-sizing: border-box; padding: 0.75rem; vertical-align: top; border: 1px solid #dee2e6;\">3 to 5 cm</td>\r\n</tr>\r\n<tr style=\"box-sizing: border-box;\">\r\n<td style=\"box-sizing: border-box; padding: 0.75rem; vertical-align: top; border: 1px solid #dee2e6;\"><span style=\"box-sizing: border-box; font-weight: bolder;\">Display mode:</span></td>\r\n<td style=\"box-sizing: border-box; padding: 0.75rem; vertical-align: top; border: 1px solid #dee2e6;\">LCD display</td>\r\n</tr>\r\n<tr style=\"box-sizing: border-box; background-color: rgba(0, 0, 0, 0.05);\">\r\n<td style=\"box-sizing: border-box; padding: 0.75rem; vertical-align: top; border: 1px solid #dee2e6;\"><span style=\"box-sizing: border-box; font-weight: bolder;\">Memory data:</span></td>\r\n<td style=\"box-sizing: border-box; padding: 0.75rem; vertical-align: top; border: 1px solid #dee2e6;\">30 groups</td>\r\n</tr>\r\n<tr style=\"box-sizing: border-box;\">\r\n<td style=\"box-sizing: border-box; padding: 0.75rem; vertical-align: top; border: 1px solid #dee2e6;\"><span style=\"box-sizing: border-box; font-weight: bolder;\">Power supply:</span></td>\r\n<td style=\"box-sizing: border-box; padding: 0.75rem; vertical-align: top; border: 1px solid #dee2e6;\">DC3 V (2 AAA batteries)</td>\r\n</tr>\r\n<tr style=\"box-sizing: border-box; background-color: rgba(0, 0, 0, 0.05);\">\r\n<td style=\"box-sizing: border-box; padding: 0.75rem; vertical-align: top; border: 1px solid #dee2e6;\"><span style=\"box-sizing: border-box; font-weight: bolder;\">Dimensions:</span></td>\r\n<td style=\"box-sizing: border-box; padding: 0.75rem; vertical-align: top; border: 1px solid #dee2e6;\">154*87.7*44MM</td>\r\n</tr>\r\n<tr style=\"box-sizing: border-box;\">\r\n<td style=\"box-sizing: border-box; padding: 0.75rem; vertical-align: top; border: 1px solid #dee2e6;\"><span style=\"box-sizing: border-box; font-weight: bolder;\">Net weight:</span></td>\r\n<td style=\"box-sizing: border-box; padding: 0.75rem; vertical-align: top; border: 1px solid #dee2e6;\">0.11kg</td>\r\n</tr>\r\n<tr style=\"box-sizing: border-box; background-color: rgba(0, 0, 0, 0.05);\">\r\n<td style=\"box-sizing: border-box; padding: 0.75rem; vertical-align: top; border: 1px solid #dee2e6;\"><span style=\"box-sizing: border-box; font-weight: bolder;\">Automatic shut-down:</span></td>\r\n<td style=\"box-sizing: border-box; padding: 0.75rem; vertical-align: top; border: 1px solid #dee2e6;\">13 Second</td>\r\n</tr>\r\n</tbody>\r\n</table>',NULL,NULL,NULL,NULL,NULL,NULL,93,10),(1130,NULL,NULL,'0107',NULL,NULL,NULL,NULL,NULL,NULL,93,1),(1131,'en','default','Infrared Thermometer',NULL,NULL,NULL,NULL,NULL,NULL,93,2),(1132,NULL,NULL,'infrared-thermometer',NULL,NULL,NULL,NULL,NULL,NULL,93,3),(1133,NULL,'default',NULL,NULL,1,NULL,NULL,NULL,NULL,93,4),(1134,NULL,NULL,NULL,1,NULL,NULL,NULL,NULL,NULL,93,5),(1135,NULL,NULL,NULL,1,NULL,NULL,NULL,NULL,NULL,93,6),(1136,NULL,NULL,NULL,1,NULL,NULL,NULL,NULL,NULL,93,7),(1137,NULL,NULL,NULL,1,NULL,NULL,NULL,NULL,NULL,93,8),(1138,NULL,NULL,NULL,NULL,5,NULL,NULL,NULL,NULL,93,23),(1139,NULL,NULL,NULL,NULL,6,NULL,NULL,NULL,NULL,93,24),(1140,NULL,NULL,NULL,1,NULL,NULL,NULL,NULL,NULL,93,26),(1141,'en','default','',NULL,NULL,NULL,NULL,NULL,NULL,93,16),(1142,'en','default','',NULL,NULL,NULL,NULL,NULL,NULL,93,17),(1143,'en','default','',NULL,NULL,NULL,NULL,NULL,NULL,93,18),(1144,NULL,NULL,NULL,NULL,NULL,25.0000,NULL,NULL,NULL,93,11),(1145,NULL,'default',NULL,NULL,NULL,NULL,NULL,NULL,NULL,93,12),(1146,NULL,NULL,NULL,NULL,NULL,NULL,NULL,NULL,NULL,93,13),(1147,NULL,'default',NULL,NULL,NULL,NULL,NULL,NULL,NULL,93,14),(1148,NULL,'default',NULL,NULL,NULL,NULL,NULL,NULL,NULL,93,15),(1149,NULL,NULL,'',NULL,NULL,NULL,NULL,NULL,NULL,93,19),(1150,NULL,NULL,'',NULL,NULL,NULL,NULL,NULL,NULL,93,20),(1151,NULL,NULL,'',NULL,NULL,NULL,NULL,NULL,NULL,93,21),(1152,NULL,NULL,'2',NULL,NULL,NULL,NULL,NULL,NULL,93,22),(1153,'en','default','<p>Face Shield with good transparency and antifogging performance, COVID-19 Safety Protection</p>\r\n<p>Suitable for COVID-19 Safety Healthcare workers, handling infected patients.</p>',NULL,NULL,NULL,NULL,NULL,NULL,94,9),(1154,'en','default','<ul style=\"box-sizing: border-box; margin-top: 0px; margin-bottom: 1rem; list-style-type: none; color: #212529; font-family: Poppins, sans-serif; font-size: 16px;\">\r\n<li style=\"box-sizing: border-box; line-height: 35px;\">Face Shield with good transparency and antifogging performance, COVID-19 Safety Protection</li>\r\n<li style=\"box-sizing: border-box; line-height: 35px;\">Suitable for COVID-19 Safety Healthcare workers, handling infected patients.</li>\r\n</ul>\r\n<div class=\"table-responsive\" style=\"box-sizing: border-box; width: 802.5px; overflow-x: auto; color: #212529; font-family: Poppins, sans-serif; font-size: 16px;\">\r\n<table class=\"table table-bordered table-striped mt-4\" style=\"border-collapse: collapse; width: 802px; margin-bottom: 1rem; background-color: transparent; border: 0px; margin-top: 1.5rem !important;\">\r\n<tbody style=\"box-sizing: border-box;\">\r\n<tr style=\"box-sizing: border-box; background-color: rgba(0, 0, 0, 0.05);\">\r\n<td style=\"box-sizing: border-box; padding: 0.75rem; vertical-align: top; border: 1px solid #dee2e6;\"><span style=\"box-sizing: border-box; font-weight: bolder;\">Size:</span></td>\r\n<td style=\"box-sizing: border-box; padding: 0.75rem; vertical-align: top; border: 1px solid #dee2e6;\">33&times;22cm</td>\r\n</tr>\r\n<tr style=\"box-sizing: border-box;\">\r\n<td style=\"box-sizing: border-box; padding: 0.75rem; vertical-align: top; border: 1px solid #dee2e6;\"><span style=\"box-sizing: border-box; font-weight: bolder;\">Thickness:</span></td>\r\n<td style=\"box-sizing: border-box; padding: 0.75rem; vertical-align: top; border: 1px solid #dee2e6;\">0.2mm</td>\r\n</tr>\r\n<tr style=\"box-sizing: border-box; background-color: rgba(0, 0, 0, 0.05);\">\r\n<td style=\"box-sizing: border-box; padding: 0.75rem; vertical-align: top; border: 1px solid #dee2e6;\"><span style=\"box-sizing: border-box; font-weight: bolder;\">Material:</span></td>\r\n<td style=\"box-sizing: border-box; padding: 0.75rem; vertical-align: top; border: 1px solid #dee2e6;\">PET+FOAM</td>\r\n</tr>\r\n<tr style=\"box-sizing: border-box;\">\r\n<td style=\"box-sizing: border-box; padding: 0.75rem; vertical-align: top; border: 1px solid #dee2e6;\"><span style=\"box-sizing: border-box; font-weight: bolder;\">Feature:</span></td>\r\n<td style=\"box-sizing: border-box; padding: 0.75rem; vertical-align: top; border: 1px solid #dee2e6;\">Light and Thin</td>\r\n</tr>\r\n<tr style=\"box-sizing: border-box; background-color: rgba(0, 0, 0, 0.05);\">\r\n<td style=\"box-sizing: border-box; padding: 0.75rem; vertical-align: top; border: 1px solid #dee2e6;\"><span style=\"box-sizing: border-box; font-weight: bolder;\">Packing Size(W*D*H):</span></td>\r\n<td style=\"box-sizing: border-box; padding: 0.75rem; vertical-align: top; border: 1px solid #dee2e6;\">66*50*36.5cm (200pcs)/Carton</td>\r\n</tr>\r\n<tr style=\"box-sizing: border-box;\">\r\n<td style=\"box-sizing: border-box; padding: 0.75rem; vertical-align: top; border: 1px solid #dee2e6;\"><span style=\"box-sizing: border-box; font-weight: bolder;\">Gross Weight:</span></td>\r\n<td style=\"box-sizing: border-box; padding: 0.75rem; vertical-align: top; border: 1px solid #dee2e6;\">(200pcs) 9kg /Carton</td>\r\n</tr>\r\n</tbody>\r\n</table>\r\n</div>',NULL,NULL,NULL,NULL,NULL,NULL,94,10),(1155,NULL,NULL,'0108',NULL,NULL,NULL,NULL,NULL,NULL,94,1),(1156,'en','default','Face Shield, Disposable',NULL,NULL,NULL,NULL,NULL,NULL,94,2),(1157,NULL,NULL,'face-shield-disposable',NULL,NULL,NULL,NULL,NULL,NULL,94,3),(1158,NULL,'default',NULL,NULL,0,NULL,NULL,NULL,NULL,94,4),(1159,NULL,NULL,NULL,1,NULL,NULL,NULL,NULL,NULL,94,5),(1160,NULL,NULL,NULL,0,NULL,NULL,NULL,NULL,NULL,94,6),(1161,NULL,NULL,NULL,1,NULL,NULL,NULL,NULL,NULL,94,7),(1162,NULL,NULL,NULL,1,NULL,NULL,NULL,NULL,NULL,94,8),(1163,NULL,NULL,NULL,NULL,5,NULL,NULL,NULL,NULL,94,23),(1164,NULL,NULL,NULL,NULL,6,NULL,NULL,NULL,NULL,94,24),(1165,NULL,NULL,NULL,1,NULL,NULL,NULL,NULL,NULL,94,26),(1166,'en','default','',NULL,NULL,NULL,NULL,NULL,NULL,94,16),(1167,'en','default','',NULL,NULL,NULL,NULL,NULL,NULL,94,17),(1168,'en','default','',NULL,NULL,NULL,NULL,NULL,NULL,94,18),(1169,NULL,NULL,NULL,NULL,NULL,1.0000,NULL,NULL,NULL,94,11),(1170,NULL,'default',NULL,NULL,NULL,NULL,NULL,NULL,NULL,94,12),(1171,NULL,NULL,NULL,NULL,NULL,NULL,NULL,NULL,NULL,94,13),(1172,NULL,'default',NULL,NULL,NULL,NULL,NULL,NULL,NULL,94,14),(1173,NULL,'default',NULL,NULL,NULL,NULL,NULL,NULL,NULL,94,15),(1174,NULL,NULL,'',NULL,NULL,NULL,NULL,NULL,NULL,94,19),(1175,NULL,NULL,'',NULL,NULL,NULL,NULL,NULL,NULL,94,20),(1176,NULL,NULL,'',NULL,NULL,NULL,NULL,NULL,NULL,94,21),(1177,NULL,NULL,'0',NULL,NULL,NULL,NULL,NULL,NULL,94,22),(1178,'en','default','<p>Nanometer for Sanitizing Currency Notes, Car, Mobiles, Keys etc.</p>',NULL,NULL,NULL,NULL,NULL,NULL,95,9),(1179,'en','default','<p style=\"box-sizing: border-box; margin-top: 0px; margin-bottom: 1rem; color: #212529; font-family: Poppins, sans-serif; font-size: 16px;\">Nanometer for Sanitizing Currency Notes, Car, Mobiles, Keys etc.</p>\r\n<p><span style=\"box-sizing: border-box; font-weight: bolder; color: #212529; font-family: Poppins, sans-serif; font-size: 16px;\">Specifications:</span></p>\r\n<ul style=\"box-sizing: border-box; margin-top: 0px; margin-bottom: 1rem; list-style-type: none; color: #212529; font-family: Poppins, sans-serif; font-size: 16px;\">\r\n<li style=\"box-sizing: border-box; line-height: 35px;\"><span style=\"box-sizing: border-box; font-weight: bolder;\">Material:</span>&nbsp;ABS</li>\r\n<li style=\"box-sizing: border-box; line-height: 35px;\"><span style=\"box-sizing: border-box; font-weight: bolder;\">Product Size:</span>&nbsp;30*30*115mm</li>\r\n<li style=\"box-sizing: border-box; line-height: 35px;\"><span style=\"box-sizing: border-box; font-weight: bolder;\">Product Weight:</span>&nbsp;70gms</li>\r\n<li style=\"box-sizing: border-box; line-height: 35px;\"><span style=\"box-sizing: border-box; font-weight: bolder;\">Battery Capacity:</span>&nbsp;400 mA</li>\r\n<li style=\"box-sizing: border-box; line-height: 35px;\"><span style=\"box-sizing: border-box; font-weight: bolder;\">Charging Time:</span>&nbsp;1 hour</li>\r\n<li style=\"box-sizing: border-box; line-height: 35px;\"><span style=\"box-sizing: border-box; font-weight: bolder;\">Tank Capacity:</span>&nbsp;25ml</li>\r\n<li style=\"box-sizing: border-box; line-height: 35px;\"><span style=\"box-sizing: border-box; font-weight: bolder;\">Carton Size</span>&nbsp;41*21*50cm</li>\r\n<li style=\"box-sizing: border-box; line-height: 35px;\"><span style=\"box-sizing: border-box; font-weight: bolder;\">Gross Weight (200pcs)</span>&nbsp;13kg/Carton</li>\r\n</ul>',NULL,NULL,NULL,NULL,NULL,NULL,95,10),(1180,NULL,NULL,'0109',NULL,NULL,NULL,NULL,NULL,NULL,95,1),(1181,'en','default','Currency Notes/Mobile/Keys Sanitizing Machine',NULL,NULL,NULL,NULL,NULL,NULL,95,2),(1182,NULL,NULL,'currency-notesmobilekeys-sanitizing-machine',NULL,NULL,NULL,NULL,NULL,NULL,95,3),(1183,NULL,'default',NULL,NULL,0,NULL,NULL,NULL,NULL,95,4),(1184,NULL,NULL,NULL,1,NULL,NULL,NULL,NULL,NULL,95,5),(1185,NULL,NULL,NULL,0,NULL,NULL,NULL,NULL,NULL,95,6),(1186,NULL,NULL,NULL,1,NULL,NULL,NULL,NULL,NULL,95,7),(1187,NULL,NULL,NULL,1,NULL,NULL,NULL,NULL,NULL,95,8),(1188,NULL,NULL,NULL,NULL,5,NULL,NULL,NULL,NULL,95,23),(1189,NULL,NULL,NULL,NULL,6,NULL,NULL,NULL,NULL,95,24),(1190,NULL,NULL,NULL,1,NULL,NULL,NULL,NULL,NULL,95,26),(1191,'en','default','',NULL,NULL,NULL,NULL,NULL,NULL,95,16),(1192,'en','default','',NULL,NULL,NULL,NULL,NULL,NULL,95,17),(1193,'en','default','',NULL,NULL,NULL,NULL,NULL,NULL,95,18),(1194,NULL,NULL,NULL,NULL,NULL,35.0000,NULL,NULL,NULL,95,11),(1195,NULL,'default',NULL,NULL,NULL,NULL,NULL,NULL,NULL,95,12),(1196,NULL,NULL,NULL,NULL,NULL,NULL,NULL,NULL,NULL,95,13),(1197,NULL,'default',NULL,NULL,NULL,NULL,NULL,NULL,NULL,95,14),(1198,NULL,'default',NULL,NULL,NULL,NULL,NULL,NULL,NULL,95,15),(1199,NULL,NULL,'',NULL,NULL,NULL,NULL,NULL,NULL,95,19),(1200,NULL,NULL,'',NULL,NULL,NULL,NULL,NULL,NULL,95,20),(1201,NULL,NULL,'',NULL,NULL,NULL,NULL,NULL,NULL,95,21),(1202,NULL,NULL,'3',NULL,NULL,NULL,NULL,NULL,NULL,95,22),(1203,'en','default','<p><span style=\"color: #212529; font-family: Poppins, sans-serif; font-size: 16px;\">A compact contactless dispensing unit sprays alcohol based sanitizer when both hands are placed under it.</span></p>',NULL,NULL,NULL,NULL,NULL,NULL,96,9),(1204,'en','default','<p><span style=\"color: #212529; font-family: Poppins, sans-serif; font-size: 16px;\">A compact contactless dispensing unit sprays alcohol based sanitizer when both hands are placed under it, its aerated mist based formula uses only 5-6 ml. of sanitizer ensuring optimum usage and releases full cone spray mist for 12 seconds in single operation. Contactless technology works on Ultrasonic sensor to ensure zero touch, high operational precision to completely disinfect both hands at once. A wall mountable unit is Enabled with two display LEDs to indicate on/off status and dispensing in progress. Bulk sanitizer container tank makes it hassle free and economical.</span></p>',NULL,NULL,NULL,NULL,NULL,NULL,96,10),(1205,NULL,NULL,'0110',NULL,NULL,NULL,NULL,NULL,NULL,96,1),(1206,'en','default','Automatic Mist Based Sanitizer Dispenser',NULL,NULL,NULL,NULL,NULL,NULL,96,2),(1207,NULL,NULL,'automatic-mist-based-sanitizer-dispenser',NULL,NULL,NULL,NULL,NULL,NULL,96,3),(1208,NULL,'default',NULL,NULL,1,NULL,NULL,NULL,NULL,96,4),(1209,NULL,NULL,NULL,0,NULL,NULL,NULL,NULL,NULL,96,5),(1210,NULL,NULL,NULL,0,NULL,NULL,NULL,NULL,NULL,96,6),(1211,NULL,NULL,NULL,1,NULL,NULL,NULL,NULL,NULL,96,7),(1212,NULL,NULL,NULL,1,NULL,NULL,NULL,NULL,NULL,96,8),(1213,NULL,NULL,NULL,NULL,5,NULL,NULL,NULL,NULL,96,23),(1214,NULL,NULL,NULL,NULL,6,NULL,NULL,NULL,NULL,96,24),(1215,NULL,NULL,NULL,1,NULL,NULL,NULL,NULL,NULL,96,26),(1216,'en','default','',NULL,NULL,NULL,NULL,NULL,NULL,96,16),(1217,'en','default','',NULL,NULL,NULL,NULL,NULL,NULL,96,17),(1218,'en','default','',NULL,NULL,NULL,NULL,NULL,NULL,96,18),(1219,NULL,NULL,NULL,NULL,NULL,100.0000,NULL,NULL,NULL,96,11),(1220,NULL,'default',NULL,NULL,NULL,NULL,NULL,NULL,NULL,96,12),(1221,NULL,NULL,NULL,NULL,NULL,NULL,NULL,NULL,NULL,96,13),(1222,NULL,'default',NULL,NULL,NULL,NULL,NULL,NULL,NULL,96,14),(1223,NULL,'default',NULL,NULL,NULL,NULL,NULL,NULL,NULL,96,15),(1224,NULL,NULL,'',NULL,NULL,NULL,NULL,NULL,NULL,96,19),(1225,NULL,NULL,'',NULL,NULL,NULL,NULL,NULL,NULL,96,20),(1226,NULL,NULL,'',NULL,NULL,NULL,NULL,NULL,NULL,96,21),(1227,NULL,NULL,'15',NULL,NULL,NULL,NULL,NULL,NULL,96,22),(1228,'en','default','<p>4.5 Liters Electric Disinfectant Fogger Sprayer</p>',NULL,NULL,NULL,NULL,NULL,NULL,97,9),(1229,'en','default','<p style=\"box-sizing: border-box; margin-top: 0px; margin-bottom: 1rem; color: #212529; font-family: Poppins, sans-serif; font-size: 16px;\">4.5 Liters Electric Disinfectant Fogger Sprayer</p>\r\n<ul style=\"box-sizing: border-box; margin-top: 0px; margin-bottom: 1rem; list-style-type: none; color: #212529; font-family: Poppins, sans-serif; font-size: 16px;\">\r\n<li style=\"box-sizing: border-box; line-height: 35px;\"><span style=\"box-sizing: border-box; font-weight: bolder;\">Tank Capacity:</span>&nbsp;4.5 liters</li>\r\n<li style=\"box-sizing: border-box; line-height: 35px;\"><span style=\"box-sizing: border-box; font-weight: bolder;\">Mist size:</span>&nbsp;0 to 30&mu;m</li>\r\n<li style=\"box-sizing: border-box; line-height: 35px;\"><span style=\"box-sizing: border-box; font-weight: bolder;\">Spraying range:</span>&nbsp;5 to 10m</li>\r\n<li style=\"box-sizing: border-box; line-height: 35px;\"><span style=\"box-sizing: border-box; font-weight: bolder;\">Spraying Rate:</span>&nbsp;160 to 270ml /min</li>\r\n<li style=\"box-sizing: border-box; line-height: 35px;\"><span style=\"box-sizing: border-box; font-weight: bolder;\">Wire Length:</span>&nbsp;5 m</li>\r\n<li style=\"box-sizing: border-box; line-height: 35px;\"><span style=\"box-sizing: border-box; font-weight: bolder;\">Net Weight:</span>&nbsp;3kg</li>\r\n<li style=\"box-sizing: border-box; line-height: 35px;\"><span style=\"box-sizing: border-box; font-weight: bolder;\">Dimension:</span>&nbsp;380*220*350mm</li>\r\n</ul>',NULL,NULL,NULL,NULL,NULL,NULL,97,10),(1230,NULL,NULL,'0111',NULL,NULL,NULL,NULL,NULL,NULL,97,1),(1231,'en','default','Disinfectant Sprayer',NULL,NULL,NULL,NULL,NULL,NULL,97,2),(1232,NULL,NULL,'disinfectant-sprayer',NULL,NULL,NULL,NULL,NULL,NULL,97,3),(1233,NULL,'default',NULL,NULL,0,NULL,NULL,NULL,NULL,97,4),(1234,NULL,NULL,NULL,0,NULL,NULL,NULL,NULL,NULL,97,5),(1235,NULL,NULL,NULL,0,NULL,NULL,NULL,NULL,NULL,97,6),(1236,NULL,NULL,NULL,1,NULL,NULL,NULL,NULL,NULL,97,7),(1237,NULL,NULL,NULL,1,NULL,NULL,NULL,NULL,NULL,97,8),(1238,NULL,NULL,NULL,NULL,5,NULL,NULL,NULL,NULL,97,23),(1239,NULL,NULL,NULL,NULL,6,NULL,NULL,NULL,NULL,97,24),(1240,NULL,NULL,NULL,1,NULL,NULL,NULL,NULL,NULL,97,26),(1241,'en','default','',NULL,NULL,NULL,NULL,NULL,NULL,97,16),(1242,'en','default','',NULL,NULL,NULL,NULL,NULL,NULL,97,17),(1243,'en','default','',NULL,NULL,NULL,NULL,NULL,NULL,97,18),(1244,NULL,NULL,NULL,NULL,NULL,60.0000,NULL,NULL,NULL,97,11),(1245,NULL,'default',NULL,NULL,NULL,NULL,NULL,NULL,NULL,97,12),(1246,NULL,NULL,NULL,NULL,NULL,NULL,NULL,NULL,NULL,97,13),(1247,NULL,'default',NULL,NULL,NULL,NULL,NULL,NULL,NULL,97,14),(1248,NULL,'default',NULL,NULL,NULL,NULL,NULL,NULL,NULL,97,15),(1249,NULL,NULL,'',NULL,NULL,NULL,NULL,NULL,NULL,97,19),(1250,NULL,NULL,'',NULL,NULL,NULL,NULL,NULL,NULL,97,20),(1251,NULL,NULL,'',NULL,NULL,NULL,NULL,NULL,NULL,97,21),(1252,NULL,NULL,'5',NULL,NULL,NULL,NULL,NULL,NULL,97,22),(1253,'en','default','<p>&nbsp;</p>\r\n<p>Usage: Disinfection, purification of air, decomposition of odour</p>',NULL,NULL,NULL,NULL,NULL,NULL,98,9),(1254,'en','default','<ul style=\"box-sizing: border-box; margin-top: 0px; margin-bottom: 1rem; list-style-type: none; color: #212529; font-family: Poppins, sans-serif; font-size: 16px;\">\r\n<li style=\"box-sizing: border-box; line-height: 35px;\">Power: 900W</li>\r\n<li style=\"box-sizing: border-box; line-height: 35px;\">Smoke Output: 18000cu. ft / min</li>\r\n<li style=\"box-sizing: border-box; line-height: 35px;\">Spray Distance: 3-5cm</li>\r\n<li style=\"box-sizing: border-box; line-height: 35px;\">Preheating TimesL 5 min</li>\r\n<li style=\"box-sizing: border-box; line-height: 35px;\">Fuel Consumption: 150min/L</li>\r\n<li style=\"box-sizing: border-box; line-height: 35px;\">Capacity: 100ml</li>\r\n<li style=\"box-sizing: border-box; line-height: 35px;\">Usage: Disinfection, purification of air, decomposition of odour</li>\r\n<li style=\"box-sizing: border-box; line-height: 35px;\">Application: Car, Home, Office</li>\r\n<li style=\"box-sizing: border-box; line-height: 35px;\">Gross Wt.: 3.3 Kg</li>\r\n</ul>',NULL,NULL,NULL,NULL,NULL,NULL,98,10),(1255,NULL,NULL,'0112',NULL,NULL,NULL,NULL,NULL,NULL,98,1),(1256,'en','default','Disinfectant Automizer Fog Machine',NULL,NULL,NULL,NULL,NULL,NULL,98,2),(1257,NULL,NULL,'disinfectant-automizer-fog-machine',NULL,NULL,NULL,NULL,NULL,NULL,98,3),(1258,NULL,'default',NULL,NULL,0,NULL,NULL,NULL,NULL,98,4),(1259,NULL,NULL,NULL,1,NULL,NULL,NULL,NULL,NULL,98,5),(1260,NULL,NULL,NULL,0,NULL,NULL,NULL,NULL,NULL,98,6),(1261,NULL,NULL,NULL,1,NULL,NULL,NULL,NULL,NULL,98,7),(1262,NULL,NULL,NULL,1,NULL,NULL,NULL,NULL,NULL,98,8),(1263,NULL,NULL,NULL,NULL,5,NULL,NULL,NULL,NULL,98,23),(1264,NULL,NULL,NULL,NULL,6,NULL,NULL,NULL,NULL,98,24),(1265,NULL,NULL,NULL,1,NULL,NULL,NULL,NULL,NULL,98,26),(1266,'en','default','',NULL,NULL,NULL,NULL,NULL,NULL,98,16),(1267,'en','default','',NULL,NULL,NULL,NULL,NULL,NULL,98,17),(1268,'en','default','',NULL,NULL,NULL,NULL,NULL,NULL,98,18),(1269,NULL,NULL,NULL,NULL,NULL,100.0000,NULL,NULL,NULL,98,11),(1270,NULL,'default',NULL,NULL,NULL,NULL,NULL,NULL,NULL,98,12),(1271,NULL,NULL,NULL,NULL,NULL,NULL,NULL,NULL,NULL,98,13),(1272,NULL,'default',NULL,NULL,NULL,NULL,NULL,NULL,NULL,98,14),(1273,NULL,'default',NULL,NULL,NULL,NULL,NULL,NULL,NULL,98,15),(1274,NULL,NULL,'',NULL,NULL,NULL,NULL,NULL,NULL,98,19),(1275,NULL,NULL,'',NULL,NULL,NULL,NULL,NULL,NULL,98,20),(1276,NULL,NULL,'',NULL,NULL,NULL,NULL,NULL,NULL,98,21),(1277,NULL,NULL,'8',NULL,NULL,NULL,NULL,NULL,NULL,98,22),(1278,'en','default','<p>Single Bed for COVID 19 Isolated Patients</p>\r\n<p>&nbsp;</p>',NULL,NULL,NULL,NULL,NULL,NULL,99,9),(1279,'en','default','<ul style=\"box-sizing: border-box; margin-top: 0px; margin-bottom: 1rem; list-style-type: none; color: #212529; font-family: Poppins, sans-serif; font-size: 16px;\">\r\n<li style=\"box-sizing: border-box; line-height: 35px;\">Single Bed for COVID 19 Isolated Patients</li>\r\n<li style=\"box-sizing: border-box; line-height: 35px;\">Light Weight</li>\r\n<li style=\"box-sizing: border-box; line-height: 35px;\">Patient Load Capacity 300KG</li>\r\n<li style=\"box-sizing: border-box; line-height: 35px;\">Can be sanitised</li>\r\n<li style=\"box-sizing: border-box; line-height: 35px;\">Can with stand daily moping</li>\r\n<li style=\"box-sizing: border-box; line-height: 35px;\">Easy to assemble and dismantle</li>\r\n<li style=\"box-sizing: border-box; line-height: 35px;\">Flat Pack for effective Transportation</li>\r\n<li style=\"box-sizing: border-box; line-height: 35px;\">Size - Folded - 43\"x10\"x28\", Unfolded - 6\'x3\'x2\'</li>\r\n</ul>',NULL,NULL,NULL,NULL,NULL,NULL,99,10),(1280,NULL,NULL,'0113',NULL,NULL,NULL,NULL,NULL,NULL,99,1),(1281,'en','default','Disposable Recyclable Corrugated bed',NULL,NULL,NULL,NULL,NULL,NULL,99,2),(1282,NULL,NULL,'wegwerp-recyclebaar-golfkarton',NULL,NULL,NULL,NULL,NULL,NULL,99,3),(1283,NULL,'default',NULL,NULL,0,NULL,NULL,NULL,NULL,99,4),(1284,NULL,NULL,NULL,0,NULL,NULL,NULL,NULL,NULL,99,5),(1285,NULL,NULL,NULL,1,NULL,NULL,NULL,NULL,NULL,99,6),(1286,NULL,NULL,NULL,1,NULL,NULL,NULL,NULL,NULL,99,7),(1287,NULL,NULL,NULL,1,NULL,NULL,NULL,NULL,NULL,99,8),(1288,NULL,NULL,NULL,NULL,5,NULL,NULL,NULL,NULL,99,23),(1289,NULL,NULL,NULL,NULL,6,NULL,NULL,NULL,NULL,99,24),(1290,NULL,NULL,NULL,1,NULL,NULL,NULL,NULL,NULL,99,26),(1291,'en','default','',NULL,NULL,NULL,NULL,NULL,NULL,99,16),(1292,'en','default','',NULL,NULL,NULL,NULL,NULL,NULL,99,17),(1293,'en','default','',NULL,NULL,NULL,NULL,NULL,NULL,99,18),(1294,NULL,NULL,NULL,NULL,NULL,150.0000,NULL,NULL,NULL,99,11),(1295,NULL,'default',NULL,NULL,NULL,NULL,NULL,NULL,NULL,99,12),(1296,NULL,NULL,NULL,NULL,NULL,NULL,NULL,NULL,NULL,99,13),(1297,NULL,'default',NULL,NULL,NULL,NULL,NULL,NULL,NULL,99,14),(1298,NULL,'default',NULL,NULL,NULL,NULL,NULL,NULL,NULL,99,15),(1299,NULL,NULL,'',NULL,NULL,NULL,NULL,NULL,NULL,99,19),(1300,NULL,NULL,'',NULL,NULL,NULL,NULL,NULL,NULL,99,20),(1301,NULL,NULL,'',NULL,NULL,NULL,NULL,NULL,NULL,99,21),(1302,NULL,NULL,'12',NULL,NULL,NULL,NULL,NULL,NULL,99,22),(1303,'en','default','<p>&nbsp;</p>\r\n<p>Low battery capacity indication</p>\r\n<p>Automatically power off function</p>\r\n<p>&nbsp;</p>',NULL,NULL,NULL,NULL,NULL,NULL,100,9),(1304,'en','default','<p style=\"box-sizing: border-box; margin-top: 0px; margin-bottom: 1rem; color: #212529; font-family: Poppins, sans-serif; font-size: 16px;\"><span style=\"box-sizing: border-box; font-weight: bolder;\">Specifications :</span></p>\r\n<ul style=\"box-sizing: border-box; margin-top: 0px; margin-bottom: 1rem; list-style-type: none; color: #212529; font-family: Poppins, sans-serif; font-size: 16px;\">\r\n<li style=\"box-sizing: border-box; line-height: 35px;\"><span style=\"box-sizing: border-box; font-weight: bolder;\">Display mode :</span>&nbsp;Dual-color OLED display (blue and yellow)</li>\r\n<li style=\"box-sizing: border-box; line-height: 35px;\"><span style=\"box-sizing: border-box; font-weight: bolder;\">Power Supply :</span>&nbsp;Two 1.5V (AAA size)alkaline battery</li>\r\n<li style=\"box-sizing: border-box; line-height: 35px;\"><span style=\"box-sizing: border-box; font-weight: bolder;\">Battery Voltage :</span>&nbsp;DC2.6V~3.6V</li>\r\n<li style=\"box-sizing: border-box; line-height: 35px;\">High accuracy and durability</li>\r\n<li style=\"box-sizing: border-box; line-height: 35px;\">SpO2, Pulse Rate, Bar Graph, Pulse Waveform display</li>\r\n<li style=\"box-sizing: border-box; line-height: 35px;\">Low battery capacity indication</li>\r\n<li style=\"box-sizing: border-box; line-height: 35px;\">Automatically power off function</li>\r\n<li style=\"box-sizing: border-box; line-height: 35px;\">Six models adjustable by pressing the button shortly</li>\r\n<li style=\"box-sizing: border-box; line-height: 35px;\">Four levels adjustable brightness</li>\r\n<li style=\"box-sizing: border-box; line-height: 35px;\">Display format can be saved after power off</li>\r\n<li style=\"box-sizing: border-box; line-height: 35px;\">Various color of cover can be selected</li>\r\n</ul>',NULL,NULL,NULL,NULL,NULL,NULL,100,10),(1305,NULL,NULL,'0114',NULL,NULL,NULL,NULL,NULL,NULL,100,1),(1306,'en','default','DP2040 - Fingertip Oximeter',NULL,NULL,NULL,NULL,NULL,NULL,100,2),(1307,NULL,NULL,'dp2040---fingertip-oximeter',NULL,NULL,NULL,NULL,NULL,NULL,100,3),(1308,NULL,'default',NULL,NULL,0,NULL,NULL,NULL,NULL,100,4),(1309,NULL,NULL,NULL,1,NULL,NULL,NULL,NULL,NULL,100,5),(1310,NULL,NULL,NULL,0,NULL,NULL,NULL,NULL,NULL,100,6),(1311,NULL,NULL,NULL,1,NULL,NULL,NULL,NULL,NULL,100,7),(1312,NULL,NULL,NULL,1,NULL,NULL,NULL,NULL,NULL,100,8),(1313,NULL,NULL,NULL,NULL,5,NULL,NULL,NULL,NULL,100,23),(1314,NULL,NULL,NULL,NULL,6,NULL,NULL,NULL,NULL,100,24),(1315,NULL,NULL,NULL,1,NULL,NULL,NULL,NULL,NULL,100,26),(1316,'en','default','',NULL,NULL,NULL,NULL,NULL,NULL,100,16),(1317,'en','default','',NULL,NULL,NULL,NULL,NULL,NULL,100,17),(1318,'en','default','',NULL,NULL,NULL,NULL,NULL,NULL,100,18),(1319,NULL,NULL,NULL,NULL,NULL,80.0000,NULL,NULL,NULL,100,11),(1320,NULL,'default',NULL,NULL,NULL,NULL,NULL,NULL,NULL,100,12),(1321,NULL,NULL,NULL,NULL,NULL,NULL,NULL,NULL,NULL,100,13),(1322,NULL,'default',NULL,NULL,NULL,NULL,NULL,NULL,NULL,100,14),(1323,NULL,'default',NULL,NULL,NULL,NULL,NULL,NULL,NULL,100,15),(1324,NULL,NULL,'',NULL,NULL,NULL,NULL,NULL,NULL,100,19),(1325,NULL,NULL,'',NULL,NULL,NULL,NULL,NULL,NULL,100,20),(1326,NULL,NULL,'',NULL,NULL,NULL,NULL,NULL,NULL,100,21),(1327,NULL,NULL,'4',NULL,NULL,NULL,NULL,NULL,NULL,100,22),(1328,'en','default','<p>SAFE, CONVENIENT, AT-HOME SAMPLE COLLECTION &ndash; Kit includes everything needed for sample collection. Only a small amount of saliva sample is needed. Avoid the discomfort of nasal swab and long lines for testing. Registration and sample collection can be done from the comfort of your home or office. Sample collection is unsupervised, so the report may not be valid for all travel purposes.</p>',NULL,NULL,NULL,NULL,NULL,NULL,101,9),(1329,'en','default','<ul class=\"a-unordered-list a-vertical a-spacing-mini\" style=\"box-sizing: border-box; margin: 0px 0px 0px 18px; color: #111111; padding: 0px; font-family: \'Amazon Ember\', Arial, sans-serif;\">\r\n<li style=\"box-sizing: border-box; list-style: disc; overflow-wrap: break-word; margin: 0px;\"><span class=\"a-list-item\" style=\"box-sizing: border-box;\">FDA AUTHORIZED HOME TEST FOR SARS-CoV-2 VIRUS DETECTION ON SYMPTOMATIC AND ASYMPTOMATIC INDIVIDUALS &ndash; This non-invasive easy to use at-home saliva test for COVID-19 has been FDA authorized for use by both individuals with and without symptoms of COVID-19. The test detects the presence of viral genetic material but will not confirm immunity or detect antibodies. This test is authorized by FDA for emergency use during the COVID emergency.</span></li>\r\n<li style=\"box-sizing: border-box; list-style: disc; overflow-wrap: break-word; margin: 0px;\"><span class=\"a-list-item\" style=\"box-sizing: border-box;\">SAFE, CONVENIENT, AT-HOME SAMPLE COLLECTION &ndash; Kit includes everything needed for sample collection. Only a small amount of saliva sample is needed. Avoid the discomfort of nasal swab and long lines for testing. Registration and sample collection can be done from the comfort of your home or office. Sample collection is unsupervised, so the report may not be valid for all travel purposes.</span></li>\r\n<li style=\"box-sizing: border-box; list-style: disc; overflow-wrap: break-word; margin: 0px;\"><span class=\"a-list-item\" style=\"box-sizing: border-box;\">FAST RESULTS &ndash; Prepaid express return shipping is included with the test. Results are available within 24 to 72 hours of sample receipt at the laboratory. Refund policy: the kit is not returnable once purchased and must be used within 60 days of purchase, refunds will be provided if the physician prescription is not authorized for any reason (such as for having emergency warning symptoms at sample registration) or if results are not provided due to fault of the shipment or testing process.</span></li>\r\n<li style=\"box-sizing: border-box; list-style: disc; overflow-wrap: break-word; margin: 0px;\"><span class=\"a-list-item\" style=\"box-sizing: border-box;\">ONLINE REGISTRATION AND AUTHORIZATION &ndash; Online registration and physician authorization process included with the kit. Samples must be registered into the portal at my.dxterity.com and returned to a FedEx collection location on the same day as collection, before the last express pick-up. Samples may not be collected on Sunday in most locations.</span></li>\r\n<li style=\"box-sizing: border-box; list-style: disc; overflow-wrap: break-word; margin: 0px;\"><span class=\"a-list-item\" style=\"box-sizing: border-box;\">EASY TO UNDERSTAND RESULTS &ndash; Fact sheet for patients and the official lab report will be available to you online and may be downloaded to serve as proof of your result. DxTerity developed the test and each sample is processed in our CLIA-Certified (Clinical Laboratory Improvement Amendments) and CAP Accredited (College of American Pathologists) laboratory.</span></li>\r\n</ul>',NULL,NULL,NULL,NULL,NULL,NULL,101,10),(1330,NULL,NULL,'0115',NULL,NULL,NULL,NULL,NULL,NULL,101,1),(1331,'en','default','DxTerity COVID-19 Saliva at-Home Collection Kit with Prepaid Express Return Shipping and Laboratory PCR Testing',NULL,NULL,NULL,NULL,NULL,NULL,101,2),(1332,NULL,NULL,'dxterity-covid-19-saliva-at-home-collection-kit-with-prepaid-express-return-shipping-and-laboratory-pcr-testing',NULL,NULL,NULL,NULL,NULL,NULL,101,3),(1333,NULL,'default',NULL,NULL,0,NULL,NULL,NULL,NULL,101,4),(1334,NULL,NULL,NULL,1,NULL,NULL,NULL,NULL,NULL,101,5),(1335,NULL,NULL,NULL,1,NULL,NULL,NULL,NULL,NULL,101,6),(1336,NULL,NULL,NULL,1,NULL,NULL,NULL,NULL,NULL,101,7),(1337,NULL,NULL,NULL,1,NULL,NULL,NULL,NULL,NULL,101,8),(1338,NULL,NULL,NULL,NULL,5,NULL,NULL,NULL,NULL,101,23),(1339,NULL,NULL,NULL,NULL,6,NULL,NULL,NULL,NULL,101,24),(1340,NULL,NULL,NULL,1,NULL,NULL,NULL,NULL,NULL,101,26),(1341,'en','default','',NULL,NULL,NULL,NULL,NULL,NULL,101,16),(1342,'en','default','',NULL,NULL,NULL,NULL,NULL,NULL,101,17),(1343,'en','default','',NULL,NULL,NULL,NULL,NULL,NULL,101,18),(1344,NULL,NULL,NULL,NULL,NULL,3.0000,NULL,NULL,NULL,101,11),(1345,NULL,'default',NULL,NULL,NULL,NULL,NULL,NULL,NULL,101,12),(1346,NULL,NULL,NULL,NULL,NULL,NULL,NULL,NULL,NULL,101,13),(1347,NULL,'default',NULL,NULL,NULL,NULL,NULL,NULL,NULL,101,14),(1348,NULL,'default',NULL,NULL,NULL,NULL,NULL,NULL,NULL,101,15),(1349,NULL,NULL,'',NULL,NULL,NULL,NULL,NULL,NULL,101,19),(1350,NULL,NULL,'',NULL,NULL,NULL,NULL,NULL,NULL,101,20),(1351,NULL,NULL,'',NULL,NULL,NULL,NULL,NULL,NULL,101,21),(1352,NULL,NULL,'0',NULL,NULL,NULL,NULL,NULL,NULL,101,22),(1353,'en','default','<p>Place PURELL hand sanitizer at desks, in common areas, and restrooms</p>',NULL,NULL,NULL,NULL,NULL,NULL,102,9),(1354,'en','default','<ul class=\"a-unordered-list a-vertical a-spacing-mini\" style=\"box-sizing: border-box; margin: 0px 0px 0px 18px; color: #111111; padding: 0px; font-family: \'Amazon Ember\', Arial, sans-serif;\">\r\n<li style=\"box-sizing: border-box; list-style: disc; overflow-wrap: break-word; margin: 0px;\"><span class=\"a-list-item\" style=\"box-sizing: border-box;\">Show you care about the well-being of your team and visitors in the office and on-the-go</span></li>\r\n<li style=\"box-sizing: border-box; list-style: disc; overflow-wrap: break-word; margin: 0px;\"><span class=\"a-list-item\" style=\"box-sizing: border-box;\">Place PURELL hand sanitizer at desks, in common areas, and restrooms</span></li>\r\n<li style=\"box-sizing: border-box; list-style: disc; overflow-wrap: break-word; margin: 0px;\"><span class=\"a-list-item\" style=\"box-sizing: border-box;\">Perfect for frequent use. Mild formula with 4 moisturizers is free of triclosan, parabens, phthalates, and preservatives; so it does not dry out or irritate skin. Hands feel soft, even after many uses</span></li>\r\n<li style=\"box-sizing: border-box; list-style: disc; overflow-wrap: break-word; margin: 0px;\"><span class=\"a-list-item\" style=\"box-sizing: border-box;\">Display bowl of 1 fl oz Flip-Cap bottles is ideal for reception areas and breakrooms and helps employees fight germs throughout their workdays</span></li>\r\n<li style=\"box-sizing: border-box; list-style: disc; overflow-wrap: break-word; margin: 0px;\"><span class=\"a-list-item\" style=\"box-sizing: border-box;\">Case Includes:36 - PURELL Advanced Hand Sanitizer Refreshing Gel for Workplaces - 1 fl oz Flip-Cap Bottles with Display Bowl</span></li>\r\n</ul>',NULL,NULL,NULL,NULL,NULL,NULL,102,10),(1355,NULL,NULL,'0116',NULL,NULL,NULL,NULL,NULL,NULL,102,1),(1356,'en','default','PURELL Advanced Hand Sanitizer Refreshing Gel, Clean Scent, 1 fl oz Travel Size Flip-Cap Bottle with Display Bowl (Pack of 36)  3901-36-BWL',NULL,NULL,NULL,NULL,NULL,NULL,102,2),(1357,NULL,NULL,'purell-advanced-hand-sanitizer-refreshing-gel-clean-scent-1-fl-oz-travel-size-flip-cap-bottle-with-display-bowl-pack-of-36-3901-36-bwl',NULL,NULL,NULL,NULL,NULL,NULL,102,3),(1358,NULL,'default',NULL,NULL,0,NULL,NULL,NULL,NULL,102,4),(1359,NULL,NULL,NULL,0,NULL,NULL,NULL,NULL,NULL,102,5),(1360,NULL,NULL,NULL,1,NULL,NULL,NULL,NULL,NULL,102,6),(1361,NULL,NULL,NULL,1,NULL,NULL,NULL,NULL,NULL,102,7),(1362,NULL,NULL,NULL,1,NULL,NULL,NULL,NULL,NULL,102,8),(1363,NULL,NULL,NULL,NULL,5,NULL,NULL,NULL,NULL,102,23),(1364,NULL,NULL,NULL,NULL,6,NULL,NULL,NULL,NULL,102,24),(1365,NULL,NULL,NULL,1,NULL,NULL,NULL,NULL,NULL,102,26),(1366,'en','default','',NULL,NULL,NULL,NULL,NULL,NULL,102,16),(1367,'en','default','',NULL,NULL,NULL,NULL,NULL,NULL,102,17),(1368,'en','default','',NULL,NULL,NULL,NULL,NULL,NULL,102,18),(1369,NULL,NULL,NULL,NULL,NULL,50.0000,NULL,NULL,NULL,102,11),(1370,NULL,'default',NULL,NULL,NULL,NULL,NULL,NULL,NULL,102,12),(1371,NULL,NULL,NULL,NULL,NULL,NULL,NULL,NULL,NULL,102,13),(1372,NULL,'default',NULL,NULL,NULL,NULL,NULL,NULL,NULL,102,14),(1373,NULL,'default',NULL,NULL,NULL,NULL,NULL,NULL,NULL,102,15),(1374,NULL,NULL,'',NULL,NULL,NULL,NULL,NULL,NULL,102,19),(1375,NULL,NULL,'',NULL,NULL,NULL,NULL,NULL,NULL,102,20),(1376,NULL,NULL,'',NULL,NULL,NULL,NULL,NULL,NULL,102,21),(1377,NULL,NULL,'1',NULL,NULL,NULL,NULL,NULL,NULL,102,22),(1378,'en','default','<ul class=\"a-unordered-list a-vertical a-spacing-mini\" style=\"box-sizing: border-box; margin: 0px 0px 0px 18px; color: #111111; padding: 0px; font-family: \'Amazon Ember\', Arial, sans-serif;\">\r\n<li style=\"box-sizing: border-box; list-style: disc; overflow-wrap: break-word; margin: 0px;\"><span class=\"a-list-item\" style=\"box-sizing: border-box;\">Antimicrobial premoistened hand wipe with 62 percent ethyl alcohol to help reduce the number of germs on hands and remove light soils</span></li>\r\n<li style=\"box-sizing: border-box; list-style: disc; overflow-wrap: break-word; margin: 0px;\"><span class=\"a-list-item\" style=\"box-sizing: border-box;\">Textured and thicker than regular PURELL Hand Sanitizing Wipes</span></li>\r\n<li style=\"box-sizing: border-box; list-style: disc; overflow-wrap: break-word; margin: 0px;\"><span class=\"a-list-item\" style=\"box-sizing: border-box;\">Contains vitamin E and A, aloe, and moisturizers to help keep skin hydrated</span></li>\r\n<li style=\"box-sizing: border-box; list-style: disc; overflow-wrap: break-word; margin: 0px;\"><span class=\"a-list-item\" style=\"box-sizing: border-box;\">Individually wrapped in tear-open packets for portability and to retain moisture</span></li>\r\n</ul>',NULL,NULL,NULL,NULL,NULL,NULL,103,9),(1379,'en','default','<div id=\"featurebullets_feature_div\" class=\"celwidget\" style=\"box-sizing: border-box; color: #0f1111; font-family: \'Amazon Ember\', Arial, sans-serif;\" data-feature-name=\"featurebullets\" data-csa-c-id=\"4igc94-a1lzlf-7t0w9c-wz7ntt\" data-cel-widget=\"featurebullets_feature_div\">\r\n<div id=\"feature-bullets\" class=\"a-section a-spacing-medium a-spacing-top-small\" style=\"box-sizing: border-box; margin-top: 8px !important; margin-bottom: 0px;\">\r\n<ul class=\"a-unordered-list a-vertical a-spacing-mini\" style=\"box-sizing: border-box; margin: 0px 0px 0px 18px; color: #111111; padding: 0px;\">\r\n<li style=\"box-sizing: border-box; list-style: disc; overflow-wrap: break-word; margin: 0px;\"><span class=\"a-list-item\" style=\"box-sizing: border-box;\">Antimicrobial premoistened hand wipe with 62 percent ethyl alcohol to help reduce the number of germs on hands and remove light soils</span></li>\r\n<li style=\"box-sizing: border-box; list-style: disc; overflow-wrap: break-word; margin: 0px;\"><span class=\"a-list-item\" style=\"box-sizing: border-box;\">Textured and thicker than regular PURELL Hand Sanitizing Wipes</span></li>\r\n<li style=\"box-sizing: border-box; list-style: disc; overflow-wrap: break-word; margin: 0px;\"><span class=\"a-list-item\" style=\"box-sizing: border-box;\">Contains vitamin E and A, aloe, and moisturizers to help keep skin hydrated</span></li>\r\n<li style=\"box-sizing: border-box; list-style: disc; overflow-wrap: break-word; margin: 0px;\"><span class=\"a-list-item\" style=\"box-sizing: border-box;\">Individually wrapped in tear-open packets for portability and to retain moisture</span></li>\r\n</ul>\r\n</div>\r\n</div>\r\n<div id=\"globalStoreInfoBullets_feature_div\" class=\"celwidget\" style=\"box-sizing: border-box; color: #0f1111; font-family: \'Amazon Ember\', Arial, sans-serif;\" data-feature-name=\"globalStoreInfoBullets\" data-csa-c-id=\"ng7dk5-pwqz3a-8df4mp-3qj732\" data-cel-widget=\"globalStoreInfoBullets_feature_div\">&nbsp;</div>\r\n<div id=\"HLCXComparisonJumplink_feature_div\" style=\"box-sizing: border-box; color: #0f1111; font-family: \'Amazon Ember\', Arial, sans-serif;\">&nbsp;</div>\r\n<div id=\"vendorPoweredCoupon_feature_div\" class=\"celwidget\" style=\"box-sizing: border-box; color: #0f1111; font-family: \'Amazon Ember\', Arial, sans-serif;\" data-feature-name=\"vendorPoweredCoupon\" data-csa-c-id=\"jzyla8-dt7yxw-z12epd-7ln5nc\" data-cel-widget=\"vendorPoweredCoupon_feature_div\">&nbsp;</div>\r\n<div id=\"bissProductSpecification_feature_div\" class=\"celwidget\" style=\"box-sizing: border-box; color: #0f1111; font-family: \'Amazon Ember\', Arial, sans-serif;\" data-feature-name=\"bissProductSpecification\" data-csa-c-id=\"33rzqo-5z3d9o-ylidol-nfhunu\" data-cel-widget=\"bissProductSpecification_feature_div\"><hr class=\"a-divider-normal\" style=\"box-sizing: border-box; background-color: transparent; height: 1px; border-right-width: 0px; border-bottom-width: 0px; border-left-width: 0px; border-top-style: solid; border-top-color: #e7e7e7; line-height: 19px; margin-top: 0px; margin-bottom: 14px;\" />\r\n<div class=\"a-section a-spacing-large pzr-features-containers\" style=\"box-sizing: border-box; margin-bottom: 22px;\">\r\n<h5 class=\"a-spacing-small\" style=\"box-sizing: border-box; padding: 0px; font-size: 14px; line-height: 20px; margin: 0px 0px 8px !important 0px;\">Specifications for this item</h5>\r\n<div class=\"a-row\" style=\"box-sizing: border-box; width: 604.469px; overflow: hidden;\">\r\n<div class=\"a-column a-span12 a-span-last\" style=\"box-sizing: border-box; width: 604.469px; margin-right: 0px; float: right; min-height: 1px; overflow: visible;\">\r\n<div class=\"a-expander-collapsed-height a-row a-expander-container a-expander-partial-collapse-container\" style=\"box-sizing: border-box; width: 604.469px; overflow: hidden; position: relative; max-height: none; height: 300px;\" aria-live=\"polite\" data-a-expander-name=\"psw_table_expander\" data-a-expander-collapsed-height=\"300\">\r\n<div class=\"a-expander-content a-expander-partial-collapse-content\" style=\"box-sizing: border-box; overflow: hidden; position: relative; padding-bottom: 20px;\" aria-expanded=\"false\">\r\n<table id=\"product-specification-table\" class=\"a-keyvalue\" style=\"margin-bottom: 22px; border-collapse: collapse; width: 604px; border-bottom: 1px solid #e7e7e7;\">\r\n<tbody style=\"box-sizing: border-box;\">\r\n<tr style=\"box-sizing: border-box;\">\r\n<th class=\"a-span4 a-text-right\" style=\"box-sizing: border-box; vertical-align: top; text-align: right !important; padding: 7px 14px 6px; float: none !important; margin-right: 0px; width: 192px; background-color: #f3f3f3; color: #111111; font-weight: 400; border-top: 1px solid #e7e7e7;\">Brand Name</th>\r\n<td style=\"box-sizing: border-box; vertical-align: top; padding: 7px 14px 6px; border-top: 1px solid #e7e7e7; overflow-wrap: break-word;\">Purell</td>\r\n</tr>\r\n<tr style=\"box-sizing: border-box;\">\r\n<th class=\"a-span4 a-text-right\" style=\"box-sizing: border-box; vertical-align: top; text-align: right !important; padding: 7px 14px 6px; float: none !important; margin-right: 0px; width: 192px; background-color: #f3f3f3; color: #111111; font-weight: 400; border-top: 1px solid #e7e7e7;\">Ean</th>\r\n<td style=\"box-sizing: border-box; vertical-align: top; padding: 7px 14px 6px; border-top: 1px solid #e7e7e7; overflow-wrap: break-word;\">0073852019445</td>\r\n</tr>\r\n<tr style=\"box-sizing: border-box;\">\r\n<th class=\"a-span4 a-text-right\" style=\"box-sizing: border-box; vertical-align: top; text-align: right !important; padding: 7px 14px 6px; float: none !important; margin-right: 0px; width: 192px; background-color: #f3f3f3; color: #111111; font-weight: 400; border-top: 1px solid #e7e7e7;\">Global Trade Identification Number</th>\r\n<td style=\"box-sizing: border-box; vertical-align: top; padding: 7px 14px 6px; border-top: 1px solid #e7e7e7; overflow-wrap: break-word;\">10073852019824</td>\r\n</tr>\r\n<tr style=\"box-sizing: border-box;\">\r\n<th class=\"a-span4 a-text-right\" style=\"box-sizing: border-box; vertical-align: top; text-align: right !important; padding: 7px 14px 6px; float: none !important; margin-right: 0px; width: 192px; background-color: #f3f3f3; color: #111111; font-weight: 400; border-top: 1px solid #e7e7e7;\">Included Components</th>\r\n<td style=\"box-sizing: border-box; vertical-align: top; padding: 7px 14px 6px; border-top: 1px solid #e7e7e7; overflow-wrap: break-word;\">1000 - Individual PURELL Cottony Soft Hand Sanitizing Wipes</td>\r\n</tr>\r\n<tr style=\"box-sizing: border-box;\">\r\n<th class=\"a-span4 a-text-right\" style=\"box-sizing: border-box; vertical-align: top; text-align: right !important; padding: 7px 14px 6px; float: none !important; margin-right: 0px; width: 192px; background-color: #f3f3f3; color: #111111; font-weight: 400; border-top: 1px solid #e7e7e7;\">Item Weight</th>\r\n<td style=\"box-sizing: border-box; vertical-align: top; padding: 7px 14px 6px; border-top: 1px solid #e7e7e7; overflow-wrap: break-word;\">0.160 ounces</td>\r\n</tr>\r\n<tr style=\"box-sizing: border-box;\">\r\n<th class=\"a-span4 a-text-right\" style=\"box-sizing: border-box; vertical-align: top; text-align: right !important; padding: 7px 14px 6px; float: none !important; margin-right: 0px; width: 192px; background-color: #f3f3f3; color: #111111; font-weight: 400; border-top: 1px solid #e7e7e7;\">Model Number</th>\r\n<td style=\"box-sizing: border-box; vertical-align: top; padding: 7px 14px 6px; border-top: 1px solid #e7e7e7; overflow-wrap: break-word;\">9026-1M</td>\r\n</tr>\r\n<tr style=\"box-sizing: border-box;\">\r\n<th class=\"a-span4 a-text-right\" style=\"box-sizing: border-box; vertical-align: top; text-align: right !important; padding: 7px 14px 6px; float: none !important; margin-right: 0px; width: 192px; background-color: #f3f3f3; color: #111111; font-weight: 400; border-top: 1px solid #e7e7e7;\">Number of Items</th>\r\n<td style=\"box-sizing: border-box; vertical-align: top; padding: 7px 14px 6px; border-top: 1px solid #e7e7e7; overflow-wrap: break-word;\">1000</td>\r\n</tr>\r\n</tbody>\r\n</table>\r\n</div>\r\n</div>\r\n</div>\r\n</div>\r\n</div>\r\n</div>',NULL,NULL,NULL,NULL,NULL,NULL,103,10),(1380,NULL,NULL,'0117',NULL,NULL,NULL,NULL,NULL,NULL,103,1),(1381,'en','default','PURELL Cottony Soft Hand Sanitizing Wipes, 1000 Individually Wrapped Hand Sanitizing Wipes in Bulk Packed Shipper - 9026-1M',NULL,NULL,NULL,NULL,NULL,NULL,103,2),(1382,NULL,NULL,'purell-cottony-soft-hand-sanitizing-wipes-1000-individually-wrapped-hand-sanitizing-wipes-in-bulk-packed-shipper---9026-1m',NULL,NULL,NULL,NULL,NULL,NULL,103,3),(1383,NULL,'default',NULL,NULL,0,NULL,NULL,NULL,NULL,103,4),(1384,NULL,NULL,NULL,1,NULL,NULL,NULL,NULL,NULL,103,5),(1385,NULL,NULL,NULL,1,NULL,NULL,NULL,NULL,NULL,103,6),(1386,NULL,NULL,NULL,1,NULL,NULL,NULL,NULL,NULL,103,7),(1387,NULL,NULL,NULL,1,NULL,NULL,NULL,NULL,NULL,103,8),(1388,NULL,NULL,NULL,NULL,5,NULL,NULL,NULL,NULL,103,23),(1389,NULL,NULL,NULL,NULL,6,NULL,NULL,NULL,NULL,103,24),(1390,NULL,NULL,NULL,1,NULL,NULL,NULL,NULL,NULL,103,26),(1391,'en','default','',NULL,NULL,NULL,NULL,NULL,NULL,103,16),(1392,'en','default','',NULL,NULL,NULL,NULL,NULL,NULL,103,17),(1393,'en','default','',NULL,NULL,NULL,NULL,NULL,NULL,103,18),(1394,NULL,NULL,NULL,NULL,NULL,30.0000,NULL,NULL,NULL,103,11),(1395,NULL,'default',NULL,NULL,NULL,30.0000,NULL,NULL,NULL,103,12),(1396,NULL,NULL,NULL,NULL,NULL,25.0000,NULL,NULL,NULL,103,13),(1397,NULL,'default',NULL,NULL,NULL,NULL,NULL,NULL,NULL,103,14),(1398,NULL,'default',NULL,NULL,NULL,NULL,NULL,NULL,NULL,103,15),(1399,NULL,NULL,'',NULL,NULL,NULL,NULL,NULL,NULL,103,19),(1400,NULL,NULL,'',NULL,NULL,NULL,NULL,NULL,NULL,103,20),(1401,NULL,NULL,'',NULL,NULL,NULL,NULL,NULL,NULL,103,21),(1402,NULL,NULL,'4',NULL,NULL,NULL,NULL,NULL,NULL,103,22),(1403,'en','default','<p>EPA Registered, Medical Grade Grade Virucide, H1N1, H5N1 Bird Flu Viruses, Flood Damage, Water Damage, Disinfectant, Mites, Miteacide.</p>',NULL,NULL,NULL,NULL,NULL,NULL,104,9),(1404,'en','default','<ul class=\"a-unordered-list a-vertical a-spacing-mini\" style=\"box-sizing: border-box; margin: 0px 0px 0px 18px; color: #111111; padding: 0px; font-family: \'Amazon Ember\', Arial, sans-serif;\">\r\n<li style=\"box-sizing: border-box; list-style: disc; overflow-wrap: break-word; margin: 0px;\"><span class=\"a-list-item\" style=\"box-sizing: border-box;\">EPA Registered, Medical Grade Grade Virucide, H1N1, H5N1 Bird Flu Viruses, Flood Damage, Water Damage, Disinfectant, Mites, Miteacide,</span></li>\r\n<li style=\"box-sizing: border-box; list-style: disc; overflow-wrap: break-word; margin: 0px;\"><span class=\"a-list-item\" style=\"box-sizing: border-box;\">Hospital &amp; Industrial Strength Disinfectant, including MRSA, Fungicide &amp; Mildewstat</span></li>\r\n<li style=\"box-sizing: border-box; list-style: disc; overflow-wrap: break-word; margin: 0px;\"><span class=\"a-list-item\" style=\"box-sizing: border-box;\">Non-staining, Odorless, Mold Killer Used by Professionals to Remediate After Flood and Water Damage</span></li>\r\n<li style=\"box-sizing: border-box; list-style: disc; overflow-wrap: break-word; margin: 0px;\"><span class=\"a-list-item\" style=\"box-sizing: border-box;\">US EPA Registration #: 10324-85-88904 Used in Hospitals, Medical Facilities, Airlines and Any Areas Requiring Multi-Purpose Virucidal, Bacteriacidal and Fungicidal Treatment.</span></li>\r\n<li style=\"box-sizing: border-box; list-style: disc; overflow-wrap: break-word; margin: 0px;\"><span class=\"a-list-item\" style=\"box-sizing: border-box;\">Proven to kill areas infected with Avian Influenza H1N1, H5N1 virus, MRSA, HIV/ AIDS, HSV 1 &amp; 2, Hepatitis B &amp; C, Mycotoxic Black Mold (including Aspegillus Niger and others), with 10 minutes of</span></li>\r\n</ul>',NULL,NULL,NULL,NULL,NULL,NULL,104,10),(1405,NULL,NULL,'0118',NULL,NULL,NULL,NULL,NULL,NULL,104,1),(1406,'en','default','BenzaRid Hospital Grade Disinfectant (1 Gallon) | Professional Sanitizer & Vircucide, Kills MRSA, H1N1, H5N1 Viruses, Avian Flu, Staph, Mites and Blood Born Pathogens | Black Mold Killer, Fungicide',NULL,NULL,NULL,NULL,NULL,NULL,104,2),(1407,NULL,NULL,'benzarid-hospital-grade-disinfectant-1-gallon-professional-sanitizer-vircucide-kills-mrsa-h1n1-h5n1-viruses-avian-flu-staph-mites-and-blood-born-pathogens-black-mold-killer-fungicide',NULL,NULL,NULL,NULL,NULL,NULL,104,3),(1408,NULL,'default',NULL,NULL,0,NULL,NULL,NULL,NULL,104,4),(1409,NULL,NULL,NULL,1,NULL,NULL,NULL,NULL,NULL,104,5),(1410,NULL,NULL,NULL,1,NULL,NULL,NULL,NULL,NULL,104,6),(1411,NULL,NULL,NULL,1,NULL,NULL,NULL,NULL,NULL,104,7),(1412,NULL,NULL,NULL,1,NULL,NULL,NULL,NULL,NULL,104,8),(1413,NULL,NULL,NULL,NULL,5,NULL,NULL,NULL,NULL,104,23),(1414,NULL,NULL,NULL,NULL,6,NULL,NULL,NULL,NULL,104,24),(1415,NULL,NULL,NULL,1,NULL,NULL,NULL,NULL,NULL,104,26),(1416,'en','default','',NULL,NULL,NULL,NULL,NULL,NULL,104,16),(1417,'en','default','',NULL,NULL,NULL,NULL,NULL,NULL,104,17),(1418,'en','default','',NULL,NULL,NULL,NULL,NULL,NULL,104,18),(1419,NULL,NULL,NULL,NULL,NULL,80.0000,NULL,NULL,NULL,104,11),(1420,NULL,'default',NULL,NULL,NULL,NULL,NULL,NULL,NULL,104,12),(1421,NULL,NULL,NULL,NULL,NULL,NULL,NULL,NULL,NULL,104,13),(1422,NULL,'default',NULL,NULL,NULL,NULL,NULL,NULL,NULL,104,14),(1423,NULL,'default',NULL,NULL,NULL,NULL,NULL,NULL,NULL,104,15),(1424,NULL,NULL,'',NULL,NULL,NULL,NULL,NULL,NULL,104,19),(1425,NULL,NULL,'',NULL,NULL,NULL,NULL,NULL,NULL,104,20),(1426,NULL,NULL,'',NULL,NULL,NULL,NULL,NULL,NULL,104,21),(1427,NULL,NULL,'5',NULL,NULL,NULL,NULL,NULL,NULL,104,22),(1428,NULL,NULL,NULL,NULL,12,NULL,NULL,NULL,NULL,104,25),(1429,NULL,NULL,NULL,NULL,13,NULL,NULL,NULL,NULL,103,25),(1430,NULL,NULL,NULL,NULL,15,NULL,NULL,NULL,NULL,102,25),(1431,NULL,NULL,NULL,NULL,12,NULL,NULL,NULL,NULL,99,25),(1432,NULL,NULL,NULL,NULL,12,NULL,NULL,NULL,NULL,96,25),(1433,NULL,NULL,NULL,NULL,12,NULL,NULL,NULL,NULL,97,25),(1434,NULL,NULL,NULL,NULL,12,NULL,NULL,NULL,NULL,89,25),(1435,NULL,NULL,NULL,NULL,16,NULL,NULL,NULL,NULL,101,25),(1436,NULL,NULL,NULL,NULL,12,NULL,NULL,NULL,NULL,100,25),(1437,NULL,NULL,NULL,NULL,12,NULL,NULL,NULL,NULL,98,25),(1438,NULL,NULL,NULL,NULL,12,NULL,NULL,NULL,NULL,95,25),(1439,NULL,NULL,NULL,NULL,12,NULL,NULL,NULL,NULL,94,25),(1440,NULL,NULL,NULL,NULL,12,NULL,NULL,NULL,NULL,93,25),(1441,NULL,NULL,NULL,NULL,12,NULL,NULL,NULL,NULL,92,25),(1442,NULL,NULL,NULL,NULL,12,NULL,NULL,NULL,NULL,91,25),(1443,NULL,NULL,NULL,NULL,12,NULL,NULL,NULL,NULL,90,25),(1444,NULL,NULL,NULL,NULL,21,NULL,NULL,NULL,NULL,88,25),(1445,NULL,NULL,NULL,NULL,12,NULL,NULL,NULL,NULL,87,25),(1589,'nl','default','<p>Neutrale doosverpakking</p>\r\n<p>Afmeting: 17,5x9,5cm</p>',NULL,NULL,NULL,NULL,NULL,NULL,88,9),(1590,'nl','default','<p>25G + 25G + 25G</p>\r\n<p>&nbsp;</p>\r\n<p>3-laags</p>\r\n<p>&nbsp;</p>\r\n<p>BFE &ge;95%</p>\r\n<p>&nbsp;</p>\r\n<p>Oorlus</p>\r\n<p>&nbsp;</p>\r\n<p>50 stuks / doos</p>\r\n<p>&nbsp;</p>\r\n<p>Neutrale doosverpakking</p>\r\n<p>&nbsp;</p>\r\n<p>Afmeting: 17,5x9,5cm</p>',NULL,NULL,NULL,NULL,NULL,NULL,88,10),(1591,'nl','default','Niet-geweven gezichtsmasker (voor civiel gebruik)',NULL,NULL,NULL,NULL,NULL,NULL,88,2),(1592,'nl','default','',NULL,NULL,NULL,NULL,NULL,NULL,88,16),(1593,'nl','default','',NULL,NULL,NULL,NULL,NULL,NULL,88,17),(1594,'nl','default','',NULL,NULL,NULL,NULL,NULL,NULL,88,18),(1595,'nl','default','<p>5 Layers</p>\r\n<p>with nose clip</p>\r\n<p>size:15.5x10.5cm</p>\r\n<p>SPP+PEE+ES&amp;PP+SPP</p>\r\n<p>BFE&ge;95%</p>\r\n<p>Product meet EN 149:2001+A1:2009</p>\r\n<p>GB2626-2006 standard Spunbond 50Gsm</p>\r\n<p>Meltblow 25gsm</p>\r\n<p>Filter Cotton : 50Gsm</p>\r\n<p>Meltblown 25gsm</p>\r\n<p>Spunbond : 30gsm</p>',NULL,NULL,NULL,NULL,NULL,NULL,90,9),(1596,'nl','default','<p>5 Layers with nose clip</p>\r\n<p>&nbsp;</p>',NULL,NULL,NULL,NULL,NULL,NULL,90,10),(1597,'nl','default','KN95 met Ademhalingsventiel',NULL,NULL,NULL,NULL,NULL,NULL,90,2),(1598,'nl','default','',NULL,NULL,NULL,NULL,NULL,NULL,90,16),(1599,'nl','default','',NULL,NULL,NULL,NULL,NULL,NULL,90,17),(1600,'nl','default','',NULL,NULL,NULL,NULL,NULL,NULL,90,18),(1601,'nl','default','<p>Eenpersoonsbed voor COVID 19 ge&iuml;soleerde pati&euml;nten</p>',NULL,NULL,NULL,NULL,NULL,NULL,99,9),(1602,'nl','default','<p>Eenpersoonsbed voor COVID 19 ge&iuml;soleerde pati&euml;nten</p>\r\n<p>Lichtgewicht</p>\r\n<p>Pati&euml;nt laadvermogen 300 kg</p>\r\n<p>Kan worden ontsmet</p>\r\n<p>Kan dagelijks blijven kniezen</p>\r\n<p>Eenvoudig te monteren en demonteren</p>\r\n<p>Flat Pack voor effectief transport</p>\r\n<p>Grootte - Gevouwen - 43 \"x10\" x28 \", uitgevouwen - 6\'x3\'x2 \'</p>',NULL,NULL,NULL,NULL,NULL,NULL,99,10),(1603,'nl','default','Wegwerp recyclebaar golfkarton',NULL,NULL,NULL,NULL,NULL,NULL,99,2),(1604,'nl','default','',NULL,NULL,NULL,NULL,NULL,NULL,99,16),(1605,'nl','default','',NULL,NULL,NULL,NULL,NULL,NULL,99,17),(1606,'nl','default','',NULL,NULL,NULL,NULL,NULL,NULL,99,18),(1607,'nl','default','<p>Level-2 as per ANSI/AAMI PB70 Barrier Performance.</p>',NULL,NULL,NULL,NULL,NULL,NULL,91,9),(1608,'nl','default','<p>Level-2 as per ANSI/AAMI PB70 Barrier Performance.</p>\r\n<p>Used to protect from Fluids during treatment.</p>\r\n<p>Gown Sizes: Medium, Large, Extra Large</p>',NULL,NULL,NULL,NULL,NULL,NULL,91,10),(1609,'nl','default','Wegwerp-sms-medische jas, 40 gsm',NULL,NULL,NULL,NULL,NULL,NULL,91,2),(1610,'nl','default','',NULL,NULL,NULL,NULL,NULL,NULL,91,16),(1611,'nl','default','',NULL,NULL,NULL,NULL,NULL,NULL,91,17),(1612,'nl','default','',NULL,NULL,NULL,NULL,NULL,NULL,91,18),(1613,'en','default','<ul class=\"features-ul\">\r\n<li class=\"col-md-3\">\r\n<div class=\"content-wrap\">25 Strips &amp; 25 Lancets</div>\r\n</li>\r\n<li class=\"col-md-3\">\r\n<div class=\"content-wrap\">App Based Glucometer</div>\r\n</li>\r\n<li class=\"col-md-3\">\r\n<div class=\"content-wrap\">Made in India</div>\r\n</li>\r\n<li class=\"col-md-3\">\r\n<div class=\"content-wrap\">Android Compatibler</div>\r\n</li>\r\n</ul>',NULL,NULL,NULL,NULL,NULL,NULL,108,9),(1614,'en','default','<p>long&nbsp; description&nbsp;</p>',NULL,NULL,NULL,NULL,NULL,NULL,108,10),(1615,NULL,NULL,'1234567890',NULL,NULL,NULL,NULL,NULL,NULL,108,1),(1616,'en','default','C-Cure 3 ply Disposable Face Mask',NULL,NULL,NULL,NULL,NULL,NULL,108,2),(1617,NULL,NULL,'c-cure-3-ply-disposable-face-mask',NULL,NULL,NULL,NULL,NULL,NULL,108,3),(1618,NULL,'default',NULL,NULL,1,NULL,NULL,NULL,NULL,108,4),(1619,NULL,NULL,NULL,1,NULL,NULL,NULL,NULL,NULL,108,5),(1620,NULL,NULL,NULL,1,NULL,NULL,NULL,NULL,NULL,108,6),(1621,NULL,NULL,NULL,1,NULL,NULL,NULL,NULL,NULL,108,7),(1622,NULL,NULL,NULL,1,NULL,NULL,NULL,NULL,NULL,108,8),(1623,NULL,NULL,NULL,NULL,5,NULL,NULL,NULL,NULL,108,23),(1624,NULL,NULL,NULL,NULL,6,NULL,NULL,NULL,NULL,108,24),(1625,NULL,NULL,NULL,NULL,12,NULL,NULL,NULL,NULL,108,25),(1626,NULL,NULL,NULL,1,NULL,NULL,NULL,NULL,NULL,108,26),(1627,NULL,NULL,NULL,NULL,NULL,3.0000,NULL,NULL,NULL,108,11),(1628,NULL,'default',NULL,NULL,NULL,15.0000,NULL,NULL,NULL,108,12),(1629,NULL,NULL,NULL,NULL,NULL,2.0000,NULL,NULL,NULL,108,13),(1630,NULL,'default',NULL,NULL,NULL,NULL,NULL,NULL,NULL,108,14),(1631,NULL,'default',NULL,NULL,NULL,NULL,NULL,NULL,NULL,108,15),(1632,'en','default','',NULL,NULL,NULL,NULL,NULL,NULL,108,16),(1633,'en','default','',NULL,NULL,NULL,NULL,NULL,NULL,108,17),(1634,'en','default','',NULL,NULL,NULL,NULL,NULL,NULL,108,18),(1635,NULL,NULL,'',NULL,NULL,NULL,NULL,NULL,NULL,108,19),(1636,NULL,NULL,'',NULL,NULL,NULL,NULL,NULL,NULL,108,20),(1637,NULL,NULL,'',NULL,NULL,NULL,NULL,NULL,NULL,108,21),(1638,NULL,NULL,'18',NULL,NULL,NULL,NULL,NULL,NULL,108,22),(1639,NULL,NULL,NULL,NULL,11,NULL,NULL,NULL,NULL,108,28),(1640,NULL,NULL,NULL,NULL,12,NULL,NULL,NULL,NULL,24,25),(1641,NULL,NULL,NULL,NULL,12,NULL,NULL,NULL,NULL,23,25),(1642,NULL,NULL,NULL,NULL,12,NULL,NULL,NULL,NULL,1,25),(1643,'en','default','<p>Short Description</p>',NULL,NULL,NULL,NULL,NULL,NULL,110,9),(1644,'en','default','<p>Long Description</p>',NULL,NULL,NULL,NULL,NULL,NULL,110,10),(1645,NULL,NULL,'123456',NULL,NULL,NULL,NULL,NULL,NULL,110,1),(1646,'en','default','3ply-mask',NULL,NULL,NULL,NULL,NULL,NULL,110,2),(1647,NULL,NULL,'3ply-mask',NULL,NULL,NULL,NULL,NULL,NULL,110,3),(1648,NULL,'default',NULL,NULL,1,NULL,NULL,NULL,NULL,110,4),(1649,NULL,NULL,NULL,1,NULL,NULL,NULL,NULL,NULL,110,5),(1650,NULL,NULL,NULL,1,NULL,NULL,NULL,NULL,NULL,110,6),(1651,NULL,NULL,NULL,1,NULL,NULL,NULL,NULL,NULL,110,7),(1652,NULL,NULL,NULL,1,NULL,NULL,NULL,NULL,NULL,110,8),(1653,NULL,NULL,NULL,NULL,12,NULL,NULL,NULL,NULL,110,25),(1654,NULL,NULL,NULL,1,NULL,NULL,NULL,NULL,NULL,110,26),(1655,NULL,NULL,'17,18,19',NULL,NULL,NULL,NULL,NULL,NULL,110,29),(1656,NULL,NULL,NULL,NULL,NULL,10.0000,NULL,NULL,NULL,110,11),(1657,NULL,'default',NULL,NULL,NULL,15.0000,NULL,NULL,NULL,110,12),(1658,NULL,NULL,NULL,NULL,NULL,8.0000,NULL,NULL,NULL,110,13),(1659,NULL,'default',NULL,NULL,NULL,NULL,NULL,NULL,NULL,110,14),(1660,NULL,'default',NULL,NULL,NULL,NULL,NULL,NULL,NULL,110,15),(1661,'en','default','',NULL,NULL,NULL,NULL,NULL,NULL,110,16),(1662,'en','default','',NULL,NULL,NULL,NULL,NULL,NULL,110,17),(1663,'en','default','',NULL,NULL,NULL,NULL,NULL,NULL,110,18),(1664,NULL,NULL,'',NULL,NULL,NULL,NULL,NULL,NULL,110,19),(1665,NULL,NULL,'',NULL,NULL,NULL,NULL,NULL,NULL,110,20),(1666,NULL,NULL,'',NULL,NULL,NULL,NULL,NULL,NULL,110,21),(1667,NULL,NULL,'12',NULL,NULL,NULL,NULL,NULL,NULL,110,22),(1668,'en','default','<p>ASTGdfsyzgdvhcxhreaya enb</p>',NULL,NULL,NULL,NULL,NULL,NULL,111,9),(1669,'en','default','<p>dfgayhdfghnbshyyhtydtuykjtru</p>',NULL,NULL,NULL,NULL,NULL,NULL,111,10),(1670,NULL,NULL,'123',NULL,NULL,NULL,NULL,NULL,NULL,111,1),(1671,'en','default','testing',NULL,NULL,NULL,NULL,NULL,NULL,111,2),(1672,NULL,NULL,'testing',NULL,NULL,NULL,NULL,NULL,NULL,111,3),(1673,NULL,'default',NULL,NULL,1,NULL,NULL,NULL,NULL,111,4),(1674,NULL,NULL,NULL,1,NULL,NULL,NULL,NULL,NULL,111,5),(1675,NULL,NULL,NULL,1,NULL,NULL,NULL,NULL,NULL,111,6),(1676,NULL,NULL,NULL,1,NULL,NULL,NULL,NULL,NULL,111,7),(1677,NULL,NULL,NULL,1,NULL,NULL,NULL,NULL,NULL,111,8),(1678,NULL,NULL,NULL,NULL,6,NULL,NULL,NULL,NULL,111,24),(1679,NULL,NULL,NULL,NULL,12,NULL,NULL,NULL,NULL,111,25),(1680,NULL,NULL,NULL,1,NULL,NULL,NULL,NULL,NULL,111,26),(1681,NULL,NULL,'5RAM',NULL,NULL,NULL,NULL,NULL,NULL,111,27),(1682,NULL,NULL,'17,18,19',NULL,NULL,NULL,NULL,NULL,NULL,111,29),(1683,NULL,NULL,NULL,NULL,NULL,1234.0000,NULL,NULL,NULL,111,11),(1684,NULL,'default',NULL,NULL,NULL,NULL,NULL,NULL,NULL,111,12),(1685,NULL,NULL,NULL,NULL,NULL,NULL,NULL,NULL,NULL,111,13),(1686,NULL,'default',NULL,NULL,NULL,NULL,NULL,NULL,NULL,111,14),(1687,NULL,'default',NULL,NULL,NULL,NULL,NULL,NULL,NULL,111,15),(1688,'en','default','',NULL,NULL,NULL,NULL,NULL,NULL,111,16),(1689,'en','default','',NULL,NULL,NULL,NULL,NULL,NULL,111,17),(1690,'en','default','',NULL,NULL,NULL,NULL,NULL,NULL,111,18),(1691,NULL,NULL,'',NULL,NULL,NULL,NULL,NULL,NULL,111,19),(1692,NULL,NULL,'',NULL,NULL,NULL,NULL,NULL,NULL,111,20),(1693,NULL,NULL,'',NULL,NULL,NULL,NULL,NULL,NULL,111,21),(1694,NULL,NULL,'123',NULL,NULL,NULL,NULL,NULL,NULL,111,22),(1695,NULL,NULL,NULL,NULL,6,NULL,NULL,NULL,NULL,110,24),(1696,NULL,NULL,'',NULL,NULL,NULL,NULL,NULL,NULL,110,27),(1697,'en','default','<table style=\"border: 1px; font-weight: 500; color: #2d2d2d; background-color: #ffffff; width: 100%; border-collapse: separate; border-spacing: 0 1em;\">\r\n<tbody>\r\n<tr>\r\n<td style=\"padding: 5px; text-align: center; box-shadow: 0px 0px 2px 0px rgba(0,0,0,0.1); width: 24%;\">High acoustic sensitivity</td>\r\n<td style=\"padding: 5px;\">&nbsp;</td>\r\n<td style=\"padding: 5px; text-align: center; box-shadow: 0px 0px 2px 0px rgba(0,0,0,0.1); width: 24%;\">Copper Finish Chest-piece</td>\r\n<td style=\"padding: 5px;\">&nbsp;</td>\r\n<td style=\"padding: 5px; text-align: center; box-shadow: 0px 0px 2px 0px rgba(0,0,0,0.1); width: 24%;\">Chocolate Tube</td>\r\n<td style=\"padding: 5px;\">&nbsp;</td>\r\n<td style=\"padding: 5px; text-align: center; box-shadow: 0px 0px 2px 0px rgba(0,0,0,0.1); width: 24%;\">5 Years Warranty</td>\r\n</tr>\r\n</tbody>\r\n</table>',NULL,NULL,NULL,NULL,NULL,NULL,112,9),(1698,'en','default','<p><span class=\"aCOpRe\">Manufacturer of Disposable Cap - Disposable <em>Bouffant Caps</em>, Disposable Bouffant Spring Cap, Disposable Medical Cap and Disposable Doctor Cap offered by&nbsp;.</span></p>',NULL,NULL,NULL,NULL,NULL,NULL,112,10),(1699,NULL,NULL,'dispo-cap',NULL,NULL,NULL,NULL,NULL,NULL,112,1),(1700,'en','default','buffon cap',NULL,NULL,NULL,NULL,NULL,NULL,112,2),(1701,NULL,NULL,'buffon-cap',NULL,NULL,NULL,NULL,NULL,NULL,112,3),(1702,NULL,'default',NULL,NULL,1,NULL,NULL,NULL,NULL,112,4),(1703,NULL,NULL,NULL,1,NULL,NULL,NULL,NULL,NULL,112,5),(1704,NULL,NULL,NULL,0,NULL,NULL,NULL,NULL,NULL,112,6),(1705,NULL,NULL,NULL,1,NULL,NULL,NULL,NULL,NULL,112,7),(1706,NULL,NULL,NULL,1,NULL,NULL,NULL,NULL,NULL,112,8),(1707,NULL,NULL,NULL,NULL,1,NULL,NULL,NULL,NULL,112,23),(1708,NULL,NULL,NULL,NULL,7,NULL,NULL,NULL,NULL,112,24),(1709,NULL,NULL,NULL,NULL,12,NULL,NULL,NULL,NULL,112,25),(1710,NULL,NULL,NULL,1,NULL,NULL,NULL,NULL,NULL,112,26),(1711,NULL,NULL,NULL,NULL,NULL,100.0000,NULL,NULL,NULL,112,11),(1712,NULL,'default',NULL,NULL,NULL,99.0000,NULL,NULL,NULL,112,12),(1713,NULL,NULL,NULL,NULL,NULL,90.0000,NULL,NULL,NULL,112,13),(1714,NULL,'default',NULL,NULL,NULL,NULL,NULL,'2021-04-06',NULL,112,14),(1715,NULL,'default',NULL,NULL,NULL,NULL,NULL,'2021-04-07',NULL,112,15),(1716,'en','default','',NULL,NULL,NULL,NULL,NULL,NULL,112,16),(1717,'en','default','',NULL,NULL,NULL,NULL,NULL,NULL,112,17),(1718,'en','default','',NULL,NULL,NULL,NULL,NULL,NULL,112,18),(1719,NULL,NULL,'100',NULL,NULL,NULL,NULL,NULL,NULL,112,19),(1720,NULL,NULL,'200',NULL,NULL,NULL,NULL,NULL,NULL,112,20),(1721,NULL,NULL,'300',NULL,NULL,NULL,NULL,NULL,NULL,112,21),(1722,NULL,NULL,'15',NULL,NULL,NULL,NULL,NULL,NULL,112,22),(1723,NULL,NULL,NULL,1,NULL,NULL,NULL,NULL,NULL,108,31),(1724,NULL,NULL,NULL,1,NULL,NULL,NULL,NULL,NULL,104,31),(1730,'en','default','<p>test product1 is testing product.</p>',NULL,NULL,NULL,NULL,NULL,NULL,116,9),(1731,'en','default','<p>test product1 is testing product. test product1 is testing product.test product1 is testing product.test product1 is testing product.test product1 is testing product.</p>',NULL,NULL,NULL,NULL,NULL,NULL,116,10),(1732,NULL,NULL,'test2345',NULL,NULL,NULL,NULL,NULL,NULL,116,1),(1733,'en','default','test product1',NULL,NULL,NULL,NULL,NULL,NULL,116,2),(1734,NULL,NULL,'test-product1',NULL,NULL,NULL,NULL,NULL,NULL,116,3),(1735,NULL,'default',NULL,NULL,1,NULL,NULL,NULL,NULL,116,4),(1736,NULL,NULL,NULL,1,NULL,NULL,NULL,NULL,NULL,116,5),(1737,NULL,NULL,NULL,1,NULL,NULL,NULL,NULL,NULL,116,6),(1738,NULL,NULL,NULL,1,NULL,NULL,NULL,NULL,NULL,116,7),(1739,NULL,NULL,NULL,1,NULL,NULL,NULL,NULL,NULL,116,8),(1740,NULL,NULL,NULL,NULL,2,NULL,NULL,NULL,NULL,116,23),(1741,NULL,NULL,NULL,NULL,6,NULL,NULL,NULL,NULL,116,24),(1742,NULL,NULL,NULL,NULL,13,NULL,NULL,NULL,NULL,116,25),(1743,NULL,NULL,NULL,1,NULL,NULL,NULL,NULL,NULL,116,26),(1744,NULL,NULL,NULL,1,NULL,NULL,NULL,NULL,NULL,116,31),(1745,NULL,NULL,NULL,NULL,NULL,500.0000,NULL,NULL,NULL,116,11),(1746,NULL,'default',NULL,NULL,NULL,500.0000,NULL,NULL,NULL,116,12),(1747,NULL,NULL,NULL,NULL,NULL,400.0000,NULL,NULL,NULL,116,13),(1748,NULL,'default',NULL,NULL,NULL,NULL,NULL,'2021-04-15',NULL,116,14),(1749,NULL,'default',NULL,NULL,NULL,NULL,NULL,'2021-04-22',NULL,116,15),(1750,'en','default','test product',NULL,NULL,NULL,NULL,NULL,NULL,116,16),(1751,'en','default','test product, testproduct, producttest, test, product',NULL,NULL,NULL,NULL,NULL,NULL,116,17),(1752,'en','default','test product for any com',NULL,NULL,NULL,NULL,NULL,NULL,116,18),(1753,NULL,NULL,'4',NULL,NULL,NULL,NULL,NULL,NULL,116,19),(1754,NULL,NULL,'5',NULL,NULL,NULL,NULL,NULL,NULL,116,20),(1755,NULL,NULL,'2',NULL,NULL,NULL,NULL,NULL,NULL,116,21),(1756,NULL,NULL,'1',NULL,NULL,NULL,NULL,NULL,NULL,116,22),(1757,NULL,NULL,NULL,NULL,10,NULL,NULL,NULL,NULL,116,28),(1758,NULL,NULL,NULL,0,NULL,NULL,NULL,NULL,NULL,103,31),(1759,'en','default','<p>Johnson &amp; Johson Bottles are good.</p>',NULL,NULL,NULL,NULL,NULL,NULL,119,9),(1760,'en','default','<p>Johnson &amp; Johson Bottles are good for childeren as well as elders.</p>',NULL,NULL,NULL,NULL,NULL,NULL,119,10),(1761,NULL,NULL,'container123456',NULL,NULL,NULL,NULL,NULL,NULL,119,1),(1762,'en','default','Johnson & Johnson Bottle',NULL,NULL,NULL,NULL,NULL,NULL,119,2),(1763,NULL,NULL,'johnson-johnson-bottle',NULL,NULL,NULL,NULL,NULL,NULL,119,3),(1764,NULL,'default',NULL,NULL,0,NULL,NULL,NULL,NULL,119,4),(1765,NULL,NULL,NULL,1,NULL,NULL,NULL,NULL,NULL,119,5),(1766,NULL,NULL,NULL,1,NULL,NULL,NULL,NULL,NULL,119,6),(1767,NULL,NULL,NULL,1,NULL,NULL,NULL,NULL,NULL,119,7),(1768,NULL,NULL,NULL,1,NULL,NULL,NULL,NULL,NULL,119,8),(1769,NULL,NULL,NULL,NULL,2,NULL,NULL,NULL,NULL,119,23),(1770,NULL,NULL,NULL,NULL,6,NULL,NULL,NULL,NULL,119,24),(1771,NULL,NULL,NULL,NULL,12,NULL,NULL,NULL,NULL,119,25),(1772,NULL,NULL,NULL,1,NULL,NULL,NULL,NULL,NULL,119,26),(1773,NULL,NULL,NULL,0,NULL,NULL,NULL,NULL,NULL,119,31),(1774,'en',NULL,'1',NULL,NULL,NULL,NULL,NULL,NULL,119,33),(1775,NULL,NULL,NULL,NULL,NULL,100.0000,NULL,NULL,NULL,119,11),(1776,NULL,'default',NULL,NULL,NULL,50.0000,NULL,NULL,NULL,119,12),(1777,NULL,NULL,NULL,NULL,NULL,98.0000,NULL,NULL,NULL,119,13),(1778,NULL,'default',NULL,NULL,NULL,NULL,NULL,'2021-04-17',NULL,119,14),(1779,NULL,'default',NULL,NULL,NULL,NULL,NULL,'2021-04-22',NULL,119,15),(1780,'en','default','Johnson & Johnson Bottle',NULL,NULL,NULL,NULL,NULL,NULL,119,16),(1781,'en','default','Johnson & Johnson, Bottle, Johnson & Johnson Bottle, pet bottle, plastic bottle',NULL,NULL,NULL,NULL,NULL,NULL,119,17),(1782,'en','default','good bottles by johnson & johnson',NULL,NULL,NULL,NULL,NULL,NULL,119,18),(1783,NULL,NULL,'5',NULL,NULL,NULL,NULL,NULL,NULL,119,19),(1784,NULL,NULL,'20',NULL,NULL,NULL,NULL,NULL,NULL,119,20),(1785,NULL,NULL,'4',NULL,NULL,NULL,NULL,NULL,NULL,119,21),(1786,NULL,NULL,'0.5',NULL,NULL,NULL,NULL,NULL,NULL,119,22),(1787,'en','default','<p>Support Belt With Double Strapping.</p>',NULL,NULL,NULL,NULL,NULL,NULL,122,9),(1788,'en','default','<ul>\r\n<li>Long Life</li>\r\n<li>Skin Friendly</li>\r\n<li>Well Cushioned Back Pad</li>\r\n<li>Flexible Sizing</li>\r\n<li>Double Lock For Optimum &amp; Perfect Kit&nbsp;</li>\r\n</ul>',NULL,NULL,NULL,NULL,NULL,NULL,122,10),(1789,NULL,NULL,'mo-1002',NULL,NULL,NULL,NULL,NULL,NULL,122,1),(1790,'en','default','Lumbo Sacral Support Belt with Double Strapping',NULL,NULL,NULL,NULL,NULL,NULL,122,2),(1791,NULL,NULL,'lumbo-sacral-support-belt-with-double-strapping',NULL,NULL,NULL,NULL,NULL,NULL,122,3),(1792,NULL,'default',NULL,NULL,1,NULL,NULL,NULL,NULL,122,4),(1793,NULL,NULL,NULL,1,NULL,NULL,NULL,NULL,NULL,122,5),(1794,NULL,NULL,NULL,1,NULL,NULL,NULL,NULL,NULL,122,6),(1795,NULL,NULL,NULL,1,NULL,NULL,NULL,NULL,NULL,122,7),(1796,NULL,NULL,NULL,1,NULL,NULL,NULL,NULL,NULL,122,8),(1797,NULL,NULL,NULL,NULL,5,NULL,NULL,NULL,NULL,122,23),(1798,NULL,NULL,NULL,NULL,7,NULL,NULL,NULL,NULL,122,24),(1799,NULL,NULL,NULL,NULL,20,NULL,NULL,NULL,NULL,122,25),(1800,NULL,NULL,NULL,1,NULL,NULL,NULL,NULL,NULL,122,26),(1801,NULL,NULL,NULL,1,NULL,NULL,NULL,NULL,NULL,122,31),(1802,NULL,NULL,NULL,NULL,NULL,600.0000,NULL,NULL,NULL,122,11),(1803,NULL,'default',NULL,NULL,NULL,400.0000,NULL,NULL,NULL,122,12),(1804,NULL,NULL,NULL,NULL,NULL,500.0000,NULL,NULL,NULL,122,13),(1805,NULL,'default',NULL,NULL,NULL,NULL,NULL,'2021-04-20',NULL,122,14),(1806,NULL,'default',NULL,NULL,NULL,NULL,NULL,'2021-04-30',NULL,122,15),(1807,'en','default','Lumbo Sacral Support Belt with Double Strapping',NULL,NULL,NULL,NULL,NULL,NULL,122,16),(1808,'en','default','Lumbo Sacral Support Belt with Double Strapping, Lumbo Sacral Support Belt, Double Strapping, Support Belt',NULL,NULL,NULL,NULL,NULL,NULL,122,17),(1809,'en','default','',NULL,NULL,NULL,NULL,NULL,NULL,122,18),(1810,NULL,NULL,'1',NULL,NULL,NULL,NULL,NULL,NULL,122,19),(1811,NULL,NULL,'1',NULL,NULL,NULL,NULL,NULL,NULL,122,20),(1812,NULL,NULL,'1',NULL,NULL,NULL,NULL,NULL,NULL,122,21),(1813,NULL,NULL,'1',NULL,NULL,NULL,NULL,NULL,NULL,122,22),(1814,'en','default','<ul>\r\n<li>Long life.</li>\r\n<li>Costimizable for correct posture.</li>\r\n<li>High degree of immobilization.</li>\r\n<li>Double pull mechanisam.</li>\r\n<li>Anatomicalpreshaped splint.</li>\r\n</ul>',NULL,NULL,NULL,NULL,NULL,NULL,125,9),(1815,'en','default','<div class=\"page\" title=\"Page 7\">\r\n<div class=\"section\">\r\n<div class=\"layoutArea\">\r\n<div class=\"column\">\r\n<ul>\r\n<li><span style=\"font-size: 11pt; font-family: Swiss721BT; color: #373435;\">Anatomically contoured rigid splints.</span></li>\r\n<li><span style=\"font-size: 11pt; font-family: Swiss721BT; color: #373435;\">Side pulls for added support.<br /></span></li>\r\n<li><span style=\"font-size: 11pt; font-family: Swiss721BT; color: #373435;\">Hook &amp; loop closure for proper fitting.</span></li>\r\n<li><span style=\"font-size: 11pt; font-family: Swiss721BT; color: #373435;\">Simple and quick application.</span></li>\r\n<li><span style=\"font-size: 11pt; font-family: Swiss721BT; color: #373435;\">Breathable and moisture transpor ting weaving.</span></li>\r\n</ul>\r\n</div>\r\n</div>\r\n</div>\r\n</div>',NULL,NULL,NULL,NULL,NULL,NULL,125,10),(1816,NULL,NULL,'mo-1004',NULL,NULL,NULL,NULL,NULL,NULL,125,1),(1817,'en','default','Lumbo Sacral Corset Belt',NULL,NULL,NULL,NULL,NULL,NULL,125,2),(1818,NULL,NULL,'lumbo-sacral-corset-belt',NULL,NULL,NULL,NULL,NULL,NULL,125,3),(1819,NULL,'default',NULL,NULL,1,NULL,NULL,NULL,NULL,125,4),(1820,NULL,NULL,NULL,1,NULL,NULL,NULL,NULL,NULL,125,5),(1821,NULL,NULL,NULL,1,NULL,NULL,NULL,NULL,NULL,125,6),(1822,NULL,NULL,NULL,1,NULL,NULL,NULL,NULL,NULL,125,7),(1823,NULL,NULL,NULL,1,NULL,NULL,NULL,NULL,NULL,125,8),(1824,NULL,NULL,NULL,NULL,4,NULL,NULL,NULL,NULL,125,23),(1825,NULL,NULL,NULL,NULL,6,NULL,NULL,NULL,NULL,125,24),(1826,NULL,NULL,NULL,NULL,20,NULL,NULL,NULL,NULL,125,25),(1827,NULL,NULL,NULL,1,NULL,NULL,NULL,NULL,NULL,125,26),(1828,NULL,NULL,NULL,1,NULL,NULL,NULL,NULL,NULL,125,31),(1829,NULL,NULL,NULL,NULL,NULL,800.0000,NULL,NULL,NULL,125,11),(1830,NULL,'default',NULL,NULL,NULL,600.0000,NULL,NULL,NULL,125,12),(1831,NULL,NULL,NULL,NULL,NULL,700.0000,NULL,NULL,NULL,125,13),(1832,NULL,'default',NULL,NULL,NULL,NULL,NULL,'2021-04-22',NULL,125,14),(1833,NULL,'default',NULL,NULL,NULL,NULL,NULL,'2021-05-01',NULL,125,15),(1834,'en','default','Lumbo Sacral Corset Belt',NULL,NULL,NULL,NULL,NULL,NULL,125,16),(1835,'en','default','Lumbo Sacral Corset Belt, Lumbo Sacral belt, Corset Belt',NULL,NULL,NULL,NULL,NULL,NULL,125,17),(1836,'en','default','Low back pain,Low back sprains/strains,Lumbar disc injury, Degenerative Disc Disease,Herniated Disc or PIVD',NULL,NULL,NULL,NULL,NULL,NULL,125,18),(1837,NULL,NULL,'',NULL,NULL,NULL,NULL,NULL,NULL,125,19),(1838,NULL,NULL,'',NULL,NULL,NULL,NULL,NULL,NULL,125,20),(1839,NULL,NULL,'',NULL,NULL,NULL,NULL,NULL,NULL,125,21),(1840,NULL,NULL,'1',NULL,NULL,NULL,NULL,NULL,NULL,125,22),(1841,'en','default','<ul>\r\n<li>Extra porous with splinting pad.</li>\r\n<li>No buckling or rolling over.</li>\r\n<li>Contolled compression</li>\r\n</ul>',NULL,NULL,NULL,NULL,NULL,NULL,126,9),(1842,'en','default','<div class=\"page\" title=\"Page 8\">\r\n<div class=\"section\">\r\n<div class=\"layoutArea\">\r\n<div class=\"column\">\r\n<ul>\r\n<li><span style=\"font-size: 11pt; font-family: Swiss721BT; color: #373435;\">Hook &amp; loop closure for easy application and removal.</span></li>\r\n<li><span style=\"color: #373435; font-family: Swiss721BT; font-size: 11pt;\">&nbsp;With splinting pad for patent comfort.</span></li>\r\n<li><span style=\"color: #373435; font-family: Swiss721BT; font-size: 11pt;\"> Breathable and moisture-transporting&nbsp;</span><span style=\"color: #373435; font-family: Swiss721BT; font-size: 11pt;\">weaving.</span></li>\r\n<li><span style=\"color: #373435; font-family: Swiss721BT; font-size: 11pt;\">&nbsp;Simple and quick application.</span></li>\r\n</ul>\r\n</div>\r\n</div>\r\n</div>\r\n</div>',NULL,NULL,NULL,NULL,NULL,NULL,126,10),(1843,NULL,NULL,'mo-1005',NULL,NULL,NULL,NULL,NULL,NULL,126,1),(1844,'en','default','Rib Belt',NULL,NULL,NULL,NULL,NULL,NULL,126,2),(1845,NULL,NULL,'rib-belt',NULL,NULL,NULL,NULL,NULL,NULL,126,3),(1846,NULL,'default',NULL,NULL,1,NULL,NULL,NULL,NULL,126,4),(1847,NULL,NULL,NULL,1,NULL,NULL,NULL,NULL,NULL,126,5),(1848,NULL,NULL,NULL,1,NULL,NULL,NULL,NULL,NULL,126,6),(1849,NULL,NULL,NULL,1,NULL,NULL,NULL,NULL,NULL,126,7),(1850,NULL,NULL,NULL,1,NULL,NULL,NULL,NULL,NULL,126,8),(1851,NULL,NULL,NULL,NULL,4,NULL,NULL,NULL,NULL,126,23),(1852,NULL,NULL,NULL,NULL,6,NULL,NULL,NULL,NULL,126,24),(1853,NULL,NULL,NULL,NULL,20,NULL,NULL,NULL,NULL,126,25),(1854,NULL,NULL,NULL,1,NULL,NULL,NULL,NULL,NULL,126,26),(1855,NULL,NULL,NULL,1,NULL,NULL,NULL,NULL,NULL,126,31),(1856,NULL,NULL,NULL,NULL,NULL,600.0000,NULL,NULL,NULL,126,11),(1857,NULL,'default',NULL,NULL,NULL,500.0000,NULL,NULL,NULL,126,12),(1858,NULL,NULL,NULL,NULL,NULL,550.0000,NULL,NULL,NULL,126,13),(1859,NULL,'default',NULL,NULL,NULL,NULL,NULL,'2021-04-22',NULL,126,14),(1860,NULL,'default',NULL,NULL,NULL,NULL,NULL,'2021-05-01',NULL,126,15),(1861,'en','default','Rib Belt',NULL,NULL,NULL,NULL,NULL,NULL,126,16),(1862,'en','default','rib belt, chest belt, body brace',NULL,NULL,NULL,NULL,NULL,NULL,126,17),(1863,'en','default','Rib fracture\r\n- Intercostal muscle strain\r\n- Chest pain\r\n- Reinforce ribs',NULL,NULL,NULL,NULL,NULL,NULL,126,18),(1864,NULL,NULL,'',NULL,NULL,NULL,NULL,NULL,NULL,126,19),(1865,NULL,NULL,'',NULL,NULL,NULL,NULL,NULL,NULL,126,20),(1866,NULL,NULL,'',NULL,NULL,NULL,NULL,NULL,NULL,126,21),(1867,NULL,NULL,'1',NULL,NULL,NULL,NULL,NULL,NULL,126,22),(1868,'en','default','<ul>\r\n<li>Anatomic chest pad</li>\r\n<li>Controlled copression</li>\r\n<li>effective chest splinting</li>\r\n<li>pleasing aesthsetics</li>\r\n</ul>',NULL,NULL,NULL,NULL,NULL,NULL,127,9),(1869,'en','default','<div class=\"page\" title=\"Page 9\">\r\n<div class=\"section\">\r\n<div class=\"layoutArea\">\r\n<div class=\"column\">\r\n<ul>\r\n<li><span style=\"font-size: 11pt; font-family: Swiss721BT; color: #373435;\">Hook &amp; loop closure for easy application and removal.</span></li>\r\n<li><span style=\"color: #373435; font-family: Swiss721BT; font-size: 11pt;\">With splinting pad for patent comfort.</span></li>\r\n<li><span style=\"font-size: 11pt; font-family: Swiss721BT; color: #373435;\">Breathable and moisture-transporting&nbsp;</span><span style=\"font-size: 11pt; font-family: Swiss721BT; color: #373435;\">weaving.</span></li>\r\n<li><span style=\"color: #373435; font-family: Swiss721BT; font-size: 11pt;\">Simple and quick application.</span></li>\r\n</ul>\r\n</div>\r\n</div>\r\n</div>\r\n</div>',NULL,NULL,NULL,NULL,NULL,NULL,127,10),(1870,NULL,NULL,'mo-1006',NULL,NULL,NULL,NULL,NULL,NULL,127,1),(1871,'en','default','CHEST BELT',NULL,NULL,NULL,NULL,NULL,NULL,127,2),(1872,NULL,NULL,'chest-belt',NULL,NULL,NULL,NULL,NULL,NULL,127,3),(1873,NULL,'default',NULL,NULL,1,NULL,NULL,NULL,NULL,127,4),(1874,NULL,NULL,NULL,0,NULL,NULL,NULL,NULL,NULL,127,5),(1875,NULL,NULL,NULL,1,NULL,NULL,NULL,NULL,NULL,127,6),(1876,NULL,NULL,NULL,1,NULL,NULL,NULL,NULL,NULL,127,7),(1877,NULL,NULL,NULL,1,NULL,NULL,NULL,NULL,NULL,127,8),(1878,NULL,NULL,NULL,NULL,4,NULL,NULL,NULL,NULL,127,23),(1879,NULL,NULL,NULL,NULL,6,NULL,NULL,NULL,NULL,127,24),(1880,NULL,NULL,NULL,NULL,20,NULL,NULL,NULL,NULL,127,25),(1881,NULL,NULL,NULL,1,NULL,NULL,NULL,NULL,NULL,127,26),(1882,NULL,NULL,NULL,1,NULL,NULL,NULL,NULL,NULL,127,31),(1883,NULL,NULL,NULL,NULL,NULL,700.0000,NULL,NULL,NULL,127,11),(1884,NULL,'default',NULL,NULL,NULL,500.0000,NULL,NULL,NULL,127,12),(1885,NULL,NULL,NULL,NULL,NULL,600.0000,NULL,NULL,NULL,127,13),(1886,NULL,'default',NULL,NULL,NULL,NULL,NULL,'2021-04-22',NULL,127,14),(1887,NULL,'default',NULL,NULL,NULL,NULL,NULL,'2021-05-01',NULL,127,15),(1888,'en','default','Chest belt',NULL,NULL,NULL,NULL,NULL,NULL,127,16),(1889,'en','default','chest belt, thoracic belt, braces',NULL,NULL,NULL,NULL,NULL,NULL,127,17),(1890,'en','default','Stabilization of fracture of sternum, Protecting and binding surgical incision of the chest, helps patients regulate pain management',NULL,NULL,NULL,NULL,NULL,NULL,127,18),(1891,NULL,NULL,'',NULL,NULL,NULL,NULL,NULL,NULL,127,19),(1892,NULL,NULL,'',NULL,NULL,NULL,NULL,NULL,NULL,127,20),(1893,NULL,NULL,'',NULL,NULL,NULL,NULL,NULL,NULL,127,21),(1894,NULL,NULL,'1',NULL,NULL,NULL,NULL,NULL,NULL,127,22),(1895,'en','default','<ul>\r\n<li>Costimized fitting.</li>\r\n<li>Sleek design.</li>\r\n<li>flexible sizing.</li>\r\n<li>Excellent spine immobilisation.</li>\r\n</ul>',NULL,NULL,NULL,NULL,NULL,NULL,128,9),(1896,'en','default','<div class=\"page\" title=\"Page 10\">\r\n<div class=\"section\">\r\n<div class=\"layoutArea\">\r\n<div class=\"column\">\r\n<ul>\r\n<li><span style=\"font-size: 11pt; font-family: Swiss721BT; color: #373435;\">Anatomically contoured splints for perfect immobilization.</span></li>\r\n<li><span style=\"font-size: 11pt; font-family: Swiss721BT; color: #373435;\">&nbsp;Clavicle straps with cotton stockinet to correct shoulder posture.</span></li>\r\n<li><span style=\"font-size: 11pt; font-family: Swiss721BT; color: #373435;\">&nbsp;Thoracic straps provides additional support.</span></li>\r\n<li><span style=\"font-size: 11pt; font-family: Swiss721BT; color: #373435;\">Abdomen elastic panel with hook loop closers for easy application and support.</span></li>\r\n<li><span style=\"font-size: 11pt; font-family: Swiss721BT; color: #373435;\">&nbsp;Hook &amp; loop closure for proper fitting. </span></li>\r\n<li><span style=\"font-size: 11pt; font-family: Swiss721BT; color: #373435;\">&nbsp;Simple and quick application.</span></li>\r\n</ul>\r\n</div>\r\n</div>\r\n</div>\r\n</div>',NULL,NULL,NULL,NULL,NULL,NULL,128,10),(1897,NULL,NULL,'mo-1007',NULL,NULL,NULL,NULL,NULL,NULL,128,1),(1898,'en','default','TAYLOR BRACE',NULL,NULL,NULL,NULL,NULL,NULL,128,2),(1899,NULL,NULL,'taylor-brace',NULL,NULL,NULL,NULL,NULL,NULL,128,3),(1900,NULL,'default',NULL,NULL,1,NULL,NULL,NULL,NULL,128,4),(1901,NULL,NULL,NULL,1,NULL,NULL,NULL,NULL,NULL,128,5),(1902,NULL,NULL,NULL,1,NULL,NULL,NULL,NULL,NULL,128,6),(1903,NULL,NULL,NULL,1,NULL,NULL,NULL,NULL,NULL,128,7),(1904,NULL,NULL,NULL,1,NULL,NULL,NULL,NULL,NULL,128,8),(1905,NULL,NULL,NULL,NULL,4,NULL,NULL,NULL,NULL,128,23),(1906,NULL,NULL,NULL,NULL,6,NULL,NULL,NULL,NULL,128,24),(1907,NULL,NULL,NULL,NULL,20,NULL,NULL,NULL,NULL,128,25),(1908,NULL,NULL,NULL,1,NULL,NULL,NULL,NULL,NULL,128,26),(1909,NULL,NULL,NULL,1,NULL,NULL,NULL,NULL,NULL,128,31),(1910,NULL,NULL,NULL,NULL,NULL,2000.0000,NULL,NULL,NULL,128,11),(1911,NULL,'default',NULL,NULL,NULL,1700.0000,NULL,NULL,NULL,128,12),(1912,NULL,NULL,NULL,NULL,NULL,1850.0000,NULL,NULL,NULL,128,13),(1913,NULL,'default',NULL,NULL,NULL,NULL,NULL,'2021-04-22',NULL,128,14),(1914,NULL,'default',NULL,NULL,NULL,NULL,NULL,'2021-05-01',NULL,128,15),(1915,'en','default','TAYLOR BRACE',NULL,NULL,NULL,NULL,NULL,NULL,128,16),(1916,'en','default','Taylor brace. support splint, posture correction belt.',NULL,NULL,NULL,NULL,NULL,NULL,128,17),(1917,'en','default','Postural deformity,care of spine,thoraces and lumber injuries,degenerative disc disease,herniated disc',NULL,NULL,NULL,NULL,NULL,NULL,128,18),(1918,NULL,NULL,'',NULL,NULL,NULL,NULL,NULL,NULL,128,19),(1919,NULL,NULL,'',NULL,NULL,NULL,NULL,NULL,NULL,128,20),(1920,NULL,NULL,'',NULL,NULL,NULL,NULL,NULL,NULL,128,21),(1921,NULL,NULL,'2',NULL,NULL,NULL,NULL,NULL,NULL,128,22),(1922,'en','default','<ul>\r\n<li>Effective back support.</li>\r\n<li>double pull mechanism.</li>\r\n<li>no prssure to the foetus.</li>\r\n</ul>',NULL,NULL,NULL,NULL,NULL,NULL,129,9),(1923,'en','default','<div class=\"page\" title=\"Page 11\">\r\n<div class=\"section\">\r\n<div class=\"layoutArea\">\r\n<div class=\"column\">\r\n<ul>\r\n<li><span style=\"font-size: 10pt; font-family: Swiss721BT; color: #373435;\">Split elastic panel gives a good grip to the back splints, ensure no harsh pressure to the baby. Lifts the baby to reduce load to the mother.</span></li>\r\n<li><span style=\"color: #373435; font-size: 10pt; font-family: Swiss721BT;\">Monofilament stripped elastic is light in weight, durable,hasbettercompressionandishighly porous.</span></li>\r\n<li><span style=\"color: #373435; font-family: Swiss721BT; font-size: 10pt;\">Soft and dermophilic materials used ensure, no rashorallergy.Comfortimprovescompliance.</span></li>\r\n<li><span style=\"color: #373435; font-family: Swiss721BT; font-size: 10pt;\">Lateral closing design is easy to wear and ensures that there is no direct pressure on the baby.</span></li>\r\n</ul>\r\n</div>\r\n</div>\r\n</div>\r\n</div>',NULL,NULL,NULL,NULL,NULL,NULL,129,10),(1924,NULL,NULL,'mo-1008',NULL,NULL,NULL,NULL,NULL,NULL,129,1),(1925,'en','default','MATERNITY BELT',NULL,NULL,NULL,NULL,NULL,NULL,129,2),(1926,NULL,NULL,'maternity-belt',NULL,NULL,NULL,NULL,NULL,NULL,129,3),(1927,NULL,'default',NULL,NULL,1,NULL,NULL,NULL,NULL,129,4),(1928,NULL,NULL,NULL,1,NULL,NULL,NULL,NULL,NULL,129,5),(1929,NULL,NULL,NULL,1,NULL,NULL,NULL,NULL,NULL,129,6),(1930,NULL,NULL,NULL,1,NULL,NULL,NULL,NULL,NULL,129,7),(1931,NULL,NULL,NULL,1,NULL,NULL,NULL,NULL,NULL,129,8),(1932,NULL,NULL,NULL,NULL,4,NULL,NULL,NULL,NULL,129,23),(1933,NULL,NULL,NULL,NULL,6,NULL,NULL,NULL,NULL,129,24),(1934,NULL,NULL,NULL,NULL,20,NULL,NULL,NULL,NULL,129,25),(1935,NULL,NULL,NULL,1,NULL,NULL,NULL,NULL,NULL,129,26),(1936,NULL,NULL,NULL,1,NULL,NULL,NULL,NULL,NULL,129,31),(1937,NULL,NULL,NULL,NULL,NULL,900.0000,NULL,NULL,NULL,129,11),(1938,NULL,'default',NULL,NULL,NULL,600.0000,NULL,NULL,NULL,129,12),(1939,NULL,NULL,NULL,NULL,NULL,750.0000,NULL,NULL,NULL,129,13),(1940,NULL,'default',NULL,NULL,NULL,NULL,NULL,'2021-04-22',NULL,129,14),(1941,NULL,'default',NULL,NULL,NULL,NULL,NULL,'2021-05-01',NULL,129,15),(1942,'en','default','MATERNITY BELT',NULL,NULL,NULL,NULL,NULL,NULL,129,16),(1943,'en','default','Maternity belt, abdominal belt, pregnancy back support belt,',NULL,NULL,NULL,NULL,NULL,NULL,129,17),(1944,'en','default','Belly bands help decrease your pain, allow you to engage comfortably in daily activities. It can be worn after pregnancy for support, Supporting the lower back especially after a cesarean delivery, Improving blood circulation.',NULL,NULL,NULL,NULL,NULL,NULL,129,18),(1945,NULL,NULL,'',NULL,NULL,NULL,NULL,NULL,NULL,129,19),(1946,NULL,NULL,'',NULL,NULL,NULL,NULL,NULL,NULL,129,20),(1947,NULL,NULL,'',NULL,NULL,NULL,NULL,NULL,NULL,129,21),(1948,NULL,NULL,'1.5',NULL,NULL,NULL,NULL,NULL,NULL,129,22),(1949,'en','default','<ul>\r\n<li>Non invasive.</li>\r\n<li>lateral compression fracture.</li>\r\n<li>skin necrosis.</li>\r\n<li>associated visceral/neural injury.&nbsp;</li>\r\n</ul>',NULL,NULL,NULL,NULL,NULL,NULL,130,9),(1950,'en','default','<div class=\"page\" title=\"Page 12\">\r\n<div class=\"section\">\r\n<div class=\"layoutArea\">\r\n<div class=\"column\">\r\n<ul>\r\n<li><span style=\"font-size: 11pt; font-family: Swiss721BT; color: #373435;\">Made from soft, comfortable and skin- friendly materials.</span></li>\r\n<li><span style=\"color: #373435; font-family: Swiss721BT; font-size: 11pt;\">Pelvic Binder lessens pain and movement during transfer and permit clean access for Laparotomy and Angiography by releasing individual strap fastener.</span></li>\r\n<li><span style=\"color: #373435; font-family: Swiss721BT; font-size: 11pt;\">It comes with a wrap-around layout and hook &amp; loop closures for easy application</span><span style=\"color: #373435; font-family: Swiss721BT; font-size: 11pt;\">and offers most excellent compression to user.</span></li>\r\n</ul>\r\n</div>\r\n</div>\r\n</div>\r\n</div>',NULL,NULL,NULL,NULL,NULL,NULL,130,10),(1951,NULL,NULL,'mo-1009',NULL,NULL,NULL,NULL,NULL,NULL,130,1),(1952,'en','default','PELVIC BINDER',NULL,NULL,NULL,NULL,NULL,NULL,130,2),(1953,NULL,NULL,'pelvic-binder',NULL,NULL,NULL,NULL,NULL,NULL,130,3),(1954,NULL,'default',NULL,NULL,1,NULL,NULL,NULL,NULL,130,4),(1955,NULL,NULL,NULL,1,NULL,NULL,NULL,NULL,NULL,130,5),(1956,NULL,NULL,NULL,1,NULL,NULL,NULL,NULL,NULL,130,6),(1957,NULL,NULL,NULL,1,NULL,NULL,NULL,NULL,NULL,130,7),(1958,NULL,NULL,NULL,1,NULL,NULL,NULL,NULL,NULL,130,8),(1959,NULL,NULL,NULL,NULL,4,NULL,NULL,NULL,NULL,130,23),(1960,NULL,NULL,NULL,NULL,6,NULL,NULL,NULL,NULL,130,24),(1961,NULL,NULL,NULL,NULL,20,NULL,NULL,NULL,NULL,130,25),(1962,NULL,NULL,NULL,1,NULL,NULL,NULL,NULL,NULL,130,26),(1963,NULL,NULL,NULL,1,NULL,NULL,NULL,NULL,NULL,130,31),(1964,NULL,NULL,NULL,NULL,NULL,800.0000,NULL,NULL,NULL,130,11),(1965,NULL,'default',NULL,NULL,NULL,500.0000,NULL,NULL,NULL,130,12),(1966,NULL,NULL,NULL,NULL,NULL,700.0000,NULL,NULL,NULL,130,13),(1967,NULL,'default',NULL,NULL,NULL,NULL,NULL,'2021-04-23',NULL,130,14),(1968,NULL,'default',NULL,NULL,NULL,NULL,NULL,'2021-05-01',NULL,130,15),(1969,'en','default','pelvic binder',NULL,NULL,NULL,NULL,NULL,NULL,130,16),(1970,'en','default','pelvic binder, pelvic belt',NULL,NULL,NULL,NULL,NULL,NULL,130,17),(1971,'en','default',' Pelvic Fracture',NULL,NULL,NULL,NULL,NULL,NULL,130,18),(1972,NULL,NULL,'',NULL,NULL,NULL,NULL,NULL,NULL,130,19),(1973,NULL,NULL,'',NULL,NULL,NULL,NULL,NULL,NULL,130,20),(1974,NULL,NULL,'',NULL,NULL,NULL,NULL,NULL,NULL,130,21),(1975,NULL,NULL,'1.5',NULL,NULL,NULL,NULL,NULL,NULL,130,22),(1976,'en','default','<ul>\r\n<li>Eltimate comfort.</li>\r\n<li>Well ventilated.</li>\r\n<li>Optimal support.</li>\r\n<li>Hypo allergic.</li>\r\n</ul>',NULL,NULL,NULL,NULL,NULL,NULL,132,9),(1977,'en','default','<div class=\"page\" title=\"Page 14\">\r\n<div class=\"section\">\r\n<div class=\"layoutArea\">\r\n<div class=\"column\">\r\n<ul>\r\n<li><span style=\"font-size: 11pt; font-family: Swiss721BT; color: #373435;\">Made of firm density foam.</span></li>\r\n<li><span style=\"font-size: 11pt; font-family: Swiss721BT; color: #373435;\">&nbsp;Covered with a soft, smooth cotton&nbsp;</span><span style=\"color: #373435; font-family: Swiss721BT; font-size: 11pt;\">stockinet.</span></li>\r\n<li><span style=\"color: #373435; font-family: Swiss721BT; font-size: 11pt;\">&nbsp;Splint inside for better neck support.</span></li>\r\n<li><span style=\"color: #373435; font-family: Swiss721BT; font-size: 11pt;\"> Eyelets for better ventilation.</span></li>\r\n<li><span style=\"color: #373435; font-family: Swiss721BT; font-size: 11pt;\">Hook &amp; Loop closers for proper fit.</span></li>\r\n<li><span style=\"color: #373435; font-family: Swiss721BT; font-size: 11pt;\">Durableandlongerlife.</span></li>\r\n</ul>\r\n</div>\r\n</div>\r\n</div>\r\n</div>',NULL,NULL,NULL,NULL,NULL,NULL,132,10),(1978,NULL,NULL,'mo-2002',NULL,NULL,NULL,NULL,NULL,NULL,132,1),(1979,'en','default','Cervical collar soft',NULL,NULL,NULL,NULL,NULL,NULL,132,2),(1980,NULL,NULL,'cervical-collar',NULL,NULL,NULL,NULL,NULL,NULL,132,3),(1981,NULL,'default',NULL,NULL,1,NULL,NULL,NULL,NULL,132,4),(1982,NULL,NULL,NULL,1,NULL,NULL,NULL,NULL,NULL,132,5),(1983,NULL,NULL,NULL,1,NULL,NULL,NULL,NULL,NULL,132,6),(1984,NULL,NULL,NULL,1,NULL,NULL,NULL,NULL,NULL,132,7),(1985,NULL,NULL,NULL,1,NULL,NULL,NULL,NULL,NULL,132,8),(1986,NULL,NULL,NULL,NULL,4,NULL,NULL,NULL,NULL,132,23),(1987,NULL,NULL,NULL,NULL,6,NULL,NULL,NULL,NULL,132,24),(1988,NULL,NULL,NULL,NULL,20,NULL,NULL,NULL,NULL,132,25),(1989,NULL,NULL,NULL,1,NULL,NULL,NULL,NULL,NULL,132,26),(1990,NULL,NULL,NULL,0,NULL,NULL,NULL,NULL,NULL,132,31),(1991,NULL,NULL,NULL,NULL,NULL,900.0000,NULL,NULL,NULL,132,11),(1992,NULL,'default',NULL,NULL,NULL,600.0000,NULL,NULL,NULL,132,12),(1993,NULL,NULL,NULL,NULL,NULL,750.0000,NULL,NULL,NULL,132,13),(1994,NULL,'default',NULL,NULL,NULL,NULL,NULL,'2021-04-24',NULL,132,14),(1995,NULL,'default',NULL,NULL,NULL,NULL,NULL,'2021-05-01',NULL,132,15),(1996,'en','default','Cervical collar',NULL,NULL,NULL,NULL,NULL,NULL,132,16),(1997,'en','default','Cervical collar, neck belt, traction belt',NULL,NULL,NULL,NULL,NULL,NULL,132,17),(1998,'en','default','Cervical Trauma,Neck Pain and Stiffness,Excessive Mobility,Strain of Neck Muscles,DegenerativeDiscDisease',NULL,NULL,NULL,NULL,NULL,NULL,132,18),(1999,NULL,NULL,'',NULL,NULL,NULL,NULL,NULL,NULL,132,19),(2000,NULL,NULL,'',NULL,NULL,NULL,NULL,NULL,NULL,132,20),(2001,NULL,NULL,'',NULL,NULL,NULL,NULL,NULL,NULL,132,21),(2002,NULL,NULL,'1',NULL,NULL,NULL,NULL,NULL,NULL,132,22),(2003,'en','default','<ul>\r\n<li>Light weight.</li>\r\n<li>Comfotable edge padding.</li>\r\n<li>Adjustable hight.</li>\r\n<li>Latex free.</li>\r\n</ul>',NULL,NULL,NULL,NULL,NULL,NULL,133,9),(2004,'en','default','<div class=\"page\" title=\"Page 15\">\r\n<div class=\"section\">\r\n<div class=\"layoutArea\">\r\n<div class=\"column\">\r\n<ul>\r\n<li><span style=\"font-size: 11pt; font-family: Swiss721BT; color: #373435;\">Two-piece design with height adjustment ensures perfect immobilization of the neck.</span></li>\r\n<li><span style=\"color: #373435; font-family: Swiss721BT; font-size: 11pt;\">Ethafoam edge padding ensures comfor table application.</span></li>\r\n<li><span style=\"font-size: 11pt; font-family: Swiss721BT; color: #373435;\">Easy to clean maintain.</span></li>\r\n<li><span style=\"font-size: 11pt; font-family: Swiss721BT; color: #373435;\">Hook &amp; Loop closers for proper fit.</span></li>\r\n<li><span style=\"font-size: 11pt; font-family: Swiss721BT; color: #373435;\">Durableandlongerlife.</span></li>\r\n</ul>\r\n</div>\r\n</div>\r\n</div>\r\n</div>',NULL,NULL,NULL,NULL,NULL,NULL,133,10),(2005,NULL,NULL,'mo-2003',NULL,NULL,NULL,NULL,NULL,NULL,133,1),(2006,'en','default','CERVICAL COLLAR HARD',NULL,NULL,NULL,NULL,NULL,NULL,133,2),(2007,NULL,NULL,'cervical-collar-hard',NULL,NULL,NULL,NULL,NULL,NULL,133,3),(2008,NULL,'default',NULL,NULL,1,NULL,NULL,NULL,NULL,133,4),(2009,NULL,NULL,NULL,1,NULL,NULL,NULL,NULL,NULL,133,5),(2010,NULL,NULL,NULL,1,NULL,NULL,NULL,NULL,NULL,133,6),(2011,NULL,NULL,NULL,1,NULL,NULL,NULL,NULL,NULL,133,7),(2012,NULL,NULL,NULL,1,NULL,NULL,NULL,NULL,NULL,133,8),(2013,NULL,NULL,NULL,NULL,5,NULL,NULL,NULL,NULL,133,23),(2014,NULL,NULL,NULL,NULL,6,NULL,NULL,NULL,NULL,133,24),(2015,NULL,NULL,NULL,NULL,20,NULL,NULL,NULL,NULL,133,25),(2016,NULL,NULL,NULL,1,NULL,NULL,NULL,NULL,NULL,133,26),(2017,NULL,NULL,NULL,1,NULL,NULL,NULL,NULL,NULL,133,31),(2018,NULL,NULL,NULL,NULL,NULL,1000.0000,NULL,NULL,NULL,133,11),(2019,NULL,'default',NULL,NULL,NULL,750.0000,NULL,NULL,NULL,133,12),(2020,NULL,NULL,NULL,NULL,NULL,850.0000,NULL,NULL,NULL,133,13),(2021,NULL,'default',NULL,NULL,NULL,NULL,NULL,'2021-04-23',NULL,133,14),(2022,NULL,'default',NULL,NULL,NULL,NULL,NULL,'2021-05-01',NULL,133,15),(2023,'en','default','CERVICAL COLLAR HARD',NULL,NULL,NULL,NULL,NULL,NULL,133,16),(2024,'en','default','cervical belt, cervical collar, neck belt',NULL,NULL,NULL,NULL,NULL,NULL,133,17),(2025,'en','default','Cervical Trauma,Accidental Trauma,Cervical Spondylitis, Rheumatoid    Arthritis,Strain of Neck Muscles,Whiplash Recovery, DegenerativeDiscDisease',NULL,NULL,NULL,NULL,NULL,NULL,133,18),(2026,NULL,NULL,'',NULL,NULL,NULL,NULL,NULL,NULL,133,19),(2027,NULL,NULL,'',NULL,NULL,NULL,NULL,NULL,NULL,133,20),(2028,NULL,NULL,'',NULL,NULL,NULL,NULL,NULL,NULL,133,21),(2029,NULL,NULL,'1',NULL,NULL,NULL,NULL,NULL,NULL,133,22),(2030,'en','default','<ul>\r\n<li>Light weighted.</li>\r\n<li>anatomically shaped.</li>\r\n</ul>',NULL,NULL,NULL,NULL,NULL,NULL,134,9),(2031,'en','default','<div class=\"page\" title=\"Page 16\">\r\n<div class=\"section\">\r\n<div class=\"layoutArea\">\r\n<div class=\"column\">\r\n<ul>\r\n<li><span style=\"font-size: 11pt; font-family: Swiss721BT; color: #373435;\">Made of Ethafoam material.</span></li>\r\n<li><span style=\"font-size: 11pt; font-family: Swiss721BT; color: #373435;\">Trachea opening In front alleviates heat &amp;&nbsp;</span><span style=\"font-size: 11pt; font-family: Swiss721BT; color: #373435;\">moisture.</span></li>\r\n<li><span style=\"font-size: 11pt; font-family: Swiss721BT; color: #373435;\">Two-Piece design for perfect&nbsp;</span><span style=\"font-size: 11pt; font-family: Swiss721BT; color: #373435;\">immobilization of the neck.</span></li>\r\n<li><span style=\"font-size: 11pt; font-family: Swiss721BT; color: #373435;\">Chain support ensures a comfort fit.</span></li>\r\n<li><span style=\"font-size: 11pt; font-family: Swiss721BT; color: #373435;\"> Hook &amp; Loop closers for proper fit.</span></li>\r\n<li><span style=\"font-size: 11pt; font-family: Swiss721BT; color: #373435;\">&nbsp;Durable and longer life</span></li>\r\n</ul>\r\n</div>\r\n</div>\r\n</div>\r\n</div>',NULL,NULL,NULL,NULL,NULL,NULL,134,10),(2032,NULL,NULL,'mo-2004',NULL,NULL,NULL,NULL,NULL,NULL,134,1),(2033,'en','default','PHILADELPHIA COLLAR',NULL,NULL,NULL,NULL,NULL,NULL,134,2),(2034,NULL,NULL,'philadelphia-collar',NULL,NULL,NULL,NULL,NULL,NULL,134,3),(2035,NULL,'default',NULL,NULL,1,NULL,NULL,NULL,NULL,134,4),(2036,NULL,NULL,NULL,1,NULL,NULL,NULL,NULL,NULL,134,5),(2037,NULL,NULL,NULL,1,NULL,NULL,NULL,NULL,NULL,134,6),(2038,NULL,NULL,NULL,1,NULL,NULL,NULL,NULL,NULL,134,7),(2039,NULL,NULL,NULL,1,NULL,NULL,NULL,NULL,NULL,134,8),(2040,NULL,NULL,NULL,NULL,4,NULL,NULL,NULL,NULL,134,23),(2041,NULL,NULL,NULL,NULL,6,NULL,NULL,NULL,NULL,134,24),(2042,NULL,NULL,NULL,NULL,20,NULL,NULL,NULL,NULL,134,25),(2043,NULL,NULL,NULL,1,NULL,NULL,NULL,NULL,NULL,134,26),(2044,NULL,NULL,NULL,1,NULL,NULL,NULL,NULL,NULL,134,31),(2045,NULL,NULL,NULL,NULL,NULL,1300.0000,NULL,NULL,NULL,134,11),(2046,NULL,'default',NULL,NULL,NULL,1000.0000,NULL,NULL,NULL,134,12),(2047,NULL,NULL,NULL,NULL,NULL,1150.0000,NULL,NULL,NULL,134,13),(2048,NULL,'default',NULL,NULL,NULL,NULL,NULL,'2021-04-24',NULL,134,14),(2049,NULL,'default',NULL,NULL,NULL,NULL,NULL,'2021-05-02',NULL,134,15),(2050,'en','default','PHILADELPHIA COLLAR',NULL,NULL,NULL,NULL,NULL,NULL,134,16),(2051,'en','default','Philadelphia collar, neck fracture belt',NULL,NULL,NULL,NULL,NULL,NULL,134,17),(2052,'en','default','Cervical Trauma,Accidental and Trauma,Cervical Spondylitis, Burn',NULL,NULL,NULL,NULL,NULL,NULL,134,18),(2053,NULL,NULL,'',NULL,NULL,NULL,NULL,NULL,NULL,134,19),(2054,NULL,NULL,'',NULL,NULL,NULL,NULL,NULL,NULL,134,20),(2055,NULL,NULL,'',NULL,NULL,NULL,NULL,NULL,NULL,134,21),(2056,NULL,NULL,'1',NULL,NULL,NULL,NULL,NULL,NULL,134,22),(2057,'en','default','<ul>\r\n<li>Adjustable.</li>\r\n<li>Wrinkle free.</li>\r\n<li>Well ventilated.</li>\r\n<li>Smart and sleek.</li>\r\n</ul>',NULL,NULL,NULL,NULL,NULL,NULL,135,9),(2058,'en','default','<div class=\"page\" title=\"Page 17\">\r\n<div class=\"section\">\r\n<div class=\"layoutArea\">\r\n<div class=\"column\">\r\n<ul>\r\n<li><span style=\"font-size: 11pt; font-family: Swiss721BT; color: #373435;\">Made from soft, comfortable and skin- friendly material.</span></li>\r\n<li><span style=\"font-size: 11pt; font-family: Swiss721BT; color: #373435;\">Thumb cradle for added support.</span></li>\r\n<li><span style=\"font-size: 11pt; font-family: Swiss721BT; color: #373435;\">Shoulder pad relieves pressure from the&nbsp;</span><span style=\"font-size: 11pt; font-family: Swiss721BT; color: #373435;\">shoulder.</span></li>\r\n<li><span style=\"font-size: 11pt; font-family: Swiss721BT; color: #373435;\">Adjustable strap with a buckle for a&nbsp;</span><span style=\"font-size: 11pt; font-family: Swiss721BT; color: #373435;\">customized fit.</span></li>\r\n<li><span style=\"font-size: 11pt; font-family: Swiss721BT; color: #373435;\">Breathable and moisture transporting&nbsp;</span><span style=\"font-size: 11pt; font-family: Swiss721BT; color: #373435;\">weaving.</span></li>\r\n</ul>\r\n</div>\r\n</div>\r\n</div>\r\n</div>',NULL,NULL,NULL,NULL,NULL,NULL,135,10),(2059,NULL,NULL,'mo-3001',NULL,NULL,NULL,NULL,NULL,NULL,135,1),(2060,'en','default','Arm Sling Pouch',NULL,NULL,NULL,NULL,NULL,NULL,135,2),(2061,NULL,NULL,'arm-sling-pouch',NULL,NULL,NULL,NULL,NULL,NULL,135,3),(2062,NULL,'default',NULL,NULL,1,NULL,NULL,NULL,NULL,135,4),(2063,NULL,NULL,NULL,1,NULL,NULL,NULL,NULL,NULL,135,5),(2064,NULL,NULL,NULL,1,NULL,NULL,NULL,NULL,NULL,135,6),(2065,NULL,NULL,NULL,1,NULL,NULL,NULL,NULL,NULL,135,7),(2066,NULL,NULL,NULL,1,NULL,NULL,NULL,NULL,NULL,135,8),(2067,NULL,NULL,NULL,NULL,4,NULL,NULL,NULL,NULL,135,23),(2068,NULL,NULL,NULL,NULL,6,NULL,NULL,NULL,NULL,135,24),(2069,NULL,NULL,NULL,NULL,20,NULL,NULL,NULL,NULL,135,25),(2070,NULL,NULL,NULL,1,NULL,NULL,NULL,NULL,NULL,135,26),(2071,NULL,NULL,NULL,1,NULL,NULL,NULL,NULL,NULL,135,31),(2072,NULL,NULL,NULL,NULL,NULL,700.0000,NULL,NULL,NULL,135,11),(2073,NULL,'default',NULL,NULL,NULL,400.0000,NULL,NULL,NULL,135,12),(2074,NULL,NULL,NULL,NULL,NULL,550.0000,NULL,NULL,NULL,135,13),(2075,NULL,'default',NULL,NULL,NULL,NULL,NULL,'2021-04-23',NULL,135,14),(2076,NULL,'default',NULL,NULL,NULL,NULL,NULL,'2021-05-01',NULL,135,15),(2077,'en','default','Arm Sling Pouch',NULL,NULL,NULL,NULL,NULL,NULL,135,16),(2078,'en','default','Arm Sling Pouch, arm  support belt,  hand support belt',NULL,NULL,NULL,NULL,NULL,NULL,135,17),(2079,'en','default','Fracture of arm, Wrist fracture, Sprains, Arm/Shoulder immobilization, Post-surgery/Post-cast care',NULL,NULL,NULL,NULL,NULL,NULL,135,18),(2080,NULL,NULL,'',NULL,NULL,NULL,NULL,NULL,NULL,135,19),(2081,NULL,NULL,'',NULL,NULL,NULL,NULL,NULL,NULL,135,20),(2082,NULL,NULL,'',NULL,NULL,NULL,NULL,NULL,NULL,135,21),(2083,NULL,NULL,'1',NULL,NULL,NULL,NULL,NULL,NULL,135,22),(2084,'en','default','<ul>\r\n<li>Well ventilated.</li>\r\n<li>Smart and sleek.</li>\r\n<li>Extra compression cap.</li>\r\n<li>Four way immobilisation.</li>\r\n</ul>',NULL,NULL,NULL,NULL,NULL,NULL,136,9),(2085,'en','default','<div class=\"page\" title=\"Page 18\">\r\n<div class=\"section\">\r\n<div class=\"layoutArea\">\r\n<div class=\"column\">\r\n<ul>\r\n<li><span style=\"font-size: 11pt; font-family: Swiss721BT; color: #373435;\">Elastic chest band and humerus and forearm cuff with contact closure.</span></li>\r\n<li><span style=\"font-size: 11pt; font-family: Swiss721BT; color: #373435;\">Extra shoulder cup for perfect immobilization and compression.</span></li>\r\n<li><span style=\"font-size: 11pt; font-family: Swiss721BT; color: #373435;\">Made from high-quality elastic materials.</span></li>\r\n<li><span style=\"font-size: 11pt; font-family: Swiss721BT; color: #373435;\">Hook and loop closures for proper fit. </span></li>\r\n<li><span style=\"font-size: 11pt; font-family: Swiss721BT; color: #373435;\">Breathable and moisture transporting weaving.</span></li>\r\n</ul>\r\n</div>\r\n</div>\r\n</div>\r\n</div>',NULL,NULL,NULL,NULL,NULL,NULL,136,10),(2086,NULL,NULL,'mo-3002',NULL,NULL,NULL,NULL,NULL,NULL,136,1),(2087,'en','default','Elastic Shoulder Immobilizer',NULL,NULL,NULL,NULL,NULL,NULL,136,2),(2088,NULL,NULL,'elastic-shoulder-immobilizer',NULL,NULL,NULL,NULL,NULL,NULL,136,3),(2089,NULL,'default',NULL,NULL,1,NULL,NULL,NULL,NULL,136,4),(2090,NULL,NULL,NULL,1,NULL,NULL,NULL,NULL,NULL,136,5),(2091,NULL,NULL,NULL,1,NULL,NULL,NULL,NULL,NULL,136,6),(2092,NULL,NULL,NULL,1,NULL,NULL,NULL,NULL,NULL,136,7),(2093,NULL,NULL,NULL,1,NULL,NULL,NULL,NULL,NULL,136,8),(2094,NULL,NULL,NULL,NULL,4,NULL,NULL,NULL,NULL,136,23),(2095,NULL,NULL,NULL,NULL,6,NULL,NULL,NULL,NULL,136,24),(2096,NULL,NULL,NULL,NULL,20,NULL,NULL,NULL,NULL,136,25),(2097,NULL,NULL,NULL,1,NULL,NULL,NULL,NULL,NULL,136,26),(2098,NULL,NULL,NULL,1,NULL,NULL,NULL,NULL,NULL,136,31),(2099,NULL,NULL,NULL,NULL,NULL,1100.0000,NULL,NULL,NULL,136,11),(2100,NULL,'default',NULL,NULL,NULL,850.0000,NULL,NULL,NULL,136,12),(2101,NULL,NULL,NULL,NULL,NULL,950.0000,NULL,NULL,NULL,136,13),(2102,NULL,'default',NULL,NULL,NULL,NULL,NULL,'2021-04-23',NULL,136,14),(2103,NULL,'default',NULL,NULL,NULL,NULL,NULL,'2021-05-01',NULL,136,15),(2104,'en','default','Elastic Shoulder Immobilizer',NULL,NULL,NULL,NULL,NULL,NULL,136,16),(2105,'en','default','Elastic Shoulder Immobilizer, shoulder support belt',NULL,NULL,NULL,NULL,NULL,NULL,136,17),(2106,'en','default','Shoulder immobilizing, Decrease anti-inflammatory medications, Decrease pain symptoms, Improve shoulder joint function.\r\n',NULL,NULL,NULL,NULL,NULL,NULL,136,18),(2107,NULL,NULL,'',NULL,NULL,NULL,NULL,NULL,NULL,136,19),(2108,NULL,NULL,'',NULL,NULL,NULL,NULL,NULL,NULL,136,20),(2109,NULL,NULL,'',NULL,NULL,NULL,NULL,NULL,NULL,136,21),(2110,NULL,NULL,'1',NULL,NULL,NULL,NULL,NULL,NULL,136,22),(2111,'en','default','<ul>\r\n<li>Perfect immobilization.</li>\r\n<li>Enhanced comfort.</li>\r\n<li>convenient application.</li>\r\n<li>wrinkle proof.</li>\r\n</ul>',NULL,NULL,NULL,NULL,NULL,NULL,137,9),(2112,'en','default','<div class=\"page\" title=\"Page 19\">\r\n<div class=\"section\">\r\n<div class=\"layoutArea\">\r\n<div class=\"column\">\r\n<ul>\r\n<li><span style=\"font-size: 11pt; font-family: Swiss721BT; color: #373435;\">Enough room for the injured limb.</span></li>\r\n<li><span style=\"font-size: 11pt; font-family: Swiss721BT; color: #373435;\">Universal baggy sling with extra wrap&nbsp;</span><span style=\"color: #373435; font-family: Swiss721BT; font-size: 11pt;\">around strap ensures perfect&nbsp;</span><span style=\"color: #373435; font-family: Swiss721BT; font-size: 11pt;\">immobilization.</span></li>\r\n<li><span style=\"color: #373435; font-family: Swiss721BT; font-size: 11pt;\">&nbsp;Made from high-quality foam materials.</span></li>\r\n<li><span style=\"color: #373435; font-family: Swiss721BT; font-size: 11pt;\"> Hook and loop closures for proper fit.</span></li>\r\n<li><span style=\"color: #373435; font-family: Swiss721BT; font-size: 11pt;\">Breathable and moisture transporting&nbsp;</span><span style=\"color: #373435; font-family: Swiss721BT; font-size: 11pt;\">weaving.</span></li>\r\n</ul>\r\n</div>\r\n</div>\r\n</div>\r\n</div>',NULL,NULL,NULL,NULL,NULL,NULL,137,10),(2113,NULL,NULL,'mo-3003',NULL,NULL,NULL,NULL,NULL,NULL,137,1),(2114,'en','default','Shoulder Immobilizer',NULL,NULL,NULL,NULL,NULL,NULL,137,2),(2115,NULL,NULL,'shoulder-immobilizer',NULL,NULL,NULL,NULL,NULL,NULL,137,3),(2116,NULL,'default',NULL,NULL,1,NULL,NULL,NULL,NULL,137,4),(2117,NULL,NULL,NULL,1,NULL,NULL,NULL,NULL,NULL,137,5),(2118,NULL,NULL,NULL,1,NULL,NULL,NULL,NULL,NULL,137,6),(2119,NULL,NULL,NULL,1,NULL,NULL,NULL,NULL,NULL,137,7),(2120,NULL,NULL,NULL,1,NULL,NULL,NULL,NULL,NULL,137,8),(2121,NULL,NULL,NULL,NULL,4,NULL,NULL,NULL,NULL,137,23),(2122,NULL,NULL,NULL,NULL,6,NULL,NULL,NULL,NULL,137,24),(2123,NULL,NULL,NULL,NULL,20,NULL,NULL,NULL,NULL,137,25),(2124,NULL,NULL,NULL,1,NULL,NULL,NULL,NULL,NULL,137,26),(2125,NULL,NULL,NULL,1,NULL,NULL,NULL,NULL,NULL,137,31),(2126,NULL,NULL,NULL,NULL,NULL,900.0000,NULL,NULL,NULL,137,11),(2127,NULL,'default',NULL,NULL,NULL,600.0000,NULL,NULL,NULL,137,12),(2128,NULL,NULL,NULL,NULL,NULL,750.0000,NULL,NULL,NULL,137,13),(2129,NULL,'default',NULL,NULL,NULL,NULL,NULL,'2021-04-23',NULL,137,14),(2130,NULL,'default',NULL,NULL,NULL,NULL,NULL,'2021-05-02',NULL,137,15),(2131,'en','default','Shoulder Immobilizer',NULL,NULL,NULL,NULL,NULL,NULL,137,16),(2132,'en','default','Shoulder Immobilizer, shoulder support belt.',NULL,NULL,NULL,NULL,NULL,NULL,137,17),(2133,'en','default','Shoulder and arm immobilizing, Decrease anti-inflammatory medications, Decrease pain symptoms,Improve shoulder joint functions.',NULL,NULL,NULL,NULL,NULL,NULL,137,18),(2134,NULL,NULL,'',NULL,NULL,NULL,NULL,NULL,NULL,137,19),(2135,NULL,NULL,'',NULL,NULL,NULL,NULL,NULL,NULL,137,20),(2136,NULL,NULL,'',NULL,NULL,NULL,NULL,NULL,NULL,137,21),(2137,NULL,NULL,'1',NULL,NULL,NULL,NULL,NULL,NULL,137,22),(2138,'en','default','<ul>\r\n<li>No lossing with time.</li>\r\n<li>Linear union.</li>\r\n<li>No abrassion, no rash.</li>\r\n<li>Comfartable auxiliary padding.</li>\r\n</ul>',NULL,NULL,NULL,NULL,NULL,NULL,138,9),(2139,'en','default','<div class=\"page\" title=\"Page 20\">\r\n<div class=\"section\">\r\n<div class=\"layoutArea\">\r\n<div class=\"column\">\r\n<ul>\r\n<li><span style=\"font-size: 11pt; font-family: Swiss721BT; color: #373435;\">Made from soft, comfortable and skin- friendly material.</span></li>\r\n<li><span style=\"color: #373435; font-family: Swiss721BT; font-size: 11pt;\">Soft, comfortable shoulder and underarm padding for patient comfort.</span></li>\r\n<li><span style=\"color: #373435; font-family: Swiss721BT; font-size: 11pt;\">Adjustable strap with a buckle for a customized fit.</span></li>\r\n<li><span style=\"color: #373435; font-family: Swiss721BT; font-size: 11pt;\">Breathable and moisture transpor ting weaving.</span></li>\r\n</ul>\r\n</div>\r\n</div>\r\n</div>\r\n</div>',NULL,NULL,NULL,NULL,NULL,NULL,138,10),(2140,NULL,NULL,'mo-3004',NULL,NULL,NULL,NULL,NULL,NULL,138,1),(2141,'en','default','Clavicle Brace',NULL,NULL,NULL,NULL,NULL,NULL,138,2),(2142,NULL,NULL,'clavicle-brace',NULL,NULL,NULL,NULL,NULL,NULL,138,3),(2143,NULL,'default',NULL,NULL,1,NULL,NULL,NULL,NULL,138,4),(2144,NULL,NULL,NULL,1,NULL,NULL,NULL,NULL,NULL,138,5),(2145,NULL,NULL,NULL,1,NULL,NULL,NULL,NULL,NULL,138,6),(2146,NULL,NULL,NULL,1,NULL,NULL,NULL,NULL,NULL,138,7),(2147,NULL,NULL,NULL,1,NULL,NULL,NULL,NULL,NULL,138,8),(2148,NULL,NULL,NULL,NULL,4,NULL,NULL,NULL,NULL,138,23),(2149,NULL,NULL,NULL,NULL,6,NULL,NULL,NULL,NULL,138,24),(2150,NULL,NULL,NULL,NULL,20,NULL,NULL,NULL,NULL,138,25),(2151,NULL,NULL,NULL,1,NULL,NULL,NULL,NULL,NULL,138,26),(2152,NULL,NULL,NULL,1,NULL,NULL,NULL,NULL,NULL,138,31),(2153,NULL,NULL,NULL,NULL,NULL,600.0000,NULL,NULL,NULL,138,11),(2154,NULL,'default',NULL,NULL,NULL,400.0000,NULL,NULL,NULL,138,12),(2155,NULL,NULL,NULL,NULL,NULL,500.0000,NULL,NULL,NULL,138,13),(2156,NULL,'default',NULL,NULL,NULL,NULL,NULL,'2021-04-23',NULL,138,14),(2157,NULL,'default',NULL,NULL,NULL,NULL,NULL,'2021-05-02',NULL,138,15),(2158,'en','default','Clavicle Brace',NULL,NULL,NULL,NULL,NULL,NULL,138,16),(2159,'en','default','Clavicle Brace, clavicle fracture belt, posture correct belt',NULL,NULL,NULL,NULL,NULL,NULL,138,17),(2160,'en','default','Clavicle fracture,Strain,Trauma,Posture problems,Immobilization of clavicle area',NULL,NULL,NULL,NULL,NULL,NULL,138,18),(2161,NULL,NULL,'',NULL,NULL,NULL,NULL,NULL,NULL,138,19),(2162,NULL,NULL,'',NULL,NULL,NULL,NULL,NULL,NULL,138,20),(2163,NULL,NULL,'',NULL,NULL,NULL,NULL,NULL,NULL,138,21),(2164,NULL,NULL,'1',NULL,NULL,NULL,NULL,NULL,NULL,138,22),(2165,'en','default','<ul>\r\n<li>Comfortable.</li>\r\n<li>Easy to wear.</li>\r\n<li>Smart and sleek.</li>\r\n<li>controlled compression.</li>\r\n</ul>',NULL,NULL,NULL,NULL,NULL,NULL,139,9),(2166,'en','default','<div class=\"page\" title=\"Page 21\">\r\n<div class=\"section\">\r\n<div class=\"layoutArea\">\r\n<div class=\"column\">\r\n<ul>\r\n<li><span style=\"font-size: 11pt; font-family: Swiss721BT; color: #373435;\">Made from Neoprene bonded nylon fabric.</span></li>\r\n<li><span style=\"font-size: 11pt; font-family: Swiss721BT; color: #373435;\">Fourwaystretchable</span></li>\r\n<li><span style=\"font-size: 11pt; font-family: Swiss721BT; color: #373435;\">Anatomical shape ensures.</span></li>\r\n<li><span style=\"font-size: 11pt; font-family: Swiss721BT; color: #373435;\">Perfect fitting and optimal immobilization.</span></li>\r\n<li><span style=\"font-size: 11pt; font-family: Swiss721BT; color: #373435;\"> Retains body heat for pain relief and&nbsp;</span><span style=\"color: #373435; font-family: Swiss721BT; font-size: 11pt;\">quicker healing.</span></li>\r\n<li><span style=\"color: #373435; font-family: Swiss721BT; font-size: 11pt;\">Can be worn inconspicuously under&nbsp;</span><span style=\"color: #373435; font-family: Swiss721BT; font-size: 11pt;\">clothing.</span></li>\r\n</ul>\r\n</div>\r\n</div>\r\n</div>\r\n</div>\r\n<div class=\"page\" title=\"Page 21\">&nbsp;</div>',NULL,NULL,NULL,NULL,NULL,NULL,139,10),(2167,NULL,NULL,'mo-3005',NULL,NULL,NULL,NULL,NULL,NULL,139,1),(2168,'en','default','Shoulder Support',NULL,NULL,NULL,NULL,NULL,NULL,139,2),(2169,NULL,NULL,'shoulder-support',NULL,NULL,NULL,NULL,NULL,NULL,139,3),(2170,NULL,'default',NULL,NULL,1,NULL,NULL,NULL,NULL,139,4),(2171,NULL,NULL,NULL,1,NULL,NULL,NULL,NULL,NULL,139,5),(2172,NULL,NULL,NULL,1,NULL,NULL,NULL,NULL,NULL,139,6),(2173,NULL,NULL,NULL,1,NULL,NULL,NULL,NULL,NULL,139,7),(2174,NULL,NULL,NULL,1,NULL,NULL,NULL,NULL,NULL,139,8),(2175,NULL,NULL,NULL,NULL,4,NULL,NULL,NULL,NULL,139,23),(2176,NULL,NULL,NULL,NULL,6,NULL,NULL,NULL,NULL,139,24),(2177,NULL,NULL,NULL,NULL,20,NULL,NULL,NULL,NULL,139,25),(2178,NULL,NULL,NULL,1,NULL,NULL,NULL,NULL,NULL,139,26),(2179,NULL,NULL,NULL,1,NULL,NULL,NULL,NULL,NULL,139,31),(2180,NULL,NULL,NULL,NULL,NULL,1300.0000,NULL,NULL,NULL,139,11),(2181,NULL,'default',NULL,NULL,NULL,1000.0000,NULL,NULL,NULL,139,12),(2182,NULL,NULL,NULL,NULL,NULL,1150.0000,NULL,NULL,NULL,139,13),(2183,NULL,'default',NULL,NULL,NULL,NULL,NULL,'2021-04-23',NULL,139,14),(2184,NULL,'default',NULL,NULL,NULL,NULL,NULL,'2021-05-01',NULL,139,15),(2185,'en','default','Shoulder Support',NULL,NULL,NULL,NULL,NULL,NULL,139,16),(2186,'en','default','Shoulder Support, posture correction belt,shoulder brace.',NULL,NULL,NULL,NULL,NULL,NULL,139,17),(2187,'en','default','Shoulder Injury,Arthritic pain of the shoulder joint, Bursitis and tendonitis,\r\nShoulder dislocation,Rotator cuff injury,Shoulder inflammation',NULL,NULL,NULL,NULL,NULL,NULL,139,18),(2188,NULL,NULL,'',NULL,NULL,NULL,NULL,NULL,NULL,139,19),(2189,NULL,NULL,'',NULL,NULL,NULL,NULL,NULL,NULL,139,20),(2190,NULL,NULL,'',NULL,NULL,NULL,NULL,NULL,NULL,139,21),(2191,NULL,NULL,'1',NULL,NULL,NULL,NULL,NULL,NULL,139,22),(2192,'en','default','<ul>\r\n<li>Adjustable.</li>\r\n<li>Wrinkle free.</li>\r\n<li>Enhanced protaction.</li>\r\n<li>convenient appliction.</li>\r\n</ul>',NULL,NULL,NULL,NULL,NULL,NULL,140,9),(2193,'en','default','<div class=\"page\" title=\"Page 22\">\r\n<div class=\"section\">\r\n<div class=\"layoutArea\">\r\n<div class=\"column\">\r\n<ul>\r\n<li><span style=\"font-size: 11pt; font-family: Swiss721BT; color: #373435;\">Made from soft, comfortable and skin- friendly material.</span></li>\r\n<li><span style=\"color: #373435; font-family: Swiss721BT; font-size: 11pt;\">Thumb cradle for added support.</span></li>\r\n<li><span style=\"color: #373435; font-family: Swiss721BT; font-size: 11pt;\">Shoulder pad relieves pressure from the&nbsp;</span><span style=\"color: #373435; font-family: Swiss721BT; font-size: 11pt;\">shoulder.</span></li>\r\n<li><span style=\"color: #373435; font-family: Swiss721BT; font-size: 11pt;\">Adjustable strap with a buckle for a&nbsp;</span><span style=\"color: #373435; font-family: Swiss721BT; font-size: 11pt;\">customized fit.</span></li>\r\n<li><span style=\"color: #373435; font-family: Swiss721BT; font-size: 11pt;\">Breathable and moisture transporting&nbsp;</span><span style=\"color: #373435; font-family: Swiss721BT; font-size: 11pt;\">weaving.</span></li>\r\n</ul>\r\n</div>\r\n</div>\r\n</div>\r\n</div>',NULL,NULL,NULL,NULL,NULL,NULL,140,10),(2194,NULL,NULL,'mo-3006',NULL,NULL,NULL,NULL,NULL,NULL,140,1),(2195,'en','default','Cuff N Collar Sling',NULL,NULL,NULL,NULL,NULL,NULL,140,2),(2196,NULL,NULL,'cuff-n-collar-sling',NULL,NULL,NULL,NULL,NULL,NULL,140,3),(2197,NULL,'default',NULL,NULL,1,NULL,NULL,NULL,NULL,140,4),(2198,NULL,NULL,NULL,1,NULL,NULL,NULL,NULL,NULL,140,5),(2199,NULL,NULL,NULL,1,NULL,NULL,NULL,NULL,NULL,140,6),(2200,NULL,NULL,NULL,1,NULL,NULL,NULL,NULL,NULL,140,7),(2201,NULL,NULL,NULL,1,NULL,NULL,NULL,NULL,NULL,140,8),(2202,NULL,NULL,NULL,NULL,4,NULL,NULL,NULL,NULL,140,23),(2203,NULL,NULL,NULL,NULL,6,NULL,NULL,NULL,NULL,140,24),(2204,NULL,NULL,NULL,NULL,20,NULL,NULL,NULL,NULL,140,25),(2205,NULL,NULL,NULL,1,NULL,NULL,NULL,NULL,NULL,140,26),(2206,NULL,NULL,NULL,1,NULL,NULL,NULL,NULL,NULL,140,31),(2207,NULL,NULL,NULL,NULL,NULL,700.0000,NULL,NULL,NULL,140,11),(2208,NULL,'default',NULL,NULL,NULL,450.0000,NULL,NULL,NULL,140,12),(2209,NULL,NULL,NULL,NULL,NULL,600.0000,NULL,NULL,NULL,140,13),(2210,NULL,'default',NULL,NULL,NULL,NULL,NULL,'2021-04-23',NULL,140,14),(2211,NULL,'default',NULL,NULL,NULL,NULL,NULL,'2021-05-02',NULL,140,15),(2212,'en','default','Cuff N Collar Sling',NULL,NULL,NULL,NULL,NULL,NULL,140,16),(2213,'en','default','Cuff N Collar Sling, arm sling, elbow support belt.',NULL,NULL,NULL,NULL,NULL,NULL,140,17),(2214,'en','default','Fracture of arm, Wrist fracture, Sprains, Arm/Shoulder immobilization, Post-surgery/Post-cast care',NULL,NULL,NULL,NULL,NULL,NULL,140,18),(2215,NULL,NULL,'',NULL,NULL,NULL,NULL,NULL,NULL,140,19),(2216,NULL,NULL,'',NULL,NULL,NULL,NULL,NULL,NULL,140,20),(2217,NULL,NULL,'',NULL,NULL,NULL,NULL,NULL,NULL,140,21),(2218,NULL,NULL,'1',NULL,NULL,NULL,NULL,NULL,NULL,140,22),(2219,'en','default','<ul>\r\n<li>Cotton fabric.</li>\r\n<li>Sweat rasistant.</li>\r\n<li>Fine grip.</li>\r\n<li>stretchable.</li>\r\n<li>Anti slip.</li>\r\n<li>Easy to wear.</li>\r\n</ul>',NULL,NULL,NULL,NULL,NULL,NULL,141,9),(2220,'en','default','<div class=\"page\" title=\"Page 23\">\r\n<div class=\"section\">\r\n<div class=\"layoutArea\">\r\n<div class=\"column\">\r\n<ul>\r\n<li><span style=\"font-size: 11pt; font-family: Swiss721BT; color: #373435;\">Made from sturdy, tapered, four way elasticized fabric.</span></li>\r\n<li><span style=\"color: #373435; font-family: Swiss721BT; font-size: 11pt;\">Comfortable and durable material.</span></li>\r\n<li><span style=\"color: #373435; font-family: Swiss721BT; font-size: 11pt;\">Breathable and moisture transporting&nbsp;</span><span style=\"color: #373435; font-family: Swiss721BT; font-size: 11pt;\">weaving.</span></li>\r\n</ul>\r\n</div>\r\n</div>\r\n</div>\r\n</div>',NULL,NULL,NULL,NULL,NULL,NULL,141,10),(2221,NULL,NULL,'mo-4001',NULL,NULL,NULL,NULL,NULL,NULL,141,1),(2222,'en','default','Knee Cap',NULL,NULL,NULL,NULL,NULL,NULL,141,2),(2223,NULL,NULL,'knee-cap',NULL,NULL,NULL,NULL,NULL,NULL,141,3),(2224,NULL,'default',NULL,NULL,1,NULL,NULL,NULL,NULL,141,4),(2225,NULL,NULL,NULL,1,NULL,NULL,NULL,NULL,NULL,141,5),(2226,NULL,NULL,NULL,1,NULL,NULL,NULL,NULL,NULL,141,6),(2227,NULL,NULL,NULL,1,NULL,NULL,NULL,NULL,NULL,141,7),(2228,NULL,NULL,NULL,1,NULL,NULL,NULL,NULL,NULL,141,8),(2229,NULL,NULL,NULL,NULL,4,NULL,NULL,NULL,NULL,141,23),(2230,NULL,NULL,NULL,NULL,6,NULL,NULL,NULL,NULL,141,24),(2231,NULL,NULL,NULL,NULL,20,NULL,NULL,NULL,NULL,141,25),(2232,NULL,NULL,NULL,1,NULL,NULL,NULL,NULL,NULL,141,26),(2233,NULL,NULL,NULL,1,NULL,NULL,NULL,NULL,NULL,141,31),(2234,NULL,NULL,NULL,NULL,NULL,1000.0000,NULL,NULL,NULL,141,11),(2235,NULL,'default',NULL,NULL,NULL,700.0000,NULL,NULL,NULL,141,12),(2236,NULL,NULL,NULL,NULL,NULL,850.0000,NULL,NULL,NULL,141,13),(2237,NULL,'default',NULL,NULL,NULL,NULL,NULL,'2021-04-23',NULL,141,14),(2238,NULL,'default',NULL,NULL,NULL,NULL,NULL,'2021-05-02',NULL,141,15),(2239,'en','default','knee cap.',NULL,NULL,NULL,NULL,NULL,NULL,141,16),(2240,'en','default','knee cap, knee support belt,',NULL,NULL,NULL,NULL,NULL,NULL,141,17),(2241,'en','default','Arthritic pain, Swelling, Ligaments or muscles injury, Post-operative knee support ,Sprains and strains of the knee, Stabilization of weak knees, Prevention of sports injuries',NULL,NULL,NULL,NULL,NULL,NULL,141,18),(2242,NULL,NULL,'',NULL,NULL,NULL,NULL,NULL,NULL,141,19),(2243,NULL,NULL,'',NULL,NULL,NULL,NULL,NULL,NULL,141,20),(2244,NULL,NULL,'',NULL,NULL,NULL,NULL,NULL,NULL,141,21),(2245,NULL,NULL,'1',NULL,NULL,NULL,NULL,NULL,NULL,141,22),(2246,'en','default','<ul>\r\n<li>freely movable.</li>\r\n<li>soft and comfortable.</li>\r\n<li>four way stretch.</li>\r\n<li>sillicon patellar insert.</li>\r\n</ul>',NULL,NULL,NULL,NULL,NULL,NULL,142,9),(2247,'en','default','<div class=\"page\" title=\"Page 24\">\r\n<div class=\"section\">\r\n<div class=\"layoutArea\">\r\n<div class=\"column\">\r\n<ul>\r\n<li><span style=\"font-size: 11pt; font-family: Swiss721BT; color: #373435;\">Anterior patellar opening relieves pressure from patella.</span></li>\r\n<li><span style=\"color: #373435; font-family: Swiss721BT; font-size: 11pt;\">Made from sturdy, tapered, four way elasticized fabric.</span></li>\r\n<li><span style=\"color: #373435; font-family: Swiss721BT; font-size: 11pt;\">Comfortable and durable material.</span></li>\r\n<li><span style=\"font-size: 11pt; font-family: Swiss721BT; color: #373435;\">Breathable and moisture transporting&nbsp;</span><span style=\"color: #373435; font-family: Swiss721BT; font-size: 11pt;\">weaving.</span></li>\r\n<li><span style=\"color: #373435; font-family: Swiss721BT; font-size: 11pt;\">Simple and quick wear with easy pull on&nbsp;</span><span style=\"color: #373435; font-family: Swiss721BT; font-size: 11pt;\">application.</span></li>\r\n</ul>\r\n</div>\r\n</div>\r\n</div>\r\n</div>',NULL,NULL,NULL,NULL,NULL,NULL,142,10),(2248,NULL,NULL,'mo-4002',NULL,NULL,NULL,NULL,NULL,NULL,142,1),(2249,'en','default','Hinged knee brace with Open Patella',NULL,NULL,NULL,NULL,NULL,NULL,142,2),(2250,NULL,NULL,'hinged-knee-brace-with-open-patella',NULL,NULL,NULL,NULL,NULL,NULL,142,3),(2251,NULL,'default',NULL,NULL,1,NULL,NULL,NULL,NULL,142,4),(2252,NULL,NULL,NULL,1,NULL,NULL,NULL,NULL,NULL,142,5),(2253,NULL,NULL,NULL,1,NULL,NULL,NULL,NULL,NULL,142,6),(2254,NULL,NULL,NULL,1,NULL,NULL,NULL,NULL,NULL,142,7),(2255,NULL,NULL,NULL,1,NULL,NULL,NULL,NULL,NULL,142,8),(2256,NULL,NULL,NULL,NULL,4,NULL,NULL,NULL,NULL,142,23),(2257,NULL,NULL,NULL,NULL,6,NULL,NULL,NULL,NULL,142,24),(2258,NULL,NULL,NULL,NULL,20,NULL,NULL,NULL,NULL,142,25),(2259,NULL,NULL,NULL,1,NULL,NULL,NULL,NULL,NULL,142,26),(2260,NULL,NULL,NULL,1,NULL,NULL,NULL,NULL,NULL,142,31),(2261,NULL,NULL,NULL,NULL,NULL,1200.0000,NULL,NULL,NULL,142,11),(2262,NULL,'default',NULL,NULL,NULL,900.0000,NULL,NULL,NULL,142,12),(2263,NULL,NULL,NULL,NULL,NULL,1000.0000,NULL,NULL,NULL,142,13),(2264,NULL,'default',NULL,NULL,NULL,NULL,NULL,'2021-04-23',NULL,142,14),(2265,NULL,'default',NULL,NULL,NULL,NULL,NULL,'2021-05-02',NULL,142,15),(2266,'en','default','Hinged knee brace with Open Patella',NULL,NULL,NULL,NULL,NULL,NULL,142,16),(2267,'en','default','Hinged knee brace with Open Patella, knee brace , Hinged knee brace .',NULL,NULL,NULL,NULL,NULL,NULL,142,17),(2268,'en','default','Arthritic pain, Swelling, Ligaments or muscles injury ,Mild Sprains and strains, Stabilization of weak knees ,Prevention of sports injuries',NULL,NULL,NULL,NULL,NULL,NULL,142,18),(2269,NULL,NULL,'',NULL,NULL,NULL,NULL,NULL,NULL,142,19),(2270,NULL,NULL,'',NULL,NULL,NULL,NULL,NULL,NULL,142,20),(2271,NULL,NULL,'',NULL,NULL,NULL,NULL,NULL,NULL,142,21),(2272,NULL,NULL,'1',NULL,NULL,NULL,NULL,NULL,NULL,142,22),(2273,'en','default','<ul>\r\n<li>Free flexion movement.</li>\r\n<li>Four way strechablity</li>\r\n</ul>',NULL,NULL,NULL,NULL,NULL,NULL,143,9),(2274,'en','default','<div class=\"page\" title=\"Page 25\">\r\n<div class=\"section\">\r\n<div class=\"layoutArea\">\r\n<p>&nbsp;</p>\r\n<ul>\r\n<li><span style=\"font-size: 11pt; font-family: Swiss721BT; color: #373435;\">Comfortable and durable material.</span></li>\r\n<li><span style=\"color: #373435; font-family: Swiss721BT; font-size: 11pt;\">Breathable and moisture transporting weaving.</span></li>\r\n<li><span style=\"color: #373435; font-family: Swiss721BT; font-size: 11pt;\">&nbsp;Simple and quick wear with easy pull-on application.</span></li>\r\n</ul>\r\n</div>\r\n</div>\r\n</div>',NULL,NULL,NULL,NULL,NULL,NULL,143,10),(2275,NULL,NULL,'mo-4003',NULL,NULL,NULL,NULL,NULL,NULL,143,1),(2276,'en','default','Knee Cap with Rigid Hinge',NULL,NULL,NULL,NULL,NULL,NULL,143,2),(2277,NULL,NULL,'knee-cap-with-rigid-hinge',NULL,NULL,NULL,NULL,NULL,NULL,143,3),(2278,NULL,'default',NULL,NULL,1,NULL,NULL,NULL,NULL,143,4),(2279,NULL,NULL,NULL,1,NULL,NULL,NULL,NULL,NULL,143,5),(2280,NULL,NULL,NULL,1,NULL,NULL,NULL,NULL,NULL,143,6),(2281,NULL,NULL,NULL,1,NULL,NULL,NULL,NULL,NULL,143,7),(2282,NULL,NULL,NULL,1,NULL,NULL,NULL,NULL,NULL,143,8),(2283,NULL,NULL,NULL,NULL,4,NULL,NULL,NULL,NULL,143,23),(2284,NULL,NULL,NULL,NULL,6,NULL,NULL,NULL,NULL,143,24),(2285,NULL,NULL,NULL,NULL,20,NULL,NULL,NULL,NULL,143,25),(2286,NULL,NULL,NULL,1,NULL,NULL,NULL,NULL,NULL,143,26),(2287,NULL,NULL,NULL,1,NULL,NULL,NULL,NULL,NULL,143,31),(2288,NULL,NULL,NULL,NULL,NULL,900.0000,NULL,NULL,NULL,143,11),(2289,NULL,'default',NULL,NULL,NULL,700.0000,NULL,NULL,NULL,143,12),(2290,NULL,NULL,NULL,NULL,NULL,800.0000,NULL,NULL,NULL,143,13),(2291,NULL,'default',NULL,NULL,NULL,NULL,NULL,'2021-04-23',NULL,143,14),(2292,NULL,'default',NULL,NULL,NULL,NULL,NULL,'2021-05-02',NULL,143,15),(2293,'en','default','Knee Cap with Rigid Hinge',NULL,NULL,NULL,NULL,NULL,NULL,143,16),(2294,'en','default','Knee Cap with Rigid Hinge, knee support belt.',NULL,NULL,NULL,NULL,NULL,NULL,143,17),(2295,'en','default','Arthritic pain of sports injury,Post-operative knee support, Sprains or strains, Stabilization of weak knees.',NULL,NULL,NULL,NULL,NULL,NULL,143,18),(2296,NULL,NULL,'',NULL,NULL,NULL,NULL,NULL,NULL,143,19),(2297,NULL,NULL,'',NULL,NULL,NULL,NULL,NULL,NULL,143,20),(2298,NULL,NULL,'',NULL,NULL,NULL,NULL,NULL,NULL,143,21),(2299,NULL,NULL,'1',NULL,NULL,NULL,NULL,NULL,NULL,143,22),(2300,'en','default','<ul>\r\n<li>Light weigted.</li>\r\n<li>Anatomical shaped.</li>\r\n<li>soft and comfortable.</li>\r\n</ul>',NULL,NULL,NULL,NULL,NULL,NULL,144,9),(2301,'en','default','<div class=\"page\" title=\"Page 26\">\r\n<div class=\"section\">\r\n<div class=\"layoutArea\">\r\n<div class=\"column\">\r\n<ul>\r\n<li><span style=\"font-size: 11pt; font-family: Swiss721BT; color: #373435;\">Anatomically contoured posterior and lateral splints for perfect immobilization.</span></li>\r\n<li><span style=\"color: #373435; font-family: Swiss721BT; font-size: 11pt;\">Extra Patellar strap.</span></li>\r\n<li><span style=\"color: #373435; font-family: Swiss721BT; font-size: 11pt;\">Hook &amp; loop straps with loop closures. </span></li>\r\n<li><span style=\"color: #373435; font-family: Swiss721BT; font-size: 11pt;\">Made of extra soft and skin-friendly&nbsp;</span><span style=\"color: #373435; font-family: Swiss721BT; font-size: 11pt;\">material.</span></li>\r\n<li><span style=\"color: #373435; font-family: Swiss721BT; font-size: 11pt;\">Accommodates both right and left leg.</span></li>\r\n</ul>\r\n</div>\r\n</div>\r\n</div>\r\n</div>',NULL,NULL,NULL,NULL,NULL,NULL,144,10),(2302,NULL,NULL,'mo-4004',NULL,NULL,NULL,NULL,NULL,NULL,144,1),(2303,'en','default','Knee Brace Long',NULL,NULL,NULL,NULL,NULL,NULL,144,2),(2304,NULL,NULL,'knee-brace-long',NULL,NULL,NULL,NULL,NULL,NULL,144,3),(2305,NULL,'default',NULL,NULL,1,NULL,NULL,NULL,NULL,144,4),(2306,NULL,NULL,NULL,1,NULL,NULL,NULL,NULL,NULL,144,5),(2307,NULL,NULL,NULL,1,NULL,NULL,NULL,NULL,NULL,144,6),(2308,NULL,NULL,NULL,1,NULL,NULL,NULL,NULL,NULL,144,7),(2309,NULL,NULL,NULL,1,NULL,NULL,NULL,NULL,NULL,144,8),(2310,NULL,NULL,NULL,NULL,4,NULL,NULL,NULL,NULL,144,23),(2311,NULL,NULL,NULL,NULL,6,NULL,NULL,NULL,NULL,144,24),(2312,NULL,NULL,NULL,NULL,20,NULL,NULL,NULL,NULL,144,25),(2313,NULL,NULL,NULL,1,NULL,NULL,NULL,NULL,NULL,144,26),(2314,NULL,NULL,NULL,1,NULL,NULL,NULL,NULL,NULL,144,31),(2315,NULL,NULL,NULL,NULL,NULL,1250.0000,NULL,NULL,NULL,144,11),(2316,NULL,'default',NULL,NULL,NULL,950.0000,NULL,NULL,NULL,144,12),(2317,NULL,NULL,NULL,NULL,NULL,1050.0000,NULL,NULL,NULL,144,13),(2318,NULL,'default',NULL,NULL,NULL,NULL,NULL,'2021-04-23',NULL,144,14),(2319,NULL,'default',NULL,NULL,NULL,NULL,NULL,'2021-05-02',NULL,144,15),(2320,'en','default','Knee Brace Long',NULL,NULL,NULL,NULL,NULL,NULL,144,16),(2321,'en','default','Knee Brace Long, knee immobiliser, knee belt long',NULL,NULL,NULL,NULL,NULL,NULL,144,17),(2322,'en','default','Ligament injuries, Tibial plateau fractures, Osteochondral repairs, Patellar tendon repairs, Acute sprains/strains of the knee,\r\nPost/Pre operative care',NULL,NULL,NULL,NULL,NULL,NULL,144,18),(2323,NULL,NULL,'',NULL,NULL,NULL,NULL,NULL,NULL,144,19),(2324,NULL,NULL,'',NULL,NULL,NULL,NULL,NULL,NULL,144,20),(2325,NULL,NULL,'',NULL,NULL,NULL,NULL,NULL,NULL,144,21),(2326,NULL,NULL,'2',NULL,NULL,NULL,NULL,NULL,NULL,144,22),(2327,'en','default','<ul>\r\n<li>Light weighted.</li>\r\n<li>Anatomical shaped.</li>\r\n<li>Perfect immobiliser.</li>\r\n</ul>',NULL,NULL,NULL,NULL,NULL,NULL,145,9),(2328,'en','default','<div class=\"page\" title=\"Page 27\">\r\n<div class=\"section\">\r\n<div class=\"layoutArea\">\r\n<div class=\"column\">\r\n<ul>\r\n<li><span style=\"font-size: 11pt; font-family: Swiss721BT; color: #373435;\">Anatomically contoured posterior and lateral splints for perfect immobilization.</span></li>\r\n<li><span style=\"color: #373435; font-family: Swiss721BT; font-size: 11pt;\">&nbsp;Extra Patellar strap.</span></li>\r\n<li><span style=\"color: #373435; font-family: Swiss721BT; font-size: 11pt;\">Hook &amp; loop straps with loop closures. </span></li>\r\n<li><span style=\"color: #373435; font-family: Swiss721BT; font-size: 11pt;\">Made of extra soft and skin-friendly&nbsp;</span><span style=\"color: #373435; font-family: Swiss721BT; font-size: 11pt;\">material.</span></li>\r\n<li><span style=\"color: #373435; font-family: Swiss721BT; font-size: 11pt;\">Accommodates both right and left leg.</span></li>\r\n</ul>\r\n</div>\r\n</div>\r\n</div>\r\n</div>',NULL,NULL,NULL,NULL,NULL,NULL,145,10),(2329,NULL,NULL,'mo-4005',NULL,NULL,NULL,NULL,NULL,NULL,145,1),(2330,'en','default','Knee Brace Short',NULL,NULL,NULL,NULL,NULL,NULL,145,2),(2331,NULL,NULL,'knee-brace-short',NULL,NULL,NULL,NULL,NULL,NULL,145,3),(2332,NULL,'default',NULL,NULL,1,NULL,NULL,NULL,NULL,145,4),(2333,NULL,NULL,NULL,1,NULL,NULL,NULL,NULL,NULL,145,5),(2334,NULL,NULL,NULL,1,NULL,NULL,NULL,NULL,NULL,145,6),(2335,NULL,NULL,NULL,1,NULL,NULL,NULL,NULL,NULL,145,7),(2336,NULL,NULL,NULL,1,NULL,NULL,NULL,NULL,NULL,145,8),(2337,NULL,NULL,NULL,NULL,4,NULL,NULL,NULL,NULL,145,23),(2338,NULL,NULL,NULL,NULL,6,NULL,NULL,NULL,NULL,145,24),(2339,NULL,NULL,NULL,NULL,20,NULL,NULL,NULL,NULL,145,25),(2340,NULL,NULL,NULL,1,NULL,NULL,NULL,NULL,NULL,145,26),(2341,NULL,NULL,NULL,1,NULL,NULL,NULL,NULL,NULL,145,31),(2342,NULL,NULL,NULL,NULL,NULL,900.0000,NULL,NULL,NULL,145,11),(2343,NULL,'default',NULL,NULL,NULL,600.0000,NULL,NULL,NULL,145,12),(2344,NULL,NULL,NULL,NULL,NULL,750.0000,NULL,NULL,NULL,145,13),(2345,NULL,'default',NULL,NULL,NULL,NULL,NULL,'2021-04-23',NULL,145,14),(2346,NULL,'default',NULL,NULL,NULL,NULL,NULL,'2021-05-02',NULL,145,15),(2347,'en','default','Knee Brace Short',NULL,NULL,NULL,NULL,NULL,NULL,145,16),(2348,'en','default','Knee Brace Short, knee belt.',NULL,NULL,NULL,NULL,NULL,NULL,145,17),(2349,'en','default','Ligament injuries, Tibial plateau fractures, Osteochondral repairs, Patellar tendon repairs, Acute sprains/strains of the knee, Post Cast care,\r\nPost/Pre operative care.',NULL,NULL,NULL,NULL,NULL,NULL,145,18),(2350,NULL,NULL,'',NULL,NULL,NULL,NULL,NULL,NULL,145,19),(2351,NULL,NULL,'',NULL,NULL,NULL,NULL,NULL,NULL,145,20),(2352,NULL,NULL,'',NULL,NULL,NULL,NULL,NULL,NULL,145,21),(2353,NULL,NULL,'1',NULL,NULL,NULL,NULL,NULL,NULL,145,22),(2354,'en','default','<ul>\r\n<li>Uniform compression.</li>\r\n<li>Freely breathable.</li>\r\n</ul>',NULL,NULL,NULL,NULL,NULL,NULL,146,9),(2355,'en','default','<div class=\"page\" title=\"Page 28\">\r\n<div class=\"section\">\r\n<div class=\"layoutArea\">\r\n<div class=\"column\">\r\n<ul>\r\n<li><span style=\"font-size: 11pt; font-family: Swiss721BT; color: #373435;\">Skin Friendly quality.</span></li>\r\n<li><span style=\"font-size: 11pt; font-family: Swiss721BT; color: #373435;\">&nbsp;High denier yarns.</span></li>\r\n<li><span style=\"font-size: 11pt; font-family: Swiss721BT; color: #373435;\">&nbsp;Durability.</span></li>\r\n<li><span style=\"font-size: 11pt; font-family: Swiss721BT; color: #373435;\">&nbsp;Higher Spandex content ensure effective&nbsp;</span><span style=\"color: #373435; font-family: Swiss721BT; font-size: 11pt;\">compression. </span></li>\r\n<li><span style=\"color: #373435; font-family: Swiss721BT; font-size: 11pt;\">&nbsp;4 Way Stretch.</span></li>\r\n<li><span style=\"color: #373435; font-family: Swiss721BT; font-size: 11pt;\">Tapered Shape</span></li>\r\n</ul>\r\n</div>\r\n</div>\r\n</div>\r\n</div>',NULL,NULL,NULL,NULL,NULL,NULL,146,10),(2356,NULL,NULL,'mo-4006',NULL,NULL,NULL,NULL,NULL,NULL,146,1),(2357,'en','default','Elastic Vericose Vein Stocking-AK',NULL,NULL,NULL,NULL,NULL,NULL,146,2),(2358,NULL,NULL,'elastic-vericose-vein-stocking-ak',NULL,NULL,NULL,NULL,NULL,NULL,146,3),(2359,NULL,'default',NULL,NULL,1,NULL,NULL,NULL,NULL,146,4),(2360,NULL,NULL,NULL,1,NULL,NULL,NULL,NULL,NULL,146,5),(2361,NULL,NULL,NULL,1,NULL,NULL,NULL,NULL,NULL,146,6),(2362,NULL,NULL,NULL,1,NULL,NULL,NULL,NULL,NULL,146,7),(2363,NULL,NULL,NULL,1,NULL,NULL,NULL,NULL,NULL,146,8),(2364,NULL,NULL,NULL,NULL,4,NULL,NULL,NULL,NULL,146,23),(2365,NULL,NULL,NULL,NULL,6,NULL,NULL,NULL,NULL,146,24),(2366,NULL,NULL,NULL,NULL,20,NULL,NULL,NULL,NULL,146,25),(2367,NULL,NULL,NULL,1,NULL,NULL,NULL,NULL,NULL,146,26),(2368,NULL,NULL,NULL,1,NULL,NULL,NULL,NULL,NULL,146,31),(2369,NULL,NULL,NULL,NULL,NULL,1050.0000,NULL,NULL,NULL,146,11),(2370,NULL,'default',NULL,NULL,NULL,700.0000,NULL,NULL,NULL,146,12),(2371,NULL,NULL,NULL,NULL,NULL,850.0000,NULL,NULL,NULL,146,13),(2372,NULL,'default',NULL,NULL,NULL,NULL,NULL,'2021-04-23',NULL,146,14),(2373,NULL,'default',NULL,NULL,NULL,NULL,NULL,'2021-05-02',NULL,146,15),(2374,'en','default','Elastic Vericose Vein Stocking-AK.',NULL,NULL,NULL,NULL,NULL,NULL,146,16),(2375,'en','default','Elastic Vericose Vein Stocking-AK,  knee,calf,thigh support belt, compression belt',NULL,NULL,NULL,NULL,NULL,NULL,146,17),(2376,'en','default','Varicose Veins, Spider Veins, Inflammation of the veins, Tired, Aching or swollen legs.',NULL,NULL,NULL,NULL,NULL,NULL,146,18),(2377,NULL,NULL,'',NULL,NULL,NULL,NULL,NULL,NULL,146,19),(2378,NULL,NULL,'',NULL,NULL,NULL,NULL,NULL,NULL,146,20),(2379,NULL,NULL,'',NULL,NULL,NULL,NULL,NULL,NULL,146,21),(2380,NULL,NULL,'1',NULL,NULL,NULL,NULL,NULL,NULL,146,22),(2381,'en','default','<ul>\r\n<li>Freely breatheble.</li>\r\n<li>Uniform compression.</li>\r\n</ul>',NULL,NULL,NULL,NULL,NULL,NULL,147,9),(2382,'en','default','<div class=\"page\" title=\"Page 29\">\r\n<div class=\"section\">\r\n<div class=\"layoutArea\">\r\n<div class=\"column\">\r\n<ul>\r\n<li><span style=\"font-size: 11pt; font-family: Swiss721BT; color: #373435;\">Skin Friendly quality.</span></li>\r\n<li><span style=\"font-size: 11pt; font-family: Swiss721BT; color: #373435;\">High denier yarns.</span></li>\r\n<li><span style=\"font-size: 11pt; font-family: Swiss721BT; color: #373435;\">Durability.</span></li>\r\n<li><span style=\"font-size: 11pt; font-family: Swiss721BT; color: #373435;\">Higher Spandex content ensure effective&nbsp;</span><span style=\"color: #373435; font-family: Swiss721BT; font-size: 11pt;\">compression. </span></li>\r\n<li><span style=\"color: #373435; font-family: Swiss721BT; font-size: 11pt;\">&nbsp;4 Way Stretch.</span></li>\r\n<li><span style=\"color: #373435; font-family: Swiss721BT; font-size: 11pt;\">Tapered Shape</span></li>\r\n</ul>\r\n</div>\r\n</div>\r\n</div>\r\n</div>',NULL,NULL,NULL,NULL,NULL,NULL,147,10),(2383,NULL,NULL,'mo-4007',NULL,NULL,NULL,NULL,NULL,NULL,147,1),(2384,'en','default','Elastic Vericose Vein Stocking-BK',NULL,NULL,NULL,NULL,NULL,NULL,147,2),(2385,NULL,NULL,'elastic-vericose-vein-stocking-bk',NULL,NULL,NULL,NULL,NULL,NULL,147,3),(2386,NULL,'default',NULL,NULL,1,NULL,NULL,NULL,NULL,147,4),(2387,NULL,NULL,NULL,1,NULL,NULL,NULL,NULL,NULL,147,5),(2388,NULL,NULL,NULL,1,NULL,NULL,NULL,NULL,NULL,147,6),(2389,NULL,NULL,NULL,1,NULL,NULL,NULL,NULL,NULL,147,7),(2390,NULL,NULL,NULL,1,NULL,NULL,NULL,NULL,NULL,147,8),(2391,NULL,NULL,NULL,NULL,4,NULL,NULL,NULL,NULL,147,23),(2392,NULL,NULL,NULL,NULL,6,NULL,NULL,NULL,NULL,147,24),(2393,NULL,NULL,NULL,NULL,20,NULL,NULL,NULL,NULL,147,25),(2394,NULL,NULL,NULL,1,NULL,NULL,NULL,NULL,NULL,147,26),(2395,NULL,NULL,NULL,1,NULL,NULL,NULL,NULL,NULL,147,31),(2396,NULL,NULL,NULL,NULL,NULL,1000.0000,NULL,NULL,NULL,147,11),(2397,NULL,'default',NULL,NULL,NULL,700.0000,NULL,NULL,NULL,147,12),(2398,NULL,NULL,NULL,NULL,NULL,850.0000,NULL,NULL,NULL,147,13),(2399,NULL,'default',NULL,NULL,NULL,NULL,NULL,'2021-04-23',NULL,147,14),(2400,NULL,'default',NULL,NULL,NULL,NULL,NULL,'2021-05-02',NULL,147,15),(2401,'en','default','Elastic Varicose Vein Stocking-BK.',NULL,NULL,NULL,NULL,NULL,NULL,147,16),(2402,'en','default','Elastic Vericose Vein Stocking-BK, compression bandage.',NULL,NULL,NULL,NULL,NULL,NULL,147,17),(2403,'en','default','Vericose Veins, Spider Veins, Inflammation of the veins, Tired, Aching or swollen legs.',NULL,NULL,NULL,NULL,NULL,NULL,147,18),(2404,NULL,NULL,'',NULL,NULL,NULL,NULL,NULL,NULL,147,19),(2405,NULL,NULL,'',NULL,NULL,NULL,NULL,NULL,NULL,147,20),(2406,NULL,NULL,'',NULL,NULL,NULL,NULL,NULL,NULL,147,21),(2407,NULL,NULL,'1',NULL,NULL,NULL,NULL,NULL,NULL,147,22),(2408,'en','default','<ul>\r\n<li>Hypoallergic.</li>\r\n<li>4 way strechable.</li>\r\n<li>Uniform pressure.</li>\r\n<li>Faster recovery.</li>\r\n</ul>',NULL,NULL,NULL,NULL,NULL,NULL,148,9),(2409,'en','default','<div class=\"page\" title=\"Page 30\">\r\n<div class=\"section\">\r\n<div class=\"layoutArea\">\r\n<div class=\"column\">\r\n<ul>\r\n<li><span style=\"font-size: 11pt; font-family: Swiss721BT; color: #373435;\">Ideal for aching and painful calf. </span></li>\r\n<li><span style=\"font-size: 11pt; font-family: Swiss721BT; color: #373435;\">Recommended for sports persons as preventive measures and especially for Athletes and sprinters.</span></li>\r\n<li><span style=\"color: #373435; font-family: Swiss721BT; font-size: 11pt;\">A calf suppor t provides protection and support.</span></li>\r\n<li><span style=\"color: #373435; font-family: Swiss721BT; font-size: 11pt;\">It retains the heat produced by the body in a specific area and so aids healing. Heat encourages blood vessels to dilate and so allows more blood to the injured area. The more blood that gets to the injured area, the more nutrients it will get and the faster it will heal.</span></li>\r\n</ul>\r\n</div>\r\n</div>\r\n</div>\r\n</div>',NULL,NULL,NULL,NULL,NULL,NULL,148,10),(2410,NULL,NULL,'mo-4008',NULL,NULL,NULL,NULL,NULL,NULL,148,1),(2411,'en','default','Calf Support',NULL,NULL,NULL,NULL,NULL,NULL,148,2),(2412,NULL,NULL,'calf-support',NULL,NULL,NULL,NULL,NULL,NULL,148,3),(2413,NULL,'default',NULL,NULL,1,NULL,NULL,NULL,NULL,148,4),(2414,NULL,NULL,NULL,1,NULL,NULL,NULL,NULL,NULL,148,5),(2415,NULL,NULL,NULL,1,NULL,NULL,NULL,NULL,NULL,148,6),(2416,NULL,NULL,NULL,1,NULL,NULL,NULL,NULL,NULL,148,7),(2417,NULL,NULL,NULL,1,NULL,NULL,NULL,NULL,NULL,148,8),(2418,NULL,NULL,NULL,NULL,4,NULL,NULL,NULL,NULL,148,23),(2419,NULL,NULL,NULL,NULL,6,NULL,NULL,NULL,NULL,148,24),(2420,NULL,NULL,NULL,NULL,20,NULL,NULL,NULL,NULL,148,25),(2421,NULL,NULL,NULL,1,NULL,NULL,NULL,NULL,NULL,148,26),(2422,NULL,NULL,NULL,1,NULL,NULL,NULL,NULL,NULL,148,31),(2423,NULL,NULL,NULL,NULL,NULL,900.0000,NULL,NULL,NULL,148,11),(2424,NULL,'default',NULL,NULL,NULL,600.0000,NULL,NULL,NULL,148,12),(2425,NULL,NULL,NULL,NULL,NULL,750.0000,NULL,NULL,NULL,148,13),(2426,NULL,'default',NULL,NULL,NULL,NULL,NULL,'2021-04-23',NULL,148,14),(2427,NULL,'default',NULL,NULL,NULL,NULL,NULL,'2021-05-02',NULL,148,15),(2428,'en','default','Calf Support',NULL,NULL,NULL,NULL,NULL,NULL,148,16),(2429,'en','default','Calf Support, calf belt, ',NULL,NULL,NULL,NULL,NULL,NULL,148,17),(2430,'en','default','Arthritic pain, Swelling, Ligaments or muscles injury, Post-operative Calf support, Sprains and strains of the Calf, Stabilization of weak calf\r\nPrevention of sports injuries',NULL,NULL,NULL,NULL,NULL,NULL,148,18),(2431,NULL,NULL,'',NULL,NULL,NULL,NULL,NULL,NULL,148,19),(2432,NULL,NULL,'',NULL,NULL,NULL,NULL,NULL,NULL,148,20),(2433,NULL,NULL,'',NULL,NULL,NULL,NULL,NULL,NULL,148,21),(2434,NULL,NULL,'1',NULL,NULL,NULL,NULL,NULL,NULL,148,22),(2435,'en','default','<ul>\r\n<li>Four way strechable.</li>\r\n<li>Durable.</li>\r\n<li>Breathable and comfortable.</li>\r\n</ul>',NULL,NULL,NULL,NULL,NULL,NULL,149,9),(2436,'en','default','<div class=\"page\" title=\"Page 31\">\r\n<div class=\"section\">\r\n<div class=\"layoutArea\">\r\n<div class=\"column\">\r\n<ul>\r\n<li><span style=\"font-size: 11pt; font-family: Swiss721BT; color: #373435;\">Tapered shape and unique weave provides uniform compression throughout the surface of thigh and firm support to quadriceps and hamstrings.</span></li>\r\n<li><span style=\"color: #373435; font-family: Swiss721BT; font-size: 11pt;\">Anatomically shaped with mellowed heel por tion for better compression and grip, easy ankle movement. Perfect conformance to the complex anatomy of the ankle improves comfort.</span></li>\r\n<li><span style=\"color: #373435; font-family: Swiss721BT; font-size: 11pt;\">Bi-layered, cotton on the inside, a dermophillic interphase improves sweat absorption, comfor t and compliance.</span></li>\r\n<li><span style=\"color: #373435; font-family: Swiss721BT; font-size: 11pt;\">Bi-layered, nylon on the outside ensures durability, improves aesthetics and color fastness.</span></li>\r\n<li><span style=\"color: #373435; font-family: Swiss721BT; font-size: 11pt;\">Two layered with interwoven air space, retains body heat effectively, speeds up healing and allays pain.</span></li>\r\n</ul>\r\n</div>\r\n</div>\r\n</div>\r\n</div>',NULL,NULL,NULL,NULL,NULL,NULL,149,10),(2437,NULL,NULL,'mo-4009',NULL,NULL,NULL,NULL,NULL,NULL,149,1),(2438,'en','default','Thigh Support',NULL,NULL,NULL,NULL,NULL,NULL,149,2),(2439,NULL,NULL,'thigh-support',NULL,NULL,NULL,NULL,NULL,NULL,149,3),(2440,NULL,'default',NULL,NULL,1,NULL,NULL,NULL,NULL,149,4),(2441,NULL,NULL,NULL,1,NULL,NULL,NULL,NULL,NULL,149,5),(2442,NULL,NULL,NULL,1,NULL,NULL,NULL,NULL,NULL,149,6),(2443,NULL,NULL,NULL,1,NULL,NULL,NULL,NULL,NULL,149,7),(2444,NULL,NULL,NULL,1,NULL,NULL,NULL,NULL,NULL,149,8),(2445,NULL,NULL,NULL,NULL,4,NULL,NULL,NULL,NULL,149,23),(2446,NULL,NULL,NULL,NULL,6,NULL,NULL,NULL,NULL,149,24),(2447,NULL,NULL,NULL,NULL,20,NULL,NULL,NULL,NULL,149,25),(2448,NULL,NULL,NULL,1,NULL,NULL,NULL,NULL,NULL,149,26),(2449,NULL,NULL,NULL,1,NULL,NULL,NULL,NULL,NULL,149,31),(2450,NULL,NULL,NULL,NULL,NULL,700.0000,NULL,NULL,NULL,149,11),(2451,NULL,'default',NULL,NULL,NULL,400.0000,NULL,NULL,NULL,149,12),(2452,NULL,NULL,NULL,NULL,NULL,550.0000,NULL,NULL,NULL,149,13),(2453,NULL,'default',NULL,NULL,NULL,NULL,NULL,'2021-04-23',NULL,149,14),(2454,NULL,'default',NULL,NULL,NULL,NULL,NULL,'2021-05-02',NULL,149,15),(2455,'en','default','Thigh Support',NULL,NULL,NULL,NULL,NULL,NULL,149,16),(2456,'en','default','Thigh Support, quadriceps support belt.',NULL,NULL,NULL,NULL,NULL,NULL,149,17),(2457,'en','default','Arthritic pain, Swelling, Ligaments or muscles injury, Post-operative Thigh support, Sprains and strains of the Thigh, Stabilization of weak Thigh, Prevention of sports injuries',NULL,NULL,NULL,NULL,NULL,NULL,149,18),(2458,NULL,NULL,'',NULL,NULL,NULL,NULL,NULL,NULL,149,19),(2459,NULL,NULL,'',NULL,NULL,NULL,NULL,NULL,NULL,149,20),(2460,NULL,NULL,'',NULL,NULL,NULL,NULL,NULL,NULL,149,21),(2461,NULL,NULL,'1',NULL,NULL,NULL,NULL,NULL,NULL,149,22),(2462,'en','default','<ul>\r\n<li>Easy to use.</li>\r\n<li>Help to relieve pain.</li>\r\n<li>Comfotable supportand protaction.</li>\r\n</ul>',NULL,NULL,NULL,NULL,NULL,NULL,151,9),(2463,'en','default','<div class=\"page\" title=\"Page 33\">\r\n<div class=\"section\">\r\n<div class=\"layoutArea\">\r\n<div class=\"column\">\r\n<ul>\r\n<li><span style=\"font-size: 11pt; font-family: Swiss721BT; color: #373435;\">Made from sturdy,four way elasticized fabric.</span></li>\r\n<li><span style=\"color: #373435; font-family: Swiss721BT; font-size: 11pt;\">&nbsp;Comfortable and durable material.</span></li>\r\n<li><span style=\"color: #373435; font-family: Swiss721BT; font-size: 11pt;\">&nbsp;Breathable and moisture transporting&nbsp;</span><span style=\"color: #373435; font-family: Swiss721BT; font-size: 11pt;\">weaving.</span></li>\r\n<li><span style=\"color: #373435; font-family: Swiss721BT; font-size: 11pt;\">Simple and quick wear with easy pull on&nbsp;</span><span style=\"color: #373435; font-family: Swiss721BT; font-size: 11pt;\">application.</span></li>\r\n</ul>\r\n</div>\r\n</div>\r\n</div>\r\n</div>',NULL,NULL,NULL,NULL,NULL,NULL,151,10),(2464,NULL,NULL,'mo-4011',NULL,NULL,NULL,NULL,NULL,NULL,151,1),(2465,'en','default','Ankle Support',NULL,NULL,NULL,NULL,NULL,NULL,151,2),(2466,NULL,NULL,'ankle-support',NULL,NULL,NULL,NULL,NULL,NULL,151,3),(2467,NULL,'default',NULL,NULL,1,NULL,NULL,NULL,NULL,151,4),(2468,NULL,NULL,NULL,1,NULL,NULL,NULL,NULL,NULL,151,5),(2469,NULL,NULL,NULL,1,NULL,NULL,NULL,NULL,NULL,151,6),(2470,NULL,NULL,NULL,1,NULL,NULL,NULL,NULL,NULL,151,7),(2471,NULL,NULL,NULL,1,NULL,NULL,NULL,NULL,NULL,151,8),(2472,NULL,NULL,NULL,NULL,4,NULL,NULL,NULL,NULL,151,23),(2473,NULL,NULL,NULL,NULL,6,NULL,NULL,NULL,NULL,151,24),(2474,NULL,NULL,NULL,NULL,20,NULL,NULL,NULL,NULL,151,25),(2475,NULL,NULL,NULL,1,NULL,NULL,NULL,NULL,NULL,151,26),(2476,NULL,NULL,NULL,1,NULL,NULL,NULL,NULL,NULL,151,31),(2477,NULL,NULL,NULL,NULL,NULL,900.0000,NULL,NULL,NULL,151,11),(2478,NULL,'default',NULL,NULL,NULL,500.0000,NULL,NULL,NULL,151,12),(2479,NULL,NULL,NULL,NULL,NULL,650.0000,NULL,NULL,NULL,151,13),(2480,NULL,'default',NULL,NULL,NULL,NULL,NULL,'2021-04-24',NULL,151,14),(2481,NULL,'default',NULL,NULL,NULL,NULL,NULL,'2021-05-03',NULL,151,15),(2482,'en','default','Ankle Support',NULL,NULL,NULL,NULL,NULL,NULL,151,16),(2483,'en','default','Ankle Support, ankle socks',NULL,NULL,NULL,NULL,NULL,NULL,151,17),(2484,'en','default','Sprains, Swelling, Arthritis, Tendonitis, Pain and inflammation',NULL,NULL,NULL,NULL,NULL,NULL,151,18),(2485,NULL,NULL,'',NULL,NULL,NULL,NULL,NULL,NULL,151,19),(2486,NULL,NULL,'',NULL,NULL,NULL,NULL,NULL,NULL,151,20),(2487,NULL,NULL,'',NULL,NULL,NULL,NULL,NULL,NULL,151,21),(2488,NULL,NULL,'1',NULL,NULL,NULL,NULL,NULL,NULL,151,22),(2489,'en','default','<ul>\r\n<li>Help to relieve pain.</li>\r\n<li>easy to use.</li>\r\n<li>Comfortable support and protaction.</li>\r\n</ul>',NULL,NULL,NULL,NULL,NULL,NULL,152,9),(2490,'en','default','<div class=\"page\" title=\"Page 34\">\r\n<div class=\"section\">\r\n<div class=\"layoutArea\">\r\n<div class=\"column\">\r\n<ul>\r\n<li><span style=\"font-size: 11pt; font-family: Swiss721BT; color: #373435;\">Made from sturdy, four way elasticized fabric.</span></li>\r\n<li><span style=\"color: #373435; font-family: Swiss721BT; font-size: 11pt;\">&nbsp;Comfortable and durable material.</span></li>\r\n<li><span style=\"color: #373435; font-family: Swiss721BT; font-size: 11pt;\">Breathable and moisture transporting&nbsp;</span><span style=\"color: #373435; font-family: Swiss721BT; font-size: 11pt;\">weaving.</span></li>\r\n<li><span style=\"color: #373435; font-family: Swiss721BT; font-size: 11pt;\">Simple and quick wear with easy pull on&nbsp;</span><span style=\"color: #373435; font-family: Swiss721BT; font-size: 11pt;\">application.</span></li>\r\n</ul>\r\n</div>\r\n</div>\r\n</div>\r\n</div>',NULL,NULL,NULL,NULL,NULL,NULL,152,10),(2491,NULL,NULL,'mo-4012',NULL,NULL,NULL,NULL,NULL,NULL,152,1),(2492,'en','default','Ankle Support with Elastic',NULL,NULL,NULL,NULL,NULL,NULL,152,2),(2493,NULL,NULL,'ankle-support-with-elastic',NULL,NULL,NULL,NULL,NULL,NULL,152,3),(2494,NULL,'default',NULL,NULL,1,NULL,NULL,NULL,NULL,152,4),(2495,NULL,NULL,NULL,1,NULL,NULL,NULL,NULL,NULL,152,5),(2496,NULL,NULL,NULL,1,NULL,NULL,NULL,NULL,NULL,152,6),(2497,NULL,NULL,NULL,1,NULL,NULL,NULL,NULL,NULL,152,7),(2498,NULL,NULL,NULL,1,NULL,NULL,NULL,NULL,NULL,152,8),(2499,NULL,NULL,NULL,NULL,4,NULL,NULL,NULL,NULL,152,23),(2500,NULL,NULL,NULL,NULL,6,NULL,NULL,NULL,NULL,152,24),(2501,NULL,NULL,NULL,NULL,20,NULL,NULL,NULL,NULL,152,25),(2502,NULL,NULL,NULL,1,NULL,NULL,NULL,NULL,NULL,152,26),(2503,NULL,NULL,NULL,1,NULL,NULL,NULL,NULL,NULL,152,31),(2504,NULL,NULL,NULL,NULL,NULL,900.0000,NULL,NULL,NULL,152,11),(2505,NULL,'default',NULL,NULL,NULL,500.0000,NULL,NULL,NULL,152,12),(2506,NULL,NULL,NULL,NULL,NULL,650.0000,NULL,NULL,NULL,152,13),(2507,NULL,'default',NULL,NULL,NULL,NULL,NULL,'2021-04-24',NULL,152,14),(2508,NULL,'default',NULL,NULL,NULL,NULL,NULL,'2021-05-03',NULL,152,15),(2509,'en','default','Ankle Support with Elastic',NULL,NULL,NULL,NULL,NULL,NULL,152,16),(2510,'en','default','Ankle Support with Elastic, elastic bandage  for ankle, ankle support',NULL,NULL,NULL,NULL,NULL,NULL,152,17),(2511,'en','default','Sprains, Swelling, Arthritis, Tendonitis, Pain and inflammation',NULL,NULL,NULL,NULL,NULL,NULL,152,18),(2512,NULL,NULL,'',NULL,NULL,NULL,NULL,NULL,NULL,152,19),(2513,NULL,NULL,'',NULL,NULL,NULL,NULL,NULL,NULL,152,20),(2514,NULL,NULL,'',NULL,NULL,NULL,NULL,NULL,NULL,152,21),(2515,NULL,NULL,'1',NULL,NULL,NULL,NULL,NULL,NULL,152,22),(2516,'en','default','<ul>\r\n<li>Help to relieve pain.</li>\r\n<li>Easy to use.</li>\r\n<li>Comfortable support and protaction.</li>\r\n</ul>',NULL,NULL,NULL,NULL,NULL,NULL,154,9),(2517,'en','default','<div class=\"page\" title=\"Page 34\">\r\n<div class=\"section\">\r\n<div class=\"layoutArea\">\r\n<div class=\"column\">\r\n<ul>\r\n<li><span style=\"font-size: 11pt; font-family: Swiss721BT; color: #373435;\">Made from sturdy, four way elasticized fabric.</span></li>\r\n<li><span style=\"color: #373435; font-family: Swiss721BT; font-size: 11pt;\">Comfortable and durable material.</span></li>\r\n<li><span style=\"color: #373435; font-family: Swiss721BT; font-size: 11pt;\">Breathable and moisture transporting&nbsp;</span><span style=\"color: #373435; font-family: Swiss721BT; font-size: 11pt;\">weaving.</span></li>\r\n<li><span style=\"color: #373435; font-family: Swiss721BT; font-size: 11pt;\">Simple and quick wear with easy pull on&nbsp;</span><span style=\"color: #373435; font-family: Swiss721BT; font-size: 11pt;\">application.</span></li>\r\n</ul>\r\n</div>\r\n</div>\r\n</div>\r\n</div>',NULL,NULL,NULL,NULL,NULL,NULL,154,10),(2518,NULL,NULL,'mo-4014',NULL,NULL,NULL,NULL,NULL,NULL,154,1),(2519,'en','default','Open Ankle Support with Elastic',NULL,NULL,NULL,NULL,NULL,NULL,154,2),(2520,NULL,NULL,'open-ankle-support-with-elastic',NULL,NULL,NULL,NULL,NULL,NULL,154,3),(2521,NULL,'default',NULL,NULL,1,NULL,NULL,NULL,NULL,154,4),(2522,NULL,NULL,NULL,1,NULL,NULL,NULL,NULL,NULL,154,5),(2523,NULL,NULL,NULL,1,NULL,NULL,NULL,NULL,NULL,154,6),(2524,NULL,NULL,NULL,1,NULL,NULL,NULL,NULL,NULL,154,7),(2525,NULL,NULL,NULL,1,NULL,NULL,NULL,NULL,NULL,154,8),(2526,NULL,NULL,NULL,NULL,4,NULL,NULL,NULL,NULL,154,23),(2527,NULL,NULL,NULL,NULL,6,NULL,NULL,NULL,NULL,154,24),(2528,NULL,NULL,NULL,NULL,20,NULL,NULL,NULL,NULL,154,25),(2529,NULL,NULL,NULL,1,NULL,NULL,NULL,NULL,NULL,154,26),(2530,NULL,NULL,NULL,1,NULL,NULL,NULL,NULL,NULL,154,31),(2531,NULL,NULL,NULL,NULL,NULL,800.0000,NULL,NULL,NULL,154,11),(2532,NULL,'default',NULL,NULL,NULL,500.0000,NULL,NULL,NULL,154,12),(2533,NULL,NULL,NULL,NULL,NULL,650.0000,NULL,NULL,NULL,154,13),(2534,NULL,'default',NULL,NULL,NULL,NULL,NULL,'2021-04-26',NULL,154,14),(2535,NULL,'default',NULL,NULL,NULL,NULL,NULL,'2021-05-02',NULL,154,15),(2536,'en','default','Open Ankle Support with Elastic.',NULL,NULL,NULL,NULL,NULL,NULL,154,16),(2537,'en','default','Open Ankle Support with Elastic. ankle support. elastic bandage.',NULL,NULL,NULL,NULL,NULL,NULL,154,17),(2538,'en','default','Sprains, Swelling, Arthritis, Tendonitis, Pain and inflammation',NULL,NULL,NULL,NULL,NULL,NULL,154,18),(2539,NULL,NULL,'',NULL,NULL,NULL,NULL,NULL,NULL,154,19),(2540,NULL,NULL,'',NULL,NULL,NULL,NULL,NULL,NULL,154,20),(2541,NULL,NULL,'',NULL,NULL,NULL,NULL,NULL,NULL,154,21),(2542,NULL,NULL,'1',NULL,NULL,NULL,NULL,NULL,NULL,154,22),(2543,'en','default','<ul>\r\n<li>Rigid splinting.</li>\r\n<li>Fits left and right.</li>\r\n<li>Easy to use.</li>\r\n<li>Comfortable snug fit.</li>\r\n</ul>',NULL,NULL,NULL,NULL,NULL,NULL,155,9),(2544,'en','default','<div class=\"page\" title=\"Page 35\">\r\n<div class=\"section\">\r\n<div class=\"layoutArea\">\r\n<div class=\"column\">\r\n<ul>\r\n<li><span style=\"font-size: 11pt; font-family: Swiss721BT; color: #373435;\">Triple stabilization concept. Splint ensure strong immobilization. Lace offers regional tightening, firm grip and good fitting.&ldquo;Figure of eight&rdquo; strap provides additional binding and stabilization. It provides extra protection to lateral ligament.</span></li>\r\n<li><span style=\"color: #373435; font-family: Swiss721BT; font-size: 11pt;\">Lace pull mechanism provides single pull tightening and loosening. It is easy to wear and remove. It is sleek, can be used inside the shoe. Bilateral symmetry allows it to be used for either ankle.</span></li>\r\n<li><span style=\"color: #373435; font-family: Swiss721BT; font-size: 11pt;\">&nbsp;Rigid anatomic PP splint ensures strong Immobilization of both dorsi-flexion and plantar flexion, provide room for the malleolus, enhances grip and comfort. Light in weight, enhances compliance.</span></li>\r\n<li><span style=\"color: #373435; font-family: Swiss721BT; font-size: 11pt;\">Made of PU lined Polyester matte fabric which provides durability, appealing aesthetics, high cushioning coefficient and better comfort.</span></li>\r\n</ul>\r\n</div>\r\n</div>\r\n<div class=\"layoutArea\">\r\n<div class=\"column\">\r\n<p><span style=\"font-size: 10pt; font-family: Swiss721BT; font-weight: bold; color: #fefefe;\">35</span></p>\r\n</div>\r\n</div>\r\n</div>\r\n</div>',NULL,NULL,NULL,NULL,NULL,NULL,155,10),(2545,NULL,NULL,'mo-4015',NULL,NULL,NULL,NULL,NULL,NULL,155,1),(2546,'en','default','Ankle Brace',NULL,NULL,NULL,NULL,NULL,NULL,155,2),(2547,NULL,NULL,'ankle-brace',NULL,NULL,NULL,NULL,NULL,NULL,155,3),(2548,NULL,'default',NULL,NULL,1,NULL,NULL,NULL,NULL,155,4),(2549,NULL,NULL,NULL,1,NULL,NULL,NULL,NULL,NULL,155,5),(2550,NULL,NULL,NULL,1,NULL,NULL,NULL,NULL,NULL,155,6),(2551,NULL,NULL,NULL,1,NULL,NULL,NULL,NULL,NULL,155,7),(2552,NULL,NULL,NULL,1,NULL,NULL,NULL,NULL,NULL,155,8),(2553,NULL,NULL,NULL,NULL,4,NULL,NULL,NULL,NULL,155,23),(2554,NULL,NULL,NULL,NULL,6,NULL,NULL,NULL,NULL,155,24),(2555,NULL,NULL,NULL,NULL,20,NULL,NULL,NULL,NULL,155,25),(2556,NULL,NULL,NULL,1,NULL,NULL,NULL,NULL,NULL,155,26),(2557,NULL,NULL,NULL,1,NULL,NULL,NULL,NULL,NULL,155,31),(2558,NULL,NULL,NULL,NULL,NULL,700.0000,NULL,NULL,NULL,155,11),(2559,NULL,'default',NULL,NULL,NULL,450.0000,NULL,NULL,NULL,155,12),(2560,NULL,NULL,NULL,NULL,NULL,600.0000,NULL,NULL,NULL,155,13),(2561,NULL,'default',NULL,NULL,NULL,NULL,NULL,'2021-04-26',NULL,155,14),(2562,NULL,'default',NULL,NULL,NULL,NULL,NULL,'2021-05-02',NULL,155,15),(2563,'en','default','Ankle Brace.',NULL,NULL,NULL,NULL,NULL,NULL,155,16),(2564,'en','default','Ankle Brace, ankle support, ankle bandage.',NULL,NULL,NULL,NULL,NULL,NULL,155,17),(2565,'en','default','Ankle braces are indicated for ankle trauma with small fractures or without fracture, immobilization of the joint, post operative synovitis, sprains or inflammations of the joint, weak muscles in the ankle, among others.',NULL,NULL,NULL,NULL,NULL,NULL,155,18),(2566,NULL,NULL,'',NULL,NULL,NULL,NULL,NULL,NULL,155,19),(2567,NULL,NULL,'',NULL,NULL,NULL,NULL,NULL,NULL,155,20),(2568,NULL,NULL,'',NULL,NULL,NULL,NULL,NULL,NULL,155,21),(2569,NULL,NULL,'1',NULL,NULL,NULL,NULL,NULL,NULL,155,22),(2570,'en','default','<ul>\r\n<li>Easy to application.</li>\r\n<li>Extra porous.</li>\r\n<li>Extra grip.</li>\r\n<li>Controlled compression.</li>\r\n</ul>',NULL,NULL,NULL,NULL,NULL,NULL,157,9),(2571,'en','default','<div class=\"page\" title=\"Page 37\">\r\n<div class=\"section\">\r\n<div class=\"layoutArea\">\r\n<div class=\"column\">\r\n<ul>\r\n<li><span style=\"font-size: 11pt; font-family: Swiss721BT; color: #373435;\">Adjustable fasteners for customized fit. </span></li>\r\n<li><span style=\"font-size: 11pt; font-family: Swiss721BT; color: #373435;\">Allows free movement of the hand.</span></li>\r\n<li><span style=\"font-size: 11pt; font-family: Swiss721BT; color: #373435;\">Breathable and moisture transporting&nbsp;</span><span style=\"color: #373435; font-family: Swiss721BT; font-size: 11pt;\">weaving.</span></li>\r\n</ul>\r\n</div>\r\n</div>\r\n</div>\r\n</div>',NULL,NULL,NULL,NULL,NULL,NULL,157,10),(2572,NULL,NULL,'mo-5001',NULL,NULL,NULL,NULL,NULL,NULL,157,1),(2573,'en','default','Wrist Binder',NULL,NULL,NULL,NULL,NULL,NULL,157,2),(2574,NULL,NULL,'wrist-binder',NULL,NULL,NULL,NULL,NULL,NULL,157,3),(2575,NULL,'default',NULL,NULL,1,NULL,NULL,NULL,NULL,157,4),(2576,NULL,NULL,NULL,1,NULL,NULL,NULL,NULL,NULL,157,5),(2577,NULL,NULL,NULL,1,NULL,NULL,NULL,NULL,NULL,157,6),(2578,NULL,NULL,NULL,1,NULL,NULL,NULL,NULL,NULL,157,7),(2579,NULL,NULL,NULL,1,NULL,NULL,NULL,NULL,NULL,157,8),(2580,NULL,NULL,NULL,NULL,4,NULL,NULL,NULL,NULL,157,23),(2581,NULL,NULL,NULL,NULL,6,NULL,NULL,NULL,NULL,157,24),(2582,NULL,NULL,NULL,NULL,20,NULL,NULL,NULL,NULL,157,25),(2583,NULL,NULL,NULL,1,NULL,NULL,NULL,NULL,NULL,157,26),(2584,NULL,NULL,NULL,1,NULL,NULL,NULL,NULL,NULL,157,31),(2585,NULL,NULL,NULL,NULL,NULL,500.0000,NULL,NULL,NULL,157,11),(2586,NULL,'default',NULL,NULL,NULL,300.0000,NULL,NULL,NULL,157,12),(2587,NULL,NULL,NULL,NULL,NULL,400.0000,NULL,NULL,NULL,157,13),(2588,NULL,'default',NULL,NULL,NULL,NULL,NULL,'2021-04-26',NULL,157,14),(2589,NULL,'default',NULL,NULL,NULL,NULL,NULL,'2021-05-02',NULL,157,15),(2590,'en','default','Wrist Binder',NULL,NULL,NULL,NULL,NULL,NULL,157,16),(2591,'en','default','Wrist Binder, wrist bandage.',NULL,NULL,NULL,NULL,NULL,NULL,157,17),(2592,'en','default','Sprains and Strains, Mild Osteoarthritis, Swelling, Prevention of sports injury',NULL,NULL,NULL,NULL,NULL,NULL,157,18),(2593,NULL,NULL,'',NULL,NULL,NULL,NULL,NULL,NULL,157,19),(2594,NULL,NULL,'',NULL,NULL,NULL,NULL,NULL,NULL,157,20),(2595,NULL,NULL,'',NULL,NULL,NULL,NULL,NULL,NULL,157,21),(2596,NULL,NULL,'.500',NULL,NULL,NULL,NULL,NULL,NULL,157,22),(2597,'en','default','<ul>\r\n<li>Extra grip.</li>\r\n<li>Extra porous.</li>\r\n<li>Controlled compression.</li>\r\n<li>Anatomical placement.</li>\r\n</ul>',NULL,NULL,NULL,NULL,NULL,NULL,158,9),(2598,'en','default','<div class=\"page\" title=\"Page 38\">\r\n<div class=\"section\">\r\n<div class=\"layoutArea\">\r\n<div class=\"column\">\r\n<ul>\r\n<li><span style=\"font-size: 11pt; font-family: Swiss721BT; color: #373435;\">Adjustable fasteners for customized fit.</span></li>\r\n<li><span style=\"font-size: 11pt; font-family: Swiss721BT; color: #373435;\">Allows free movement of the hand.</span></li>\r\n<li><span style=\"font-size: 11pt; font-family: Swiss721BT; color: #373435;\">Breathable and moisture transporting&nbsp;</span><span style=\"color: #373435; font-family: Swiss721BT; font-size: 11pt;\">weaving.</span></li>\r\n</ul>\r\n</div>\r\n</div>\r\n</div>\r\n</div>',NULL,NULL,NULL,NULL,NULL,NULL,158,10),(2599,NULL,NULL,'mo-5002',NULL,NULL,NULL,NULL,NULL,NULL,158,1),(2600,'en','default','Thumb Wrist Binder',NULL,NULL,NULL,NULL,NULL,NULL,158,2),(2601,NULL,NULL,'thumb-wrist-binder',NULL,NULL,NULL,NULL,NULL,NULL,158,3),(2602,NULL,'default',NULL,NULL,1,NULL,NULL,NULL,NULL,158,4),(2603,NULL,NULL,NULL,1,NULL,NULL,NULL,NULL,NULL,158,5),(2604,NULL,NULL,NULL,1,NULL,NULL,NULL,NULL,NULL,158,6),(2605,NULL,NULL,NULL,1,NULL,NULL,NULL,NULL,NULL,158,7),(2606,NULL,NULL,NULL,1,NULL,NULL,NULL,NULL,NULL,158,8),(2607,NULL,NULL,NULL,NULL,4,NULL,NULL,NULL,NULL,158,23),(2608,NULL,NULL,NULL,NULL,6,NULL,NULL,NULL,NULL,158,24),(2609,NULL,NULL,NULL,NULL,20,NULL,NULL,NULL,NULL,158,25),(2610,NULL,NULL,NULL,1,NULL,NULL,NULL,NULL,NULL,158,26),(2611,NULL,NULL,NULL,1,NULL,NULL,NULL,NULL,NULL,158,31),(2612,NULL,NULL,NULL,NULL,NULL,700.0000,NULL,NULL,NULL,158,11),(2613,NULL,'default',NULL,NULL,NULL,400.0000,NULL,NULL,NULL,158,12),(2614,NULL,NULL,NULL,NULL,NULL,550.0000,NULL,NULL,NULL,158,13),(2615,NULL,'default',NULL,NULL,NULL,NULL,NULL,'2021-04-26',NULL,158,14),(2616,NULL,'default',NULL,NULL,NULL,NULL,NULL,'2021-05-03',NULL,158,15),(2617,'en','default','Thumb Wrist Binder',NULL,NULL,NULL,NULL,NULL,NULL,158,16),(2618,'en','default','Thumb Wrist Binder, Thumb supporter. wrist bandage.',NULL,NULL,NULL,NULL,NULL,NULL,158,17),(2619,'en','default','Sprains and Strains, Mild Osteoarthritis, Swelling, Prevention of sports injury',NULL,NULL,NULL,NULL,NULL,NULL,158,18),(2620,NULL,NULL,'',NULL,NULL,NULL,NULL,NULL,NULL,158,19),(2621,NULL,NULL,'',NULL,NULL,NULL,NULL,NULL,NULL,158,20),(2622,NULL,NULL,'',NULL,NULL,NULL,NULL,NULL,NULL,158,21),(2623,NULL,NULL,'.500',NULL,NULL,NULL,NULL,NULL,NULL,158,22),(2624,'en','default','<ul>\r\n<li>Adujustable.</li>\r\n<li>Convienent application.&nbsp;</li>\r\n</ul>',NULL,NULL,NULL,NULL,NULL,NULL,159,9),(2625,'en','default','<div class=\"page\" title=\"Page 39\">\r\n<div class=\"section\">\r\n<div class=\"layoutArea\">\r\n<div class=\"column\">\r\n<ul>\r\n<li><span style=\"font-size: 11pt; font-family: Swiss721BT; color: #373435;\">Adjustable fasteners for customized fit. </span></li>\r\n<li><span style=\"font-size: 11pt; font-family: Swiss721BT; color: #373435;\">Reverse buckle for customized grip and&nbsp;</span><span style=\"color: #373435; font-family: Swiss721BT; font-size: 11pt;\">compression.</span></li>\r\n<li><span style=\"color: #373435; font-family: Swiss721BT; font-size: 11pt;\">&nbsp;Breathable and moisture transporting&nbsp;</span><span style=\"color: #373435; font-family: Swiss721BT; font-size: 11pt;\">weaving.</span></li>\r\n</ul>\r\n</div>\r\n</div>\r\n</div>\r\n</div>',NULL,NULL,NULL,NULL,NULL,NULL,159,10),(2626,NULL,NULL,'mo-5003',NULL,NULL,NULL,NULL,NULL,NULL,159,1),(2627,'en','default','Tennis Elbow Strap',NULL,NULL,NULL,NULL,NULL,NULL,159,2),(2628,NULL,NULL,'tennis-elbow-strap',NULL,NULL,NULL,NULL,NULL,NULL,159,3),(2629,NULL,'default',NULL,NULL,1,NULL,NULL,NULL,NULL,159,4),(2630,NULL,NULL,NULL,1,NULL,NULL,NULL,NULL,NULL,159,5),(2631,NULL,NULL,NULL,1,NULL,NULL,NULL,NULL,NULL,159,6),(2632,NULL,NULL,NULL,1,NULL,NULL,NULL,NULL,NULL,159,7),(2633,NULL,NULL,NULL,1,NULL,NULL,NULL,NULL,NULL,159,8),(2634,NULL,NULL,NULL,NULL,4,NULL,NULL,NULL,NULL,159,23),(2635,NULL,NULL,NULL,NULL,6,NULL,NULL,NULL,NULL,159,24),(2636,NULL,NULL,NULL,NULL,12,NULL,NULL,NULL,NULL,159,25),(2637,NULL,NULL,NULL,1,NULL,NULL,NULL,NULL,NULL,159,26),(2638,NULL,NULL,NULL,1,NULL,NULL,NULL,NULL,NULL,159,31),(2639,NULL,NULL,NULL,NULL,NULL,700.0000,NULL,NULL,NULL,159,11),(2640,NULL,'default',NULL,NULL,NULL,400.0000,NULL,NULL,NULL,159,12),(2641,NULL,NULL,NULL,NULL,NULL,550.0000,NULL,NULL,NULL,159,13),(2642,NULL,'default',NULL,NULL,NULL,NULL,NULL,'2021-04-26',NULL,159,14),(2643,NULL,'default',NULL,NULL,NULL,NULL,NULL,'2021-05-03',NULL,159,15),(2644,'en','default','Tennis Elbow Strap.',NULL,NULL,NULL,NULL,NULL,NULL,159,16),(2645,'en','default','Tennis Elbow Strap, tennis belt.',NULL,NULL,NULL,NULL,NULL,NULL,159,17),(2646,'en','default','Tennis/golf elbow, Tendonitis, Swelling',NULL,NULL,NULL,NULL,NULL,NULL,159,18),(2647,NULL,NULL,'',NULL,NULL,NULL,NULL,NULL,NULL,159,19),(2648,NULL,NULL,'',NULL,NULL,NULL,NULL,NULL,NULL,159,20),(2649,NULL,NULL,'',NULL,NULL,NULL,NULL,NULL,NULL,159,21),(2650,NULL,NULL,'1',NULL,NULL,NULL,NULL,NULL,NULL,159,22),(2651,'en','default','<ul>\r\n<li>Soft elbow.</li>\r\n<li>fine grip edges.</li>\r\n<li>Four way stretch.</li>\r\n<li>Uniform compression.</li>\r\n</ul>',NULL,NULL,NULL,NULL,NULL,NULL,160,9),(2652,'en','default','<div class=\"page\" title=\"Page 40\">\r\n<div class=\"section\">\r\n<div class=\"layoutArea\">\r\n<div class=\"column\">\r\n<ul>\r\n<li><span style=\"font-size: 11pt; font-family: Swiss721BT; color: #373435;\">Made from sturdy, tapered, four way elasticized fabric.</span></li>\r\n<li><span style=\"color: #373435; font-family: Swiss721BT; font-size: 11pt;\">Comfortable and durable material.</span></li>\r\n<li><span style=\"color: #373435; font-family: Swiss721BT; font-size: 11pt;\">&nbsp;Breathable and moisture transporting&nbsp;</span><span style=\"color: #373435; font-family: Swiss721BT; font-size: 11pt;\">weaving.</span></li>\r\n<li><span style=\"color: #373435; font-family: Swiss721BT; font-size: 11pt;\">Simple and quick wear with easy pull-on&nbsp;</span><span style=\"color: #373435; font-family: Swiss721BT; font-size: 11pt;\">application.</span></li>\r\n</ul>\r\n</div>\r\n</div>\r\n</div>\r\n</div>',NULL,NULL,NULL,NULL,NULL,NULL,160,10),(2653,NULL,NULL,'mo-5004',NULL,NULL,NULL,NULL,NULL,NULL,160,1),(2654,'en','default','Elbow Support',NULL,NULL,NULL,NULL,NULL,NULL,160,2),(2655,NULL,NULL,'elbow-support',NULL,NULL,NULL,NULL,NULL,NULL,160,3),(2656,NULL,'default',NULL,NULL,1,NULL,NULL,NULL,NULL,160,4),(2657,NULL,NULL,NULL,1,NULL,NULL,NULL,NULL,NULL,160,5),(2658,NULL,NULL,NULL,1,NULL,NULL,NULL,NULL,NULL,160,6),(2659,NULL,NULL,NULL,1,NULL,NULL,NULL,NULL,NULL,160,7),(2660,NULL,NULL,NULL,1,NULL,NULL,NULL,NULL,NULL,160,8),(2661,NULL,NULL,NULL,NULL,4,NULL,NULL,NULL,NULL,160,23),(2662,NULL,NULL,NULL,NULL,6,NULL,NULL,NULL,NULL,160,24),(2663,NULL,NULL,NULL,NULL,20,NULL,NULL,NULL,NULL,160,25),(2664,NULL,NULL,NULL,1,NULL,NULL,NULL,NULL,NULL,160,26),(2665,NULL,NULL,NULL,1,NULL,NULL,NULL,NULL,NULL,160,31),(2666,NULL,NULL,NULL,NULL,NULL,600.0000,NULL,NULL,NULL,160,11),(2667,NULL,'default',NULL,NULL,NULL,350.0000,NULL,NULL,NULL,160,12),(2668,NULL,NULL,NULL,NULL,NULL,450.0000,NULL,NULL,NULL,160,13),(2669,NULL,'default',NULL,NULL,NULL,NULL,NULL,'2021-04-26',NULL,160,14),(2670,NULL,'default',NULL,NULL,NULL,NULL,NULL,'2021-05-03',NULL,160,15),(2671,'en','default','Elbow Support',NULL,NULL,NULL,NULL,NULL,NULL,160,16),(2672,'en','default','Elbow Support, elbow binder.',NULL,NULL,NULL,NULL,NULL,NULL,160,17),(2673,'en','default','Strains and Sprains, Arthritis or Bursitis, Post operative and post traumatic irritation, Pain and inflammation, Post elbow Arthroscopy, Chronic swelling and edema, Prevention of sports injuries.',NULL,NULL,NULL,NULL,NULL,NULL,160,18),(2674,NULL,NULL,'',NULL,NULL,NULL,NULL,NULL,NULL,160,19),(2675,NULL,NULL,'',NULL,NULL,NULL,NULL,NULL,NULL,160,20),(2676,NULL,NULL,'',NULL,NULL,NULL,NULL,NULL,NULL,160,21),(2677,NULL,NULL,'1',NULL,NULL,NULL,NULL,NULL,NULL,160,22),(2678,'en','default','<div class=\"page\" title=\"Page 41\">\r\n<div class=\"section\">\r\n<div class=\"layoutArea\">\r\n<div class=\"column\">\r\n<ul>\r\n<li><span style=\"font-size: 11pt; font-family: Swiss721BT; color: #373435;\">Breathable.</span></li>\r\n<li><span style=\"color: #373435; font-family: Swiss721BT; font-size: 11pt;\">&nbsp;Free movement of the hand and fingers.</span></li>\r\n</ul>\r\n</div>\r\n</div>\r\n</div>\r\n</div>',NULL,NULL,NULL,NULL,NULL,NULL,161,9),(2679,'en','default','<div class=\"page\" title=\"Page 41\">\r\n<div class=\"section\">\r\n<div class=\"layoutArea\">\r\n<div class=\"column\">\r\n<ul>\r\n<li><span style=\"font-size: 11pt; font-family: Swiss721BT; color: #373435;\">Removable and malleable splint.</span></li>\r\n<li><span style=\"font-size: 11pt; font-family: Swiss721BT; color: #373435;\">Wrap-around design.</span></li>\r\n<li><span style=\"font-size: 11pt; font-family: Swiss721BT; color: #373435;\">Hook &amp; loop Closures for Proper Fitting.</span></li>\r\n</ul>\r\n</div>\r\n</div>\r\n</div>\r\n</div>',NULL,NULL,NULL,NULL,NULL,NULL,161,10),(2680,NULL,NULL,'mo-5005',NULL,NULL,NULL,NULL,NULL,NULL,161,1),(2681,'en','default','Thumb Spica Splint',NULL,NULL,NULL,NULL,NULL,NULL,161,2),(2682,NULL,NULL,'thumb-spica-splint',NULL,NULL,NULL,NULL,NULL,NULL,161,3),(2683,NULL,'default',NULL,NULL,1,NULL,NULL,NULL,NULL,161,4),(2684,NULL,NULL,NULL,1,NULL,NULL,NULL,NULL,NULL,161,5),(2685,NULL,NULL,NULL,1,NULL,NULL,NULL,NULL,NULL,161,6),(2686,NULL,NULL,NULL,1,NULL,NULL,NULL,NULL,NULL,161,7),(2687,NULL,NULL,NULL,1,NULL,NULL,NULL,NULL,NULL,161,8),(2688,NULL,NULL,NULL,NULL,4,NULL,NULL,NULL,NULL,161,23),(2689,NULL,NULL,NULL,NULL,6,NULL,NULL,NULL,NULL,161,24),(2690,NULL,NULL,NULL,NULL,20,NULL,NULL,NULL,NULL,161,25),(2691,NULL,NULL,NULL,1,NULL,NULL,NULL,NULL,NULL,161,26),(2692,NULL,NULL,NULL,1,NULL,NULL,NULL,NULL,NULL,161,31),(2693,NULL,NULL,NULL,NULL,NULL,600.0000,NULL,NULL,NULL,161,11),(2694,NULL,'default',NULL,NULL,NULL,300.0000,NULL,NULL,NULL,161,12),(2695,NULL,NULL,NULL,NULL,NULL,450.0000,NULL,NULL,NULL,161,13),(2696,NULL,'default',NULL,NULL,NULL,NULL,NULL,'2021-04-26',NULL,161,14),(2697,NULL,'default',NULL,NULL,NULL,NULL,NULL,'2021-05-03',NULL,161,15),(2698,'en','default','Thumb Spica Splint',NULL,NULL,NULL,NULL,NULL,NULL,161,16),(2699,'en','default','Thumb Spica Splint, thumb splint.',NULL,NULL,NULL,NULL,NULL,NULL,161,17),(2700,'en','default','Bursitis, Sprains of thumb, Soft tissue injuries, Collateral ligament support, Avulsion fractures of the thumb, Increase thumb stabilization, Decrease thumb pain symptoms, Immobilize and promotes healing of CMC & MCP joints.',NULL,NULL,NULL,NULL,NULL,NULL,161,18),(2701,NULL,NULL,'',NULL,NULL,NULL,NULL,NULL,NULL,161,19),(2702,NULL,NULL,'',NULL,NULL,NULL,NULL,NULL,NULL,161,20),(2703,NULL,NULL,'',NULL,NULL,NULL,NULL,NULL,NULL,161,21),(2704,NULL,NULL,'1',NULL,NULL,NULL,NULL,NULL,NULL,161,22),(2705,'en','default','<ul>\r\n<li>High cushioning coefficient.</li>\r\n<li>Super soft zones.</li>\r\n<li>hypochallenging.</li>\r\n</ul>',NULL,NULL,NULL,NULL,NULL,NULL,163,9),(2706,'en','default','<div class=\"page\" title=\"Page 43\">\r\n<div class=\"section\">\r\n<div class=\"layoutArea\">\r\n<div class=\"column\">\r\n<ul>\r\n<li><span style=\"font-size: 11pt; font-family: Swiss721BT; color: #373435;\">Made of a medical grade silicone for long lasting support and comfort.</span></li>\r\n<li><span style=\"color: #373435; font-family: Swiss721BT; font-size: 11pt;\">Silicone gives optimal absorption of the shock generated from everyday and high impact heel strike.</span></li>\r\n<li><span style=\"color: #373435; font-family: Swiss721BT; font-size: 11pt;\">The softer blue insert relieves pressure on painful heel areas.</span></li>\r\n</ul>\r\n</div>\r\n<div class=\"column\">&nbsp;</div>\r\n</div>\r\n</div>\r\n</div>',NULL,NULL,NULL,NULL,NULL,NULL,163,10),(2707,NULL,NULL,'mo-6001',NULL,NULL,NULL,NULL,NULL,NULL,163,1),(2708,'en','default','Heel Cushion Silicone',NULL,NULL,NULL,NULL,NULL,NULL,163,2),(2709,NULL,NULL,'heel-cushion-silicone',NULL,NULL,NULL,NULL,NULL,NULL,163,3),(2710,NULL,'default',NULL,NULL,1,NULL,NULL,NULL,NULL,163,4),(2711,NULL,NULL,NULL,1,NULL,NULL,NULL,NULL,NULL,163,5),(2712,NULL,NULL,NULL,1,NULL,NULL,NULL,NULL,NULL,163,6),(2713,NULL,NULL,NULL,1,NULL,NULL,NULL,NULL,NULL,163,7),(2714,NULL,NULL,NULL,1,NULL,NULL,NULL,NULL,NULL,163,8),(2715,NULL,NULL,NULL,NULL,4,NULL,NULL,NULL,NULL,163,23),(2716,NULL,NULL,NULL,NULL,6,NULL,NULL,NULL,NULL,163,24),(2717,NULL,NULL,NULL,NULL,20,NULL,NULL,NULL,NULL,163,25),(2718,NULL,NULL,NULL,1,NULL,NULL,NULL,NULL,NULL,163,26),(2719,NULL,NULL,NULL,1,NULL,NULL,NULL,NULL,NULL,163,31),(2720,NULL,NULL,NULL,NULL,NULL,1300.0000,NULL,NULL,NULL,163,11),(2721,NULL,'default',NULL,NULL,NULL,1050.0000,NULL,NULL,NULL,163,12),(2722,NULL,NULL,NULL,NULL,NULL,1150.0000,NULL,NULL,NULL,163,13),(2723,NULL,'default',NULL,NULL,NULL,NULL,NULL,'2021-04-26',NULL,163,14),(2724,NULL,'default',NULL,NULL,NULL,NULL,NULL,'2021-05-03',NULL,163,15),(2725,'en','default','Heel Cushion Silicone',NULL,NULL,NULL,NULL,NULL,NULL,163,16),(2726,'en','default','Heel Cushion Silicone, sillicon heel pad, silicone pad.',NULL,NULL,NULL,NULL,NULL,NULL,163,17),(2727,'en','default','Achilles Tendonitis, Heel Pain, Heel Spurs, Improve quality of life, Provides optimum cushioning, protection and shock absorption.',NULL,NULL,NULL,NULL,NULL,NULL,163,18),(2728,NULL,NULL,'',NULL,NULL,NULL,NULL,NULL,NULL,163,19),(2729,NULL,NULL,'',NULL,NULL,NULL,NULL,NULL,NULL,163,20),(2730,NULL,NULL,'',NULL,NULL,NULL,NULL,NULL,NULL,163,21),(2731,NULL,NULL,'2',NULL,NULL,NULL,NULL,NULL,NULL,163,22),(2732,'en','default','<ul>\r\n<li>Hyperchallenger.</li>\r\n<li>Super soft zones.</li>\r\n</ul>',NULL,NULL,NULL,NULL,NULL,NULL,164,9),(2733,'en','default','<div class=\"page\" title=\"Page 44\">\r\n<div class=\"section\">\r\n<div class=\"layoutArea\">\r\n<div class=\"column\">\r\n<ul>\r\n<li><span style=\"font-size: 11pt; font-family: Swiss721BT; color: #373435;\">Made of a medical grade silicone for long lasting support and comfort.</span></li>\r\n<li><span style=\"color: #373435; font-family: Swiss721BT; font-size: 11pt;\">Silicone gives optimal absorption of the shock generated from everyday and high impact foot strike.</span></li>\r\n<li><span style=\"color: #373435; font-family: Swiss721BT; font-size: 11pt;\">It distributes pressure evenly throughout the foot, allowing normal blood circulation.</span></li>\r\n</ul>\r\n</div>\r\n<div class=\"column\">&nbsp;</div>\r\n</div>\r\n<div class=\"layoutArea\">&nbsp;</div>\r\n</div>\r\n</div>',NULL,NULL,NULL,NULL,NULL,NULL,164,10),(2734,NULL,NULL,'mo-6002',NULL,NULL,NULL,NULL,NULL,NULL,164,1),(2735,'en','default','Foot Insole Silicone',NULL,NULL,NULL,NULL,NULL,NULL,164,2),(2736,NULL,NULL,'foot-insole-silicone',NULL,NULL,NULL,NULL,NULL,NULL,164,3),(2737,NULL,'default',NULL,NULL,1,NULL,NULL,NULL,NULL,164,4),(2738,NULL,NULL,NULL,1,NULL,NULL,NULL,NULL,NULL,164,5),(2739,NULL,NULL,NULL,1,NULL,NULL,NULL,NULL,NULL,164,6),(2740,NULL,NULL,NULL,1,NULL,NULL,NULL,NULL,NULL,164,7),(2741,NULL,NULL,NULL,1,NULL,NULL,NULL,NULL,NULL,164,8),(2742,NULL,NULL,NULL,NULL,5,NULL,NULL,NULL,NULL,164,23),(2743,NULL,NULL,NULL,NULL,6,NULL,NULL,NULL,NULL,164,24),(2744,NULL,NULL,NULL,NULL,20,NULL,NULL,NULL,NULL,164,25),(2745,NULL,NULL,NULL,1,NULL,NULL,NULL,NULL,NULL,164,26),(2746,NULL,NULL,NULL,1,NULL,NULL,NULL,NULL,NULL,164,31),(2747,NULL,NULL,NULL,NULL,NULL,1600.0000,NULL,NULL,NULL,164,11),(2748,NULL,'default',NULL,NULL,NULL,1200.0000,NULL,NULL,NULL,164,12),(2749,NULL,NULL,NULL,NULL,NULL,1400.0000,NULL,NULL,NULL,164,13),(2750,NULL,'default',NULL,NULL,NULL,NULL,NULL,'2021-04-26',NULL,164,14),(2751,NULL,'default',NULL,NULL,NULL,NULL,NULL,'2021-05-03',NULL,164,15),(2752,'en','default','Foot Insole Silicone',NULL,NULL,NULL,NULL,NULL,NULL,164,16),(2753,'en','default','Foot Insole Silicone, silicone sole.',NULL,NULL,NULL,NULL,NULL,NULL,164,17),(2754,'en','default','Achilles Tendonitis, Heel Pain, Heel Spurs, Improve quality of life, Provides optimum cushioning, protection and shock absorption.',NULL,NULL,NULL,NULL,NULL,NULL,164,18),(2755,NULL,NULL,'',NULL,NULL,NULL,NULL,NULL,NULL,164,19),(2756,NULL,NULL,'',NULL,NULL,NULL,NULL,NULL,NULL,164,20),(2757,NULL,NULL,'',NULL,NULL,NULL,NULL,NULL,NULL,164,21),(2758,NULL,NULL,'2',NULL,NULL,NULL,NULL,NULL,NULL,164,22),(2759,'en','default','<ul>\r\n<li>Super soft zones.</li>\r\n<li>High cushioning coeficent</li>\r\n</ul>',NULL,NULL,NULL,NULL,NULL,NULL,165,9),(2760,'en','default','<div class=\"page\" title=\"Page 44\">\r\n<div class=\"section\">\r\n<div class=\"layoutArea\">\r\n<div class=\"column\">\r\n<ul>\r\n<li><span style=\"font-size: 11pt; font-family: Swiss721BT; color: #373435;\">Made of a medical grade silicone for long lasting support and comfort.</span></li>\r\n<li><span style=\"color: #373435; font-family: Swiss721BT; font-size: 11pt;\">Silicone gives optimal absorption of the shock generated from everyday and high impact foot strike.</span></li>\r\n<li><span style=\"color: #373435; font-family: Swiss721BT; font-size: 11pt;\">&nbsp;It distributes pressure evenly throughout the foot, allowing normal blood circulation.</span></li>\r\n</ul>\r\n</div>\r\n<div class=\"column\">&nbsp;</div>\r\n</div>\r\n<div class=\"layoutArea\">&nbsp;</div>\r\n</div>\r\n</div>',NULL,NULL,NULL,NULL,NULL,NULL,165,10),(2761,NULL,NULL,'mo-6003',NULL,NULL,NULL,NULL,NULL,NULL,165,1),(2762,'en','default','Foot Insole with Arch Silicone',NULL,NULL,NULL,NULL,NULL,NULL,165,2),(2763,NULL,NULL,'foot-insole-with-arch-silicone',NULL,NULL,NULL,NULL,NULL,NULL,165,3),(2764,NULL,'default',NULL,NULL,1,NULL,NULL,NULL,NULL,165,4),(2765,NULL,NULL,NULL,1,NULL,NULL,NULL,NULL,NULL,165,5),(2766,NULL,NULL,NULL,1,NULL,NULL,NULL,NULL,NULL,165,6),(2767,NULL,NULL,NULL,1,NULL,NULL,NULL,NULL,NULL,165,7),(2768,NULL,NULL,NULL,0,NULL,NULL,NULL,NULL,NULL,165,8),(2769,NULL,NULL,NULL,NULL,5,NULL,NULL,NULL,NULL,165,23),(2770,NULL,NULL,NULL,NULL,6,NULL,NULL,NULL,NULL,165,24),(2771,NULL,NULL,NULL,NULL,20,NULL,NULL,NULL,NULL,165,25),(2772,NULL,NULL,NULL,1,NULL,NULL,NULL,NULL,NULL,165,26),(2773,NULL,NULL,NULL,1,NULL,NULL,NULL,NULL,NULL,165,31),(2774,NULL,NULL,NULL,NULL,NULL,1700.0000,NULL,NULL,NULL,165,11),(2775,NULL,'default',NULL,NULL,NULL,1500.0000,NULL,NULL,NULL,165,12),(2776,NULL,NULL,NULL,NULL,NULL,1650.0000,NULL,NULL,NULL,165,13),(2777,NULL,'default',NULL,NULL,NULL,NULL,NULL,'2021-04-26',NULL,165,14),(2778,NULL,'default',NULL,NULL,NULL,NULL,NULL,'2021-05-03',NULL,165,15),(2779,'en','default','Foot Insole with Arch Silicone',NULL,NULL,NULL,NULL,NULL,NULL,165,16),(2780,'en','default','Foot Insole with Arch Silicone, silicone arch pad.',NULL,NULL,NULL,NULL,NULL,NULL,165,17),(2781,'en','default','Achilles Tendonitis, Heel Pain, Heel Spurs, Improve quality of life',NULL,NULL,NULL,NULL,NULL,NULL,165,18),(2782,NULL,NULL,'',NULL,NULL,NULL,NULL,NULL,NULL,165,19),(2783,NULL,NULL,'',NULL,NULL,NULL,NULL,NULL,NULL,165,20),(2784,NULL,NULL,'',NULL,NULL,NULL,NULL,NULL,NULL,165,21),(2785,NULL,NULL,'1',NULL,NULL,NULL,NULL,NULL,NULL,165,22),(2786,'en','default','<ul>\r\n<li>Anatomically shaped.</li>\r\n<li>Massage spots for the arch.</li>\r\n</ul>',NULL,NULL,NULL,NULL,NULL,NULL,166,9),(2787,'en','default','<div class=\"page\" title=\"Page 45\">\r\n<div class=\"section\">\r\n<div class=\"layoutArea\">\r\n<div class=\"column\">\r\n<ul>\r\n<li><span style=\"font-size: 11pt; font-family: Swiss721BT; color: #373435;\">Injuries &amp; disorders flat foot condition, features high impact cushion pad made of special grade silicone support the plantar arc of the foot.</span></li>\r\n<li><span style=\"color: #373435; font-family: Swiss721BT; font-size: 11pt;\">Designed bio-mechanically maintain the plantararccomfortably.</span></li>\r\n<li><span style=\"color: #373435; font-family: Swiss721BT; font-size: 11pt;\">ARC pads used within the socks by placing below middle foot.</span></li>\r\n</ul>\r\n</div>\r\n<div class=\"column\">&nbsp;</div>\r\n</div>\r\n</div>\r\n</div>',NULL,NULL,NULL,NULL,NULL,NULL,166,10),(2788,NULL,NULL,'mo-6004',NULL,NULL,NULL,NULL,NULL,NULL,166,1),(2789,'en','default','Medial Arch Silicone',NULL,NULL,NULL,NULL,NULL,NULL,166,2),(2790,NULL,NULL,'medial-arch-silicone',NULL,NULL,NULL,NULL,NULL,NULL,166,3),(2791,NULL,'default',NULL,NULL,1,NULL,NULL,NULL,NULL,166,4),(2792,NULL,NULL,NULL,1,NULL,NULL,NULL,NULL,NULL,166,5),(2793,NULL,NULL,NULL,1,NULL,NULL,NULL,NULL,NULL,166,6),(2794,NULL,NULL,NULL,1,NULL,NULL,NULL,NULL,NULL,166,7),(2795,NULL,NULL,NULL,1,NULL,NULL,NULL,NULL,NULL,166,8),(2796,NULL,NULL,NULL,NULL,5,NULL,NULL,NULL,NULL,166,23),(2797,NULL,NULL,NULL,NULL,6,NULL,NULL,NULL,NULL,166,24),(2798,NULL,NULL,NULL,NULL,12,NULL,NULL,NULL,NULL,166,25),(2799,NULL,NULL,NULL,1,NULL,NULL,NULL,NULL,NULL,166,26),(2800,NULL,NULL,NULL,1,NULL,NULL,NULL,NULL,NULL,166,31),(2801,NULL,NULL,NULL,NULL,NULL,1000.0000,NULL,NULL,NULL,166,11),(2802,NULL,'default',NULL,NULL,NULL,650.0000,NULL,NULL,NULL,166,12),(2803,NULL,NULL,NULL,NULL,NULL,750.0000,NULL,NULL,NULL,166,13),(2804,NULL,'default',NULL,NULL,NULL,NULL,NULL,'2021-04-26',NULL,166,14),(2805,NULL,'default',NULL,NULL,NULL,NULL,NULL,'2021-05-03',NULL,166,15),(2806,'en','default','Medial Arch Silicone',NULL,NULL,NULL,NULL,NULL,NULL,166,16),(2807,'en','default','Medial Arch Silicone, arch support.',NULL,NULL,NULL,NULL,NULL,NULL,166,17),(2808,'en','default',' For improper feet architecture, crossed toes, fractured toes correction.',NULL,NULL,NULL,NULL,NULL,NULL,166,18),(2809,NULL,NULL,'',NULL,NULL,NULL,NULL,NULL,NULL,166,19),(2810,NULL,NULL,'',NULL,NULL,NULL,NULL,NULL,NULL,166,20),(2811,NULL,NULL,'',NULL,NULL,NULL,NULL,NULL,NULL,166,21),(2812,NULL,NULL,'1',NULL,NULL,NULL,NULL,NULL,NULL,166,22),(2813,'en','default','<ul>\r\n<li>Hypoallergenic.</li>\r\n<li>High cushioning efficency.</li>\r\n<li>anatomically shaped.</li>\r\n<li>Long functional life.</li>\r\n</ul>',NULL,NULL,NULL,NULL,NULL,NULL,167,9),(2814,'en','default','<div class=\"page\" title=\"Page 46\">\r\n<div class=\"section\">\r\n<div class=\"layoutArea\">\r\n<div class=\"column\">\r\n<ul>\r\n<li><span style=\"font-size: 11pt; font-family: Swiss721BT; color: #373435;\">Injuries &amp; disorders flat foot condition, features high impact cushion pad made of special grade silicone suppor t the plantar arc of the foot.</span></li>\r\n<li><span style=\"color: #373435; font-family: Swiss721BT; font-size: 11pt;\">Designed bio-mechanically maintain the plantararccomfortably.</span></li>\r\n<li><span style=\"color: #373435; font-family: Swiss721BT; font-size: 11pt;\">ARC pads used within the socks by placing below middle foot.</span></li>\r\n</ul>\r\n</div>\r\n</div>\r\n</div>\r\n</div>',NULL,NULL,NULL,NULL,NULL,NULL,167,10),(2815,NULL,NULL,'mo-6005',NULL,NULL,NULL,NULL,NULL,NULL,167,1),(2816,'en','default','Toe Separator Silicone',NULL,NULL,NULL,NULL,NULL,NULL,167,2),(2817,NULL,NULL,'toe-separator-silicone',NULL,NULL,NULL,NULL,NULL,NULL,167,3),(2818,NULL,'default',NULL,NULL,1,NULL,NULL,NULL,NULL,167,4),(2819,NULL,NULL,NULL,1,NULL,NULL,NULL,NULL,NULL,167,5),(2820,NULL,NULL,NULL,1,NULL,NULL,NULL,NULL,NULL,167,6),(2821,NULL,NULL,NULL,1,NULL,NULL,NULL,NULL,NULL,167,7),(2822,NULL,NULL,NULL,1,NULL,NULL,NULL,NULL,NULL,167,8),(2823,NULL,NULL,NULL,NULL,5,NULL,NULL,NULL,NULL,167,23),(2824,NULL,NULL,NULL,NULL,6,NULL,NULL,NULL,NULL,167,24),(2825,NULL,NULL,NULL,NULL,20,NULL,NULL,NULL,NULL,167,25),(2826,NULL,NULL,NULL,1,NULL,NULL,NULL,NULL,NULL,167,26),(2827,NULL,NULL,NULL,1,NULL,NULL,NULL,NULL,NULL,167,31),(2828,NULL,NULL,NULL,NULL,NULL,500.0000,NULL,NULL,NULL,167,11),(2829,NULL,'default',NULL,NULL,NULL,250.0000,NULL,NULL,NULL,167,12),(2830,NULL,NULL,NULL,NULL,NULL,350.0000,NULL,NULL,NULL,167,13),(2831,NULL,'default',NULL,NULL,NULL,NULL,NULL,'2021-04-26',NULL,167,14),(2832,NULL,'default',NULL,NULL,NULL,NULL,NULL,'2021-05-03',NULL,167,15),(2833,'en','default','Toe Separator Silicone',NULL,NULL,NULL,NULL,NULL,NULL,167,16),(2834,'en','default','Toe Separator Silicone, toe spreader.',NULL,NULL,NULL,NULL,NULL,NULL,167,17),(2835,'en','default','Care and treatment of hammer toes, Claw toes, Mallet toes, Toenail injuries, Fractured toes.',NULL,NULL,NULL,NULL,NULL,NULL,167,18),(2836,NULL,NULL,'',NULL,NULL,NULL,NULL,NULL,NULL,167,19),(2837,NULL,NULL,'',NULL,NULL,NULL,NULL,NULL,NULL,167,20),(2838,NULL,NULL,'',NULL,NULL,NULL,NULL,NULL,NULL,167,21),(2839,NULL,NULL,'.500',NULL,NULL,NULL,NULL,NULL,NULL,167,22),(2840,'en','default','<ul>\r\n<li>Hypoallergenic.</li>\r\n<li>High cushioning effecency.</li>\r\n<li>Long functional life.</li>\r\n<li>Anatomically shaped.</li>\r\n</ul>',NULL,NULL,NULL,NULL,NULL,NULL,168,9),(2841,'en','default','<div class=\"page\" title=\"Page 46\">\r\n<div class=\"section\">\r\n<div class=\"layoutArea\">\r\n<div class=\"column\">\r\n<ul>\r\n<li><span style=\"font-size: 11pt; font-family: Swiss721BT; color: #373435;\">Injuries &amp; disorders flat foot condition, features high impact cushion pad made of special grade silicone suppor t the plantar arc of the foot.</span></li>\r\n<li><span style=\"color: #373435; font-family: Swiss721BT; font-size: 11pt;\">Designed bio-mechanically maintain the plantararccomfortably.</span></li>\r\n<li><span style=\"color: #373435; font-family: Swiss721BT; font-size: 11pt;\">ARC pads used within the socks by placing below middle foot.</span></li>\r\n</ul>\r\n</div>\r\n</div>\r\n</div>\r\n</div>',NULL,NULL,NULL,NULL,NULL,NULL,168,10),(2842,NULL,NULL,'mo-6006',NULL,NULL,NULL,NULL,NULL,NULL,168,1),(2843,'en','default','Toe Separator with Finger Silicone',NULL,NULL,NULL,NULL,NULL,NULL,168,2),(2844,NULL,NULL,'toe-separator-with-finger-silicone',NULL,NULL,NULL,NULL,NULL,NULL,168,3),(2845,NULL,'default',NULL,NULL,1,NULL,NULL,NULL,NULL,168,4),(2846,NULL,NULL,NULL,1,NULL,NULL,NULL,NULL,NULL,168,5),(2847,NULL,NULL,NULL,1,NULL,NULL,NULL,NULL,NULL,168,6),(2848,NULL,NULL,NULL,1,NULL,NULL,NULL,NULL,NULL,168,7),(2849,NULL,NULL,NULL,1,NULL,NULL,NULL,NULL,NULL,168,8),(2850,NULL,NULL,NULL,NULL,5,NULL,NULL,NULL,NULL,168,23),(2851,NULL,NULL,NULL,NULL,6,NULL,NULL,NULL,NULL,168,24),(2852,NULL,NULL,NULL,NULL,20,NULL,NULL,NULL,NULL,168,25),(2853,NULL,NULL,NULL,1,NULL,NULL,NULL,NULL,NULL,168,26),(2854,NULL,NULL,NULL,1,NULL,NULL,NULL,NULL,NULL,168,31),(2855,NULL,NULL,NULL,NULL,NULL,600.0000,NULL,NULL,NULL,168,11),(2856,NULL,'default',NULL,NULL,NULL,350.0000,NULL,NULL,NULL,168,12),(2857,NULL,NULL,NULL,NULL,NULL,450.0000,NULL,NULL,NULL,168,13),(2858,NULL,'default',NULL,NULL,NULL,NULL,NULL,'2021-04-26',NULL,168,14),(2859,NULL,'default',NULL,NULL,NULL,NULL,NULL,'2021-05-03',NULL,168,15),(2860,'en','default','Toe Separator with Finger Silicone',NULL,NULL,NULL,NULL,NULL,NULL,168,16),(2861,'en','default','Toe Separator with Finger Silicone, toe spreader.',NULL,NULL,NULL,NULL,NULL,NULL,168,17),(2862,'en','default','Care and treatment of hammer toes, Claw toes, Mallet toes, Toenail injuries, Fractured toes',NULL,NULL,NULL,NULL,NULL,NULL,168,18),(2863,NULL,NULL,'',NULL,NULL,NULL,NULL,NULL,NULL,168,19),(2864,NULL,NULL,'',NULL,NULL,NULL,NULL,NULL,NULL,168,20),(2865,NULL,NULL,'',NULL,NULL,NULL,NULL,NULL,NULL,168,21),(2866,NULL,NULL,'.500',NULL,NULL,NULL,NULL,NULL,NULL,168,22),(2867,'en','default','<ul>\r\n<li>Long functional life.</li>\r\n<li>Colourless.</li>\r\n<li>hypoallergenic.</li>\r\n</ul>',NULL,NULL,NULL,NULL,NULL,NULL,169,9),(2868,'en','default','<div class=\"page\" title=\"Page 47\">\r\n<div class=\"section\">\r\n<div class=\"layoutArea\">\r\n<div class=\"column\">\r\n<ul>\r\n<li><span style=\"font-size: 11pt; font-family: Swiss721BT; color: #373435;\">Your heel pad is a thick layer of tissue found on the soles of your feet. It&rsquo;s made up of dense fat pockets surrounded by tough but stretchy muscle fibers.</span></li>\r\n<li><span style=\"color: #373435; font-family: Swiss721BT; font-size: 11pt;\">Whenever you walk, run, or jump, your heel pads act as cushions, distributing your body weight, absorbing shock, and protecting your bones and joints.</span></li>\r\n<li><span style=\"color: #373435; font-family: Swiss721BT; font-size: 11pt;\">You may not realize it, but your heels endure a lot. Because of this, it&rsquo;s normal for them to wear down a bit over time.</span></li>\r\n</ul>\r\n</div>\r\n</div>\r\n</div>\r\n</div>',NULL,NULL,NULL,NULL,NULL,NULL,169,10),(2869,NULL,NULL,'mo-6007',NULL,NULL,NULL,NULL,NULL,NULL,169,1),(2870,'en','default','Heel Pad',NULL,NULL,NULL,NULL,NULL,NULL,169,2),(2871,NULL,NULL,'heel-pad',NULL,NULL,NULL,NULL,NULL,NULL,169,3),(2872,NULL,'default',NULL,NULL,1,NULL,NULL,NULL,NULL,169,4),(2873,NULL,NULL,NULL,1,NULL,NULL,NULL,NULL,NULL,169,5),(2874,NULL,NULL,NULL,1,NULL,NULL,NULL,NULL,NULL,169,6),(2875,NULL,NULL,NULL,1,NULL,NULL,NULL,NULL,NULL,169,7),(2876,NULL,NULL,NULL,1,NULL,NULL,NULL,NULL,NULL,169,8),(2877,NULL,NULL,NULL,NULL,5,NULL,NULL,NULL,NULL,169,23),(2878,NULL,NULL,NULL,NULL,6,NULL,NULL,NULL,NULL,169,24),(2879,NULL,NULL,NULL,NULL,20,NULL,NULL,NULL,NULL,169,25),(2880,NULL,NULL,NULL,1,NULL,NULL,NULL,NULL,NULL,169,26),(2881,NULL,NULL,NULL,1,NULL,NULL,NULL,NULL,NULL,169,31),(2882,NULL,NULL,NULL,NULL,NULL,700.0000,NULL,NULL,NULL,169,11),(2883,NULL,'default',NULL,NULL,NULL,450.0000,NULL,NULL,NULL,169,12),(2884,NULL,NULL,NULL,NULL,NULL,550.0000,NULL,NULL,NULL,169,13),(2885,NULL,'default',NULL,NULL,NULL,NULL,NULL,'2021-04-26',NULL,169,14),(2886,NULL,'default',NULL,NULL,NULL,NULL,NULL,'2021-05-03',NULL,169,15),(2887,'en','default','Heel Pad',NULL,NULL,NULL,NULL,NULL,NULL,169,16),(2888,'en','default','Heel Pad, heel cushion, silicone heel pad.',NULL,NULL,NULL,NULL,NULL,NULL,169,17),(2889,'en','default','Heel Protectors, Relief Joints & Foot Pain, Reduce pain from ill-fitting footwear',NULL,NULL,NULL,NULL,NULL,NULL,169,18),(2890,NULL,NULL,'',NULL,NULL,NULL,NULL,NULL,NULL,169,19),(2891,NULL,NULL,'',NULL,NULL,NULL,NULL,NULL,NULL,169,20),(2892,NULL,NULL,'',NULL,NULL,NULL,NULL,NULL,NULL,169,21),(2893,NULL,NULL,'1',NULL,NULL,NULL,NULL,NULL,NULL,169,22),(2894,NULL,NULL,'17,18,19',NULL,NULL,NULL,NULL,NULL,NULL,141,29),(2895,NULL,NULL,NULL,0,NULL,NULL,NULL,NULL,NULL,96,31),(2896,NULL,NULL,'mo-1010-variant-1-6',NULL,NULL,NULL,NULL,NULL,NULL,171,1),(2897,'en','default','small-red',NULL,NULL,NULL,NULL,NULL,NULL,171,2),(2898,NULL,NULL,NULL,NULL,NULL,500.0000,NULL,NULL,NULL,171,11),(2899,NULL,NULL,'0',NULL,NULL,NULL,NULL,NULL,NULL,171,22),(2900,NULL,NULL,NULL,1,NULL,NULL,NULL,NULL,NULL,171,8),(2901,NULL,NULL,NULL,NULL,1,NULL,NULL,NULL,NULL,171,23),(2902,NULL,NULL,NULL,NULL,6,NULL,NULL,NULL,NULL,171,24),(2903,NULL,NULL,'mo-1010-variant-2-6',NULL,NULL,NULL,NULL,NULL,NULL,172,1),(2904,'en','default','small-green',NULL,NULL,NULL,NULL,NULL,NULL,172,2),(2905,NULL,NULL,NULL,NULL,NULL,500.0000,NULL,NULL,NULL,172,11),(2906,NULL,NULL,'0',NULL,NULL,NULL,NULL,NULL,NULL,172,22),(2907,NULL,NULL,NULL,1,NULL,NULL,NULL,NULL,NULL,172,8),(2908,NULL,NULL,NULL,NULL,2,NULL,NULL,NULL,NULL,172,23),(2909,NULL,NULL,NULL,NULL,6,NULL,NULL,NULL,NULL,172,24),(2910,NULL,NULL,'mo-1010-variant-3-6',NULL,NULL,NULL,NULL,NULL,NULL,173,1),(2911,'en','default','small-yellow',NULL,NULL,NULL,NULL,NULL,NULL,173,2),(2912,NULL,NULL,NULL,NULL,NULL,500.0000,NULL,NULL,NULL,173,11),(2913,NULL,NULL,'0',NULL,NULL,NULL,NULL,NULL,NULL,173,22),(2914,NULL,NULL,NULL,1,NULL,NULL,NULL,NULL,NULL,173,8),(2915,NULL,NULL,NULL,NULL,3,NULL,NULL,NULL,NULL,173,23),(2916,NULL,NULL,NULL,NULL,6,NULL,NULL,NULL,NULL,173,24),(2917,NULL,NULL,'mo-1010-variant-4-6',NULL,NULL,NULL,NULL,NULL,NULL,174,1),(2918,'en','default','small-black',NULL,NULL,NULL,NULL,NULL,NULL,174,2),(2919,NULL,NULL,NULL,NULL,NULL,1000.0000,NULL,NULL,NULL,174,11),(2920,NULL,NULL,'0',NULL,NULL,NULL,NULL,NULL,NULL,174,22),(2921,NULL,NULL,NULL,1,NULL,NULL,NULL,NULL,NULL,174,8),(2922,NULL,NULL,NULL,NULL,4,NULL,NULL,NULL,NULL,174,23),(2923,NULL,NULL,NULL,NULL,6,NULL,NULL,NULL,NULL,174,24),(2924,NULL,NULL,'mo-1010-variant-5-6',NULL,NULL,NULL,NULL,NULL,NULL,175,1),(2925,'en','default','small-white',NULL,NULL,NULL,NULL,NULL,NULL,175,2),(2926,NULL,NULL,NULL,NULL,NULL,500.0000,NULL,NULL,NULL,175,11),(2927,NULL,NULL,'0',NULL,NULL,NULL,NULL,NULL,NULL,175,22),(2928,NULL,NULL,NULL,1,NULL,NULL,NULL,NULL,NULL,175,8),(2929,NULL,NULL,NULL,NULL,5,NULL,NULL,NULL,NULL,175,23),(2930,NULL,NULL,NULL,NULL,6,NULL,NULL,NULL,NULL,175,24),(2931,NULL,NULL,'mo-1010-variant-1-7',NULL,NULL,NULL,NULL,NULL,NULL,176,1),(2932,'en','default','medium-red',NULL,NULL,NULL,NULL,NULL,NULL,176,2),(2933,NULL,NULL,NULL,NULL,NULL,800.0000,NULL,NULL,NULL,176,11),(2934,NULL,NULL,'0',NULL,NULL,NULL,NULL,NULL,NULL,176,22),(2935,NULL,NULL,NULL,1,NULL,NULL,NULL,NULL,NULL,176,8),(2936,NULL,NULL,NULL,NULL,1,NULL,NULL,NULL,NULL,176,23),(2937,NULL,NULL,NULL,NULL,7,NULL,NULL,NULL,NULL,176,24),(2938,NULL,NULL,'mo-1010-variant-1-8',NULL,NULL,NULL,NULL,NULL,NULL,177,1),(2939,'en','default','lage-red',NULL,NULL,NULL,NULL,NULL,NULL,177,2),(2940,NULL,NULL,NULL,NULL,NULL,500.0000,NULL,NULL,NULL,177,11),(2941,NULL,NULL,'0',NULL,NULL,NULL,NULL,NULL,NULL,177,22),(2942,NULL,NULL,NULL,1,NULL,NULL,NULL,NULL,NULL,177,8),(2943,NULL,NULL,NULL,NULL,1,NULL,NULL,NULL,NULL,177,23),(2944,NULL,NULL,NULL,NULL,8,NULL,NULL,NULL,NULL,177,24),(2945,NULL,NULL,'mo-1010-variant-1-9',NULL,NULL,NULL,NULL,NULL,NULL,178,1),(2946,'en','default','extralarge-red',NULL,NULL,NULL,NULL,NULL,NULL,178,2),(2947,NULL,NULL,NULL,NULL,NULL,500.0000,NULL,NULL,NULL,178,11),(2948,NULL,NULL,'0',NULL,NULL,NULL,NULL,NULL,NULL,178,22),(2949,NULL,NULL,NULL,1,NULL,NULL,NULL,NULL,NULL,178,8),(2950,NULL,NULL,NULL,NULL,1,NULL,NULL,NULL,NULL,178,23),(2951,NULL,NULL,NULL,NULL,9,NULL,NULL,NULL,NULL,178,24),(2952,NULL,NULL,'mo-1010-variant-2-7',NULL,NULL,NULL,NULL,NULL,NULL,179,1),(2953,'en','default','medium-green',NULL,NULL,NULL,NULL,NULL,NULL,179,2),(2954,NULL,NULL,NULL,NULL,NULL,500.0000,NULL,NULL,NULL,179,11),(2955,NULL,NULL,'0',NULL,NULL,NULL,NULL,NULL,NULL,179,22),(2956,NULL,NULL,NULL,1,NULL,NULL,NULL,NULL,NULL,179,8),(2957,NULL,NULL,NULL,NULL,2,NULL,NULL,NULL,NULL,179,23),(2958,NULL,NULL,NULL,NULL,7,NULL,NULL,NULL,NULL,179,24),(2959,NULL,NULL,'mo-1010-variant-2-8',NULL,NULL,NULL,NULL,NULL,NULL,180,1),(2960,'en','default','large-green',NULL,NULL,NULL,NULL,NULL,NULL,180,2),(2961,NULL,NULL,NULL,NULL,NULL,500.0000,NULL,NULL,NULL,180,11),(2962,NULL,NULL,'0',NULL,NULL,NULL,NULL,NULL,NULL,180,22),(2963,NULL,NULL,NULL,1,NULL,NULL,NULL,NULL,NULL,180,8),(2964,NULL,NULL,NULL,NULL,2,NULL,NULL,NULL,NULL,180,23),(2965,NULL,NULL,NULL,NULL,8,NULL,NULL,NULL,NULL,180,24),(2966,NULL,NULL,'mo-1010-variant-2-9',NULL,NULL,NULL,NULL,NULL,NULL,181,1),(2967,'en','default','extralarge-green',NULL,NULL,NULL,NULL,NULL,NULL,181,2),(2968,NULL,NULL,NULL,NULL,NULL,500.0000,NULL,NULL,NULL,181,11),(2969,NULL,NULL,'0',NULL,NULL,NULL,NULL,NULL,NULL,181,22),(2970,NULL,NULL,NULL,1,NULL,NULL,NULL,NULL,NULL,181,8),(2971,NULL,NULL,NULL,NULL,2,NULL,NULL,NULL,NULL,181,23),(2972,NULL,NULL,NULL,NULL,9,NULL,NULL,NULL,NULL,181,24),(2973,NULL,NULL,'mo-1010-variant-3-7',NULL,NULL,NULL,NULL,NULL,NULL,182,1),(2974,'en','default','medium-yellow',NULL,NULL,NULL,NULL,NULL,NULL,182,2),(2975,NULL,NULL,NULL,NULL,NULL,500.0000,NULL,NULL,NULL,182,11),(2976,NULL,NULL,'0',NULL,NULL,NULL,NULL,NULL,NULL,182,22),(2977,NULL,NULL,NULL,1,NULL,NULL,NULL,NULL,NULL,182,8),(2978,NULL,NULL,NULL,NULL,3,NULL,NULL,NULL,NULL,182,23),(2979,NULL,NULL,NULL,NULL,7,NULL,NULL,NULL,NULL,182,24),(2980,NULL,NULL,'mo-1010-variant-3-8',NULL,NULL,NULL,NULL,NULL,NULL,183,1),(2981,'en','default','large-yellow',NULL,NULL,NULL,NULL,NULL,NULL,183,2),(2982,NULL,NULL,NULL,NULL,NULL,500.0000,NULL,NULL,NULL,183,11),(2983,NULL,NULL,'0',NULL,NULL,NULL,NULL,NULL,NULL,183,22),(2984,NULL,NULL,NULL,1,NULL,NULL,NULL,NULL,NULL,183,8),(2985,NULL,NULL,NULL,NULL,3,NULL,NULL,NULL,NULL,183,23),(2986,NULL,NULL,NULL,NULL,8,NULL,NULL,NULL,NULL,183,24),(2987,NULL,NULL,'mo-1010-variant-3-9',NULL,NULL,NULL,NULL,NULL,NULL,184,1),(2988,'en','default','extralarge-yellow',NULL,NULL,NULL,NULL,NULL,NULL,184,2),(2989,NULL,NULL,NULL,NULL,NULL,500.0000,NULL,NULL,NULL,184,11),(2990,NULL,NULL,'0',NULL,NULL,NULL,NULL,NULL,NULL,184,22),(2991,NULL,NULL,NULL,1,NULL,NULL,NULL,NULL,NULL,184,8),(2992,NULL,NULL,NULL,NULL,3,NULL,NULL,NULL,NULL,184,23),(2993,NULL,NULL,NULL,NULL,9,NULL,NULL,NULL,NULL,184,24),(2994,NULL,NULL,'mo-1010-variant-4-7',NULL,NULL,NULL,NULL,NULL,NULL,185,1),(2995,'en','default','medium-black',NULL,NULL,NULL,NULL,NULL,NULL,185,2),(2996,NULL,NULL,NULL,NULL,NULL,500.0000,NULL,NULL,NULL,185,11),(2997,NULL,NULL,'0',NULL,NULL,NULL,NULL,NULL,NULL,185,22),(2998,NULL,NULL,NULL,1,NULL,NULL,NULL,NULL,NULL,185,8),(2999,NULL,NULL,NULL,NULL,4,NULL,NULL,NULL,NULL,185,23),(3000,NULL,NULL,NULL,NULL,7,NULL,NULL,NULL,NULL,185,24),(3001,NULL,NULL,'mo-1010-variant-4-8',NULL,NULL,NULL,NULL,NULL,NULL,186,1),(3002,'en','default','large-black',NULL,NULL,NULL,NULL,NULL,NULL,186,2),(3003,NULL,NULL,NULL,NULL,NULL,500.0000,NULL,NULL,NULL,186,11),(3004,NULL,NULL,'0',NULL,NULL,NULL,NULL,NULL,NULL,186,22),(3005,NULL,NULL,NULL,1,NULL,NULL,NULL,NULL,NULL,186,8),(3006,NULL,NULL,NULL,NULL,4,NULL,NULL,NULL,NULL,186,23),(3007,NULL,NULL,NULL,NULL,8,NULL,NULL,NULL,NULL,186,24),(3008,NULL,NULL,'mo-1010-variant-4-9',NULL,NULL,NULL,NULL,NULL,NULL,187,1),(3009,'en','default','extralarge-black',NULL,NULL,NULL,NULL,NULL,NULL,187,2),(3010,NULL,NULL,NULL,NULL,NULL,500.0000,NULL,NULL,NULL,187,11),(3011,NULL,NULL,'0',NULL,NULL,NULL,NULL,NULL,NULL,187,22),(3012,NULL,NULL,NULL,1,NULL,NULL,NULL,NULL,NULL,187,8),(3013,NULL,NULL,NULL,NULL,4,NULL,NULL,NULL,NULL,187,23),(3014,NULL,NULL,NULL,NULL,9,NULL,NULL,NULL,NULL,187,24),(3015,NULL,NULL,'mo-1010-variant-5-7',NULL,NULL,NULL,NULL,NULL,NULL,188,1),(3016,'en','default','medium-white',NULL,NULL,NULL,NULL,NULL,NULL,188,2),(3017,NULL,NULL,NULL,NULL,NULL,500.0000,NULL,NULL,NULL,188,11),(3018,NULL,NULL,'0',NULL,NULL,NULL,NULL,NULL,NULL,188,22),(3019,NULL,NULL,NULL,1,NULL,NULL,NULL,NULL,NULL,188,8),(3020,NULL,NULL,NULL,NULL,5,NULL,NULL,NULL,NULL,188,23),(3021,NULL,NULL,NULL,NULL,7,NULL,NULL,NULL,NULL,188,24),(3022,NULL,NULL,'mo-1010-variant-5-8',NULL,NULL,NULL,NULL,NULL,NULL,189,1),(3023,'en','default','large-white',NULL,NULL,NULL,NULL,NULL,NULL,189,2),(3024,NULL,NULL,NULL,NULL,NULL,500.0000,NULL,NULL,NULL,189,11),(3025,NULL,NULL,'0',NULL,NULL,NULL,NULL,NULL,NULL,189,22),(3026,NULL,NULL,NULL,1,NULL,NULL,NULL,NULL,NULL,189,8),(3027,NULL,NULL,NULL,NULL,5,NULL,NULL,NULL,NULL,189,23),(3028,NULL,NULL,NULL,NULL,8,NULL,NULL,NULL,NULL,189,24),(3029,NULL,NULL,'mo-1010-variant-5-9',NULL,NULL,NULL,NULL,NULL,NULL,190,1),(3030,'en','default','extralarge-white',NULL,NULL,NULL,NULL,NULL,NULL,190,2),(3031,NULL,NULL,NULL,NULL,NULL,500.0000,NULL,NULL,NULL,190,11),(3032,NULL,NULL,'0',NULL,NULL,NULL,NULL,NULL,NULL,190,22),(3033,NULL,NULL,NULL,1,NULL,NULL,NULL,NULL,NULL,190,8),(3034,NULL,NULL,NULL,NULL,5,NULL,NULL,NULL,NULL,190,23),(3035,NULL,NULL,NULL,NULL,9,NULL,NULL,NULL,NULL,190,24),(3036,'en','default','<ul>\r\n<li>Dermopholic</li>\r\n<li>Perfect Elasticity</li>\r\n<li>Breathable Materials</li>\r\n<li>Durable</li>\r\n</ul>',NULL,NULL,NULL,NULL,NULL,NULL,170,9),(3037,'en','default','<div class=\"page\" title=\"Page 4\">\r\n<div class=\"section\">\r\n<div class=\"layoutArea\">\r\n<div class=\"column\">\r\n<ul>\r\n<li><span style=\"font-size: 11pt; font-family: Swiss721BT; color: #373435;\">Made from high quality elastic materials </span></li>\r\n<li><span style=\"font-size: 11pt; font-family: Swiss721BT; color: #373435;\">Hook &amp; loop closures for proper fitting<br /></span></li>\r\n<li><span style=\"font-size: 11pt; font-family: Swiss721BT; color: #373435;\">Breathable and moisture transporting&nbsp;</span><span style=\"font-size: 11pt; font-family: Swiss721BT; color: #373435;\">weaving Simple and quick application</span></li>\r\n</ul>\r\n</div>\r\n</div>\r\n</div>\r\n</div>',NULL,NULL,NULL,NULL,NULL,NULL,170,10),(3038,NULL,NULL,'mo-1010',NULL,NULL,NULL,NULL,NULL,NULL,170,1),(3039,'en','default','Abdominal Belt 2',NULL,NULL,NULL,NULL,NULL,NULL,170,2),(3040,NULL,NULL,'abdominal-belt-2',NULL,NULL,NULL,NULL,NULL,NULL,170,3),(3041,NULL,'default',NULL,NULL,1,NULL,NULL,NULL,NULL,170,4),(3042,NULL,NULL,NULL,1,NULL,NULL,NULL,NULL,NULL,170,5),(3043,NULL,NULL,NULL,1,NULL,NULL,NULL,NULL,NULL,170,6),(3044,NULL,NULL,NULL,1,NULL,NULL,NULL,NULL,NULL,170,7),(3045,NULL,NULL,NULL,1,NULL,NULL,NULL,NULL,NULL,170,8),(3046,NULL,NULL,NULL,NULL,20,NULL,NULL,NULL,NULL,170,25),(3047,NULL,NULL,NULL,1,NULL,NULL,NULL,NULL,NULL,170,26),(3048,NULL,NULL,NULL,0,NULL,NULL,NULL,NULL,NULL,170,31),(3049,'en','default','Abdominal Belt 2',NULL,NULL,NULL,NULL,NULL,NULL,170,16),(3050,'en','default','Abdominal Belt, Abdominal Belt 2,Belt',NULL,NULL,NULL,NULL,NULL,NULL,170,17),(3051,'en','default','Abdominal Belt Description',NULL,NULL,NULL,NULL,NULL,NULL,170,18),(3052,NULL,NULL,NULL,0,NULL,NULL,NULL,NULL,NULL,91,31),(3053,'en','default','<p>extralarge-white</p>',NULL,NULL,NULL,NULL,NULL,NULL,190,9),(3054,'en','default','<p>extralarge-white</p>',NULL,NULL,NULL,NULL,NULL,NULL,190,10),(3055,NULL,NULL,'extralarge-white',NULL,NULL,NULL,NULL,NULL,NULL,190,3),(3056,NULL,'default',NULL,NULL,0,NULL,NULL,NULL,NULL,190,4),(3057,NULL,NULL,NULL,0,NULL,NULL,NULL,NULL,NULL,190,5),(3058,NULL,NULL,NULL,0,NULL,NULL,NULL,NULL,NULL,190,6),(3059,NULL,NULL,NULL,0,NULL,NULL,NULL,NULL,NULL,190,7),(3060,NULL,NULL,NULL,NULL,12,NULL,NULL,NULL,NULL,190,25),(3061,NULL,NULL,NULL,1,NULL,NULL,NULL,NULL,NULL,190,26),(3062,NULL,NULL,NULL,0,NULL,NULL,NULL,NULL,NULL,190,31),(3063,NULL,'default',NULL,NULL,NULL,NULL,NULL,NULL,NULL,190,12),(3064,NULL,NULL,NULL,NULL,NULL,NULL,NULL,NULL,NULL,190,13),(3065,NULL,'default',NULL,NULL,NULL,NULL,NULL,NULL,NULL,190,14),(3066,NULL,'default',NULL,NULL,NULL,NULL,NULL,NULL,NULL,190,15),(3067,'en','default','',NULL,NULL,NULL,NULL,NULL,NULL,190,16),(3068,'en','default','',NULL,NULL,NULL,NULL,NULL,NULL,190,17),(3069,'en','default','',NULL,NULL,NULL,NULL,NULL,NULL,190,18),(3070,NULL,NULL,'',NULL,NULL,NULL,NULL,NULL,NULL,190,19),(3071,NULL,NULL,'',NULL,NULL,NULL,NULL,NULL,NULL,190,20),(3072,NULL,NULL,'',NULL,NULL,NULL,NULL,NULL,NULL,190,21),(3073,NULL,NULL,'zbdfm123-variant-1-6',NULL,NULL,NULL,NULL,NULL,NULL,192,1),(3074,'en','default','zbdfm123-red',NULL,NULL,NULL,NULL,NULL,NULL,192,2),(3075,NULL,NULL,NULL,NULL,NULL,200.0000,NULL,NULL,NULL,192,11),(3076,NULL,NULL,'0',NULL,NULL,NULL,NULL,NULL,NULL,192,22),(3077,NULL,NULL,NULL,1,NULL,NULL,NULL,NULL,NULL,192,8),(3078,NULL,NULL,NULL,NULL,1,NULL,NULL,NULL,NULL,192,23),(3079,NULL,NULL,NULL,NULL,6,NULL,NULL,NULL,NULL,192,24),(3080,NULL,NULL,'zbdfm123-variant-2-6',NULL,NULL,NULL,NULL,NULL,NULL,193,1),(3081,'en','default','zbdfm123-green',NULL,NULL,NULL,NULL,NULL,NULL,193,2),(3082,NULL,NULL,NULL,NULL,NULL,100.0000,NULL,NULL,NULL,193,11),(3083,NULL,NULL,'0',NULL,NULL,NULL,NULL,NULL,NULL,193,22),(3084,NULL,NULL,NULL,1,NULL,NULL,NULL,NULL,NULL,193,8),(3085,NULL,NULL,NULL,NULL,2,NULL,NULL,NULL,NULL,193,23),(3086,NULL,NULL,NULL,NULL,6,NULL,NULL,NULL,NULL,193,24),(3087,NULL,NULL,'zbdfm123-variant-3-6',NULL,NULL,NULL,NULL,NULL,NULL,194,1),(3088,'en','default','zbdfm123-yellow',NULL,NULL,NULL,NULL,NULL,NULL,194,2),(3089,NULL,NULL,NULL,NULL,NULL,44.0000,NULL,NULL,NULL,194,11),(3090,NULL,NULL,'0',NULL,NULL,NULL,NULL,NULL,NULL,194,22),(3091,NULL,NULL,NULL,1,NULL,NULL,NULL,NULL,NULL,194,8),(3092,NULL,NULL,NULL,NULL,3,NULL,NULL,NULL,NULL,194,23),(3093,NULL,NULL,NULL,NULL,6,NULL,NULL,NULL,NULL,194,24),(3094,NULL,NULL,'zbdfm123-variant-4-6',NULL,NULL,NULL,NULL,NULL,NULL,195,1),(3095,'en','default','zbdfm123-black',NULL,NULL,NULL,NULL,NULL,NULL,195,2),(3096,NULL,NULL,NULL,NULL,NULL,0.0000,NULL,NULL,NULL,195,11),(3097,NULL,NULL,'0',NULL,NULL,NULL,NULL,NULL,NULL,195,22),(3098,NULL,NULL,NULL,1,NULL,NULL,NULL,NULL,NULL,195,8),(3099,NULL,NULL,NULL,NULL,4,NULL,NULL,NULL,NULL,195,23),(3100,NULL,NULL,NULL,NULL,6,NULL,NULL,NULL,NULL,195,24),(3101,NULL,NULL,'zbdfm123-variant-5-6',NULL,NULL,NULL,NULL,NULL,NULL,196,1),(3102,'en','default','zbdfm123-white',NULL,NULL,NULL,NULL,NULL,NULL,196,2),(3103,NULL,NULL,NULL,NULL,NULL,0.0000,NULL,NULL,NULL,196,11),(3104,NULL,NULL,'0',NULL,NULL,NULL,NULL,NULL,NULL,196,22),(3105,NULL,NULL,NULL,1,NULL,NULL,NULL,NULL,NULL,196,8),(3106,NULL,NULL,NULL,NULL,5,NULL,NULL,NULL,NULL,196,23),(3107,NULL,NULL,NULL,NULL,6,NULL,NULL,NULL,NULL,196,24),(3108,NULL,NULL,'zbdfm123-variant-1-7',NULL,NULL,NULL,NULL,NULL,NULL,197,1),(3109,'en','default','zbdfm123-red',NULL,NULL,NULL,NULL,NULL,NULL,197,2),(3110,NULL,NULL,NULL,NULL,NULL,0.0000,NULL,NULL,NULL,197,11),(3111,NULL,NULL,'0',NULL,NULL,NULL,NULL,NULL,NULL,197,22),(3112,NULL,NULL,NULL,1,NULL,NULL,NULL,NULL,NULL,197,8),(3113,NULL,NULL,NULL,NULL,1,NULL,NULL,NULL,NULL,197,23),(3114,NULL,NULL,NULL,NULL,7,NULL,NULL,NULL,NULL,197,24),(3115,NULL,NULL,'zbdfm123-variant-1-8',NULL,NULL,NULL,NULL,NULL,NULL,198,1),(3116,'en','default','zbdfm123-red',NULL,NULL,NULL,NULL,NULL,NULL,198,2),(3117,NULL,NULL,NULL,NULL,NULL,0.0000,NULL,NULL,NULL,198,11),(3118,NULL,NULL,'0',NULL,NULL,NULL,NULL,NULL,NULL,198,22),(3119,NULL,NULL,NULL,1,NULL,NULL,NULL,NULL,NULL,198,8),(3120,NULL,NULL,NULL,NULL,1,NULL,NULL,NULL,NULL,198,23),(3121,NULL,NULL,NULL,NULL,8,NULL,NULL,NULL,NULL,198,24),(3122,NULL,NULL,'zbdfm123-variant-1-9',NULL,NULL,NULL,NULL,NULL,NULL,199,1),(3123,'en','default','zbdfm123-red',NULL,NULL,NULL,NULL,NULL,NULL,199,2),(3124,NULL,NULL,NULL,NULL,NULL,0.0000,NULL,NULL,NULL,199,11),(3125,NULL,NULL,'0',NULL,NULL,NULL,NULL,NULL,NULL,199,22),(3126,NULL,NULL,NULL,1,NULL,NULL,NULL,NULL,NULL,199,8),(3127,NULL,NULL,NULL,NULL,1,NULL,NULL,NULL,NULL,199,23),(3128,NULL,NULL,NULL,NULL,9,NULL,NULL,NULL,NULL,199,24),(3129,NULL,NULL,'zbdfm123-variant-2-7',NULL,NULL,NULL,NULL,NULL,NULL,200,1),(3130,'en','default','zbdfm123-green',NULL,NULL,NULL,NULL,NULL,NULL,200,2),(3131,NULL,NULL,NULL,NULL,NULL,0.0000,NULL,NULL,NULL,200,11),(3132,NULL,NULL,'0',NULL,NULL,NULL,NULL,NULL,NULL,200,22),(3133,NULL,NULL,NULL,1,NULL,NULL,NULL,NULL,NULL,200,8),(3134,NULL,NULL,NULL,NULL,2,NULL,NULL,NULL,NULL,200,23),(3135,NULL,NULL,NULL,NULL,7,NULL,NULL,NULL,NULL,200,24),(3136,NULL,NULL,'zbdfm123-variant-2-8',NULL,NULL,NULL,NULL,NULL,NULL,201,1),(3137,'en','default','zbdfm123-green',NULL,NULL,NULL,NULL,NULL,NULL,201,2),(3138,NULL,NULL,NULL,NULL,NULL,0.0000,NULL,NULL,NULL,201,11),(3139,NULL,NULL,'0',NULL,NULL,NULL,NULL,NULL,NULL,201,22),(3140,NULL,NULL,NULL,1,NULL,NULL,NULL,NULL,NULL,201,8),(3141,NULL,NULL,NULL,NULL,2,NULL,NULL,NULL,NULL,201,23),(3142,NULL,NULL,NULL,NULL,8,NULL,NULL,NULL,NULL,201,24),(3143,NULL,NULL,'zbdfm123-variant-2-9',NULL,NULL,NULL,NULL,NULL,NULL,202,1),(3144,'en','default','zbdfm123-green',NULL,NULL,NULL,NULL,NULL,NULL,202,2),(3145,NULL,NULL,NULL,NULL,NULL,0.0000,NULL,NULL,NULL,202,11),(3146,NULL,NULL,'0',NULL,NULL,NULL,NULL,NULL,NULL,202,22),(3147,NULL,NULL,NULL,1,NULL,NULL,NULL,NULL,NULL,202,8),(3148,NULL,NULL,NULL,NULL,2,NULL,NULL,NULL,NULL,202,23),(3149,NULL,NULL,NULL,NULL,9,NULL,NULL,NULL,NULL,202,24),(3150,NULL,NULL,'zbdfm123-variant-3-7',NULL,NULL,NULL,NULL,NULL,NULL,203,1),(3151,'en','default','zbdfm123-green',NULL,NULL,NULL,NULL,NULL,NULL,203,2),(3152,NULL,NULL,NULL,NULL,NULL,0.0000,NULL,NULL,NULL,203,11),(3153,NULL,NULL,'0',NULL,NULL,NULL,NULL,NULL,NULL,203,22),(3154,NULL,NULL,NULL,1,NULL,NULL,NULL,NULL,NULL,203,8),(3155,NULL,NULL,NULL,NULL,3,NULL,NULL,NULL,NULL,203,23),(3156,NULL,NULL,NULL,NULL,7,NULL,NULL,NULL,NULL,203,24),(3157,NULL,NULL,'zbdfm123-variant-3-8',NULL,NULL,NULL,NULL,NULL,NULL,204,1),(3158,'en','default','zbdfm123-green',NULL,NULL,NULL,NULL,NULL,NULL,204,2),(3159,NULL,NULL,NULL,NULL,NULL,0.0000,NULL,NULL,NULL,204,11),(3160,NULL,NULL,'0',NULL,NULL,NULL,NULL,NULL,NULL,204,22),(3161,NULL,NULL,NULL,1,NULL,NULL,NULL,NULL,NULL,204,8),(3162,NULL,NULL,NULL,NULL,3,NULL,NULL,NULL,NULL,204,23),(3163,NULL,NULL,NULL,NULL,8,NULL,NULL,NULL,NULL,204,24),(3164,NULL,NULL,'zbdfm123-variant-3-9',NULL,NULL,NULL,NULL,NULL,NULL,205,1),(3165,'en','default','zbdfm123-green',NULL,NULL,NULL,NULL,NULL,NULL,205,2),(3166,NULL,NULL,NULL,NULL,NULL,0.0000,NULL,NULL,NULL,205,11),(3167,NULL,NULL,'0',NULL,NULL,NULL,NULL,NULL,NULL,205,22),(3168,NULL,NULL,NULL,1,NULL,NULL,NULL,NULL,NULL,205,8),(3169,NULL,NULL,NULL,NULL,3,NULL,NULL,NULL,NULL,205,23),(3170,NULL,NULL,NULL,NULL,9,NULL,NULL,NULL,NULL,205,24),(3171,NULL,NULL,'zbdfm123-variant-4-7',NULL,NULL,NULL,NULL,NULL,NULL,206,1),(3172,'en','default','zbdfm123-green',NULL,NULL,NULL,NULL,NULL,NULL,206,2),(3173,NULL,NULL,NULL,NULL,NULL,0.0000,NULL,NULL,NULL,206,11),(3174,NULL,NULL,'0',NULL,NULL,NULL,NULL,NULL,NULL,206,22),(3175,NULL,NULL,NULL,1,NULL,NULL,NULL,NULL,NULL,206,8),(3176,NULL,NULL,NULL,NULL,4,NULL,NULL,NULL,NULL,206,23),(3177,NULL,NULL,NULL,NULL,7,NULL,NULL,NULL,NULL,206,24),(3178,NULL,NULL,'zbdfm123-variant-4-8',NULL,NULL,NULL,NULL,NULL,NULL,207,1),(3179,'en','default','zbdfm123-green',NULL,NULL,NULL,NULL,NULL,NULL,207,2),(3180,NULL,NULL,NULL,NULL,NULL,0.0000,NULL,NULL,NULL,207,11),(3181,NULL,NULL,'0',NULL,NULL,NULL,NULL,NULL,NULL,207,22),(3182,NULL,NULL,NULL,1,NULL,NULL,NULL,NULL,NULL,207,8),(3183,NULL,NULL,NULL,NULL,4,NULL,NULL,NULL,NULL,207,23),(3184,NULL,NULL,NULL,NULL,8,NULL,NULL,NULL,NULL,207,24),(3185,NULL,NULL,'zbdfm123-variant-4-9',NULL,NULL,NULL,NULL,NULL,NULL,208,1),(3186,'en','default','zbdfm123-green',NULL,NULL,NULL,NULL,NULL,NULL,208,2),(3187,NULL,NULL,NULL,NULL,NULL,0.0000,NULL,NULL,NULL,208,11),(3188,NULL,NULL,'0',NULL,NULL,NULL,NULL,NULL,NULL,208,22),(3189,NULL,NULL,NULL,1,NULL,NULL,NULL,NULL,NULL,208,8),(3190,NULL,NULL,NULL,NULL,4,NULL,NULL,NULL,NULL,208,23),(3191,NULL,NULL,NULL,NULL,9,NULL,NULL,NULL,NULL,208,24),(3192,NULL,NULL,'zbdfm123-variant-5-7',NULL,NULL,NULL,NULL,NULL,NULL,209,1),(3193,'en','default','zbdfm123-green',NULL,NULL,NULL,NULL,NULL,NULL,209,2),(3194,NULL,NULL,NULL,NULL,NULL,0.0000,NULL,NULL,NULL,209,11),(3195,NULL,NULL,'0',NULL,NULL,NULL,NULL,NULL,NULL,209,22),(3196,NULL,NULL,NULL,1,NULL,NULL,NULL,NULL,NULL,209,8),(3197,NULL,NULL,NULL,NULL,5,NULL,NULL,NULL,NULL,209,23),(3198,NULL,NULL,NULL,NULL,7,NULL,NULL,NULL,NULL,209,24),(3199,NULL,NULL,'zbdfm123-variant-5-8',NULL,NULL,NULL,NULL,NULL,NULL,210,1),(3200,'en','default','zbdfm123-green',NULL,NULL,NULL,NULL,NULL,NULL,210,2),(3201,NULL,NULL,NULL,NULL,NULL,0.0000,NULL,NULL,NULL,210,11),(3202,NULL,NULL,'0',NULL,NULL,NULL,NULL,NULL,NULL,210,22),(3203,NULL,NULL,NULL,1,NULL,NULL,NULL,NULL,NULL,210,8),(3204,NULL,NULL,NULL,NULL,5,NULL,NULL,NULL,NULL,210,23),(3205,NULL,NULL,NULL,NULL,8,NULL,NULL,NULL,NULL,210,24),(3206,NULL,NULL,'zbdfm123-variant-5-9',NULL,NULL,NULL,NULL,NULL,NULL,211,1),(3207,'en','default','zbdfm123-green',NULL,NULL,NULL,NULL,NULL,NULL,211,2),(3208,NULL,NULL,NULL,NULL,NULL,0.0000,NULL,NULL,NULL,211,11),(3209,NULL,NULL,'0',NULL,NULL,NULL,NULL,NULL,NULL,211,22),(3210,NULL,NULL,NULL,1,NULL,NULL,NULL,NULL,NULL,211,8),(3211,NULL,NULL,NULL,NULL,5,NULL,NULL,NULL,NULL,211,23),(3212,NULL,NULL,NULL,NULL,9,NULL,NULL,NULL,NULL,211,24),(3213,'en','default','<ul>\r\n<li class=\"col-md-3\">\r\n<div class=\"content-wrap\">flexible</div>\r\n</li>\r\n<li class=\"col-md-3\">\r\n<div class=\"content-wrap\">duarble</div>\r\n</li>\r\n<li class=\"col-md-3\">\r\n<div class=\"content-wrap\">elastci</div>\r\n</li>\r\n</ul>',NULL,NULL,NULL,NULL,NULL,NULL,191,9),(3214,'en','default','<p>This is good product</p>',NULL,NULL,NULL,NULL,NULL,NULL,191,10),(3215,NULL,NULL,'zbdfm123',NULL,NULL,NULL,NULL,NULL,NULL,191,1),(3216,'en','default','Secure Disposable Mask',NULL,NULL,NULL,NULL,NULL,NULL,191,2),(3217,NULL,NULL,'secure-disposable-mask',NULL,NULL,NULL,NULL,NULL,NULL,191,3),(3218,NULL,'default',NULL,NULL,1,NULL,NULL,NULL,NULL,191,4),(3219,NULL,NULL,NULL,0,NULL,NULL,NULL,NULL,NULL,191,5),(3220,NULL,NULL,NULL,0,NULL,NULL,NULL,NULL,NULL,191,6),(3221,NULL,NULL,NULL,1,NULL,NULL,NULL,NULL,NULL,191,7),(3222,NULL,NULL,NULL,1,NULL,NULL,NULL,NULL,NULL,191,8),(3223,NULL,NULL,NULL,NULL,20,NULL,NULL,NULL,NULL,191,25),(3224,NULL,NULL,NULL,1,NULL,NULL,NULL,NULL,NULL,191,26),(3225,NULL,NULL,NULL,0,NULL,NULL,NULL,NULL,NULL,191,31),(3226,'en','default','disposable mask',NULL,NULL,NULL,NULL,NULL,NULL,191,16),(3227,'en','default','disposable, mask, disposable mask',NULL,NULL,NULL,NULL,NULL,NULL,191,17),(3228,'en','default','disposable, mask, disposable mask',NULL,NULL,NULL,NULL,NULL,NULL,191,18),(3229,NULL,NULL,NULL,1,NULL,NULL,NULL,NULL,NULL,88,31),(3230,NULL,NULL,'zpdtm3e-variant-6',NULL,NULL,NULL,NULL,NULL,NULL,213,1),(3231,'en','default','',NULL,NULL,NULL,NULL,NULL,NULL,213,2),(3232,NULL,NULL,NULL,NULL,NULL,0.0000,NULL,NULL,NULL,213,11),(3233,NULL,NULL,'0',NULL,NULL,NULL,NULL,NULL,NULL,213,22),(3234,NULL,NULL,NULL,1,NULL,NULL,NULL,NULL,NULL,213,8),(3235,NULL,NULL,NULL,NULL,6,NULL,NULL,NULL,NULL,213,24),(3236,NULL,NULL,'zpdtm3e-variant-7',NULL,NULL,NULL,NULL,NULL,NULL,214,1),(3237,'en','default','',NULL,NULL,NULL,NULL,NULL,NULL,214,2),(3238,NULL,NULL,NULL,NULL,NULL,0.0000,NULL,NULL,NULL,214,11),(3239,NULL,NULL,'0',NULL,NULL,NULL,NULL,NULL,NULL,214,22),(3240,NULL,NULL,NULL,1,NULL,NULL,NULL,NULL,NULL,214,8),(3241,NULL,NULL,NULL,NULL,7,NULL,NULL,NULL,NULL,214,24),(3242,NULL,NULL,'zpdtm3e-variant-8',NULL,NULL,NULL,NULL,NULL,NULL,215,1),(3243,'en','default','',NULL,NULL,NULL,NULL,NULL,NULL,215,2),(3244,NULL,NULL,NULL,NULL,NULL,0.0000,NULL,NULL,NULL,215,11),(3245,NULL,NULL,'0',NULL,NULL,NULL,NULL,NULL,NULL,215,22),(3246,NULL,NULL,NULL,1,NULL,NULL,NULL,NULL,NULL,215,8),(3247,NULL,NULL,NULL,NULL,8,NULL,NULL,NULL,NULL,215,24),(3248,NULL,NULL,'zpdtm3e-variant-9',NULL,NULL,NULL,NULL,NULL,NULL,216,1),(3249,'en','default','',NULL,NULL,NULL,NULL,NULL,NULL,216,2),(3250,NULL,NULL,NULL,NULL,NULL,0.0000,NULL,NULL,NULL,216,11),(3251,NULL,NULL,'0',NULL,NULL,NULL,NULL,NULL,NULL,216,22),(3252,NULL,NULL,NULL,1,NULL,NULL,NULL,NULL,NULL,216,8),(3253,NULL,NULL,NULL,NULL,9,NULL,NULL,NULL,NULL,216,24);
/*!40000 ALTER TABLE `product_attribute_values` ENABLE KEYS */;
UNLOCK TABLES;

--
-- Table structure for table `product_bundle_option_products`
--

DROP TABLE IF EXISTS `product_bundle_option_products`;
/*!40101 SET @saved_cs_client     = @@character_set_client */;
/*!50503 SET character_set_client = utf8mb4 */;
CREATE TABLE `product_bundle_option_products` (
  `id` int unsigned NOT NULL AUTO_INCREMENT,
  `qty` int NOT NULL DEFAULT '0',
  `is_user_defined` tinyint(1) NOT NULL DEFAULT '1',
  `is_default` tinyint(1) NOT NULL DEFAULT '0',
  `sort_order` int NOT NULL DEFAULT '0',
  `product_bundle_option_id` int unsigned NOT NULL,
  `product_id` int unsigned NOT NULL,
  PRIMARY KEY (`id`),
  KEY `product_bundle_option_products_product_bundle_option_id_foreign` (`product_bundle_option_id`),
  KEY `product_bundle_option_products_product_id_foreign` (`product_id`),
  CONSTRAINT `product_bundle_option_products_product_bundle_option_id_foreign` FOREIGN KEY (`product_bundle_option_id`) REFERENCES `product_bundle_options` (`id`) ON DELETE CASCADE,
  CONSTRAINT `product_bundle_option_products_product_id_foreign` FOREIGN KEY (`product_id`) REFERENCES `products` (`id`) ON DELETE CASCADE
) ENGINE=InnoDB DEFAULT CHARSET=utf8mb4 COLLATE=utf8mb4_unicode_ci ROW_FORMAT=DYNAMIC;
/*!40101 SET character_set_client = @saved_cs_client */;

--
-- Dumping data for table `product_bundle_option_products`
--

LOCK TABLES `product_bundle_option_products` WRITE;
/*!40000 ALTER TABLE `product_bundle_option_products` DISABLE KEYS */;
/*!40000 ALTER TABLE `product_bundle_option_products` ENABLE KEYS */;
UNLOCK TABLES;

--
-- Table structure for table `product_bundle_option_translations`
--

DROP TABLE IF EXISTS `product_bundle_option_translations`;
/*!40101 SET @saved_cs_client     = @@character_set_client */;
/*!50503 SET character_set_client = utf8mb4 */;
CREATE TABLE `product_bundle_option_translations` (
  `id` int unsigned NOT NULL AUTO_INCREMENT,
  `locale` varchar(191) CHARACTER SET utf8mb4 COLLATE utf8mb4_unicode_ci NOT NULL,
  `label` text CHARACTER SET utf8mb4 COLLATE utf8mb4_unicode_ci,
  `product_bundle_option_id` int unsigned NOT NULL,
  PRIMARY KEY (`id`),
  UNIQUE KEY `product_bundle_option_translations_option_id_locale_unique` (`product_bundle_option_id`,`locale`),
  CONSTRAINT `product_bundle_option_translations_option_id_foreign` FOREIGN KEY (`product_bundle_option_id`) REFERENCES `product_bundle_options` (`id`) ON DELETE CASCADE
) ENGINE=InnoDB DEFAULT CHARSET=utf8mb4 COLLATE=utf8mb4_unicode_ci ROW_FORMAT=DYNAMIC;
/*!40101 SET character_set_client = @saved_cs_client */;

--
-- Dumping data for table `product_bundle_option_translations`
--

LOCK TABLES `product_bundle_option_translations` WRITE;
/*!40000 ALTER TABLE `product_bundle_option_translations` DISABLE KEYS */;
/*!40000 ALTER TABLE `product_bundle_option_translations` ENABLE KEYS */;
UNLOCK TABLES;

--
-- Table structure for table `product_bundle_options`
--

DROP TABLE IF EXISTS `product_bundle_options`;
/*!40101 SET @saved_cs_client     = @@character_set_client */;
/*!50503 SET character_set_client = utf8mb4 */;
CREATE TABLE `product_bundle_options` (
  `id` int unsigned NOT NULL AUTO_INCREMENT,
  `type` varchar(191) CHARACTER SET utf8mb4 COLLATE utf8mb4_unicode_ci NOT NULL,
  `is_required` tinyint(1) NOT NULL DEFAULT '1',
  `sort_order` int NOT NULL DEFAULT '0',
  `product_id` int unsigned NOT NULL,
  PRIMARY KEY (`id`),
  KEY `product_bundle_options_product_id_foreign` (`product_id`),
  CONSTRAINT `product_bundle_options_product_id_foreign` FOREIGN KEY (`product_id`) REFERENCES `products` (`id`) ON DELETE CASCADE
) ENGINE=InnoDB DEFAULT CHARSET=utf8mb4 COLLATE=utf8mb4_unicode_ci ROW_FORMAT=DYNAMIC;
/*!40101 SET character_set_client = @saved_cs_client */;

--
-- Dumping data for table `product_bundle_options`
--

LOCK TABLES `product_bundle_options` WRITE;
/*!40000 ALTER TABLE `product_bundle_options` DISABLE KEYS */;
/*!40000 ALTER TABLE `product_bundle_options` ENABLE KEYS */;
UNLOCK TABLES;

--
-- Table structure for table `product_categories`
--

DROP TABLE IF EXISTS `product_categories`;
/*!40101 SET @saved_cs_client     = @@character_set_client */;
/*!50503 SET character_set_client = utf8mb4 */;
CREATE TABLE `product_categories` (
  `product_id` int unsigned NOT NULL,
  `category_id` int unsigned NOT NULL,
  KEY `product_categories_product_id_foreign` (`product_id`),
  KEY `product_categories_category_id_foreign` (`category_id`),
  CONSTRAINT `product_categories_category_id_foreign` FOREIGN KEY (`category_id`) REFERENCES `categories` (`id`) ON DELETE CASCADE,
  CONSTRAINT `product_categories_product_id_foreign` FOREIGN KEY (`product_id`) REFERENCES `products` (`id`) ON DELETE CASCADE
) ENGINE=InnoDB DEFAULT CHARSET=utf8mb4 COLLATE=utf8mb4_unicode_ci ROW_FORMAT=DYNAMIC;
/*!40101 SET character_set_client = @saved_cs_client */;

--
-- Dumping data for table `product_categories`
--

LOCK TABLES `product_categories` WRITE;
/*!40000 ALTER TABLE `product_categories` DISABLE KEYS */;
INSERT INTO `product_categories` VALUES (1,1),(1,2),(23,3),(24,4),(24,1),(87,1),(87,5),(88,1),(88,5),(89,1),(89,5),(90,1),(90,5),(91,1),(91,5),(92,1),(92,5),(93,1),(93,5),(94,1),(94,5),(95,1),(95,5),(96,5),(97,5),(98,1),(98,5),(99,1),(99,5),(100,1),(100,5),(101,1),(101,5),(102,1),(102,5),(103,1),(103,5),(104,1),(104,5),(102,6),(102,7),(102,12),(102,13),(102,16),(99,6),(99,8),(99,12),(99,14),(96,6),(96,10),(96,12),(96,17),(96,19),(96,20),(96,22),(97,6),(97,11),(97,12),(97,18),(97,24),(97,25),(97,27),(96,34),(96,36),(96,37),(89,12),(89,14),(89,15),(89,34),(89,36),(89,37),(89,38),(104,24),(104,26),(104,27),(104,33),(104,34),(104,35),(104,38),(104,39),(104,40),(104,43),(104,44),(97,37),(97,38),(97,40),(108,10),(110,1),(110,45),(111,1),(111,12),(110,46),(108,46),(94,46),(89,46),(90,46),(88,46),(112,45),(112,47),(119,13),(122,28),(125,28),(126,28),(127,28),(128,28),(129,28),(130,28),(132,28),(133,50),(134,50),(135,51),(136,51),(137,51),(138,51),(139,51),(140,51),(142,52),(143,52),(144,52),(145,52),(146,52),(147,52),(148,52),(149,52),(151,52),(152,52),(154,52),(155,52),(157,29),(158,29),(159,29),(160,29),(161,29),(163,53),(164,53),(165,53),(166,53),(167,53),(168,53),(169,53),(141,52),(170,24),(170,28),(191,46);
/*!40000 ALTER TABLE `product_categories` ENABLE KEYS */;
UNLOCK TABLES;

--
-- Table structure for table `product_cross_sells`
--

DROP TABLE IF EXISTS `product_cross_sells`;
/*!40101 SET @saved_cs_client     = @@character_set_client */;
/*!50503 SET character_set_client = utf8mb4 */;
CREATE TABLE `product_cross_sells` (
  `parent_id` int unsigned NOT NULL,
  `child_id` int unsigned NOT NULL,
  KEY `product_cross_sells_parent_id_foreign` (`parent_id`),
  KEY `product_cross_sells_child_id_foreign` (`child_id`),
  CONSTRAINT `product_cross_sells_child_id_foreign` FOREIGN KEY (`child_id`) REFERENCES `products` (`id`) ON DELETE CASCADE,
  CONSTRAINT `product_cross_sells_parent_id_foreign` FOREIGN KEY (`parent_id`) REFERENCES `products` (`id`) ON DELETE CASCADE
) ENGINE=InnoDB DEFAULT CHARSET=utf8mb4 COLLATE=utf8mb4_unicode_ci ROW_FORMAT=DYNAMIC;
/*!40101 SET character_set_client = @saved_cs_client */;

--
-- Dumping data for table `product_cross_sells`
--

LOCK TABLES `product_cross_sells` WRITE;
/*!40000 ALTER TABLE `product_cross_sells` DISABLE KEYS */;
INSERT INTO `product_cross_sells` VALUES (88,91),(90,91),(99,88),(91,90),(108,103);
/*!40000 ALTER TABLE `product_cross_sells` ENABLE KEYS */;
UNLOCK TABLES;

--
-- Table structure for table `product_customer_group_prices`
--

DROP TABLE IF EXISTS `product_customer_group_prices`;
/*!40101 SET @saved_cs_client     = @@character_set_client */;
/*!50503 SET character_set_client = utf8mb4 */;
CREATE TABLE `product_customer_group_prices` (
  `id` bigint unsigned NOT NULL AUTO_INCREMENT,
  `qty` int NOT NULL DEFAULT '0',
  `value_type` varchar(191) CHARACTER SET utf8mb4 COLLATE utf8mb4_unicode_ci NOT NULL,
  `value` decimal(12,4) NOT NULL DEFAULT '0.0000',
  `product_id` int unsigned NOT NULL,
  `customer_group_id` int unsigned DEFAULT NULL,
  `created_at` timestamp NULL DEFAULT NULL,
  `updated_at` timestamp NULL DEFAULT NULL,
  PRIMARY KEY (`id`),
  KEY `product_customer_group_prices_product_id_foreign` (`product_id`),
  KEY `product_customer_group_prices_customer_group_id_foreign` (`customer_group_id`),
  CONSTRAINT `product_customer_group_prices_customer_group_id_foreign` FOREIGN KEY (`customer_group_id`) REFERENCES `customer_groups` (`id`) ON DELETE CASCADE,
  CONSTRAINT `product_customer_group_prices_product_id_foreign` FOREIGN KEY (`product_id`) REFERENCES `products` (`id`) ON DELETE CASCADE
) ENGINE=InnoDB AUTO_INCREMENT=51 DEFAULT CHARSET=utf8mb4 COLLATE=utf8mb4_unicode_ci ROW_FORMAT=DYNAMIC;
/*!40101 SET character_set_client = @saved_cs_client */;

--
-- Dumping data for table `product_customer_group_prices`
--

LOCK TABLES `product_customer_group_prices` WRITE;
/*!40000 ALTER TABLE `product_customer_group_prices` DISABLE KEYS */;
INSERT INTO `product_customer_group_prices` VALUES (2,101,'discount',203.0000,101,3,'2021-03-13 05:14:31','2021-03-13 05:19:58'),(3,20,'discount',10.0000,102,3,'2021-03-13 08:57:05','2021-03-15 05:39:27'),(4,20,'discount',20.0000,102,4,'2021-03-15 05:35:52','2021-03-15 05:39:27'),(5,5,'discount',5.0000,102,2,'2021-03-15 05:39:27','2021-03-15 05:39:27'),(6,2,'discount',2.0000,102,1,'2021-03-15 05:39:27','2021-03-15 05:39:27'),(7,20000,'fixed',7.0000,110,3,'2021-03-23 09:28:07','2021-03-23 09:28:07'),(8,0,'fixed',80.0000,112,NULL,'2021-04-05 07:41:22','2021-04-05 07:43:16'),(9,50,'discount',40.0000,119,4,'2021-04-19 10:44:43','2021-04-19 10:44:43'),(10,20,'fixed',450.0000,122,NULL,'2021-04-20 14:13:01','2021-04-21 03:53:20'),(11,5,'fixed',650.0000,125,NULL,'2021-04-22 12:36:00','2021-04-22 12:36:00'),(12,5,'fixed',530.0000,126,NULL,'2021-04-22 13:00:42','2021-04-22 13:00:42'),(13,10,'fixed',550.0000,127,NULL,'2021-04-22 15:37:32','2021-04-22 15:37:32'),(14,5,'fixed',1800.0000,128,NULL,'2021-04-22 15:56:35','2021-04-22 15:56:35'),(15,10,'fixed',700.0000,129,NULL,'2021-04-22 16:18:36','2021-04-22 16:18:36'),(16,10,'fixed',600.0000,130,NULL,'2021-04-22 16:32:22','2021-04-22 16:32:22'),(17,5,'fixed',700.0000,132,NULL,'2021-04-23 02:44:47','2021-04-23 02:44:47'),(18,5,'fixed',800.0000,133,NULL,'2021-04-23 03:02:53','2021-04-23 03:02:53'),(19,10,'fixed',1100.0000,134,NULL,'2021-04-23 03:14:51','2021-04-23 03:14:51'),(20,5,'fixed',500.0000,135,NULL,'2021-04-23 04:12:03','2021-04-23 04:12:03'),(21,10,'fixed',900.0000,136,NULL,'2021-04-23 04:23:42','2021-04-23 04:23:42'),(22,10,'fixed',700.0000,137,NULL,'2021-04-23 04:34:55','2021-04-23 04:34:55'),(23,10,'fixed',450.0000,138,NULL,'2021-04-23 04:48:07','2021-04-23 04:48:07'),(24,20,'fixed',1100.0000,139,NULL,'2021-04-23 05:01:37','2021-04-23 05:01:37'),(25,10,'fixed',500.0000,140,NULL,'2021-04-23 05:10:24','2021-04-23 05:10:24'),(26,20,'fixed',800.0000,141,NULL,'2021-04-23 06:30:06','2021-04-23 06:30:06'),(27,20,'fixed',950.0000,142,NULL,'2021-04-23 06:47:29','2021-04-23 06:47:29'),(28,20,'fixed',750.0000,143,NULL,'2021-04-23 07:03:27','2021-04-23 07:03:27'),(29,10,'fixed',1000.0000,144,NULL,'2021-04-23 07:14:29','2021-04-23 07:14:29'),(30,30,'fixed',700.0000,145,NULL,'2021-04-23 07:22:45','2021-04-23 07:22:45'),(31,20,'fixed',800.0000,146,NULL,'2021-04-23 07:35:09','2021-04-23 07:35:09'),(32,20,'fixed',800.0000,147,NULL,'2021-04-23 10:05:17','2021-04-23 10:05:17'),(33,30,'fixed',700.0000,148,NULL,'2021-04-23 10:14:35','2021-04-23 10:14:35'),(34,50,'fixed',500.0000,149,NULL,'2021-04-23 10:33:05','2021-04-23 10:33:05'),(35,30,'fixed',600.0000,151,NULL,'2021-04-24 12:28:56','2021-04-24 12:28:56'),(36,50,'fixed',600.0000,152,NULL,'2021-04-24 12:39:19','2021-04-24 12:39:19'),(37,20,'fixed',600.0000,154,NULL,'2021-04-26 04:49:43','2021-04-26 04:49:43'),(38,50,'fixed',550.0000,155,NULL,'2021-04-26 04:59:23','2021-04-26 04:59:23'),(39,50,'fixed',370.0000,157,NULL,'2021-04-26 05:56:57','2021-04-26 05:56:57'),(40,50,'fixed',500.0000,158,NULL,'2021-04-26 06:04:38','2021-04-26 06:04:38'),(41,50,'fixed',500.0000,159,NULL,'2021-04-26 06:11:27','2021-04-26 06:11:27'),(42,20,'fixed',470.0000,160,NULL,'2021-04-26 06:19:10','2021-04-26 06:19:10'),(43,50,'fixed',400.0000,161,NULL,'2021-04-26 06:27:40','2021-04-26 06:27:40'),(44,30,'fixed',1100.0000,163,NULL,'2021-04-26 11:13:26','2021-04-26 11:13:26'),(45,40,'fixed',1350.0000,164,NULL,'2021-04-26 11:21:18','2021-04-26 11:21:18'),(46,40,'fixed',1600.0000,165,NULL,'2021-04-26 11:33:12','2021-04-26 11:33:12'),(47,30,'fixed',700.0000,166,NULL,'2021-04-26 11:41:47','2021-04-26 11:41:47'),(48,50,'fixed',300.0000,167,NULL,'2021-04-26 11:49:32','2021-04-26 11:49:32'),(49,50,'fixed',400.0000,168,NULL,'2021-04-26 11:56:23','2021-04-26 11:56:23'),(50,50,'fixed',500.0000,169,NULL,'2021-04-26 12:02:27','2021-04-26 12:02:27');
/*!40000 ALTER TABLE `product_customer_group_prices` ENABLE KEYS */;
UNLOCK TABLES;

--
-- Table structure for table `product_downloadable_link_translations`
--

DROP TABLE IF EXISTS `product_downloadable_link_translations`;
/*!40101 SET @saved_cs_client     = @@character_set_client */;
/*!50503 SET character_set_client = utf8mb4 */;
CREATE TABLE `product_downloadable_link_translations` (
  `id` int unsigned NOT NULL AUTO_INCREMENT,
  `locale` varchar(191) CHARACTER SET utf8mb4 COLLATE utf8mb4_unicode_ci NOT NULL,
  `title` text CHARACTER SET utf8mb4 COLLATE utf8mb4_unicode_ci,
  `product_downloadable_link_id` int unsigned NOT NULL,
  PRIMARY KEY (`id`),
  KEY `link_translations_link_id_foreign` (`product_downloadable_link_id`),
  CONSTRAINT `link_translations_link_id_foreign` FOREIGN KEY (`product_downloadable_link_id`) REFERENCES `product_downloadable_links` (`id`) ON DELETE CASCADE
) ENGINE=InnoDB DEFAULT CHARSET=utf8mb4 COLLATE=utf8mb4_unicode_ci ROW_FORMAT=DYNAMIC;
/*!40101 SET character_set_client = @saved_cs_client */;

--
-- Dumping data for table `product_downloadable_link_translations`
--

LOCK TABLES `product_downloadable_link_translations` WRITE;
/*!40000 ALTER TABLE `product_downloadable_link_translations` DISABLE KEYS */;
/*!40000 ALTER TABLE `product_downloadable_link_translations` ENABLE KEYS */;
UNLOCK TABLES;

--
-- Table structure for table `product_downloadable_links`
--

DROP TABLE IF EXISTS `product_downloadable_links`;
/*!40101 SET @saved_cs_client     = @@character_set_client */;
/*!50503 SET character_set_client = utf8mb4 */;
CREATE TABLE `product_downloadable_links` (
  `id` int unsigned NOT NULL AUTO_INCREMENT,
  `url` varchar(191) CHARACTER SET utf8mb4 COLLATE utf8mb4_unicode_ci DEFAULT NULL,
  `file` varchar(191) CHARACTER SET utf8mb4 COLLATE utf8mb4_unicode_ci DEFAULT NULL,
  `file_name` varchar(191) CHARACTER SET utf8mb4 COLLATE utf8mb4_unicode_ci DEFAULT NULL,
  `type` varchar(191) CHARACTER SET utf8mb4 COLLATE utf8mb4_unicode_ci NOT NULL,
  `price` decimal(12,4) NOT NULL DEFAULT '0.0000',
  `sample_url` varchar(191) CHARACTER SET utf8mb4 COLLATE utf8mb4_unicode_ci DEFAULT NULL,
  `sample_file` varchar(191) CHARACTER SET utf8mb4 COLLATE utf8mb4_unicode_ci DEFAULT NULL,
  `sample_file_name` varchar(191) CHARACTER SET utf8mb4 COLLATE utf8mb4_unicode_ci DEFAULT NULL,
  `sample_type` varchar(191) CHARACTER SET utf8mb4 COLLATE utf8mb4_unicode_ci DEFAULT NULL,
  `downloads` int NOT NULL DEFAULT '0',
  `sort_order` int DEFAULT NULL,
  `product_id` int unsigned NOT NULL,
  `created_at` timestamp NULL DEFAULT NULL,
  `updated_at` timestamp NULL DEFAULT NULL,
  PRIMARY KEY (`id`),
  KEY `product_downloadable_links_product_id_foreign` (`product_id`),
  CONSTRAINT `product_downloadable_links_product_id_foreign` FOREIGN KEY (`product_id`) REFERENCES `products` (`id`) ON DELETE CASCADE
) ENGINE=InnoDB DEFAULT CHARSET=utf8mb4 COLLATE=utf8mb4_unicode_ci ROW_FORMAT=DYNAMIC;
/*!40101 SET character_set_client = @saved_cs_client */;

--
-- Dumping data for table `product_downloadable_links`
--

LOCK TABLES `product_downloadable_links` WRITE;
/*!40000 ALTER TABLE `product_downloadable_links` DISABLE KEYS */;
/*!40000 ALTER TABLE `product_downloadable_links` ENABLE KEYS */;
UNLOCK TABLES;

--
-- Table structure for table `product_downloadable_sample_translations`
--

DROP TABLE IF EXISTS `product_downloadable_sample_translations`;
/*!40101 SET @saved_cs_client     = @@character_set_client */;
/*!50503 SET character_set_client = utf8mb4 */;
CREATE TABLE `product_downloadable_sample_translations` (
  `id` int unsigned NOT NULL AUTO_INCREMENT,
  `locale` varchar(191) CHARACTER SET utf8mb4 COLLATE utf8mb4_unicode_ci NOT NULL,
  `title` text CHARACTER SET utf8mb4 COLLATE utf8mb4_unicode_ci,
  `product_downloadable_sample_id` int unsigned NOT NULL,
  PRIMARY KEY (`id`),
  KEY `sample_translations_sample_id_foreign` (`product_downloadable_sample_id`),
  CONSTRAINT `sample_translations_sample_id_foreign` FOREIGN KEY (`product_downloadable_sample_id`) REFERENCES `product_downloadable_samples` (`id`) ON DELETE CASCADE
) ENGINE=InnoDB DEFAULT CHARSET=utf8mb4 COLLATE=utf8mb4_unicode_ci ROW_FORMAT=DYNAMIC;
/*!40101 SET character_set_client = @saved_cs_client */;

--
-- Dumping data for table `product_downloadable_sample_translations`
--

LOCK TABLES `product_downloadable_sample_translations` WRITE;
/*!40000 ALTER TABLE `product_downloadable_sample_translations` DISABLE KEYS */;
/*!40000 ALTER TABLE `product_downloadable_sample_translations` ENABLE KEYS */;
UNLOCK TABLES;

--
-- Table structure for table `product_downloadable_samples`
--

DROP TABLE IF EXISTS `product_downloadable_samples`;
/*!40101 SET @saved_cs_client     = @@character_set_client */;
/*!50503 SET character_set_client = utf8mb4 */;
CREATE TABLE `product_downloadable_samples` (
  `id` int unsigned NOT NULL AUTO_INCREMENT,
  `url` varchar(191) CHARACTER SET utf8mb4 COLLATE utf8mb4_unicode_ci DEFAULT NULL,
  `file` varchar(191) CHARACTER SET utf8mb4 COLLATE utf8mb4_unicode_ci DEFAULT NULL,
  `file_name` varchar(191) CHARACTER SET utf8mb4 COLLATE utf8mb4_unicode_ci DEFAULT NULL,
  `type` varchar(191) CHARACTER SET utf8mb4 COLLATE utf8mb4_unicode_ci NOT NULL,
  `sort_order` int DEFAULT NULL,
  `product_id` int unsigned NOT NULL,
  `created_at` timestamp NULL DEFAULT NULL,
  `updated_at` timestamp NULL DEFAULT NULL,
  PRIMARY KEY (`id`),
  KEY `product_downloadable_samples_product_id_foreign` (`product_id`),
  CONSTRAINT `product_downloadable_samples_product_id_foreign` FOREIGN KEY (`product_id`) REFERENCES `products` (`id`) ON DELETE CASCADE
) ENGINE=InnoDB DEFAULT CHARSET=utf8mb4 COLLATE=utf8mb4_unicode_ci ROW_FORMAT=DYNAMIC;
/*!40101 SET character_set_client = @saved_cs_client */;

--
-- Dumping data for table `product_downloadable_samples`
--

LOCK TABLES `product_downloadable_samples` WRITE;
/*!40000 ALTER TABLE `product_downloadable_samples` DISABLE KEYS */;
/*!40000 ALTER TABLE `product_downloadable_samples` ENABLE KEYS */;
UNLOCK TABLES;

--
-- Table structure for table `product_flat`
--

DROP TABLE IF EXISTS `product_flat`;
/*!40101 SET @saved_cs_client     = @@character_set_client */;
/*!50503 SET character_set_client = utf8mb4 */;
CREATE TABLE `product_flat` (
  `id` int unsigned NOT NULL AUTO_INCREMENT,
  `sku` varchar(191) CHARACTER SET utf8mb4 COLLATE utf8mb4_unicode_ci NOT NULL,
  `name` varchar(191) CHARACTER SET utf8mb4 COLLATE utf8mb4_unicode_ci DEFAULT NULL,
  `description` text CHARACTER SET utf8mb4 COLLATE utf8mb4_unicode_ci,
  `url_key` varchar(191) CHARACTER SET utf8mb4 COLLATE utf8mb4_unicode_ci DEFAULT NULL,
  `new` tinyint(1) DEFAULT NULL,
  `featured` tinyint(1) DEFAULT NULL,
  `status` tinyint(1) DEFAULT NULL,
  `thumbnail` varchar(191) CHARACTER SET utf8mb4 COLLATE utf8mb4_unicode_ci DEFAULT NULL,
  `price` decimal(12,4) DEFAULT NULL,
  `cost` decimal(12,4) DEFAULT NULL,
  `special_price` decimal(12,4) DEFAULT NULL,
  `special_price_from` date DEFAULT NULL,
  `special_price_to` date DEFAULT NULL,
  `weight` decimal(12,4) DEFAULT NULL,
  `color` int DEFAULT NULL,
  `color_label` varchar(191) CHARACTER SET utf8mb4 COLLATE utf8mb4_unicode_ci DEFAULT NULL,
  `size` int DEFAULT NULL,
  `size_label` varchar(191) CHARACTER SET utf8mb4 COLLATE utf8mb4_unicode_ci DEFAULT NULL,
  `created_at` datetime DEFAULT NULL,
  `locale` varchar(191) CHARACTER SET utf8mb4 COLLATE utf8mb4_unicode_ci DEFAULT NULL,
  `channel` varchar(191) CHARACTER SET utf8mb4 COLLATE utf8mb4_unicode_ci DEFAULT NULL,
  `product_id` int unsigned NOT NULL,
  `updated_at` datetime DEFAULT NULL,
  `parent_id` int unsigned DEFAULT NULL,
  `visible_individually` tinyint(1) DEFAULT NULL,
  `min_price` decimal(12,4) DEFAULT NULL,
  `max_price` decimal(12,4) DEFAULT NULL,
  `short_description` text CHARACTER SET utf8mb4 COLLATE utf8mb4_unicode_ci,
  `meta_title` text CHARACTER SET utf8mb4 COLLATE utf8mb4_unicode_ci,
  `meta_keywords` text CHARACTER SET utf8mb4 COLLATE utf8mb4_unicode_ci,
  `meta_description` text CHARACTER SET utf8mb4 COLLATE utf8mb4_unicode_ci,
  `width` decimal(12,4) DEFAULT NULL,
  `height` decimal(12,4) DEFAULT NULL,
  `depth` decimal(12,4) DEFAULT NULL,
  `bulk` tinyint(1) DEFAULT NULL,
  `expirydate` date DEFAULT NULL,
  PRIMARY KEY (`id`),
  UNIQUE KEY `product_flat_unique_index` (`product_id`,`channel`,`locale`),
  KEY `product_flat_parent_id_foreign` (`parent_id`),
  CONSTRAINT `product_flat_parent_id_foreign` FOREIGN KEY (`parent_id`) REFERENCES `product_flat` (`id`) ON DELETE CASCADE,
  CONSTRAINT `product_flat_product_id_foreign` FOREIGN KEY (`product_id`) REFERENCES `products` (`id`) ON DELETE CASCADE
) ENGINE=InnoDB AUTO_INCREMENT=301 DEFAULT CHARSET=utf8mb4 COLLATE=utf8mb4_unicode_ci ROW_FORMAT=DYNAMIC;
/*!40101 SET character_set_client = @saved_cs_client */;

--
-- Dumping data for table `product_flat`
--

LOCK TABLES `product_flat` WRITE;
/*!40000 ALTER TABLE `product_flat` DISABLE KEYS */;
INSERT INTO `product_flat` VALUES (1,'ssd','Test Product','<p>Long desc</p>','test-product',1,0,1,NULL,100.0000,100.0000,NULL,NULL,NULL,100.0000,4,'Black',6,'S','2021-01-06 20:13:42','en','default',1,'2021-03-22 11:05:34',NULL,1,100.0000,100.0000,'<p>Short desc</p>','','','',0.0000,0.0000,0.0000,NULL,NULL),(23,'fgu','Tshirt','<p>Long Desc</p>','tshirt',1,0,1,NULL,500.0000,NULL,NULL,NULL,NULL,200.0000,1,'Red',6,'S','2021-01-07 15:53:40','en','default',23,'2021-03-22 11:05:17',NULL,1,500.0000,500.0000,'<p>Short desc</p>','','','',0.0000,0.0000,0.0000,NULL,NULL),(24,'sdff','Mac','<p>Long Desc</p>','mac',0,1,1,NULL,100000.0000,NULL,NULL,NULL,NULL,500.0000,4,'Black',6,'S','2021-01-09 21:31:00','en','default',24,'2021-03-22 11:05:04',NULL,1,100000.0000,100000.0000,'<p>Short Desc</p>','','','',0.0000,0.0000,0.0000,NULL,NULL),(87,'fgu',NULL,NULL,'tshirt',1,0,1,NULL,500.0000,NULL,NULL,NULL,NULL,200.0000,1,'Red',6,'','2021-01-07 15:53:40','fr','default',23,'2021-03-22 11:05:17',NULL,1,500.0000,500.0000,NULL,NULL,NULL,NULL,0.0000,0.0000,0.0000,NULL,NULL),(88,'fgu',NULL,NULL,'tshirt',1,0,1,NULL,500.0000,NULL,NULL,NULL,NULL,200.0000,1,'Red',6,'','2021-01-07 15:53:40','nl','default',23,'2021-03-22 11:05:17',NULL,1,500.0000,500.0000,NULL,NULL,NULL,NULL,0.0000,0.0000,0.0000,NULL,NULL),(89,'sdff',NULL,NULL,'mac',0,1,1,NULL,100000.0000,NULL,NULL,NULL,NULL,500.0000,4,'Black',6,'','2021-01-09 21:31:00','fr','default',24,'2021-03-22 11:05:04',NULL,1,100000.0000,100000.0000,NULL,NULL,NULL,NULL,0.0000,0.0000,0.0000,NULL,NULL),(90,'sdff',NULL,NULL,'mac',0,1,1,NULL,100000.0000,NULL,NULL,NULL,NULL,500.0000,4,'Black',6,'','2021-01-09 21:31:00','nl','default',24,'2021-03-22 11:05:04',NULL,1,100000.0000,100000.0000,NULL,NULL,NULL,NULL,0.0000,0.0000,0.0000,NULL,NULL),(99,'0101','Digital Thermometer','<p style=\"box-sizing: border-box; margin-top: 0px; margin-bottom: 1rem; color: #4f4f4f; font-family: \'Work Sans\', sans-serif;\">- The Niscomed Digital Thermometer is used to check the body temperature right from the comfort of your home</p>\r\n<p style=\"box-sizing: border-box; margin-top: 0px; margin-bottom: 1rem; color: #4f4f4f; font-family: \'Work Sans\', sans-serif;\">&nbsp;</p>\r\n<p style=\"box-sizing: border-box; margin-top: 0px; margin-bottom: 1rem; color: #4f4f4f; font-family: \'Work Sans\', sans-serif;\">- The digital thermometer from Niscomed has a fixed tip and is mercury-free</p>\r\n<p style=\"box-sizing: border-box; margin-top: 0px; margin-bottom: 1rem; color: #4f4f4f; font-family: \'Work Sans\', sans-serif;\">- This thermometer can be used for taking oral, rectal and axillary temperature</p>\r\n<p style=\"box-sizing: border-box; margin-top: 0px; margin-bottom: 1rem; color: #4f4f4f; font-family: \'Work Sans\', sans-serif;\">- In about a minute, it displays the temperature on its petite display</p>\r\n<p style=\"box-sizing: border-box; margin-top: 0px; margin-bottom: 1rem; color: #4f4f4f; font-family: \'Work Sans\', sans-serif;\">- This digital thermometer gives a beep sound when the measuring is done</p>\r\n<p style=\"box-sizing: border-box; margin-top: 0px; margin-bottom: 1rem; color: #4f4f4f; font-family: \'Work Sans\', sans-serif;\">- The device supports a large easy to read LCD display</p>\r\n<p style=\"box-sizing: border-box; margin-top: 0px; margin-bottom: 1rem; color: #4f4f4f; font-family: \'Work Sans\', sans-serif;\">- The thermometer comes with a low battery indicator</p>\r\n<p style=\"box-sizing: border-box; margin-top: 0px; margin-bottom: 1rem; color: #4f4f4f; font-family: \'Work Sans\', sans-serif;\">- Thermometers are used to measure fever in humans or tell you how cold it is outside. Made up of thermo (heat) and meter (measuring device), the meaning of the word thermometer is straightforward. Thermometers measure temperatures in degrees, according to either the Celsius or Fahrenheit system</p>','niscomed-dt-01-digital-thermometer---single',1,0,1,NULL,10.0000,NULL,NULL,NULL,NULL,0.0000,5,'White',6,'S','2021-01-23 11:34:00','en','default',87,'2021-02-13 10:47:26',NULL,1,10.0000,10.0000,'<p><span style=\"color: #4f4f4f; font-family: \'Work Sans\', sans-serif;\">Thermometers are used to measure fever in humans or tell you how cold it is outside. Made up of thermo (heat) and meter (measuring device), the meaning of the word thermometer is straightforward. Thermometers measure temperatures in degrees, according to either the Celsius or Fahrenheit system</span></p>','','','',0.0000,0.0000,0.0000,NULL,NULL),(100,'0101',NULL,NULL,'niscomed-dt-01-digital-thermometer---single',1,0,1,NULL,10.0000,NULL,NULL,NULL,NULL,0.0000,5,'White',6,'','2021-01-23 11:34:00','fr','default',87,'2021-02-13 10:47:26',NULL,1,10.0000,10.0000,NULL,NULL,NULL,NULL,0.0000,0.0000,0.0000,NULL,NULL),(101,'0101',NULL,NULL,'niscomed-dt-01-digital-thermometer---single',1,0,1,NULL,10.0000,NULL,NULL,NULL,NULL,0.0000,5,'White',6,'','2021-01-23 11:34:00','nl','default',87,'2021-02-13 10:47:26',NULL,1,10.0000,10.0000,NULL,NULL,NULL,NULL,0.0000,0.0000,0.0000,NULL,NULL),(102,'0102','Non woven Face mask (for Civil Use)','<ul style=\"box-sizing: border-box; margin-top: 0px; margin-bottom: 1rem; list-style-type: none; color: #212529; font-family: Poppins, sans-serif; font-size: 16px;\">\r\n<li style=\"box-sizing: border-box; line-height: 35px;\">25G +25G +25G</li>\r\n<li style=\"box-sizing: border-box; line-height: 35px;\">3ply</li>\r\n<li style=\"box-sizing: border-box; line-height: 35px;\">BFE&ge;95%</li>\r\n<li style=\"box-sizing: border-box; line-height: 35px;\">Ear-loop</li>\r\n<li style=\"box-sizing: border-box; line-height: 35px;\">50 pcs/box</li>\r\n<li style=\"box-sizing: border-box; line-height: 35px;\">Neutral box packing</li>\r\n<li style=\"box-sizing: border-box; line-height: 35px;\">Size: 17.5x9.5cm</li>\r\n</ul>','niet-geweven-gezichtsmasker-voor-civiel-gebruik',0,1,1,NULL,1.0000,NULL,NULL,NULL,NULL,0.0000,1,'Red',6,'S','2021-01-23 11:53:35','en','default',88,'2021-07-05 18:32:04',NULL,1,1.0000,1.0000,'<ul style=\"box-sizing: border-box; margin-top: 0px; margin-bottom: 1rem; list-style-type: none; color: #212529; font-family: Poppins, sans-serif; font-size: 16px;\">\r\n<li style=\"box-sizing: border-box; line-height: 35px;\">Neutral box packing</li>\r\n<li style=\"box-sizing: border-box; line-height: 35px;\">Size: 17.5x9.5cm</li>\r\n</ul>','','','',0.0000,0.0000,0.0000,1,NULL),(103,'0102',NULL,NULL,'niet-geweven-gezichtsmasker-voor-civiel-gebruik',0,1,1,NULL,1.0000,NULL,NULL,NULL,NULL,0.0000,1,'Red',6,'','2021-01-23 11:53:35','fr','default',88,'2021-02-13 10:47:16',NULL,1,1.0000,1.0000,NULL,NULL,NULL,NULL,0.0000,0.0000,0.0000,NULL,NULL),(104,'0102','Niet-geweven gezichtsmasker (voor civiel gebruik)','<p>25G + 25G + 25G</p>\r\n<p>&nbsp;</p>\r\n<p>3-laags</p>\r\n<p>&nbsp;</p>\r\n<p>BFE &ge;95%</p>\r\n<p>&nbsp;</p>\r\n<p>Oorlus</p>\r\n<p>&nbsp;</p>\r\n<p>50 stuks / doos</p>\r\n<p>&nbsp;</p>\r\n<p>Neutrale doosverpakking</p>\r\n<p>&nbsp;</p>\r\n<p>Afmeting: 17,5x9,5cm</p>','niet-geweven-gezichtsmasker-voor-civiel-gebruik',0,1,1,NULL,1.0000,NULL,NULL,NULL,NULL,0.0000,1,'Red',6,'','2021-01-23 11:53:35','nl','default',88,'2021-02-13 10:47:16',NULL,1,1.0000,1.0000,'<p>Neutrale doosverpakking</p>\r\n<p>Afmeting: 17,5x9,5cm</p>','','','',0.0000,0.0000,0.0000,NULL,NULL),(105,'0103','KN 95 Face Mask, 5 layers','<div>\r\n<div>\r\n<p>(50g nonwoven + 25g PEE filter(meltdown) + 25g PEE filter(meltdown) + 60g cotton + 30g non woven )</p>\r\n<p>with Nose Clip &amp; Ear</p>\r\n<p>Loop</p>\r\n<p>Mask size: 15.5x10.5cm</p>\r\n<p>BFE&ge;95%</p>\r\n<p>Product meet EN 149:2001+A1:2009</p>\r\n<p>GB2626-2006 standard</p>\r\n</div>\r\n</div>','kn-95-face-mask-5-layers',0,1,1,NULL,5.0000,NULL,NULL,NULL,NULL,0.0000,1,'Red',6,'S','2021-01-23 11:59:46','en','default',89,'2021-02-13 10:47:00',NULL,1,5.0000,5.0000,'<p>(50g nonwoven + 25g PEE filter(meltdown) + 25g PEE filter(meltdown) + 60g cotton + 30g non woven)</p>\r\n<p>&nbsp;</p>','','','',0.0000,0.0000,0.0000,NULL,NULL),(106,'0103',NULL,NULL,'kn-95-face-mask-5-layers',0,1,1,NULL,5.0000,NULL,NULL,NULL,NULL,0.0000,1,'Red',6,'','2021-01-23 11:59:46','fr','default',89,'2021-02-13 10:47:00',NULL,1,5.0000,5.0000,NULL,NULL,NULL,NULL,0.0000,0.0000,0.0000,NULL,NULL),(107,'0103',NULL,NULL,'kn-95-face-mask-5-layers',0,1,1,NULL,5.0000,NULL,NULL,NULL,NULL,0.0000,1,'Red',6,'','2021-01-23 11:59:46','nl','default',89,'2021-02-13 10:47:00',NULL,1,5.0000,5.0000,NULL,NULL,NULL,NULL,0.0000,0.0000,0.0000,NULL,NULL),(108,'0104','KN95 with Respiratory Valve','<p>5 Layers with nose clip</p>\r\n<p>&nbsp;</p>','kn95-met-ademhalingsventiel',0,1,1,NULL,6.0000,NULL,NULL,NULL,NULL,0.0000,5,'White',6,'S','2021-01-23 12:04:50','en','default',90,'2021-02-13 10:46:45',NULL,1,6.0000,6.0000,'<p>5 Layers</p>\r\n<p>with nose clip</p>\r\n<p>size:15.5x10.5cm</p>\r\n<p>SPP+PEE+ES&amp;PP+SPP</p>\r\n<p>BFE&ge;95%</p>\r\n<p>Product meet EN 149:2001+A1:2009</p>\r\n<p>GB2626-2006 standard Spunbond 50Gsm</p>\r\n<p>Meltblow 25gsm</p>\r\n<p>Filter Cotton : 50Gsm</p>\r\n<p>Meltblown 25gsm</p>\r\n<p>Spunbond : 30gsm</p>','','','',0.0000,0.0000,0.0000,NULL,NULL),(109,'0104',NULL,NULL,'kn95-met-ademhalingsventiel',0,1,1,NULL,6.0000,NULL,NULL,NULL,NULL,0.0000,5,'White',6,'','2021-01-23 12:04:50','fr','default',90,'2021-02-13 10:46:45',NULL,1,6.0000,6.0000,NULL,NULL,NULL,NULL,0.0000,0.0000,0.0000,NULL,NULL),(110,'0104','KN95 met Ademhalingsventiel','<p>5 Layers with nose clip</p>\r\n<p>&nbsp;</p>','kn95-met-ademhalingsventiel',0,1,1,NULL,6.0000,NULL,NULL,NULL,NULL,0.0000,5,'White',6,'','2021-01-23 12:04:50','nl','default',90,'2021-02-13 10:46:45',NULL,1,6.0000,6.0000,'<p>5 Layers</p>\r\n<p>with nose clip</p>\r\n<p>size:15.5x10.5cm</p>\r\n<p>SPP+PEE+ES&amp;PP+SPP</p>\r\n<p>BFE&ge;95%</p>\r\n<p>Product meet EN 149:2001+A1:2009</p>\r\n<p>GB2626-2006 standard Spunbond 50Gsm</p>\r\n<p>Meltblow 25gsm</p>\r\n<p>Filter Cotton : 50Gsm</p>\r\n<p>Meltblown 25gsm</p>\r\n<p>Spunbond : 30gsm</p>','','','',0.0000,0.0000,0.0000,NULL,NULL),(111,'0105','Disposable SMS Medical Gown, 40 GSM','<p>Level-2 as per ANSI/AAMI PB70 Barrier Performance.</p>\r\n<p>Used to protect from Fluids during treatment.</p>\r\n<p>Gown Sizes: Medium, Large, Extra Large</p>','disposable-sms-medical-gown-40-gsm',1,1,1,NULL,2.0000,NULL,NULL,NULL,NULL,0.0000,5,'White',6,'S','2021-01-23 12:08:48','en','default',91,'2021-05-19 18:51:45',NULL,1,2.0000,2.0000,'<p>Level-2 as per ANSI/AAMI PB70 Barrier Performance.</p>','','','',0.0000,0.0000,0.0000,0,NULL),(112,'0105',NULL,NULL,'wegwerp-sms-medische-jas-40-gsm',1,1,1,NULL,2.0000,NULL,NULL,NULL,NULL,0.0000,5,'White',6,'','2021-01-23 12:08:48','fr','default',91,'2021-02-13 10:46:35',NULL,1,2.0000,2.0000,NULL,NULL,NULL,NULL,0.0000,0.0000,0.0000,NULL,NULL),(113,'0105','Wegwerp-sms-medische jas, 40 gsm','<p>Level-2 as per ANSI/AAMI PB70 Barrier Performance.</p>\r\n<p>Used to protect from Fluids during treatment.</p>\r\n<p>Gown Sizes: Medium, Large, Extra Large</p>','wegwerp-sms-medische-jas-40-gsm',1,1,1,NULL,2.0000,NULL,NULL,NULL,NULL,0.0000,5,'White',6,'','2021-01-23 12:08:48','nl','default',91,'2021-02-13 10:46:35',NULL,1,2.0000,2.0000,'<p>Level-2 as per ANSI/AAMI PB70 Barrier Performance.</p>','','','',0.0000,0.0000,0.0000,NULL,NULL),(114,'0106','Disposable Protective Coveralls 63 GSM','<p>PP Non-Woven Fabric(30gsm) + Breathable film(30gsm) + Glue(3gsm)</p>\r\n<p><span style=\"box-sizing: border-box; font-weight: bolder;\">Size:</span>&nbsp;L/XL</p>\r\n<p><span style=\"box-sizing: border-box; font-weight: bolder;\">Color:</span>&nbsp;White (with blue adhesive tape)</p>\r\n<p><span style=\"box-sizing: border-box; font-weight: bolder;\">Features:</span>&nbsp;Waterproof, Guard against cross infection</p>\r\n<p>Applications: Medical outpatient department, sick room, inspection charmber, lab room, ICU, CDC and other clinical protective place</p>','disposable-protective-coveralls-63-gsm',1,1,1,NULL,10.0000,NULL,NULL,NULL,NULL,2.0000,5,'White',9,'XL','2021-01-23 12:13:18','en','default',92,'2021-03-15 15:03:33',NULL,1,10.0000,10.0000,'<p>PP Non-Woven Fabric(30gsm) + Breathable film(30gsm) + Glue(3gsm)</p>\r\n<p>&nbsp;</p>','','','',0.0000,0.0000,0.0000,NULL,NULL),(115,'0106',NULL,NULL,'disposable-protective-coveralls-63-gsm',1,1,1,NULL,10.0000,NULL,NULL,NULL,NULL,2.0000,5,'White',9,'','2021-01-23 12:13:18','fr','default',92,'2021-03-15 15:03:33',NULL,1,10.0000,10.0000,NULL,NULL,NULL,NULL,0.0000,0.0000,0.0000,NULL,NULL),(116,'0106',NULL,NULL,'disposable-protective-coveralls-63-gsm',1,1,1,NULL,10.0000,NULL,NULL,NULL,NULL,2.0000,5,'White',9,'','2021-01-23 12:13:18','nl','default',92,'2021-03-15 15:03:33',NULL,1,10.0000,10.0000,NULL,NULL,NULL,NULL,0.0000,0.0000,0.0000,NULL,NULL),(117,'0107','Infrared Thermometer','<table class=\"table table-bordered table-striped mt-4\" style=\"border-collapse: collapse; width: 802px; margin-bottom: 1rem; border: 0px; color: #212529; font-family: Poppins, sans-serif; font-size: 16px; margin-top: 1.5rem !important;\">\r\n<tbody style=\"box-sizing: border-box;\">\r\n<tr style=\"box-sizing: border-box; background-color: rgba(0, 0, 0, 0.05);\">\r\n<td style=\"box-sizing: border-box; padding: 0.75rem; vertical-align: top; border: 1px solid #dee2e6;\"><span style=\"box-sizing: border-box; font-weight: bolder;\">Operation mode:</span></td>\r\n<td style=\"box-sizing: border-box; padding: 0.75rem; vertical-align: top; border: 1px solid #dee2e6;\">Continuous operation</td>\r\n</tr>\r\n<tr style=\"box-sizing: border-box;\">\r\n<td style=\"box-sizing: border-box; padding: 0.75rem; vertical-align: top; border: 1px solid #dee2e6;\"><span style=\"box-sizing: border-box; font-weight: bolder;\">Resolution:</span></td>\r\n<td style=\"box-sizing: border-box; padding: 0.75rem; vertical-align: top; border: 1px solid #dee2e6;\">0.1&deg;C</td>\r\n</tr>\r\n<tr style=\"box-sizing: border-box; background-color: rgba(0, 0, 0, 0.05);\">\r\n<td style=\"box-sizing: border-box; padding: 0.75rem; vertical-align: top; border: 1px solid #dee2e6;\"><span style=\"box-sizing: border-box; font-weight: bolder;\">Temperature unit:</span></td>\r\n<td style=\"box-sizing: border-box; padding: 0.75rem; vertical-align: top; border: 1px solid #dee2e6;\">(&deg;C) / (&deg;F)</td>\r\n</tr>\r\n<tr style=\"box-sizing: border-box;\">\r\n<td style=\"box-sizing: border-box; padding: 0.75rem; vertical-align: top; border: 1px solid #dee2e6;\"><span style=\"box-sizing: border-box; font-weight: bolder;\">Temperature display range:</span></td>\r\n<td style=\"box-sizing: border-box; padding: 0.75rem; vertical-align: top; border: 1px solid #dee2e6;\">33&deg;C-43&deg;C</td>\r\n</tr>\r\n<tr style=\"box-sizing: border-box; background-color: rgba(0, 0, 0, 0.05);\">\r\n<td style=\"box-sizing: border-box; padding: 0.75rem; vertical-align: top; border: 1px solid #dee2e6;\"><span style=\"box-sizing: border-box; font-weight: bolder;\">Measuring distance range:</span></td>\r\n<td style=\"box-sizing: border-box; padding: 0.75rem; vertical-align: top; border: 1px solid #dee2e6;\">3 to 5 cm</td>\r\n</tr>\r\n<tr style=\"box-sizing: border-box;\">\r\n<td style=\"box-sizing: border-box; padding: 0.75rem; vertical-align: top; border: 1px solid #dee2e6;\"><span style=\"box-sizing: border-box; font-weight: bolder;\">Display mode:</span></td>\r\n<td style=\"box-sizing: border-box; padding: 0.75rem; vertical-align: top; border: 1px solid #dee2e6;\">LCD display</td>\r\n</tr>\r\n<tr style=\"box-sizing: border-box; background-color: rgba(0, 0, 0, 0.05);\">\r\n<td style=\"box-sizing: border-box; padding: 0.75rem; vertical-align: top; border: 1px solid #dee2e6;\"><span style=\"box-sizing: border-box; font-weight: bolder;\">Memory data:</span></td>\r\n<td style=\"box-sizing: border-box; padding: 0.75rem; vertical-align: top; border: 1px solid #dee2e6;\">30 groups</td>\r\n</tr>\r\n<tr style=\"box-sizing: border-box;\">\r\n<td style=\"box-sizing: border-box; padding: 0.75rem; vertical-align: top; border: 1px solid #dee2e6;\"><span style=\"box-sizing: border-box; font-weight: bolder;\">Power supply:</span></td>\r\n<td style=\"box-sizing: border-box; padding: 0.75rem; vertical-align: top; border: 1px solid #dee2e6;\">DC3 V (2 AAA batteries)</td>\r\n</tr>\r\n<tr style=\"box-sizing: border-box; background-color: rgba(0, 0, 0, 0.05);\">\r\n<td style=\"box-sizing: border-box; padding: 0.75rem; vertical-align: top; border: 1px solid #dee2e6;\"><span style=\"box-sizing: border-box; font-weight: bolder;\">Dimensions:</span></td>\r\n<td style=\"box-sizing: border-box; padding: 0.75rem; vertical-align: top; border: 1px solid #dee2e6;\">154*87.7*44MM</td>\r\n</tr>\r\n<tr style=\"box-sizing: border-box;\">\r\n<td style=\"box-sizing: border-box; padding: 0.75rem; vertical-align: top; border: 1px solid #dee2e6;\"><span style=\"box-sizing: border-box; font-weight: bolder;\">Net weight:</span></td>\r\n<td style=\"box-sizing: border-box; padding: 0.75rem; vertical-align: top; border: 1px solid #dee2e6;\">0.11kg</td>\r\n</tr>\r\n<tr style=\"box-sizing: border-box; background-color: rgba(0, 0, 0, 0.05);\">\r\n<td style=\"box-sizing: border-box; padding: 0.75rem; vertical-align: top; border: 1px solid #dee2e6;\"><span style=\"box-sizing: border-box; font-weight: bolder;\">Automatic shut-down:</span></td>\r\n<td style=\"box-sizing: border-box; padding: 0.75rem; vertical-align: top; border: 1px solid #dee2e6;\">13 Second</td>\r\n</tr>\r\n</tbody>\r\n</table>','infrared-thermometer',1,1,1,NULL,25.0000,NULL,NULL,NULL,NULL,2.0000,5,'White',6,'S','2021-01-23 12:18:31','en','default',93,'2021-03-17 17:21:58',NULL,1,25.0000,25.0000,'<table>\r\n<tbody>\r\n<tr>\r\n<td>Automatic shut-down:</td>\r\n<td>13 Second</td>\r\n</tr>\r\n</tbody>\r\n</table>','','','',0.0000,0.0000,0.0000,NULL,NULL),(118,'0107',NULL,NULL,'infrared-thermometer',1,1,1,NULL,25.0000,NULL,NULL,NULL,NULL,2.0000,5,'White',6,'','2021-01-23 12:18:31','fr','default',93,'2021-03-17 17:21:58',NULL,1,25.0000,25.0000,NULL,NULL,NULL,NULL,0.0000,0.0000,0.0000,NULL,NULL),(119,'0107',NULL,NULL,'infrared-thermometer',1,1,1,NULL,25.0000,NULL,NULL,NULL,NULL,2.0000,5,'White',6,'','2021-01-23 12:18:31','nl','default',93,'2021-03-17 17:21:58',NULL,1,25.0000,25.0000,NULL,NULL,NULL,NULL,0.0000,0.0000,0.0000,NULL,NULL),(120,'0108','Face Shield, Disposable','<ul style=\"box-sizing: border-box; margin-top: 0px; margin-bottom: 1rem; list-style-type: none; color: #212529; font-family: Poppins, sans-serif; font-size: 16px;\">\r\n<li style=\"box-sizing: border-box; line-height: 35px;\">Face Shield with good transparency and antifogging performance, COVID-19 Safety Protection</li>\r\n<li style=\"box-sizing: border-box; line-height: 35px;\">Suitable for COVID-19 Safety Healthcare workers, handling infected patients.</li>\r\n</ul>\r\n<div class=\"table-responsive\" style=\"box-sizing: border-box; width: 802.5px; overflow-x: auto; color: #212529; font-family: Poppins, sans-serif; font-size: 16px;\">\r\n<table class=\"table table-bordered table-striped mt-4\" style=\"border-collapse: collapse; width: 802px; margin-bottom: 1rem; background-color: transparent; border: 0px; margin-top: 1.5rem !important;\">\r\n<tbody style=\"box-sizing: border-box;\">\r\n<tr style=\"box-sizing: border-box; background-color: rgba(0, 0, 0, 0.05);\">\r\n<td style=\"box-sizing: border-box; padding: 0.75rem; vertical-align: top; border: 1px solid #dee2e6;\"><span style=\"box-sizing: border-box; font-weight: bolder;\">Size:</span></td>\r\n<td style=\"box-sizing: border-box; padding: 0.75rem; vertical-align: top; border: 1px solid #dee2e6;\">33&times;22cm</td>\r\n</tr>\r\n<tr style=\"box-sizing: border-box;\">\r\n<td style=\"box-sizing: border-box; padding: 0.75rem; vertical-align: top; border: 1px solid #dee2e6;\"><span style=\"box-sizing: border-box; font-weight: bolder;\">Thickness:</span></td>\r\n<td style=\"box-sizing: border-box; padding: 0.75rem; vertical-align: top; border: 1px solid #dee2e6;\">0.2mm</td>\r\n</tr>\r\n<tr style=\"box-sizing: border-box; background-color: rgba(0, 0, 0, 0.05);\">\r\n<td style=\"box-sizing: border-box; padding: 0.75rem; vertical-align: top; border: 1px solid #dee2e6;\"><span style=\"box-sizing: border-box; font-weight: bolder;\">Material:</span></td>\r\n<td style=\"box-sizing: border-box; padding: 0.75rem; vertical-align: top; border: 1px solid #dee2e6;\">PET+FOAM</td>\r\n</tr>\r\n<tr style=\"box-sizing: border-box;\">\r\n<td style=\"box-sizing: border-box; padding: 0.75rem; vertical-align: top; border: 1px solid #dee2e6;\"><span style=\"box-sizing: border-box; font-weight: bolder;\">Feature:</span></td>\r\n<td style=\"box-sizing: border-box; padding: 0.75rem; vertical-align: top; border: 1px solid #dee2e6;\">Light and Thin</td>\r\n</tr>\r\n<tr style=\"box-sizing: border-box; background-color: rgba(0, 0, 0, 0.05);\">\r\n<td style=\"box-sizing: border-box; padding: 0.75rem; vertical-align: top; border: 1px solid #dee2e6;\"><span style=\"box-sizing: border-box; font-weight: bolder;\">Packing Size(W*D*H):</span></td>\r\n<td style=\"box-sizing: border-box; padding: 0.75rem; vertical-align: top; border: 1px solid #dee2e6;\">66*50*36.5cm (200pcs)/Carton</td>\r\n</tr>\r\n<tr style=\"box-sizing: border-box;\">\r\n<td style=\"box-sizing: border-box; padding: 0.75rem; vertical-align: top; border: 1px solid #dee2e6;\"><span style=\"box-sizing: border-box; font-weight: bolder;\">Gross Weight:</span></td>\r\n<td style=\"box-sizing: border-box; padding: 0.75rem; vertical-align: top; border: 1px solid #dee2e6;\">(200pcs) 9kg /Carton</td>\r\n</tr>\r\n</tbody>\r\n</table>\r\n</div>','face-shield-disposable',1,0,1,NULL,1.0000,NULL,NULL,NULL,NULL,0.0000,5,'White',6,'S','2021-01-23 12:22:47','en','default',94,'2021-02-13 10:45:48',NULL,1,1.0000,1.0000,'<p>Face Shield with good transparency and antifogging performance, COVID-19 Safety Protection</p>\r\n<p>Suitable for COVID-19 Safety Healthcare workers, handling infected patients.</p>','','','',0.0000,0.0000,0.0000,NULL,NULL),(121,'0108',NULL,NULL,'face-shield-disposable',1,0,1,NULL,1.0000,NULL,NULL,NULL,NULL,0.0000,5,'White',6,'','2021-01-23 12:22:47','fr','default',94,'2021-02-13 10:45:48',NULL,1,1.0000,1.0000,NULL,NULL,NULL,NULL,0.0000,0.0000,0.0000,NULL,NULL),(122,'0108',NULL,NULL,'face-shield-disposable',1,0,1,NULL,1.0000,NULL,NULL,NULL,NULL,0.0000,5,'White',6,'','2021-01-23 12:22:47','nl','default',94,'2021-02-13 10:45:48',NULL,1,1.0000,1.0000,NULL,NULL,NULL,NULL,0.0000,0.0000,0.0000,NULL,NULL),(123,'0109','Currency Notes/Mobile/Keys Sanitizing Machine','<p style=\"box-sizing: border-box; margin-top: 0px; margin-bottom: 1rem; color: #212529; font-family: Poppins, sans-serif; font-size: 16px;\">Nanometer for Sanitizing Currency Notes, Car, Mobiles, Keys etc.</p>\r\n<p><span style=\"box-sizing: border-box; font-weight: bolder; color: #212529; font-family: Poppins, sans-serif; font-size: 16px;\">Specifications:</span></p>\r\n<ul style=\"box-sizing: border-box; margin-top: 0px; margin-bottom: 1rem; list-style-type: none; color: #212529; font-family: Poppins, sans-serif; font-size: 16px;\">\r\n<li style=\"box-sizing: border-box; line-height: 35px;\"><span style=\"box-sizing: border-box; font-weight: bolder;\">Material:</span>&nbsp;ABS</li>\r\n<li style=\"box-sizing: border-box; line-height: 35px;\"><span style=\"box-sizing: border-box; font-weight: bolder;\">Product Size:</span>&nbsp;30*30*115mm</li>\r\n<li style=\"box-sizing: border-box; line-height: 35px;\"><span style=\"box-sizing: border-box; font-weight: bolder;\">Product Weight:</span>&nbsp;70gms</li>\r\n<li style=\"box-sizing: border-box; line-height: 35px;\"><span style=\"box-sizing: border-box; font-weight: bolder;\">Battery Capacity:</span>&nbsp;400 mA</li>\r\n<li style=\"box-sizing: border-box; line-height: 35px;\"><span style=\"box-sizing: border-box; font-weight: bolder;\">Charging Time:</span>&nbsp;1 hour</li>\r\n<li style=\"box-sizing: border-box; line-height: 35px;\"><span style=\"box-sizing: border-box; font-weight: bolder;\">Tank Capacity:</span>&nbsp;25ml</li>\r\n<li style=\"box-sizing: border-box; line-height: 35px;\"><span style=\"box-sizing: border-box; font-weight: bolder;\">Carton Size</span>&nbsp;41*21*50cm</li>\r\n<li style=\"box-sizing: border-box; line-height: 35px;\"><span style=\"box-sizing: border-box; font-weight: bolder;\">Gross Weight (200pcs)</span>&nbsp;13kg/Carton</li>\r\n</ul>','currency-notesmobilekeys-sanitizing-machine',1,0,1,NULL,35.0000,NULL,NULL,NULL,NULL,3.0000,5,'White',6,'S','2021-01-23 12:35:48','en','default',95,'2021-02-13 10:45:22',NULL,1,35.0000,35.0000,'<p>Nanometer for Sanitizing Currency Notes, Car, Mobiles, Keys etc.</p>','','','',0.0000,0.0000,0.0000,NULL,NULL),(124,'0109',NULL,NULL,'currency-notesmobilekeys-sanitizing-machine',1,0,1,NULL,35.0000,NULL,NULL,NULL,NULL,3.0000,5,'White',6,'','2021-01-23 12:35:48','fr','default',95,'2021-02-13 10:45:22',NULL,1,35.0000,35.0000,NULL,NULL,NULL,NULL,0.0000,0.0000,0.0000,NULL,NULL),(125,'0109',NULL,NULL,'currency-notesmobilekeys-sanitizing-machine',1,0,1,NULL,35.0000,NULL,NULL,NULL,NULL,3.0000,5,'White',6,'','2021-01-23 12:35:48','nl','default',95,'2021-02-13 10:45:22',NULL,1,35.0000,35.0000,NULL,NULL,NULL,NULL,0.0000,0.0000,0.0000,NULL,NULL),(126,'0110','Automatic Mist Based Sanitizer Dispenser','<p><span style=\"color: #212529; font-family: Poppins, sans-serif; font-size: 16px;\">A compact contactless dispensing unit sprays alcohol based sanitizer when both hands are placed under it, its aerated mist based formula uses only 5-6 ml. of sanitizer ensuring optimum usage and releases full cone spray mist for 12 seconds in single operation. Contactless technology works on Ultrasonic sensor to ensure zero touch, high operational precision to completely disinfect both hands at once. A wall mountable unit is Enabled with two display LEDs to indicate on/off status and dispensing in progress. Bulk sanitizer container tank makes it hassle free and economical.</span></p>','automatic-mist-based-sanitizer-dispenser',0,0,1,NULL,100.0000,NULL,NULL,NULL,NULL,15.0000,5,'White',6,'S','2021-01-23 12:41:41','en','default',96,'2021-04-30 19:41:49',NULL,1,100.0000,100.0000,'<p><span style=\"color: #212529; font-family: Poppins, sans-serif; font-size: 16px;\">A compact contactless dispensing unit sprays alcohol based sanitizer when both hands are placed under it.</span></p>','','','',0.0000,0.0000,0.0000,0,NULL),(127,'0110',NULL,NULL,'automatic-mist-based-sanitizer-dispenser',0,0,1,NULL,100.0000,NULL,NULL,NULL,NULL,15.0000,5,'White',6,'','2021-01-23 12:41:41','fr','default',96,'2021-02-13 10:45:14',NULL,1,100.0000,100.0000,NULL,NULL,NULL,NULL,0.0000,0.0000,0.0000,NULL,NULL),(128,'0110',NULL,NULL,'automatic-mist-based-sanitizer-dispenser',0,0,1,NULL,100.0000,NULL,NULL,NULL,NULL,15.0000,5,'White',6,'','2021-01-23 12:41:41','nl','default',96,'2021-02-13 10:45:14',NULL,1,100.0000,100.0000,NULL,NULL,NULL,NULL,0.0000,0.0000,0.0000,NULL,NULL),(129,'0111','Disinfectant Sprayer','<p style=\"box-sizing: border-box; margin-top: 0px; margin-bottom: 1rem; color: #212529; font-family: Poppins, sans-serif; font-size: 16px;\">4.5 Liters Electric Disinfectant Fogger Sprayer</p>\r\n<ul style=\"box-sizing: border-box; margin-top: 0px; margin-bottom: 1rem; list-style-type: none; color: #212529; font-family: Poppins, sans-serif; font-size: 16px;\">\r\n<li style=\"box-sizing: border-box; line-height: 35px;\"><span style=\"box-sizing: border-box; font-weight: bolder;\">Tank Capacity:</span>&nbsp;4.5 liters</li>\r\n<li style=\"box-sizing: border-box; line-height: 35px;\"><span style=\"box-sizing: border-box; font-weight: bolder;\">Mist size:</span>&nbsp;0 to 30&mu;m</li>\r\n<li style=\"box-sizing: border-box; line-height: 35px;\"><span style=\"box-sizing: border-box; font-weight: bolder;\">Spraying range:</span>&nbsp;5 to 10m</li>\r\n<li style=\"box-sizing: border-box; line-height: 35px;\"><span style=\"box-sizing: border-box; font-weight: bolder;\">Spraying Rate:</span>&nbsp;160 to 270ml /min</li>\r\n<li style=\"box-sizing: border-box; line-height: 35px;\"><span style=\"box-sizing: border-box; font-weight: bolder;\">Wire Length:</span>&nbsp;5 m</li>\r\n<li style=\"box-sizing: border-box; line-height: 35px;\"><span style=\"box-sizing: border-box; font-weight: bolder;\">Net Weight:</span>&nbsp;3kg</li>\r\n<li style=\"box-sizing: border-box; line-height: 35px;\"><span style=\"box-sizing: border-box; font-weight: bolder;\">Dimension:</span>&nbsp;380*220*350mm</li>\r\n</ul>','disinfectant-sprayer',0,0,1,NULL,60.0000,NULL,NULL,NULL,NULL,5.0000,5,'White',6,'S','2021-01-23 12:46:24','en','default',97,'2021-02-13 10:45:06',NULL,1,60.0000,60.0000,'<p>4.5 Liters Electric Disinfectant Fogger Sprayer</p>','','','',0.0000,0.0000,0.0000,NULL,NULL),(130,'0111',NULL,NULL,'disinfectant-sprayer',0,0,1,NULL,60.0000,NULL,NULL,NULL,NULL,5.0000,5,'White',6,'','2021-01-23 12:46:24','fr','default',97,'2021-02-13 10:45:06',NULL,1,60.0000,60.0000,NULL,NULL,NULL,NULL,0.0000,0.0000,0.0000,NULL,NULL),(131,'0111',NULL,NULL,'disinfectant-sprayer',0,0,1,NULL,60.0000,NULL,NULL,NULL,NULL,5.0000,5,'White',6,'','2021-01-23 12:46:24','nl','default',97,'2021-02-13 10:45:06',NULL,1,60.0000,60.0000,NULL,NULL,NULL,NULL,0.0000,0.0000,0.0000,NULL,NULL),(132,'0112','Disinfectant Automizer Fog Machine','<ul style=\"box-sizing: border-box; margin-top: 0px; margin-bottom: 1rem; list-style-type: none; color: #212529; font-family: Poppins, sans-serif; font-size: 16px;\">\r\n<li style=\"box-sizing: border-box; line-height: 35px;\">Power: 900W</li>\r\n<li style=\"box-sizing: border-box; line-height: 35px;\">Smoke Output: 18000cu. ft / min</li>\r\n<li style=\"box-sizing: border-box; line-height: 35px;\">Spray Distance: 3-5cm</li>\r\n<li style=\"box-sizing: border-box; line-height: 35px;\">Preheating TimesL 5 min</li>\r\n<li style=\"box-sizing: border-box; line-height: 35px;\">Fuel Consumption: 150min/L</li>\r\n<li style=\"box-sizing: border-box; line-height: 35px;\">Capacity: 100ml</li>\r\n<li style=\"box-sizing: border-box; line-height: 35px;\">Usage: Disinfection, purification of air, decomposition of odour</li>\r\n<li style=\"box-sizing: border-box; line-height: 35px;\">Application: Car, Home, Office</li>\r\n<li style=\"box-sizing: border-box; line-height: 35px;\">Gross Wt.: 3.3 Kg</li>\r\n</ul>','disinfectant-automizer-fog-machine',1,0,1,NULL,100.0000,NULL,NULL,NULL,NULL,8.0000,5,'White',6,'S','2021-01-23 12:52:11','en','default',98,'2021-02-13 10:44:58',NULL,1,100.0000,100.0000,'<p>&nbsp;</p>\r\n<p>Usage: Disinfection, purification of air, decomposition of odour</p>','','','',0.0000,0.0000,0.0000,NULL,NULL),(133,'0112',NULL,NULL,'disinfectant-automizer-fog-machine',1,0,1,NULL,100.0000,NULL,NULL,NULL,NULL,8.0000,5,'White',6,'','2021-01-23 12:52:11','fr','default',98,'2021-02-13 10:44:58',NULL,1,100.0000,100.0000,NULL,NULL,NULL,NULL,0.0000,0.0000,0.0000,NULL,NULL),(134,'0112',NULL,NULL,'disinfectant-automizer-fog-machine',1,0,1,NULL,100.0000,NULL,NULL,NULL,NULL,8.0000,5,'White',6,'','2021-01-23 12:52:11','nl','default',98,'2021-02-13 10:44:58',NULL,1,100.0000,100.0000,NULL,NULL,NULL,NULL,0.0000,0.0000,0.0000,NULL,NULL),(135,'0113','Disposable Recyclable Corrugated bed','<ul style=\"box-sizing: border-box; margin-top: 0px; margin-bottom: 1rem; list-style-type: none; color: #212529; font-family: Poppins, sans-serif; font-size: 16px;\">\r\n<li style=\"box-sizing: border-box; line-height: 35px;\">Single Bed for COVID 19 Isolated Patients</li>\r\n<li style=\"box-sizing: border-box; line-height: 35px;\">Light Weight</li>\r\n<li style=\"box-sizing: border-box; line-height: 35px;\">Patient Load Capacity 300KG</li>\r\n<li style=\"box-sizing: border-box; line-height: 35px;\">Can be sanitised</li>\r\n<li style=\"box-sizing: border-box; line-height: 35px;\">Can with stand daily moping</li>\r\n<li style=\"box-sizing: border-box; line-height: 35px;\">Easy to assemble and dismantle</li>\r\n<li style=\"box-sizing: border-box; line-height: 35px;\">Flat Pack for effective Transportation</li>\r\n<li style=\"box-sizing: border-box; line-height: 35px;\">Size - Folded - 43\"x10\"x28\", Unfolded - 6\'x3\'x2\'</li>\r\n</ul>','wegwerp-recyclebaar-golfkarton',0,1,1,NULL,150.0000,NULL,NULL,NULL,NULL,12.0000,5,'White',6,'S','2021-01-23 12:58:09','en','default',99,'2021-02-13 10:44:50',NULL,1,150.0000,150.0000,'<p>Single Bed for COVID 19 Isolated Patients</p>\r\n<p>&nbsp;</p>','','','',0.0000,0.0000,0.0000,NULL,NULL),(136,'0113',NULL,NULL,'wegwerp-recyclebaar-golfkarton',0,1,1,NULL,150.0000,NULL,NULL,NULL,NULL,12.0000,5,'White',6,'','2021-01-23 12:58:09','fr','default',99,'2021-02-13 10:44:50',NULL,1,150.0000,150.0000,NULL,NULL,NULL,NULL,0.0000,0.0000,0.0000,NULL,NULL),(137,'0113','Wegwerp recyclebaar golfkarton','<p>Eenpersoonsbed voor COVID 19 ge&iuml;soleerde pati&euml;nten</p>\r\n<p>Lichtgewicht</p>\r\n<p>Pati&euml;nt laadvermogen 300 kg</p>\r\n<p>Kan worden ontsmet</p>\r\n<p>Kan dagelijks blijven kniezen</p>\r\n<p>Eenvoudig te monteren en demonteren</p>\r\n<p>Flat Pack voor effectief transport</p>\r\n<p>Grootte - Gevouwen - 43 \"x10\" x28 \", uitgevouwen - 6\'x3\'x2 \'</p>','wegwerp-recyclebaar-golfkarton',0,1,1,NULL,150.0000,NULL,NULL,NULL,NULL,12.0000,5,'White',6,'','2021-01-23 12:58:09','nl','default',99,'2021-02-13 10:44:50',NULL,1,150.0000,150.0000,'<p>Eenpersoonsbed voor COVID 19 ge&iuml;soleerde pati&euml;nten</p>','','','',0.0000,0.0000,0.0000,NULL,NULL),(138,'0114','DP2040 - Fingertip Oximeter','<p style=\"box-sizing: border-box; margin-top: 0px; margin-bottom: 1rem; color: #212529; font-family: Poppins, sans-serif; font-size: 16px;\"><span style=\"box-sizing: border-box; font-weight: bolder;\">Specifications :</span></p>\r\n<ul style=\"box-sizing: border-box; margin-top: 0px; margin-bottom: 1rem; list-style-type: none; color: #212529; font-family: Poppins, sans-serif; font-size: 16px;\">\r\n<li style=\"box-sizing: border-box; line-height: 35px;\"><span style=\"box-sizing: border-box; font-weight: bolder;\">Display mode :</span>&nbsp;Dual-color OLED display (blue and yellow)</li>\r\n<li style=\"box-sizing: border-box; line-height: 35px;\"><span style=\"box-sizing: border-box; font-weight: bolder;\">Power Supply :</span>&nbsp;Two 1.5V (AAA size)alkaline battery</li>\r\n<li style=\"box-sizing: border-box; line-height: 35px;\"><span style=\"box-sizing: border-box; font-weight: bolder;\">Battery Voltage :</span>&nbsp;DC2.6V~3.6V</li>\r\n<li style=\"box-sizing: border-box; line-height: 35px;\">High accuracy and durability</li>\r\n<li style=\"box-sizing: border-box; line-height: 35px;\">SpO2, Pulse Rate, Bar Graph, Pulse Waveform display</li>\r\n<li style=\"box-sizing: border-box; line-height: 35px;\">Low battery capacity indication</li>\r\n<li style=\"box-sizing: border-box; line-height: 35px;\">Automatically power off function</li>\r\n<li style=\"box-sizing: border-box; line-height: 35px;\">Six models adjustable by pressing the button shortly</li>\r\n<li style=\"box-sizing: border-box; line-height: 35px;\">Four levels adjustable brightness</li>\r\n<li style=\"box-sizing: border-box; line-height: 35px;\">Display format can be saved after power off</li>\r\n<li style=\"box-sizing: border-box; line-height: 35px;\">Various color of cover can be selected</li>\r\n</ul>','dp2040---fingertip-oximeter',1,0,1,NULL,80.0000,NULL,NULL,NULL,NULL,4.0000,5,'White',6,'S','2021-01-23 13:03:31','en','default',100,'2021-02-27 12:25:05',NULL,1,80.0000,80.0000,'<p>&nbsp;</p>\r\n<p>Low battery capacity indication</p>\r\n<p>Automatically power off function</p>\r\n<p>&nbsp;</p>','','','',0.0000,0.0000,0.0000,NULL,NULL),(139,'0114',NULL,NULL,'dp2040---fingertip-oximeter',1,0,1,NULL,80.0000,NULL,NULL,NULL,NULL,4.0000,5,'White',6,'','2021-01-23 13:03:31','fr','default',100,'2021-02-27 12:25:05',NULL,1,80.0000,80.0000,NULL,NULL,NULL,NULL,0.0000,0.0000,0.0000,NULL,NULL),(140,'0114',NULL,NULL,'dp2040---fingertip-oximeter',1,0,1,NULL,80.0000,NULL,NULL,NULL,NULL,4.0000,5,'White',6,'','2021-01-23 13:03:31','nl','default',100,'2021-02-27 12:25:05',NULL,1,80.0000,80.0000,NULL,NULL,NULL,NULL,0.0000,0.0000,0.0000,NULL,NULL),(141,'0115','DxTerity COVID-19 Saliva at-Home Collection Kit with Prepaid Express Return Shipping and Laboratory PCR Testing','<ul class=\"a-unordered-list a-vertical a-spacing-mini\" style=\"box-sizing: border-box; margin: 0px 0px 0px 18px; color: #111111; padding: 0px; font-family: \'Amazon Ember\', Arial, sans-serif;\">\r\n<li style=\"box-sizing: border-box; list-style: disc; overflow-wrap: break-word; margin: 0px;\"><span class=\"a-list-item\" style=\"box-sizing: border-box;\">FDA AUTHORIZED HOME TEST FOR SARS-CoV-2 VIRUS DETECTION ON SYMPTOMATIC AND ASYMPTOMATIC INDIVIDUALS &ndash; This non-invasive easy to use at-home saliva test for COVID-19 has been FDA authorized for use by both individuals with and without symptoms of COVID-19. The test detects the presence of viral genetic material but will not confirm immunity or detect antibodies. This test is authorized by FDA for emergency use during the COVID emergency.</span></li>\r\n<li style=\"box-sizing: border-box; list-style: disc; overflow-wrap: break-word; margin: 0px;\"><span class=\"a-list-item\" style=\"box-sizing: border-box;\">SAFE, CONVENIENT, AT-HOME SAMPLE COLLECTION &ndash; Kit includes everything needed for sample collection. Only a small amount of saliva sample is needed. Avoid the discomfort of nasal swab and long lines for testing. Registration and sample collection can be done from the comfort of your home or office. Sample collection is unsupervised, so the report may not be valid for all travel purposes.</span></li>\r\n<li style=\"box-sizing: border-box; list-style: disc; overflow-wrap: break-word; margin: 0px;\"><span class=\"a-list-item\" style=\"box-sizing: border-box;\">FAST RESULTS &ndash; Prepaid express return shipping is included with the test. Results are available within 24 to 72 hours of sample receipt at the laboratory. Refund policy: the kit is not returnable once purchased and must be used within 60 days of purchase, refunds will be provided if the physician prescription is not authorized for any reason (such as for having emergency warning symptoms at sample registration) or if results are not provided due to fault of the shipment or testing process.</span></li>\r\n<li style=\"box-sizing: border-box; list-style: disc; overflow-wrap: break-word; margin: 0px;\"><span class=\"a-list-item\" style=\"box-sizing: border-box;\">ONLINE REGISTRATION AND AUTHORIZATION &ndash; Online registration and physician authorization process included with the kit. Samples must be registered into the portal at my.dxterity.com and returned to a FedEx collection location on the same day as collection, before the last express pick-up. Samples may not be collected on Sunday in most locations.</span></li>\r\n<li style=\"box-sizing: border-box; list-style: disc; overflow-wrap: break-word; margin: 0px;\"><span class=\"a-list-item\" style=\"box-sizing: border-box;\">EASY TO UNDERSTAND RESULTS &ndash; Fact sheet for patients and the official lab report will be available to you online and may be downloaded to serve as proof of your result. DxTerity developed the test and each sample is processed in our CLIA-Certified (Clinical Laboratory Improvement Amendments) and CAP Accredited (College of American Pathologists) laboratory.</span></li>\r\n</ul>','dxterity-covid-19-saliva-at-home-collection-kit-with-prepaid-express-return-shipping-and-laboratory-pcr-testing',1,1,1,NULL,3.0000,NULL,NULL,NULL,NULL,0.0000,5,'White',6,'S','2021-01-23 17:01:08','en','default',101,'2021-02-13 10:46:09',NULL,1,3.0000,3.0000,'<p>SAFE, CONVENIENT, AT-HOME SAMPLE COLLECTION &ndash; Kit includes everything needed for sample collection. Only a small amount of saliva sample is needed. Avoid the discomfort of nasal swab and long lines for testing. Registration and sample collection can be done from the comfort of your home or office. Sample collection is unsupervised, so the report may not be valid for all travel purposes.</p>','','','',0.0000,0.0000,0.0000,NULL,NULL),(142,'0115',NULL,NULL,'dxterity-covid-19-saliva-at-home-collection-kit-with-prepaid-express-return-shipping-and-laboratory-pcr-testing',1,1,1,NULL,3.0000,NULL,NULL,NULL,NULL,0.0000,5,'White',6,'','2021-01-23 17:01:08','fr','default',101,'2021-02-13 10:46:09',NULL,1,3.0000,3.0000,NULL,NULL,NULL,NULL,0.0000,0.0000,0.0000,NULL,NULL),(143,'0115',NULL,NULL,'dxterity-covid-19-saliva-at-home-collection-kit-with-prepaid-express-return-shipping-and-laboratory-pcr-testing',1,1,1,NULL,3.0000,NULL,NULL,NULL,NULL,0.0000,5,'White',6,'','2021-01-23 17:01:08','nl','default',101,'2021-02-13 10:46:09',NULL,1,3.0000,3.0000,NULL,NULL,NULL,NULL,0.0000,0.0000,0.0000,NULL,NULL),(144,'0116','PURELL Advanced Hand Sanitizer Refreshing Gel, Clean Scent, 1 fl oz Travel Size Flip-Cap Bottle with Display Bowl (Pack of 36)  3901-36-BWL','<ul class=\"a-unordered-list a-vertical a-spacing-mini\" style=\"box-sizing: border-box; margin: 0px 0px 0px 18px; color: #111111; padding: 0px; font-family: \'Amazon Ember\', Arial, sans-serif;\">\r\n<li style=\"box-sizing: border-box; list-style: disc; overflow-wrap: break-word; margin: 0px;\"><span class=\"a-list-item\" style=\"box-sizing: border-box;\">Show you care about the well-being of your team and visitors in the office and on-the-go</span></li>\r\n<li style=\"box-sizing: border-box; list-style: disc; overflow-wrap: break-word; margin: 0px;\"><span class=\"a-list-item\" style=\"box-sizing: border-box;\">Place PURELL hand sanitizer at desks, in common areas, and restrooms</span></li>\r\n<li style=\"box-sizing: border-box; list-style: disc; overflow-wrap: break-word; margin: 0px;\"><span class=\"a-list-item\" style=\"box-sizing: border-box;\">Perfect for frequent use. Mild formula with 4 moisturizers is free of triclosan, parabens, phthalates, and preservatives; so it does not dry out or irritate skin. Hands feel soft, even after many uses</span></li>\r\n<li style=\"box-sizing: border-box; list-style: disc; overflow-wrap: break-word; margin: 0px;\"><span class=\"a-list-item\" style=\"box-sizing: border-box;\">Display bowl of 1 fl oz Flip-Cap bottles is ideal for reception areas and breakrooms and helps employees fight germs throughout their workdays</span></li>\r\n<li style=\"box-sizing: border-box; list-style: disc; overflow-wrap: break-word; margin: 0px;\"><span class=\"a-list-item\" style=\"box-sizing: border-box;\">Case Includes:36 - PURELL Advanced Hand Sanitizer Refreshing Gel for Workplaces - 1 fl oz Flip-Cap Bottles with Display Bowl</span></li>\r\n</ul>','purell-advanced-hand-sanitizer-refreshing-gel-clean-scent-1-fl-oz-travel-size-flip-cap-bottle-with-display-bowl-pack-of-36-3901-36-bwl',0,1,1,NULL,50.0000,NULL,NULL,NULL,NULL,1.0000,5,'White',6,'S','2021-01-23 17:08:23','en','default',102,'2021-02-13 10:44:20',NULL,1,50.0000,50.0000,'<p>Place PURELL hand sanitizer at desks, in common areas, and restrooms</p>','','','',0.0000,0.0000,0.0000,NULL,NULL),(145,'0116',NULL,NULL,'purell-advanced-hand-sanitizer-refreshing-gel-clean-scent-1-fl-oz-travel-size-flip-cap-bottle-with-display-bowl-pack-of-36-3901-36-bwl',0,1,1,NULL,50.0000,NULL,NULL,NULL,NULL,1.0000,5,'White',6,'','2021-01-23 17:08:23','fr','default',102,'2021-02-13 10:44:20',NULL,1,50.0000,50.0000,NULL,NULL,NULL,NULL,0.0000,0.0000,0.0000,NULL,NULL),(146,'0116',NULL,NULL,'purell-advanced-hand-sanitizer-refreshing-gel-clean-scent-1-fl-oz-travel-size-flip-cap-bottle-with-display-bowl-pack-of-36-3901-36-bwl',0,1,1,NULL,50.0000,NULL,NULL,NULL,NULL,1.0000,5,'White',6,'','2021-01-23 17:08:23','nl','default',102,'2021-02-13 10:44:20',NULL,1,50.0000,50.0000,NULL,NULL,NULL,NULL,0.0000,0.0000,0.0000,NULL,NULL),(147,'0117','PURELL Cottony Soft Hand Sanitizing Wipes, 1000 Individually Wrapped Hand Sanitizing Wipes in Bulk Packed Shipper - 9026-1M','<div id=\"featurebullets_feature_div\" class=\"celwidget\" style=\"box-sizing: border-box; color: #0f1111; font-family: \'Amazon Ember\', Arial, sans-serif;\" data-feature-name=\"featurebullets\" data-csa-c-id=\"4igc94-a1lzlf-7t0w9c-wz7ntt\" data-cel-widget=\"featurebullets_feature_div\">\r\n<div id=\"feature-bullets\" class=\"a-section a-spacing-medium a-spacing-top-small\" style=\"box-sizing: border-box; margin-top: 8px !important; margin-bottom: 0px;\">\r\n<ul class=\"a-unordered-list a-vertical a-spacing-mini\" style=\"box-sizing: border-box; margin: 0px 0px 0px 18px; color: #111111; padding: 0px;\">\r\n<li style=\"box-sizing: border-box; list-style: disc; overflow-wrap: break-word; margin: 0px;\"><span class=\"a-list-item\" style=\"box-sizing: border-box;\">Antimicrobial premoistened hand wipe with 62 percent ethyl alcohol to help reduce the number of germs on hands and remove light soils</span></li>\r\n<li style=\"box-sizing: border-box; list-style: disc; overflow-wrap: break-word; margin: 0px;\"><span class=\"a-list-item\" style=\"box-sizing: border-box;\">Textured and thicker than regular PURELL Hand Sanitizing Wipes</span></li>\r\n<li style=\"box-sizing: border-box; list-style: disc; overflow-wrap: break-word; margin: 0px;\"><span class=\"a-list-item\" style=\"box-sizing: border-box;\">Contains vitamin E and A, aloe, and moisturizers to help keep skin hydrated</span></li>\r\n<li style=\"box-sizing: border-box; list-style: disc; overflow-wrap: break-word; margin: 0px;\"><span class=\"a-list-item\" style=\"box-sizing: border-box;\">Individually wrapped in tear-open packets for portability and to retain moisture</span></li>\r\n</ul>\r\n</div>\r\n</div>\r\n<div id=\"globalStoreInfoBullets_feature_div\" class=\"celwidget\" style=\"box-sizing: border-box; color: #0f1111; font-family: \'Amazon Ember\', Arial, sans-serif;\" data-feature-name=\"globalStoreInfoBullets\" data-csa-c-id=\"ng7dk5-pwqz3a-8df4mp-3qj732\" data-cel-widget=\"globalStoreInfoBullets_feature_div\">&nbsp;</div>\r\n<div id=\"HLCXComparisonJumplink_feature_div\" style=\"box-sizing: border-box; color: #0f1111; font-family: \'Amazon Ember\', Arial, sans-serif;\">&nbsp;</div>\r\n<div id=\"vendorPoweredCoupon_feature_div\" class=\"celwidget\" style=\"box-sizing: border-box; color: #0f1111; font-family: \'Amazon Ember\', Arial, sans-serif;\" data-feature-name=\"vendorPoweredCoupon\" data-csa-c-id=\"jzyla8-dt7yxw-z12epd-7ln5nc\" data-cel-widget=\"vendorPoweredCoupon_feature_div\">&nbsp;</div>\r\n<div id=\"bissProductSpecification_feature_div\" class=\"celwidget\" style=\"box-sizing: border-box; color: #0f1111; font-family: \'Amazon Ember\', Arial, sans-serif;\" data-feature-name=\"bissProductSpecification\" data-csa-c-id=\"33rzqo-5z3d9o-ylidol-nfhunu\" data-cel-widget=\"bissProductSpecification_feature_div\"><hr class=\"a-divider-normal\" style=\"box-sizing: border-box; background-color: transparent; height: 1px; border-right-width: 0px; border-bottom-width: 0px; border-left-width: 0px; border-top-style: solid; border-top-color: #e7e7e7; line-height: 19px; margin-top: 0px; margin-bottom: 14px;\" />\r\n<div class=\"a-section a-spacing-large pzr-features-containers\" style=\"box-sizing: border-box; margin-bottom: 22px;\">\r\n<h5 class=\"a-spacing-small\" style=\"box-sizing: border-box; padding: 0px; font-size: 14px; line-height: 20px; margin: 0px 0px 8px !important 0px;\">Specifications for this item</h5>\r\n<div class=\"a-row\" style=\"box-sizing: border-box; width: 604.469px; overflow: hidden;\">\r\n<div class=\"a-column a-span12 a-span-last\" style=\"box-sizing: border-box; width: 604.469px; margin-right: 0px; float: right; min-height: 1px; overflow: visible;\">\r\n<div class=\"a-expander-collapsed-height a-row a-expander-container a-expander-partial-collapse-container\" style=\"box-sizing: border-box; width: 604.469px; overflow: hidden; position: relative; max-height: none; height: 300px;\" aria-live=\"polite\" data-a-expander-name=\"psw_table_expander\" data-a-expander-collapsed-height=\"300\">\r\n<div class=\"a-expander-content a-expander-partial-collapse-content\" style=\"box-sizing: border-box; overflow: hidden; position: relative; padding-bottom: 20px;\" aria-expanded=\"false\">\r\n<table id=\"product-specification-table\" class=\"a-keyvalue\" style=\"margin-bottom: 22px; border-collapse: collapse; width: 604px; border-bottom: 1px solid #e7e7e7;\">\r\n<tbody style=\"box-sizing: border-box;\">\r\n<tr style=\"box-sizing: border-box;\">\r\n<th class=\"a-span4 a-text-right\" style=\"box-sizing: border-box; vertical-align: top; text-align: right !important; padding: 7px 14px 6px; float: none !important; margin-right: 0px; width: 192px; background-color: #f3f3f3; color: #111111; font-weight: 400; border-top: 1px solid #e7e7e7;\">Brand Name</th>\r\n<td style=\"box-sizing: border-box; vertical-align: top; padding: 7px 14px 6px; border-top: 1px solid #e7e7e7; overflow-wrap: break-word;\">Purell</td>\r\n</tr>\r\n<tr style=\"box-sizing: border-box;\">\r\n<th class=\"a-span4 a-text-right\" style=\"box-sizing: border-box; vertical-align: top; text-align: right !important; padding: 7px 14px 6px; float: none !important; margin-right: 0px; width: 192px; background-color: #f3f3f3; color: #111111; font-weight: 400; border-top: 1px solid #e7e7e7;\">Ean</th>\r\n<td style=\"box-sizing: border-box; vertical-align: top; padding: 7px 14px 6px; border-top: 1px solid #e7e7e7; overflow-wrap: break-word;\">0073852019445</td>\r\n</tr>\r\n<tr style=\"box-sizing: border-box;\">\r\n<th class=\"a-span4 a-text-right\" style=\"box-sizing: border-box; vertical-align: top; text-align: right !important; padding: 7px 14px 6px; float: none !important; margin-right: 0px; width: 192px; background-color: #f3f3f3; color: #111111; font-weight: 400; border-top: 1px solid #e7e7e7;\">Global Trade Identification Number</th>\r\n<td style=\"box-sizing: border-box; vertical-align: top; padding: 7px 14px 6px; border-top: 1px solid #e7e7e7; overflow-wrap: break-word;\">10073852019824</td>\r\n</tr>\r\n<tr style=\"box-sizing: border-box;\">\r\n<th class=\"a-span4 a-text-right\" style=\"box-sizing: border-box; vertical-align: top; text-align: right !important; padding: 7px 14px 6px; float: none !important; margin-right: 0px; width: 192px; background-color: #f3f3f3; color: #111111; font-weight: 400; border-top: 1px solid #e7e7e7;\">Included Components</th>\r\n<td style=\"box-sizing: border-box; vertical-align: top; padding: 7px 14px 6px; border-top: 1px solid #e7e7e7; overflow-wrap: break-word;\">1000 - Individual PURELL Cottony Soft Hand Sanitizing Wipes</td>\r\n</tr>\r\n<tr style=\"box-sizing: border-box;\">\r\n<th class=\"a-span4 a-text-right\" style=\"box-sizing: border-box; vertical-align: top; text-align: right !important; padding: 7px 14px 6px; float: none !important; margin-right: 0px; width: 192px; background-color: #f3f3f3; color: #111111; font-weight: 400; border-top: 1px solid #e7e7e7;\">Item Weight</th>\r\n<td style=\"box-sizing: border-box; vertical-align: top; padding: 7px 14px 6px; border-top: 1px solid #e7e7e7; overflow-wrap: break-word;\">0.160 ounces</td>\r\n</tr>\r\n<tr style=\"box-sizing: border-box;\">\r\n<th class=\"a-span4 a-text-right\" style=\"box-sizing: border-box; vertical-align: top; text-align: right !important; padding: 7px 14px 6px; float: none !important; margin-right: 0px; width: 192px; background-color: #f3f3f3; color: #111111; font-weight: 400; border-top: 1px solid #e7e7e7;\">Model Number</th>\r\n<td style=\"box-sizing: border-box; vertical-align: top; padding: 7px 14px 6px; border-top: 1px solid #e7e7e7; overflow-wrap: break-word;\">9026-1M</td>\r\n</tr>\r\n<tr style=\"box-sizing: border-box;\">\r\n<th class=\"a-span4 a-text-right\" style=\"box-sizing: border-box; vertical-align: top; text-align: right !important; padding: 7px 14px 6px; float: none !important; margin-right: 0px; width: 192px; background-color: #f3f3f3; color: #111111; font-weight: 400; border-top: 1px solid #e7e7e7;\">Number of Items</th>\r\n<td style=\"box-sizing: border-box; vertical-align: top; padding: 7px 14px 6px; border-top: 1px solid #e7e7e7; overflow-wrap: break-word;\">1000</td>\r\n</tr>\r\n</tbody>\r\n</table>\r\n</div>\r\n</div>\r\n</div>\r\n</div>\r\n</div>\r\n</div>','purell-cottony-soft-hand-sanitizing-wipes-1000-individually-wrapped-hand-sanitizing-wipes-in-bulk-packed-shipper---9026-1m',1,1,1,NULL,30.0000,30.0000,25.0000,NULL,NULL,4.0000,5,'White',6,'S','2021-01-23 17:13:25','en','default',103,'2021-03-04 11:40:05',NULL,1,25.0000,25.0000,'<ul class=\"a-unordered-list a-vertical a-spacing-mini\" style=\"box-sizing: border-box; margin: 0px 0px 0px 18px; color: #111111; padding: 0px; font-family: \'Amazon Ember\', Arial, sans-serif;\">\r\n<li style=\"box-sizing: border-box; list-style: disc; overflow-wrap: break-word; margin: 0px;\"><span class=\"a-list-item\" style=\"box-sizing: border-box;\">Antimicrobial premoistened hand wipe with 62 percent ethyl alcohol to help reduce the number of germs on hands and remove light soils</span></li>\r\n<li style=\"box-sizing: border-box; list-style: disc; overflow-wrap: break-word; margin: 0px;\"><span class=\"a-list-item\" style=\"box-sizing: border-box;\">Textured and thicker than regular PURELL Hand Sanitizing Wipes</span></li>\r\n<li style=\"box-sizing: border-box; list-style: disc; overflow-wrap: break-word; margin: 0px;\"><span class=\"a-list-item\" style=\"box-sizing: border-box;\">Contains vitamin E and A, aloe, and moisturizers to help keep skin hydrated</span></li>\r\n<li style=\"box-sizing: border-box; list-style: disc; overflow-wrap: break-word; margin: 0px;\"><span class=\"a-list-item\" style=\"box-sizing: border-box;\">Individually wrapped in tear-open packets for portability and to retain moisture</span></li>\r\n</ul>','','','',0.0000,0.0000,0.0000,0,NULL),(148,'0117',NULL,NULL,'purell-cottony-soft-hand-sanitizing-wipes-1000-individually-wrapped-hand-sanitizing-wipes-in-bulk-packed-shipper---9026-1m',1,1,1,NULL,30.0000,NULL,3.0000,NULL,NULL,4.0000,5,'White',6,'','2021-01-23 17:13:25','fr','default',103,'2021-03-04 11:40:05',NULL,1,3.0000,3.0000,NULL,NULL,NULL,NULL,0.0000,0.0000,0.0000,NULL,NULL),(149,'0117',NULL,NULL,'purell-cottony-soft-hand-sanitizing-wipes-1000-individually-wrapped-hand-sanitizing-wipes-in-bulk-packed-shipper---9026-1m',1,1,1,NULL,30.0000,NULL,3.0000,NULL,NULL,4.0000,5,'White',6,'','2021-01-23 17:13:25','nl','default',103,'2021-03-04 11:40:05',NULL,1,3.0000,3.0000,NULL,NULL,NULL,NULL,0.0000,0.0000,0.0000,NULL,NULL),(150,'0118','BenzaRid Hospital Grade Disinfectant (1 Gallon) | Professional Sanitizer & Vircucide, Kills MRSA, H1N1, H5N1 Viruses, Avian Flu, Staph, Mites and Blood Born Pathogens | Black Mold Killer, Fun','<ul class=\"a-unordered-list a-vertical a-spacing-mini\" style=\"box-sizing: border-box; margin: 0px 0px 0px 18px; color: #111111; padding: 0px; font-family: \'Amazon Ember\', Arial, sans-serif;\">\r\n<li style=\"box-sizing: border-box; list-style: disc; overflow-wrap: break-word; margin: 0px;\"><span class=\"a-list-item\" style=\"box-sizing: border-box;\">EPA Registered, Medical Grade Grade Virucide, H1N1, H5N1 Bird Flu Viruses, Flood Damage, Water Damage, Disinfectant, Mites, Miteacide,</span></li>\r\n<li style=\"box-sizing: border-box; list-style: disc; overflow-wrap: break-word; margin: 0px;\"><span class=\"a-list-item\" style=\"box-sizing: border-box;\">Hospital &amp; Industrial Strength Disinfectant, including MRSA, Fungicide &amp; Mildewstat</span></li>\r\n<li style=\"box-sizing: border-box; list-style: disc; overflow-wrap: break-word; margin: 0px;\"><span class=\"a-list-item\" style=\"box-sizing: border-box;\">Non-staining, Odorless, Mold Killer Used by Professionals to Remediate After Flood and Water Damage</span></li>\r\n<li style=\"box-sizing: border-box; list-style: disc; overflow-wrap: break-word; margin: 0px;\"><span class=\"a-list-item\" style=\"box-sizing: border-box;\">US EPA Registration #: 10324-85-88904 Used in Hospitals, Medical Facilities, Airlines and Any Areas Requiring Multi-Purpose Virucidal, Bacteriacidal and Fungicidal Treatment.</span></li>\r\n<li style=\"box-sizing: border-box; list-style: disc; overflow-wrap: break-word; margin: 0px;\"><span class=\"a-list-item\" style=\"box-sizing: border-box;\">Proven to kill areas infected with Avian Influenza H1N1, H5N1 virus, MRSA, HIV/ AIDS, HSV 1 &amp; 2, Hepatitis B &amp; C, Mycotoxic Black Mold (including Aspegillus Niger and others), with 10 minutes of</span></li>\r\n</ul>','benzarid-hospital-grade-disinfectant-1-gallon-professional-sanitizer-vircucide-kills-mrsa-h1n1-h5n1-viruses-avian-flu-staph-mites-and-blood-born-pathogens-black-mold-killer-fungicide',1,1,1,NULL,80.0000,NULL,NULL,NULL,NULL,5.0000,5,'White',6,'S','2021-01-23 17:18:32','en','default',104,'2021-02-13 10:44:00',NULL,1,80.0000,80.0000,'<p>EPA Registered, Medical Grade Grade Virucide, H1N1, H5N1 Bird Flu Viruses, Flood Damage, Water Damage, Disinfectant, Mites, Miteacide.</p>','','','',0.0000,0.0000,0.0000,1,NULL),(151,'0118',NULL,NULL,'benzarid-hospital-grade-disinfectant-1-gallon-professional-sanitizer-vircucide-kills-mrsa-h1n1-h5n1-viruses-avian-flu-staph-mites-and-blood-born-pathogens-black-mold-killer-fungicide',1,1,1,NULL,80.0000,NULL,NULL,NULL,NULL,5.0000,5,'White',6,'','2021-01-23 17:18:32','fr','default',104,'2021-02-13 10:44:00',NULL,1,80.0000,80.0000,NULL,NULL,NULL,NULL,0.0000,0.0000,0.0000,NULL,NULL),(152,'0118',NULL,NULL,'benzarid-hospital-grade-disinfectant-1-gallon-professional-sanitizer-vircucide-kills-mrsa-h1n1-h5n1-viruses-avian-flu-staph-mites-and-blood-born-pathogens-black-mold-killer-fungicide',1,1,1,NULL,80.0000,NULL,NULL,NULL,NULL,5.0000,5,'White',6,'','2021-01-23 17:18:32','nl','default',104,'2021-02-13 10:44:00',NULL,1,80.0000,80.0000,NULL,NULL,NULL,NULL,0.0000,0.0000,0.0000,NULL,NULL),(180,'1234567890','C-Cure 3 ply Disposable Face Mask','<p>long&nbsp; description&nbsp;</p>','c-cure-3-ply-disposable-face-mask',1,1,1,NULL,3.0000,15.0000,2.0000,NULL,NULL,18.0000,5,'White',6,'S','2021-03-20 16:38:12','en','default',108,'2021-05-03 10:26:46',NULL,1,2.0000,2.0000,'<ul class=\"features-ul\">\r\n<li class=\"col-md-3\">\r\n<div class=\"content-wrap\">25 Strips &amp; 25 Lancets</div>\r\n</li>\r\n<li class=\"col-md-3\">\r\n<div class=\"content-wrap\">App Based Glucometer</div>\r\n</li>\r\n<li class=\"col-md-3\">\r\n<div class=\"content-wrap\">Made in India</div>\r\n</li>\r\n<li class=\"col-md-3\">\r\n<div class=\"content-wrap\">Android Compatibler</div>\r\n</li>\r\n</ul>','','','',0.0000,0.0000,0.0000,1,NULL),(181,'1234567890',NULL,NULL,'c-cure-3-ply-disposable-face-mask-',1,1,1,NULL,3.0000,15.0000,2.0000,NULL,NULL,18.0000,5,'White',6,'','2021-03-20 16:38:12','fr','default',108,'2021-03-20 16:43:07',NULL,1,2.0000,2.0000,NULL,NULL,NULL,NULL,0.0000,0.0000,0.0000,NULL,NULL),(182,'1234567890',NULL,NULL,'c-cure-3-ply-disposable-face-mask-',1,1,1,NULL,3.0000,15.0000,2.0000,NULL,NULL,18.0000,5,'White',6,'','2021-03-20 16:38:12','nl','default',108,'2021-03-20 16:43:07',NULL,1,2.0000,2.0000,NULL,NULL,NULL,NULL,0.0000,0.0000,0.0000,NULL,NULL),(183,'ssd',NULL,NULL,'test-product',1,0,1,NULL,100.0000,100.0000,NULL,NULL,NULL,100.0000,4,'Black',6,'','2021-01-06 20:13:42','fr','default',1,'2021-03-22 11:05:34',NULL,1,100.0000,100.0000,NULL,NULL,NULL,NULL,0.0000,0.0000,0.0000,NULL,NULL),(184,'ssd',NULL,NULL,'test-product',1,0,1,NULL,100.0000,100.0000,NULL,NULL,NULL,100.0000,4,'Black',6,'','2021-01-06 20:13:42','nl','default',1,'2021-03-22 11:05:34',NULL,1,100.0000,100.0000,NULL,NULL,NULL,NULL,0.0000,0.0000,0.0000,NULL,NULL),(185,'',NULL,NULL,NULL,NULL,NULL,NULL,NULL,NULL,NULL,NULL,NULL,NULL,NULL,NULL,NULL,NULL,NULL,'2021-03-23 16:37:52','en','default',109,'2021-03-23 16:37:52',NULL,NULL,NULL,NULL,NULL,NULL,NULL,NULL,NULL,NULL,NULL,NULL,NULL),(186,'',NULL,NULL,NULL,NULL,NULL,NULL,NULL,NULL,NULL,NULL,NULL,NULL,NULL,NULL,NULL,NULL,NULL,'2021-03-23 16:37:52','fr','default',109,'2021-03-23 16:37:52',NULL,NULL,NULL,NULL,NULL,NULL,NULL,NULL,NULL,NULL,NULL,NULL,NULL),(187,'',NULL,NULL,NULL,NULL,NULL,NULL,NULL,NULL,NULL,NULL,NULL,NULL,NULL,NULL,NULL,NULL,NULL,'2021-03-23 16:37:52','nl','default',109,'2021-03-23 16:37:52',NULL,NULL,NULL,NULL,NULL,NULL,NULL,NULL,NULL,NULL,NULL,NULL,NULL),(188,'123456','3ply-mask','<p>Long Description</p>','3ply-mask',1,1,1,NULL,10.0000,15.0000,8.0000,NULL,NULL,12.0000,NULL,NULL,6,'S','2021-03-23 17:07:32','en','default',110,'2021-03-23 17:28:06',NULL,1,8.0000,8.0000,'<p>Short Description</p>','','','',0.0000,0.0000,0.0000,NULL,NULL),(189,'123456',NULL,NULL,'3ply-mask',1,1,1,NULL,10.0000,15.0000,8.0000,NULL,NULL,12.0000,NULL,NULL,6,'','2021-03-23 17:07:32','fr','default',110,'2021-03-23 17:28:06',NULL,1,8.0000,8.0000,NULL,NULL,NULL,NULL,0.0000,0.0000,0.0000,NULL,NULL),(190,'123456',NULL,NULL,'3ply-mask',1,1,1,NULL,10.0000,15.0000,8.0000,NULL,NULL,12.0000,NULL,NULL,6,'','2021-03-23 17:07:32','nl','default',110,'2021-03-23 17:28:06',NULL,1,8.0000,8.0000,NULL,NULL,NULL,NULL,0.0000,0.0000,0.0000,NULL,NULL),(191,'123','testing','<p>dfgayhdfghnbshyyhtydtuykjtru</p>','testing',1,1,1,NULL,1234.0000,NULL,NULL,NULL,NULL,123.0000,NULL,NULL,6,'S','2021-03-26 14:35:26','en','default',111,'2021-03-26 14:35:26',NULL,1,1234.0000,1234.0000,'<p>ASTGdfsyzgdvhcxhreaya enb</p>','','','',0.0000,0.0000,0.0000,NULL,NULL),(192,'123',NULL,NULL,'testing',1,1,1,NULL,1234.0000,NULL,NULL,NULL,NULL,123.0000,NULL,NULL,6,'','2021-03-26 14:35:26','fr','default',111,'2021-03-26 14:35:26',NULL,1,1234.0000,1234.0000,NULL,NULL,NULL,NULL,0.0000,0.0000,0.0000,NULL,NULL),(193,'123',NULL,NULL,'testing',1,1,1,NULL,1234.0000,NULL,NULL,NULL,NULL,123.0000,NULL,NULL,6,'','2021-03-26 14:35:26','nl','default',111,'2021-03-26 14:35:26',NULL,1,1234.0000,1234.0000,NULL,NULL,NULL,NULL,0.0000,0.0000,0.0000,NULL,NULL),(194,'dispo-cap','buffon cap','<p><span class=\"aCOpRe\">Manufacturer of Disposable Cap - Disposable <em>Bouffant Caps</em>, Disposable Bouffant Spring Cap, Disposable Medical Cap and Disposable Doctor Cap offered by&nbsp;.</span></p>','buffon-cap',1,0,1,NULL,100.0000,99.0000,90.0000,'2021-04-06','2021-04-07',15.0000,1,'Red',7,'M','2021-04-05 15:33:58','en','default',112,'2021-04-05 15:33:58',NULL,1,90.0000,90.0000,'<table style=\"border: 1px; font-weight: 500; color: #2d2d2d; background-color: #ffffff; width: 100%; border-collapse: separate; border-spacing: 0 1em;\">\r\n<tbody>\r\n<tr>\r\n<td style=\"padding: 5px; text-align: center; box-shadow: 0px 0px 2px 0px rgba(0,0,0,0.1); width: 24%;\">High acoustic sensitivity</td>\r\n<td style=\"padding: 5px;\">&nbsp;</td>\r\n<td style=\"padding: 5px; text-align: center; box-shadow: 0px 0px 2px 0px rgba(0,0,0,0.1); width: 24%;\">Copper Finish Chest-piece</td>\r\n<td style=\"padding: 5px;\">&nbsp;</td>\r\n<td style=\"padding: 5px; text-align: center; box-shadow: 0px 0px 2px 0px rgba(0,0,0,0.1); width: 24%;\">Chocolate Tube</td>\r\n<td style=\"padding: 5px;\">&nbsp;</td>\r\n<td style=\"padding: 5px; text-align: center; box-shadow: 0px 0px 2px 0px rgba(0,0,0,0.1); width: 24%;\">5 Years Warranty</td>\r\n</tr>\r\n</tbody>\r\n</table>','','','',100.0000,200.0000,300.0000,NULL,NULL),(195,'dispo-cap',NULL,NULL,'buffon-cap',1,0,1,NULL,100.0000,99.0000,90.0000,'2021-04-06','2021-04-07',15.0000,1,'Red',7,'','2021-04-05 15:33:58','fr','default',112,'2021-04-05 15:33:58',NULL,1,100.0000,100.0000,NULL,NULL,NULL,NULL,100.0000,200.0000,300.0000,NULL,NULL),(196,'dispo-cap',NULL,NULL,'buffon-cap',1,0,1,NULL,100.0000,99.0000,90.0000,'2021-04-06','2021-04-07',15.0000,1,'Red',7,'','2021-04-05 15:33:58','nl','default',112,'2021-04-05 15:33:58',NULL,1,100.0000,100.0000,NULL,NULL,NULL,NULL,100.0000,200.0000,300.0000,NULL,NULL),(197,'',NULL,NULL,NULL,NULL,NULL,NULL,NULL,NULL,NULL,NULL,NULL,NULL,NULL,NULL,NULL,NULL,NULL,'2021-04-15 11:43:44','en','default',113,'2021-04-15 11:43:44',NULL,NULL,NULL,NULL,NULL,NULL,NULL,NULL,NULL,NULL,NULL,NULL,NULL),(198,'',NULL,NULL,NULL,NULL,NULL,NULL,NULL,NULL,NULL,NULL,NULL,NULL,NULL,NULL,NULL,NULL,NULL,'2021-04-15 11:46:06','en','default',114,'2021-04-15 11:46:06',NULL,NULL,NULL,NULL,NULL,NULL,NULL,NULL,NULL,NULL,NULL,NULL,NULL),(199,'',NULL,NULL,NULL,NULL,NULL,NULL,NULL,NULL,NULL,NULL,NULL,NULL,NULL,NULL,NULL,NULL,NULL,'2021-04-15 11:46:57','en','default',115,'2021-04-15 11:46:57',NULL,NULL,NULL,NULL,NULL,NULL,NULL,NULL,NULL,NULL,NULL,NULL,NULL),(200,'test2345','test product1','<p>test product1 is testing product. test product1 is testing product.test product1 is testing product.test product1 is testing product.test product1 is testing product.</p>','test-product1',1,1,1,NULL,500.0000,500.0000,400.0000,'2021-04-15','2021-04-22',1.0000,2,'Green',6,'S','2021-04-15 11:48:43','en','default',116,'2021-04-15 12:00:21',NULL,1,400.0000,400.0000,'<p>test product1 is testing product.</p>','test product','test product, testproduct, producttest, test, product','test product for any com',4.0000,5.0000,2.0000,1,NULL),(201,'',NULL,NULL,NULL,NULL,NULL,NULL,NULL,NULL,NULL,NULL,NULL,NULL,NULL,NULL,NULL,NULL,NULL,'2021-04-19 16:26:59','en','default',117,'2021-04-19 16:26:59',NULL,NULL,NULL,NULL,NULL,NULL,NULL,NULL,NULL,NULL,NULL,NULL,NULL),(202,'',NULL,NULL,NULL,NULL,NULL,NULL,NULL,NULL,NULL,NULL,NULL,NULL,NULL,NULL,NULL,NULL,NULL,'2021-04-19 17:43:40','en','default',118,'2021-04-19 17:43:40',NULL,NULL,NULL,NULL,NULL,NULL,NULL,NULL,NULL,NULL,NULL,NULL,NULL),(203,'container123456','Johnson & Johnson Bottle','<p>Johnson &amp; Johson Bottles are good for childeren as well as elders.</p>','johnson-johnson-bottle',1,1,1,NULL,100.0000,50.0000,98.0000,'2021-04-17','2021-04-22',0.5000,2,'Green',6,'S','2021-04-19 17:49:11','en','default',119,'2021-04-19 18:44:42',NULL,1,98.0000,98.0000,'<p>Johnson &amp; Johson Bottles are good.</p>','Johnson & Johnson Bottle','Johnson & Johnson, Bottle, Johnson & Johnson Bottle, pet bottle, plastic bottle','good bottles by johnson & johnson',5.0000,20.0000,4.0000,0,NULL),(204,'',NULL,NULL,NULL,NULL,NULL,NULL,NULL,NULL,NULL,NULL,NULL,NULL,NULL,NULL,NULL,NULL,NULL,'2021-04-20 20:09:39','en','default',120,'2021-04-20 20:09:39',NULL,NULL,NULL,NULL,NULL,NULL,NULL,NULL,NULL,NULL,NULL,NULL,NULL),(205,'',NULL,NULL,NULL,NULL,NULL,NULL,NULL,NULL,NULL,NULL,NULL,NULL,NULL,NULL,NULL,NULL,NULL,'2021-04-20 20:16:34','en','default',121,'2021-04-20 20:16:34',NULL,NULL,NULL,NULL,NULL,NULL,NULL,NULL,NULL,NULL,NULL,NULL,NULL),(206,'mo-1002','Lumbo Sacral Support Belt with Double Strapping','<ul>\r\n<li>Long Life</li>\r\n<li>Skin Friendly</li>\r\n<li>Well Cushioned Back Pad</li>\r\n<li>Flexible Sizing</li>\r\n<li>Double Lock For Optimum &amp; Perfect Kit&nbsp;</li>\r\n</ul>','lumbo-sacral-support-belt-with-double-strapping',1,1,1,NULL,600.0000,400.0000,500.0000,'2021-04-20','2021-04-30',1.0000,5,'White',7,'M','2021-04-20 20:49:06','en','default',122,'2021-04-20 22:13:01',NULL,1,500.0000,500.0000,'<p>Support Belt With Double Strapping.</p>','Lumbo Sacral Support Belt with Double Strapping','Lumbo Sacral Support Belt with Double Strapping, Lumbo Sacral Support Belt, Double Strapping, Support Belt','',1.0000,1.0000,1.0000,1,NULL),(207,'',NULL,NULL,NULL,NULL,NULL,NULL,NULL,NULL,NULL,NULL,NULL,NULL,NULL,NULL,NULL,NULL,NULL,'2021-04-21 19:36:14','en','default',123,'2021-04-21 19:36:14',NULL,NULL,NULL,NULL,NULL,NULL,NULL,NULL,NULL,NULL,NULL,NULL,NULL),(208,'',NULL,NULL,NULL,NULL,NULL,NULL,NULL,NULL,NULL,NULL,NULL,NULL,NULL,NULL,NULL,NULL,NULL,'2021-04-21 19:59:32','en','default',124,'2021-04-21 19:59:32',NULL,NULL,NULL,NULL,NULL,NULL,NULL,NULL,NULL,NULL,NULL,NULL,NULL),(209,'mo-1004','Lumbo Sacral Corset Belt','<div class=\"page\" title=\"Page 7\">\r\n<div class=\"section\">\r\n<div class=\"layoutArea\">\r\n<div class=\"column\">\r\n<ul>\r\n<li><span style=\"font-size: 11pt; font-family: Swiss721BT; color: #373435;\">Anatomically contoured rigid splints.</span></li>\r\n<li><span style=\"font-size: 11pt; font-family: Swiss721BT; color: #373435;\">Side pulls for added support.<br /></span></li>\r\n<li><span style=\"font-size: 11pt; font-family: Swiss721BT; color: #373435;\">Hook &amp; loop closure for proper fitting.</span></li>\r\n<li><span style=\"font-size: 11pt; font-family: Swiss721BT; color: #373435;\">Simple and quick application.</span></li>\r\n<li><span style=\"font-size: 11pt; font-family: Swiss721BT; color: #373435;\">Breathable and moisture transpor ting weaving.</span></li>\r\n</ul>\r\n</div>\r\n</div>\r\n</div>\r\n</div>','lumbo-sacral-corset-belt',1,1,1,NULL,800.0000,600.0000,700.0000,'2021-04-22','2021-05-01',1.0000,4,'Black',6,'S','2021-04-22 20:02:20','en','default',125,'2021-04-22 20:36:00',NULL,1,700.0000,700.0000,'<ul>\r\n<li>Long life.</li>\r\n<li>Costimizable for correct posture.</li>\r\n<li>High degree of immobilization.</li>\r\n<li>Double pull mechanisam.</li>\r\n<li>Anatomicalpreshaped splint.</li>\r\n</ul>','Lumbo Sacral Corset Belt','Lumbo Sacral Corset Belt, Lumbo Sacral belt, Corset Belt','Low back pain,Low back sprains/strains,Lumbar disc injury, Degenerative Disc Disease,Herniated Disc or PIVD',0.0000,0.0000,0.0000,1,NULL),(210,'mo-1005','Rib Belt','<div class=\"page\" title=\"Page 8\">\r\n<div class=\"section\">\r\n<div class=\"layoutArea\">\r\n<div class=\"column\">\r\n<ul>\r\n<li><span style=\"font-size: 11pt; font-family: Swiss721BT; color: #373435;\">Hook &amp; loop closure for easy application and removal.</span></li>\r\n<li><span style=\"color: #373435; font-family: Swiss721BT; font-size: 11pt;\">&nbsp;With splinting pad for patent comfort.</span></li>\r\n<li><span style=\"color: #373435; font-family: Swiss721BT; font-size: 11pt;\"> Breathable and moisture-transporting&nbsp;</span><span style=\"color: #373435; font-family: Swiss721BT; font-size: 11pt;\">weaving.</span></li>\r\n<li><span style=\"color: #373435; font-family: Swiss721BT; font-size: 11pt;\">&nbsp;Simple and quick application.</span></li>\r\n</ul>\r\n</div>\r\n</div>\r\n</div>\r\n</div>','rib-belt',1,1,1,NULL,600.0000,500.0000,550.0000,'2021-04-22','2021-05-01',1.0000,4,'Black',6,'S','2021-04-22 20:42:46','en','default',126,'2021-04-22 21:00:42',NULL,1,550.0000,550.0000,'<ul>\r\n<li>Extra porous with splinting pad.</li>\r\n<li>No buckling or rolling over.</li>\r\n<li>Contolled compression</li>\r\n</ul>','Rib Belt','rib belt, chest belt, body brace','Rib fracture\r\n- Intercostal muscle strain\r\n- Chest pain\r\n- Reinforce ribs',0.0000,0.0000,0.0000,1,NULL),(211,'mo-1006','CHEST BELT','<div class=\"page\" title=\"Page 9\">\r\n<div class=\"section\">\r\n<div class=\"layoutArea\">\r\n<div class=\"column\">\r\n<ul>\r\n<li><span style=\"font-size: 11pt; font-family: Swiss721BT; color: #373435;\">Hook &amp; loop closure for easy application and removal.</span></li>\r\n<li><span style=\"color: #373435; font-family: Swiss721BT; font-size: 11pt;\">With splinting pad for patent comfort.</span></li>\r\n<li><span style=\"font-size: 11pt; font-family: Swiss721BT; color: #373435;\">Breathable and moisture-transporting&nbsp;</span><span style=\"font-size: 11pt; font-family: Swiss721BT; color: #373435;\">weaving.</span></li>\r\n<li><span style=\"color: #373435; font-family: Swiss721BT; font-size: 11pt;\">Simple and quick application.</span></li>\r\n</ul>\r\n</div>\r\n</div>\r\n</div>\r\n</div>','chest-belt',0,1,1,NULL,700.0000,500.0000,600.0000,'2021-04-22','2021-05-01',1.0000,4,'Black',6,'S','2021-04-22 23:17:46','en','default',127,'2021-04-22 23:37:32',NULL,1,600.0000,600.0000,'<ul>\r\n<li>Anatomic chest pad</li>\r\n<li>Controlled copression</li>\r\n<li>effective chest splinting</li>\r\n<li>pleasing aesthsetics</li>\r\n</ul>','Chest belt','chest belt, thoracic belt, braces','Stabilization of fracture of sternum, Protecting and binding surgical incision of the chest, helps patients regulate pain management',0.0000,0.0000,0.0000,1,NULL),(212,'mo-1007','TAYLOR BRACE','<div class=\"page\" title=\"Page 10\">\r\n<div class=\"section\">\r\n<div class=\"layoutArea\">\r\n<div class=\"column\">\r\n<ul>\r\n<li><span style=\"font-size: 11pt; font-family: Swiss721BT; color: #373435;\">Anatomically contoured splints for perfect immobilization.</span></li>\r\n<li><span style=\"font-size: 11pt; font-family: Swiss721BT; color: #373435;\">&nbsp;Clavicle straps with cotton stockinet to correct shoulder posture.</span></li>\r\n<li><span style=\"font-size: 11pt; font-family: Swiss721BT; color: #373435;\">&nbsp;Thoracic straps provides additional support.</span></li>\r\n<li><span style=\"font-size: 11pt; font-family: Swiss721BT; color: #373435;\">Abdomen elastic panel with hook loop closers for easy application and support.</span></li>\r\n<li><span style=\"font-size: 11pt; font-family: Swiss721BT; color: #373435;\">&nbsp;Hook &amp; loop closure for proper fitting. </span></li>\r\n<li><span style=\"font-size: 11pt; font-family: Swiss721BT; color: #373435;\">&nbsp;Simple and quick application.</span></li>\r\n</ul>\r\n</div>\r\n</div>\r\n</div>\r\n</div>','taylor-brace',1,1,1,NULL,2000.0000,1700.0000,1850.0000,'2021-04-22','2021-05-01',2.0000,4,'Black',6,'S','2021-04-22 23:39:54','en','default',128,'2021-04-22 23:56:35',NULL,1,1850.0000,1850.0000,'<ul>\r\n<li>Costimized fitting.</li>\r\n<li>Sleek design.</li>\r\n<li>flexible sizing.</li>\r\n<li>Excellent spine immobilisation.</li>\r\n</ul>','TAYLOR BRACE','Taylor brace. support splint, posture correction belt.','Postural deformity,care of spine,thoraces and lumber injuries,degenerative disc disease,herniated disc',0.0000,0.0000,0.0000,1,NULL),(213,'mo-1008','MATERNITY BELT','<div class=\"page\" title=\"Page 11\">\r\n<div class=\"section\">\r\n<div class=\"layoutArea\">\r\n<div class=\"column\">\r\n<ul>\r\n<li><span style=\"font-size: 10pt; font-family: Swiss721BT; color: #373435;\">Split elastic panel gives a good grip to the back splints, ensure no harsh pressure to the baby. Lifts the baby to reduce load to the mother.</span></li>\r\n<li><span style=\"color: #373435; font-size: 10pt; font-family: Swiss721BT;\">Monofilament stripped elastic is light in weight, durable,hasbettercompressionandishighly porous.</span></li>\r\n<li><span style=\"color: #373435; font-family: Swiss721BT; font-size: 10pt;\">Soft and dermophilic materials used ensure, no rashorallergy.Comfortimprovescompliance.</span></li>\r\n<li><span style=\"color: #373435; font-family: Swiss721BT; font-size: 10pt;\">Lateral closing design is easy to wear and ensures that there is no direct pressure on the baby.</span></li>\r\n</ul>\r\n</div>\r\n</div>\r\n</div>\r\n</div>','maternity-belt',1,1,1,NULL,900.0000,600.0000,750.0000,'2021-04-22','2021-05-01',1.5000,4,'Black',6,'S','2021-04-22 23:57:38','en','default',129,'2021-07-05 18:55:30',NULL,1,900.0000,900.0000,'<ul>\r\n<li>Effective back support.</li>\r\n<li>double pull mechanism.</li>\r\n<li>no prssure to the foetus.</li>\r\n</ul>','MATERNITY BELT','Maternity belt, abdominal belt, pregnancy back support belt,','Belly bands help decrease your pain, allow you to engage comfortably in daily activities. It can be worn after pregnancy for support, Supporting the lower back especially after a cesarean delivery, Improving blood circulation.',0.0000,0.0000,0.0000,1,NULL),(214,'mo-1009','PELVIC BINDER','<div class=\"page\" title=\"Page 12\">\r\n<div class=\"section\">\r\n<div class=\"layoutArea\">\r\n<div class=\"column\">\r\n<ul>\r\n<li><span style=\"font-size: 11pt; font-family: Swiss721BT; color: #373435;\">Made from soft, comfortable and skin- friendly materials.</span></li>\r\n<li><span style=\"color: #373435; font-family: Swiss721BT; font-size: 11pt;\">Pelvic Binder lessens pain and movement during transfer and permit clean access for Laparotomy and Angiography by releasing individual strap fastener.</span></li>\r\n<li><span style=\"color: #373435; font-family: Swiss721BT; font-size: 11pt;\">It comes with a wrap-around layout and hook &amp; loop closures for easy application</span><span style=\"color: #373435; font-family: Swiss721BT; font-size: 11pt;\">and offers most excellent compression to user.</span></li>\r\n</ul>\r\n</div>\r\n</div>\r\n</div>\r\n</div>','pelvic-binder',1,1,1,NULL,800.0000,500.0000,700.0000,'2021-04-23','2021-05-01',1.5000,4,'Black',6,'S','2021-04-23 00:19:23','en','default',130,'2021-04-23 00:32:22',NULL,1,700.0000,700.0000,'<ul>\r\n<li>Non invasive.</li>\r\n<li>lateral compression fracture.</li>\r\n<li>skin necrosis.</li>\r\n<li>associated visceral/neural injury.&nbsp;</li>\r\n</ul>','pelvic binder','pelvic binder, pelvic belt',' Pelvic Fracture',0.0000,0.0000,0.0000,1,NULL),(215,'',NULL,NULL,NULL,NULL,NULL,NULL,NULL,NULL,NULL,NULL,NULL,NULL,NULL,NULL,NULL,NULL,NULL,'2021-04-23 10:19:12','en','default',131,'2021-04-23 10:19:12',NULL,NULL,NULL,NULL,NULL,NULL,NULL,NULL,NULL,NULL,NULL,NULL,NULL),(216,'mo-2002','Cervical collar soft','<div class=\"page\" title=\"Page 14\">\r\n<div class=\"section\">\r\n<div class=\"layoutArea\">\r\n<div class=\"column\">\r\n<ul>\r\n<li><span style=\"font-size: 11pt; font-family: Swiss721BT; color: #373435;\">Made of firm density foam.</span></li>\r\n<li><span style=\"font-size: 11pt; font-family: Swiss721BT; color: #373435;\">&nbsp;Covered with a soft, smooth cotton&nbsp;</span><span style=\"color: #373435; font-family: Swiss721BT; font-size: 11pt;\">stockinet.</span></li>\r\n<li><span style=\"color: #373435; font-family: Swiss721BT; font-size: 11pt;\">&nbsp;Splint inside for better neck support.</span></li>\r\n<li><span style=\"color: #373435; font-family: Swiss721BT; font-size: 11pt;\"> Eyelets for better ventilation.</span></li>\r\n<li><span style=\"color: #373435; font-family: Swiss721BT; font-size: 11pt;\">Hook &amp; Loop closers for proper fit.</span></li>\r\n<li><span style=\"color: #373435; font-family: Swiss721BT; font-size: 11pt;\">Durableandlongerlife.</span></li>\r\n</ul>\r\n</div>\r\n</div>\r\n</div>\r\n</div>','cervical-collar',1,1,1,NULL,900.0000,600.0000,750.0000,'2021-04-24','2021-05-01',1.0000,4,'Black',6,'S','2021-04-23 10:25:17','en','default',132,'2021-04-23 10:44:47',NULL,1,900.0000,900.0000,'<ul>\r\n<li>Eltimate comfort.</li>\r\n<li>Well ventilated.</li>\r\n<li>Optimal support.</li>\r\n<li>Hypo allergic.</li>\r\n</ul>','Cervical collar','Cervical collar, neck belt, traction belt','Cervical Trauma,Neck Pain and Stiffness,Excessive Mobility,Strain of Neck Muscles,DegenerativeDiscDisease',0.0000,0.0000,0.0000,0,NULL),(217,'mo-2003','CERVICAL COLLAR HARD','<div class=\"page\" title=\"Page 15\">\r\n<div class=\"section\">\r\n<div class=\"layoutArea\">\r\n<div class=\"column\">\r\n<ul>\r\n<li><span style=\"font-size: 11pt; font-family: Swiss721BT; color: #373435;\">Two-piece design with height adjustment ensures perfect immobilization of the neck.</span></li>\r\n<li><span style=\"color: #373435; font-family: Swiss721BT; font-size: 11pt;\">Ethafoam edge padding ensures comfor table application.</span></li>\r\n<li><span style=\"font-size: 11pt; font-family: Swiss721BT; color: #373435;\">Easy to clean maintain.</span></li>\r\n<li><span style=\"font-size: 11pt; font-family: Swiss721BT; color: #373435;\">Hook &amp; Loop closers for proper fit.</span></li>\r\n<li><span style=\"font-size: 11pt; font-family: Swiss721BT; color: #373435;\">Durableandlongerlife.</span></li>\r\n</ul>\r\n</div>\r\n</div>\r\n</div>\r\n</div>','cervical-collar-hard',1,1,1,NULL,1000.0000,750.0000,850.0000,'2021-04-23','2021-05-01',1.0000,5,'White',6,'S','2021-04-23 10:49:28','en','default',133,'2021-04-23 11:02:53',NULL,1,850.0000,850.0000,'<ul>\r\n<li>Light weight.</li>\r\n<li>Comfotable edge padding.</li>\r\n<li>Adjustable hight.</li>\r\n<li>Latex free.</li>\r\n</ul>','CERVICAL COLLAR HARD','cervical belt, cervical collar, neck belt','Cervical Trauma,Accidental Trauma,Cervical Spondylitis, Rheumatoid    Arthritis,Strain of Neck Muscles,Whiplash Recovery, DegenerativeDiscDisease',0.0000,0.0000,0.0000,1,NULL),(218,'mo-2004','PHILADELPHIA COLLAR','<div class=\"page\" title=\"Page 16\">\r\n<div class=\"section\">\r\n<div class=\"layoutArea\">\r\n<div class=\"column\">\r\n<ul>\r\n<li><span style=\"font-size: 11pt; font-family: Swiss721BT; color: #373435;\">Made of Ethafoam material.</span></li>\r\n<li><span style=\"font-size: 11pt; font-family: Swiss721BT; color: #373435;\">Trachea opening In front alleviates heat &amp;&nbsp;</span><span style=\"font-size: 11pt; font-family: Swiss721BT; color: #373435;\">moisture.</span></li>\r\n<li><span style=\"font-size: 11pt; font-family: Swiss721BT; color: #373435;\">Two-Piece design for perfect&nbsp;</span><span style=\"font-size: 11pt; font-family: Swiss721BT; color: #373435;\">immobilization of the neck.</span></li>\r\n<li><span style=\"font-size: 11pt; font-family: Swiss721BT; color: #373435;\">Chain support ensures a comfort fit.</span></li>\r\n<li><span style=\"font-size: 11pt; font-family: Swiss721BT; color: #373435;\"> Hook &amp; Loop closers for proper fit.</span></li>\r\n<li><span style=\"font-size: 11pt; font-family: Swiss721BT; color: #373435;\">&nbsp;Durable and longer life</span></li>\r\n</ul>\r\n</div>\r\n</div>\r\n</div>\r\n</div>','philadelphia-collar',1,1,1,NULL,1300.0000,1000.0000,1150.0000,'2021-04-24','2021-05-02',1.0000,4,'Black',6,'S','2021-04-23 11:04:30','en','default',134,'2021-04-23 11:14:51',NULL,1,1300.0000,1300.0000,'<ul>\r\n<li>Light weighted.</li>\r\n<li>anatomically shaped.</li>\r\n</ul>','PHILADELPHIA COLLAR','Philadelphia collar, neck fracture belt','Cervical Trauma,Accidental and Trauma,Cervical Spondylitis, Burn',0.0000,0.0000,0.0000,1,NULL),(219,'mo-3001','Arm Sling Pouch','<div class=\"page\" title=\"Page 17\">\r\n<div class=\"section\">\r\n<div class=\"layoutArea\">\r\n<div class=\"column\">\r\n<ul>\r\n<li><span style=\"font-size: 11pt; font-family: Swiss721BT; color: #373435;\">Made from soft, comfortable and skin- friendly material.</span></li>\r\n<li><span style=\"font-size: 11pt; font-family: Swiss721BT; color: #373435;\">Thumb cradle for added support.</span></li>\r\n<li><span style=\"font-size: 11pt; font-family: Swiss721BT; color: #373435;\">Shoulder pad relieves pressure from the&nbsp;</span><span style=\"font-size: 11pt; font-family: Swiss721BT; color: #373435;\">shoulder.</span></li>\r\n<li><span style=\"font-size: 11pt; font-family: Swiss721BT; color: #373435;\">Adjustable strap with a buckle for a&nbsp;</span><span style=\"font-size: 11pt; font-family: Swiss721BT; color: #373435;\">customized fit.</span></li>\r\n<li><span style=\"font-size: 11pt; font-family: Swiss721BT; color: #373435;\">Breathable and moisture transporting&nbsp;</span><span style=\"font-size: 11pt; font-family: Swiss721BT; color: #373435;\">weaving.</span></li>\r\n</ul>\r\n</div>\r\n</div>\r\n</div>\r\n</div>','arm-sling-pouch',1,1,1,NULL,700.0000,400.0000,550.0000,'2021-04-23','2021-05-01',1.0000,4,'Black',6,'S','2021-04-23 11:57:03','en','default',135,'2021-04-23 12:12:03',NULL,1,550.0000,550.0000,'<ul>\r\n<li>Adjustable.</li>\r\n<li>Wrinkle free.</li>\r\n<li>Well ventilated.</li>\r\n<li>Smart and sleek.</li>\r\n</ul>','Arm Sling Pouch','Arm Sling Pouch, arm  support belt,  hand support belt','Fracture of arm, Wrist fracture, Sprains, Arm/Shoulder immobilization, Post-surgery/Post-cast care',0.0000,0.0000,0.0000,1,NULL),(220,'mo-3002','Elastic Shoulder Immobilizer','<div class=\"page\" title=\"Page 18\">\r\n<div class=\"section\">\r\n<div class=\"layoutArea\">\r\n<div class=\"column\">\r\n<ul>\r\n<li><span style=\"font-size: 11pt; font-family: Swiss721BT; color: #373435;\">Elastic chest band and humerus and forearm cuff with contact closure.</span></li>\r\n<li><span style=\"font-size: 11pt; font-family: Swiss721BT; color: #373435;\">Extra shoulder cup for perfect immobilization and compression.</span></li>\r\n<li><span style=\"font-size: 11pt; font-family: Swiss721BT; color: #373435;\">Made from high-quality elastic materials.</span></li>\r\n<li><span style=\"font-size: 11pt; font-family: Swiss721BT; color: #373435;\">Hook and loop closures for proper fit. </span></li>\r\n<li><span style=\"font-size: 11pt; font-family: Swiss721BT; color: #373435;\">Breathable and moisture transporting weaving.</span></li>\r\n</ul>\r\n</div>\r\n</div>\r\n</div>\r\n</div>','elastic-shoulder-immobilizer',1,1,1,NULL,1100.0000,850.0000,950.0000,'2021-04-23','2021-05-01',1.0000,4,'Black',6,'S','2021-04-23 12:13:16','en','default',136,'2021-04-23 12:23:42',NULL,1,950.0000,950.0000,'<ul>\r\n<li>Well ventilated.</li>\r\n<li>Smart and sleek.</li>\r\n<li>Extra compression cap.</li>\r\n<li>Four way immobilisation.</li>\r\n</ul>','Elastic Shoulder Immobilizer','Elastic Shoulder Immobilizer, shoulder support belt','Shoulder immobilizing, Decrease anti-inflammatory medications, Decrease pain symptoms, Improve shoulder joint function.\r\n',0.0000,0.0000,0.0000,1,NULL),(221,'mo-3003','Shoulder Immobilizer','<div class=\"page\" title=\"Page 19\">\r\n<div class=\"section\">\r\n<div class=\"layoutArea\">\r\n<div class=\"column\">\r\n<ul>\r\n<li><span style=\"font-size: 11pt; font-family: Swiss721BT; color: #373435;\">Enough room for the injured limb.</span></li>\r\n<li><span style=\"font-size: 11pt; font-family: Swiss721BT; color: #373435;\">Universal baggy sling with extra wrap&nbsp;</span><span style=\"color: #373435; font-family: Swiss721BT; font-size: 11pt;\">around strap ensures perfect&nbsp;</span><span style=\"color: #373435; font-family: Swiss721BT; font-size: 11pt;\">immobilization.</span></li>\r\n<li><span style=\"color: #373435; font-family: Swiss721BT; font-size: 11pt;\">&nbsp;Made from high-quality foam materials.</span></li>\r\n<li><span style=\"color: #373435; font-family: Swiss721BT; font-size: 11pt;\"> Hook and loop closures for proper fit.</span></li>\r\n<li><span style=\"color: #373435; font-family: Swiss721BT; font-size: 11pt;\">Breathable and moisture transporting&nbsp;</span><span style=\"color: #373435; font-family: Swiss721BT; font-size: 11pt;\">weaving.</span></li>\r\n</ul>\r\n</div>\r\n</div>\r\n</div>\r\n</div>','shoulder-immobilizer',1,1,1,NULL,900.0000,600.0000,750.0000,'2021-04-23','2021-05-02',1.0000,4,'Black',6,'S','2021-04-23 12:24:49','en','default',137,'2021-04-23 12:34:55',NULL,1,750.0000,750.0000,'<ul>\r\n<li>Perfect immobilization.</li>\r\n<li>Enhanced comfort.</li>\r\n<li>convenient application.</li>\r\n<li>wrinkle proof.</li>\r\n</ul>','Shoulder Immobilizer','Shoulder Immobilizer, shoulder support belt.','Shoulder and arm immobilizing, Decrease anti-inflammatory medications, Decrease pain symptoms,Improve shoulder joint functions.',0.0000,0.0000,0.0000,1,NULL),(222,'mo-3004','Clavicle Brace','<div class=\"page\" title=\"Page 20\">\r\n<div class=\"section\">\r\n<div class=\"layoutArea\">\r\n<div class=\"column\">\r\n<ul>\r\n<li><span style=\"font-size: 11pt; font-family: Swiss721BT; color: #373435;\">Made from soft, comfortable and skin- friendly material.</span></li>\r\n<li><span style=\"color: #373435; font-family: Swiss721BT; font-size: 11pt;\">Soft, comfortable shoulder and underarm padding for patient comfort.</span></li>\r\n<li><span style=\"color: #373435; font-family: Swiss721BT; font-size: 11pt;\">Adjustable strap with a buckle for a customized fit.</span></li>\r\n<li><span style=\"color: #373435; font-family: Swiss721BT; font-size: 11pt;\">Breathable and moisture transpor ting weaving.</span></li>\r\n</ul>\r\n</div>\r\n</div>\r\n</div>\r\n</div>','clavicle-brace',1,1,1,NULL,600.0000,400.0000,500.0000,'2021-04-23','2021-05-02',1.0000,4,'Black',6,'S','2021-04-23 12:35:55','en','default',138,'2021-04-23 12:48:07',NULL,1,500.0000,500.0000,'<ul>\r\n<li>No lossing with time.</li>\r\n<li>Linear union.</li>\r\n<li>No abrassion, no rash.</li>\r\n<li>Comfartable auxiliary padding.</li>\r\n</ul>','Clavicle Brace','Clavicle Brace, clavicle fracture belt, posture correct belt','Clavicle fracture,Strain,Trauma,Posture problems,Immobilization of clavicle area',0.0000,0.0000,0.0000,1,NULL),(223,'mo-3005','Shoulder Support','<div class=\"page\" title=\"Page 21\">\r\n<div class=\"section\">\r\n<div class=\"layoutArea\">\r\n<div class=\"column\">\r\n<ul>\r\n<li><span style=\"font-size: 11pt; font-family: Swiss721BT; color: #373435;\">Made from Neoprene bonded nylon fabric.</span></li>\r\n<li><span style=\"font-size: 11pt; font-family: Swiss721BT; color: #373435;\">Fourwaystretchable</span></li>\r\n<li><span style=\"font-size: 11pt; font-family: Swiss721BT; color: #373435;\">Anatomical shape ensures.</span></li>\r\n<li><span style=\"font-size: 11pt; font-family: Swiss721BT; color: #373435;\">Perfect fitting and optimal immobilization.</span></li>\r\n<li><span style=\"font-size: 11pt; font-family: Swiss721BT; color: #373435;\"> Retains body heat for pain relief and&nbsp;</span><span style=\"color: #373435; font-family: Swiss721BT; font-size: 11pt;\">quicker healing.</span></li>\r\n<li><span style=\"color: #373435; font-family: Swiss721BT; font-size: 11pt;\">Can be worn inconspicuously under&nbsp;</span><span style=\"color: #373435; font-family: Swiss721BT; font-size: 11pt;\">clothing.</span></li>\r\n</ul>\r\n</div>\r\n</div>\r\n</div>\r\n</div>\r\n<div class=\"page\" title=\"Page 21\">&nbsp;</div>','shoulder-support',1,1,1,NULL,1300.0000,1000.0000,1150.0000,'2021-04-23','2021-05-01',1.0000,4,'Black',6,'S','2021-04-23 12:49:41','en','default',139,'2021-04-23 13:01:37',NULL,1,1150.0000,1150.0000,'<ul>\r\n<li>Comfortable.</li>\r\n<li>Easy to wear.</li>\r\n<li>Smart and sleek.</li>\r\n<li>controlled compression.</li>\r\n</ul>','Shoulder Support','Shoulder Support, posture correction belt,shoulder brace.','Shoulder Injury,Arthritic pain of the shoulder joint, Bursitis and tendonitis,\r\nShoulder dislocation,Rotator cuff injury,Shoulder inflammation',0.0000,0.0000,0.0000,1,NULL),(224,'mo-3006','Cuff N Collar Sling','<div class=\"page\" title=\"Page 22\">\r\n<div class=\"section\">\r\n<div class=\"layoutArea\">\r\n<div class=\"column\">\r\n<ul>\r\n<li><span style=\"font-size: 11pt; font-family: Swiss721BT; color: #373435;\">Made from soft, comfortable and skin- friendly material.</span></li>\r\n<li><span style=\"color: #373435; font-family: Swiss721BT; font-size: 11pt;\">Thumb cradle for added support.</span></li>\r\n<li><span style=\"color: #373435; font-family: Swiss721BT; font-size: 11pt;\">Shoulder pad relieves pressure from the&nbsp;</span><span style=\"color: #373435; font-family: Swiss721BT; font-size: 11pt;\">shoulder.</span></li>\r\n<li><span style=\"color: #373435; font-family: Swiss721BT; font-size: 11pt;\">Adjustable strap with a buckle for a&nbsp;</span><span style=\"color: #373435; font-family: Swiss721BT; font-size: 11pt;\">customized fit.</span></li>\r\n<li><span style=\"color: #373435; font-family: Swiss721BT; font-size: 11pt;\">Breathable and moisture transporting&nbsp;</span><span style=\"color: #373435; font-family: Swiss721BT; font-size: 11pt;\">weaving.</span></li>\r\n</ul>\r\n</div>\r\n</div>\r\n</div>\r\n</div>','cuff-n-collar-sling',1,1,1,NULL,700.0000,450.0000,600.0000,'2021-04-23','2021-05-02',1.0000,4,'Black',6,'S','2021-04-23 13:02:30','en','default',140,'2021-04-23 13:10:24',NULL,1,600.0000,600.0000,'<ul>\r\n<li>Adjustable.</li>\r\n<li>Wrinkle free.</li>\r\n<li>Enhanced protaction.</li>\r\n<li>convenient appliction.</li>\r\n</ul>','Cuff N Collar Sling','Cuff N Collar Sling, arm sling, elbow support belt.','Fracture of arm, Wrist fracture, Sprains, Arm/Shoulder immobilization, Post-surgery/Post-cast care',0.0000,0.0000,0.0000,1,NULL),(225,'mo-4001','Knee Cap','<div class=\"page\" title=\"Page 23\">\r\n<div class=\"section\">\r\n<div class=\"layoutArea\">\r\n<div class=\"column\">\r\n<ul>\r\n<li><span style=\"font-size: 11pt; font-family: Swiss721BT; color: #373435;\">Made from sturdy, tapered, four way elasticized fabric.</span></li>\r\n<li><span style=\"color: #373435; font-family: Swiss721BT; font-size: 11pt;\">Comfortable and durable material.</span></li>\r\n<li><span style=\"color: #373435; font-family: Swiss721BT; font-size: 11pt;\">Breathable and moisture transporting&nbsp;</span><span style=\"color: #373435; font-family: Swiss721BT; font-size: 11pt;\">weaving.</span></li>\r\n</ul>\r\n</div>\r\n</div>\r\n</div>\r\n</div>','knee-cap',1,1,1,NULL,1000.0000,700.0000,850.0000,'2021-04-23','2021-05-02',1.0000,4,'Black',6,'S','2021-04-23 14:14:34','en','default',141,'2021-04-23 14:30:06',NULL,1,850.0000,850.0000,'<ul>\r\n<li>Cotton fabric.</li>\r\n<li>Sweat rasistant.</li>\r\n<li>Fine grip.</li>\r\n<li>stretchable.</li>\r\n<li>Anti slip.</li>\r\n<li>Easy to wear.</li>\r\n</ul>','knee cap.','knee cap, knee support belt,','Arthritic pain, Swelling, Ligaments or muscles injury, Post-operative knee support ,Sprains and strains of the knee, Stabilization of weak knees, Prevention of sports injuries',0.0000,0.0000,0.0000,1,NULL),(226,'mo-4002','Hinged knee brace with Open Patella','<div class=\"page\" title=\"Page 24\">\r\n<div class=\"section\">\r\n<div class=\"layoutArea\">\r\n<div class=\"column\">\r\n<ul>\r\n<li><span style=\"font-size: 11pt; font-family: Swiss721BT; color: #373435;\">Anterior patellar opening relieves pressure from patella.</span></li>\r\n<li><span style=\"color: #373435; font-family: Swiss721BT; font-size: 11pt;\">Made from sturdy, tapered, four way elasticized fabric.</span></li>\r\n<li><span style=\"color: #373435; font-family: Swiss721BT; font-size: 11pt;\">Comfortable and durable material.</span></li>\r\n<li><span style=\"font-size: 11pt; font-family: Swiss721BT; color: #373435;\">Breathable and moisture transporting&nbsp;</span><span style=\"color: #373435; font-family: Swiss721BT; font-size: 11pt;\">weaving.</span></li>\r\n<li><span style=\"color: #373435; font-family: Swiss721BT; font-size: 11pt;\">Simple and quick wear with easy pull on&nbsp;</span><span style=\"color: #373435; font-family: Swiss721BT; font-size: 11pt;\">application.</span></li>\r\n</ul>\r\n</div>\r\n</div>\r\n</div>\r\n</div>','hinged-knee-brace-with-open-patella',1,1,1,NULL,1200.0000,900.0000,1000.0000,'2021-04-23','2021-05-02',1.0000,4,'Black',6,'S','2021-04-23 14:36:44','en','default',142,'2021-04-23 14:47:28',NULL,1,1000.0000,1000.0000,'<ul>\r\n<li>freely movable.</li>\r\n<li>soft and comfortable.</li>\r\n<li>four way stretch.</li>\r\n<li>sillicon patellar insert.</li>\r\n</ul>','Hinged knee brace with Open Patella','Hinged knee brace with Open Patella, knee brace , Hinged knee brace .','Arthritic pain, Swelling, Ligaments or muscles injury ,Mild Sprains and strains, Stabilization of weak knees ,Prevention of sports injuries',0.0000,0.0000,0.0000,1,NULL),(227,'mo-4003','Knee Cap with Rigid Hinge','<div class=\"page\" title=\"Page 25\">\r\n<div class=\"section\">\r\n<div class=\"layoutArea\">\r\n<p>&nbsp;</p>\r\n<ul>\r\n<li><span style=\"font-size: 11pt; font-family: Swiss721BT; color: #373435;\">Comfortable and durable material.</span></li>\r\n<li><span style=\"color: #373435; font-family: Swiss721BT; font-size: 11pt;\">Breathable and moisture transporting weaving.</span></li>\r\n<li><span style=\"color: #373435; font-family: Swiss721BT; font-size: 11pt;\">&nbsp;Simple and quick wear with easy pull-on application.</span></li>\r\n</ul>\r\n</div>\r\n</div>\r\n</div>','knee-cap-with-rigid-hinge',1,1,1,NULL,900.0000,700.0000,800.0000,'2021-04-23','2021-05-02',1.0000,4,'Black',6,'S','2021-04-23 14:48:03','en','default',143,'2021-04-23 15:03:27',NULL,1,800.0000,800.0000,'<ul>\r\n<li>Free flexion movement.</li>\r\n<li>Four way strechablity</li>\r\n</ul>','Knee Cap with Rigid Hinge','Knee Cap with Rigid Hinge, knee support belt.','Arthritic pain of sports injury,Post-operative knee support, Sprains or strains, Stabilization of weak knees.',0.0000,0.0000,0.0000,1,NULL),(228,'mo-4004','Knee Brace Long','<div class=\"page\" title=\"Page 26\">\r\n<div class=\"section\">\r\n<div class=\"layoutArea\">\r\n<div class=\"column\">\r\n<ul>\r\n<li><span style=\"font-size: 11pt; font-family: Swiss721BT; color: #373435;\">Anatomically contoured posterior and lateral splints for perfect immobilization.</span></li>\r\n<li><span style=\"color: #373435; font-family: Swiss721BT; font-size: 11pt;\">Extra Patellar strap.</span></li>\r\n<li><span style=\"color: #373435; font-family: Swiss721BT; font-size: 11pt;\">Hook &amp; loop straps with loop closures. </span></li>\r\n<li><span style=\"color: #373435; font-family: Swiss721BT; font-size: 11pt;\">Made of extra soft and skin-friendly&nbsp;</span><span style=\"color: #373435; font-family: Swiss721BT; font-size: 11pt;\">material.</span></li>\r\n<li><span style=\"color: #373435; font-family: Swiss721BT; font-size: 11pt;\">Accommodates both right and left leg.</span></li>\r\n</ul>\r\n</div>\r\n</div>\r\n</div>\r\n</div>','knee-brace-long',1,1,1,NULL,1250.0000,950.0000,1050.0000,'2021-04-23','2021-05-02',2.0000,4,'Black',6,'S','2021-04-23 15:04:38','en','default',144,'2021-04-23 15:14:29',NULL,1,1050.0000,1050.0000,'<ul>\r\n<li>Light weigted.</li>\r\n<li>Anatomical shaped.</li>\r\n<li>soft and comfortable.</li>\r\n</ul>','Knee Brace Long','Knee Brace Long, knee immobiliser, knee belt long','Ligament injuries, Tibial plateau fractures, Osteochondral repairs, Patellar tendon repairs, Acute sprains/strains of the knee,\r\nPost/Pre operative care',0.0000,0.0000,0.0000,1,NULL),(229,'mo-4005','Knee Brace Short','<div class=\"page\" title=\"Page 27\">\r\n<div class=\"section\">\r\n<div class=\"layoutArea\">\r\n<div class=\"column\">\r\n<ul>\r\n<li><span style=\"font-size: 11pt; font-family: Swiss721BT; color: #373435;\">Anatomically contoured posterior and lateral splints for perfect immobilization.</span></li>\r\n<li><span style=\"color: #373435; font-family: Swiss721BT; font-size: 11pt;\">&nbsp;Extra Patellar strap.</span></li>\r\n<li><span style=\"color: #373435; font-family: Swiss721BT; font-size: 11pt;\">Hook &amp; loop straps with loop closures. </span></li>\r\n<li><span style=\"color: #373435; font-family: Swiss721BT; font-size: 11pt;\">Made of extra soft and skin-friendly&nbsp;</span><span style=\"color: #373435; font-family: Swiss721BT; font-size: 11pt;\">material.</span></li>\r\n<li><span style=\"color: #373435; font-family: Swiss721BT; font-size: 11pt;\">Accommodates both right and left leg.</span></li>\r\n</ul>\r\n</div>\r\n</div>\r\n</div>\r\n</div>','knee-brace-short',1,1,1,NULL,900.0000,600.0000,750.0000,'2021-04-23','2021-05-02',1.0000,4,'Black',6,'S','2021-04-23 15:15:51','en','default',145,'2021-04-23 15:22:45',NULL,1,750.0000,750.0000,'<ul>\r\n<li>Light weighted.</li>\r\n<li>Anatomical shaped.</li>\r\n<li>Perfect immobiliser.</li>\r\n</ul>','Knee Brace Short','Knee Brace Short, knee belt.','Ligament injuries, Tibial plateau fractures, Osteochondral repairs, Patellar tendon repairs, Acute sprains/strains of the knee, Post Cast care,\r\nPost/Pre operative care.',0.0000,0.0000,0.0000,1,NULL),(230,'mo-4006','Elastic Vericose Vein Stocking-AK','<div class=\"page\" title=\"Page 28\">\r\n<div class=\"section\">\r\n<div class=\"layoutArea\">\r\n<div class=\"column\">\r\n<ul>\r\n<li><span style=\"font-size: 11pt; font-family: Swiss721BT; color: #373435;\">Skin Friendly quality.</span></li>\r\n<li><span style=\"font-size: 11pt; font-family: Swiss721BT; color: #373435;\">&nbsp;High denier yarns.</span></li>\r\n<li><span style=\"font-size: 11pt; font-family: Swiss721BT; color: #373435;\">&nbsp;Durability.</span></li>\r\n<li><span style=\"font-size: 11pt; font-family: Swiss721BT; color: #373435;\">&nbsp;Higher Spandex content ensure effective&nbsp;</span><span style=\"color: #373435; font-family: Swiss721BT; font-size: 11pt;\">compression. </span></li>\r\n<li><span style=\"color: #373435; font-family: Swiss721BT; font-size: 11pt;\">&nbsp;4 Way Stretch.</span></li>\r\n<li><span style=\"color: #373435; font-family: Swiss721BT; font-size: 11pt;\">Tapered Shape</span></li>\r\n</ul>\r\n</div>\r\n</div>\r\n</div>\r\n</div>','elastic-vericose-vein-stocking-ak',1,1,1,NULL,1050.0000,700.0000,850.0000,'2021-04-23','2021-05-02',1.0000,4,'Black',6,'S','2021-04-23 15:24:18','en','default',146,'2021-04-23 15:35:09',NULL,1,850.0000,850.0000,'<ul>\r\n<li>Uniform compression.</li>\r\n<li>Freely breathable.</li>\r\n</ul>','Elastic Vericose Vein Stocking-AK.','Elastic Vericose Vein Stocking-AK,  knee,calf,thigh support belt, compression belt','Varicose Veins, Spider Veins, Inflammation of the veins, Tired, Aching or swollen legs.',0.0000,0.0000,0.0000,1,NULL),(231,'mo-4007','Elastic Vericose Vein Stocking-BK','<div class=\"page\" title=\"Page 29\">\r\n<div class=\"section\">\r\n<div class=\"layoutArea\">\r\n<div class=\"column\">\r\n<ul>\r\n<li><span style=\"font-size: 11pt; font-family: Swiss721BT; color: #373435;\">Skin Friendly quality.</span></li>\r\n<li><span style=\"font-size: 11pt; font-family: Swiss721BT; color: #373435;\">High denier yarns.</span></li>\r\n<li><span style=\"font-size: 11pt; font-family: Swiss721BT; color: #373435;\">Durability.</span></li>\r\n<li><span style=\"font-size: 11pt; font-family: Swiss721BT; color: #373435;\">Higher Spandex content ensure effective&nbsp;</span><span style=\"color: #373435; font-family: Swiss721BT; font-size: 11pt;\">compression. </span></li>\r\n<li><span style=\"color: #373435; font-family: Swiss721BT; font-size: 11pt;\">&nbsp;4 Way Stretch.</span></li>\r\n<li><span style=\"color: #373435; font-family: Swiss721BT; font-size: 11pt;\">Tapered Shape</span></li>\r\n</ul>\r\n</div>\r\n</div>\r\n</div>\r\n</div>','elastic-vericose-vein-stocking-bk',1,1,1,NULL,1000.0000,700.0000,850.0000,'2021-04-23','2021-05-02',1.0000,4,'Black',6,'S','2021-04-23 17:56:05','en','default',147,'2021-04-23 18:05:17',NULL,1,850.0000,850.0000,'<ul>\r\n<li>Freely breatheble.</li>\r\n<li>Uniform compression.</li>\r\n</ul>','Elastic Varicose Vein Stocking-BK.','Elastic Vericose Vein Stocking-BK, compression bandage.','Vericose Veins, Spider Veins, Inflammation of the veins, Tired, Aching or swollen legs.',0.0000,0.0000,0.0000,1,NULL),(232,'mo-4008','Calf Support','<div class=\"page\" title=\"Page 30\">\r\n<div class=\"section\">\r\n<div class=\"layoutArea\">\r\n<div class=\"column\">\r\n<ul>\r\n<li><span style=\"font-size: 11pt; font-family: Swiss721BT; color: #373435;\">Ideal for aching and painful calf. </span></li>\r\n<li><span style=\"font-size: 11pt; font-family: Swiss721BT; color: #373435;\">Recommended for sports persons as preventive measures and especially for Athletes and sprinters.</span></li>\r\n<li><span style=\"color: #373435; font-family: Swiss721BT; font-size: 11pt;\">A calf suppor t provides protection and support.</span></li>\r\n<li><span style=\"color: #373435; font-family: Swiss721BT; font-size: 11pt;\">It retains the heat produced by the body in a specific area and so aids healing. Heat encourages blood vessels to dilate and so allows more blood to the injured area. The more blood that gets to the injured area, the more nutrients it will get and the faster it will heal.</span></li>\r\n</ul>\r\n</div>\r\n</div>\r\n</div>\r\n</div>','calf-support',1,1,1,NULL,900.0000,600.0000,750.0000,'2021-04-23','2021-05-02',1.0000,4,'Black',6,'S','2021-04-23 18:06:06','en','default',148,'2021-04-23 18:14:35',NULL,1,750.0000,750.0000,'<ul>\r\n<li>Hypoallergic.</li>\r\n<li>4 way strechable.</li>\r\n<li>Uniform pressure.</li>\r\n<li>Faster recovery.</li>\r\n</ul>','Calf Support','Calf Support, calf belt, ','Arthritic pain, Swelling, Ligaments or muscles injury, Post-operative Calf support, Sprains and strains of the Calf, Stabilization of weak calf\r\nPrevention of sports injuries',0.0000,0.0000,0.0000,1,NULL),(233,'mo-4009','Thigh Support','<div class=\"page\" title=\"Page 31\">\r\n<div class=\"section\">\r\n<div class=\"layoutArea\">\r\n<div class=\"column\">\r\n<ul>\r\n<li><span style=\"font-size: 11pt; font-family: Swiss721BT; color: #373435;\">Tapered shape and unique weave provides uniform compression throughout the surface of thigh and firm support to quadriceps and hamstrings.</span></li>\r\n<li><span style=\"color: #373435; font-family: Swiss721BT; font-size: 11pt;\">Anatomically shaped with mellowed heel por tion for better compression and grip, easy ankle movement. Perfect conformance to the complex anatomy of the ankle improves comfort.</span></li>\r\n<li><span style=\"color: #373435; font-family: Swiss721BT; font-size: 11pt;\">Bi-layered, cotton on the inside, a dermophillic interphase improves sweat absorption, comfor t and compliance.</span></li>\r\n<li><span style=\"color: #373435; font-family: Swiss721BT; font-size: 11pt;\">Bi-layered, nylon on the outside ensures durability, improves aesthetics and color fastness.</span></li>\r\n<li><span style=\"color: #373435; font-family: Swiss721BT; font-size: 11pt;\">Two layered with interwoven air space, retains body heat effectively, speeds up healing and allays pain.</span></li>\r\n</ul>\r\n</div>\r\n</div>\r\n</div>\r\n</div>','thigh-support',1,1,1,NULL,700.0000,400.0000,550.0000,'2021-04-23','2021-05-02',1.0000,4,'Black',6,'S','2021-04-23 18:16:07','en','default',149,'2021-04-23 18:33:05',NULL,1,550.0000,550.0000,'<ul>\r\n<li>Four way strechable.</li>\r\n<li>Durable.</li>\r\n<li>Breathable and comfortable.</li>\r\n</ul>','Thigh Support','Thigh Support, quadriceps support belt.','Arthritic pain, Swelling, Ligaments or muscles injury, Post-operative Thigh support, Sprains and strains of the Thigh, Stabilization of weak Thigh, Prevention of sports injuries',0.0000,0.0000,0.0000,1,NULL),(234,'',NULL,NULL,NULL,NULL,NULL,NULL,NULL,NULL,NULL,NULL,NULL,NULL,NULL,NULL,NULL,NULL,NULL,'2021-04-23 18:34:35','en','default',150,'2021-04-23 18:34:35',NULL,NULL,NULL,NULL,NULL,NULL,NULL,NULL,NULL,NULL,NULL,NULL,NULL),(235,'mo-4011','Ankle Support','<div class=\"page\" title=\"Page 33\">\r\n<div class=\"section\">\r\n<div class=\"layoutArea\">\r\n<div class=\"column\">\r\n<ul>\r\n<li><span style=\"font-size: 11pt; font-family: Swiss721BT; color: #373435;\">Made from sturdy,four way elasticized fabric.</span></li>\r\n<li><span style=\"color: #373435; font-family: Swiss721BT; font-size: 11pt;\">&nbsp;Comfortable and durable material.</span></li>\r\n<li><span style=\"color: #373435; font-family: Swiss721BT; font-size: 11pt;\">&nbsp;Breathable and moisture transporting&nbsp;</span><span style=\"color: #373435; font-family: Swiss721BT; font-size: 11pt;\">weaving.</span></li>\r\n<li><span style=\"color: #373435; font-family: Swiss721BT; font-size: 11pt;\">Simple and quick wear with easy pull on&nbsp;</span><span style=\"color: #373435; font-family: Swiss721BT; font-size: 11pt;\">application.</span></li>\r\n</ul>\r\n</div>\r\n</div>\r\n</div>\r\n</div>','ankle-support',1,1,1,NULL,900.0000,500.0000,650.0000,'2021-04-24','2021-05-03',1.0000,4,'Black',6,'S','2021-04-24 20:19:59','en','default',151,'2021-04-24 20:28:56',NULL,1,650.0000,650.0000,'<ul>\r\n<li>Easy to use.</li>\r\n<li>Help to relieve pain.</li>\r\n<li>Comfotable supportand protaction.</li>\r\n</ul>','Ankle Support','Ankle Support, ankle socks','Sprains, Swelling, Arthritis, Tendonitis, Pain and inflammation',0.0000,0.0000,0.0000,1,NULL),(236,'mo-4012','Ankle Support with Elastic','<div class=\"page\" title=\"Page 34\">\r\n<div class=\"section\">\r\n<div class=\"layoutArea\">\r\n<div class=\"column\">\r\n<ul>\r\n<li><span style=\"font-size: 11pt; font-family: Swiss721BT; color: #373435;\">Made from sturdy, four way elasticized fabric.</span></li>\r\n<li><span style=\"color: #373435; font-family: Swiss721BT; font-size: 11pt;\">&nbsp;Comfortable and durable material.</span></li>\r\n<li><span style=\"color: #373435; font-family: Swiss721BT; font-size: 11pt;\">Breathable and moisture transporting&nbsp;</span><span style=\"color: #373435; font-family: Swiss721BT; font-size: 11pt;\">weaving.</span></li>\r\n<li><span style=\"color: #373435; font-family: Swiss721BT; font-size: 11pt;\">Simple and quick wear with easy pull on&nbsp;</span><span style=\"color: #373435; font-family: Swiss721BT; font-size: 11pt;\">application.</span></li>\r\n</ul>\r\n</div>\r\n</div>\r\n</div>\r\n</div>','ankle-support-with-elastic',1,1,1,NULL,900.0000,500.0000,650.0000,'2021-04-24','2021-05-03',1.0000,4,'Black',6,'S','2021-04-24 20:29:59','en','default',152,'2021-04-24 20:39:19',NULL,1,650.0000,650.0000,'<ul>\r\n<li>Help to relieve pain.</li>\r\n<li>easy to use.</li>\r\n<li>Comfortable support and protaction.</li>\r\n</ul>','Ankle Support with Elastic','Ankle Support with Elastic, elastic bandage  for ankle, ankle support','Sprains, Swelling, Arthritis, Tendonitis, Pain and inflammation',0.0000,0.0000,0.0000,1,NULL),(237,'',NULL,NULL,NULL,NULL,NULL,NULL,NULL,NULL,NULL,NULL,NULL,NULL,NULL,NULL,NULL,NULL,NULL,'2021-04-24 20:40:22','en','default',153,'2021-04-24 20:40:22',NULL,NULL,NULL,NULL,NULL,NULL,NULL,NULL,NULL,NULL,NULL,NULL,NULL),(238,'mo-4014','Open Ankle Support with Elastic','<div class=\"page\" title=\"Page 34\">\r\n<div class=\"section\">\r\n<div class=\"layoutArea\">\r\n<div class=\"column\">\r\n<ul>\r\n<li><span style=\"font-size: 11pt; font-family: Swiss721BT; color: #373435;\">Made from sturdy, four way elasticized fabric.</span></li>\r\n<li><span style=\"color: #373435; font-family: Swiss721BT; font-size: 11pt;\">Comfortable and durable material.</span></li>\r\n<li><span style=\"color: #373435; font-family: Swiss721BT; font-size: 11pt;\">Breathable and moisture transporting&nbsp;</span><span style=\"color: #373435; font-family: Swiss721BT; font-size: 11pt;\">weaving.</span></li>\r\n<li><span style=\"color: #373435; font-family: Swiss721BT; font-size: 11pt;\">Simple and quick wear with easy pull on&nbsp;</span><span style=\"color: #373435; font-family: Swiss721BT; font-size: 11pt;\">application.</span></li>\r\n</ul>\r\n</div>\r\n</div>\r\n</div>\r\n</div>','open-ankle-support-with-elastic',1,1,1,NULL,800.0000,500.0000,650.0000,'2021-04-26','2021-05-02',1.0000,4,'Black',6,'S','2021-04-26 12:37:14','en','default',154,'2021-04-26 12:49:43',NULL,1,650.0000,650.0000,'<ul>\r\n<li>Help to relieve pain.</li>\r\n<li>Easy to use.</li>\r\n<li>Comfortable support and protaction.</li>\r\n</ul>','Open Ankle Support with Elastic.','Open Ankle Support with Elastic. ankle support. elastic bandage.','Sprains, Swelling, Arthritis, Tendonitis, Pain and inflammation',0.0000,0.0000,0.0000,1,NULL),(239,'mo-4015','Ankle Brace','<div class=\"page\" title=\"Page 35\">\r\n<div class=\"section\">\r\n<div class=\"layoutArea\">\r\n<div class=\"column\">\r\n<ul>\r\n<li><span style=\"font-size: 11pt; font-family: Swiss721BT; color: #373435;\">Triple stabilization concept. Splint ensure strong immobilization. Lace offers regional tightening, firm grip and good fitting.&ldquo;Figure of eight&rdquo; strap provides additional binding and stabilization. It provides extra protection to lateral ligament.</span></li>\r\n<li><span style=\"color: #373435; font-family: Swiss721BT; font-size: 11pt;\">Lace pull mechanism provides single pull tightening and loosening. It is easy to wear and remove. It is sleek, can be used inside the shoe. Bilateral symmetry allows it to be used for either ankle.</span></li>\r\n<li><span style=\"color: #373435; font-family: Swiss721BT; font-size: 11pt;\">&nbsp;Rigid anatomic PP splint ensures strong Immobilization of both dorsi-flexion and plantar flexion, provide room for the malleolus, enhances grip and comfort. Light in weight, enhances compliance.</span></li>\r\n<li><span style=\"color: #373435; font-family: Swiss721BT; font-size: 11pt;\">Made of PU lined Polyester matte fabric which provides durability, appealing aesthetics, high cushioning coefficient and better comfort.</span></li>\r\n</ul>\r\n</div>\r\n</div>\r\n<div class=\"layoutArea\">\r\n<div class=\"column\">\r\n<p><span style=\"font-size: 10pt; font-family: Swiss721BT; font-weight: bold; color: #fefefe;\">35</span></p>\r\n</div>\r\n</div>\r\n</div>\r\n</div>','ankle-brace',1,1,1,NULL,700.0000,450.0000,600.0000,'2021-04-26','2021-05-02',1.0000,4,'Black',6,'S','2021-04-26 12:50:09','en','default',155,'2021-04-26 12:59:23',NULL,1,600.0000,600.0000,'<ul>\r\n<li>Rigid splinting.</li>\r\n<li>Fits left and right.</li>\r\n<li>Easy to use.</li>\r\n<li>Comfortable snug fit.</li>\r\n</ul>','Ankle Brace.','Ankle Brace, ankle support, ankle bandage.','Ankle braces are indicated for ankle trauma with small fractures or without fracture, immobilization of the joint, post operative synovitis, sprains or inflammations of the joint, weak muscles in the ankle, among others.',0.0000,0.0000,0.0000,1,NULL),(240,'',NULL,NULL,NULL,NULL,NULL,NULL,NULL,NULL,NULL,NULL,NULL,NULL,NULL,NULL,NULL,NULL,NULL,'2021-04-26 12:59:59','en','default',156,'2021-04-26 12:59:59',NULL,NULL,NULL,NULL,NULL,NULL,NULL,NULL,NULL,NULL,NULL,NULL,NULL),(241,'mo-5001','Wrist Binder','<div class=\"page\" title=\"Page 37\">\r\n<div class=\"section\">\r\n<div class=\"layoutArea\">\r\n<div class=\"column\">\r\n<ul>\r\n<li><span style=\"font-size: 11pt; font-family: Swiss721BT; color: #373435;\">Adjustable fasteners for customized fit. </span></li>\r\n<li><span style=\"font-size: 11pt; font-family: Swiss721BT; color: #373435;\">Allows free movement of the hand.</span></li>\r\n<li><span style=\"font-size: 11pt; font-family: Swiss721BT; color: #373435;\">Breathable and moisture transporting&nbsp;</span><span style=\"color: #373435; font-family: Swiss721BT; font-size: 11pt;\">weaving.</span></li>\r\n</ul>\r\n</div>\r\n</div>\r\n</div>\r\n</div>','wrist-binder',1,1,1,NULL,500.0000,300.0000,400.0000,'2021-04-26','2021-05-02',0.5000,4,'Black',6,'S','2021-04-26 13:50:40','en','default',157,'2021-04-26 13:56:57',NULL,1,400.0000,400.0000,'<ul>\r\n<li>Easy to application.</li>\r\n<li>Extra porous.</li>\r\n<li>Extra grip.</li>\r\n<li>Controlled compression.</li>\r\n</ul>','Wrist Binder','Wrist Binder, wrist bandage.','Sprains and Strains, Mild Osteoarthritis, Swelling, Prevention of sports injury',0.0000,0.0000,0.0000,1,NULL),(242,'mo-5002','Thumb Wrist Binder','<div class=\"page\" title=\"Page 38\">\r\n<div class=\"section\">\r\n<div class=\"layoutArea\">\r\n<div class=\"column\">\r\n<ul>\r\n<li><span style=\"font-size: 11pt; font-family: Swiss721BT; color: #373435;\">Adjustable fasteners for customized fit.</span></li>\r\n<li><span style=\"font-size: 11pt; font-family: Swiss721BT; color: #373435;\">Allows free movement of the hand.</span></li>\r\n<li><span style=\"font-size: 11pt; font-family: Swiss721BT; color: #373435;\">Breathable and moisture transporting&nbsp;</span><span style=\"color: #373435; font-family: Swiss721BT; font-size: 11pt;\">weaving.</span></li>\r\n</ul>\r\n</div>\r\n</div>\r\n</div>\r\n</div>','thumb-wrist-binder',1,1,1,NULL,700.0000,400.0000,550.0000,'2021-04-26','2021-05-03',0.5000,4,'Black',6,'S','2021-04-26 13:57:38','en','default',158,'2021-04-26 14:04:37',NULL,1,550.0000,550.0000,'<ul>\r\n<li>Extra grip.</li>\r\n<li>Extra porous.</li>\r\n<li>Controlled compression.</li>\r\n<li>Anatomical placement.</li>\r\n</ul>','Thumb Wrist Binder','Thumb Wrist Binder, Thumb supporter. wrist bandage.','Sprains and Strains, Mild Osteoarthritis, Swelling, Prevention of sports injury',0.0000,0.0000,0.0000,1,NULL),(243,'mo-5003','Tennis Elbow Strap','<div class=\"page\" title=\"Page 39\">\r\n<div class=\"section\">\r\n<div class=\"layoutArea\">\r\n<div class=\"column\">\r\n<ul>\r\n<li><span style=\"font-size: 11pt; font-family: Swiss721BT; color: #373435;\">Adjustable fasteners for customized fit. </span></li>\r\n<li><span style=\"font-size: 11pt; font-family: Swiss721BT; color: #373435;\">Reverse buckle for customized grip and&nbsp;</span><span style=\"color: #373435; font-family: Swiss721BT; font-size: 11pt;\">compression.</span></li>\r\n<li><span style=\"color: #373435; font-family: Swiss721BT; font-size: 11pt;\">&nbsp;Breathable and moisture transporting&nbsp;</span><span style=\"color: #373435; font-family: Swiss721BT; font-size: 11pt;\">weaving.</span></li>\r\n</ul>\r\n</div>\r\n</div>\r\n</div>\r\n</div>','tennis-elbow-strap',1,1,1,NULL,700.0000,400.0000,550.0000,'2021-04-26','2021-05-03',1.0000,4,'Black',6,'S','2021-04-26 14:05:03','en','default',159,'2021-04-26 14:11:27',NULL,1,550.0000,550.0000,'<ul>\r\n<li>Adujustable.</li>\r\n<li>Convienent application.&nbsp;</li>\r\n</ul>','Tennis Elbow Strap.','Tennis Elbow Strap, tennis belt.','Tennis/golf elbow, Tendonitis, Swelling',0.0000,0.0000,0.0000,1,NULL),(244,'mo-5004','Elbow Support','<div class=\"page\" title=\"Page 40\">\r\n<div class=\"section\">\r\n<div class=\"layoutArea\">\r\n<div class=\"column\">\r\n<ul>\r\n<li><span style=\"font-size: 11pt; font-family: Swiss721BT; color: #373435;\">Made from sturdy, tapered, four way elasticized fabric.</span></li>\r\n<li><span style=\"color: #373435; font-family: Swiss721BT; font-size: 11pt;\">Comfortable and durable material.</span></li>\r\n<li><span style=\"color: #373435; font-family: Swiss721BT; font-size: 11pt;\">&nbsp;Breathable and moisture transporting&nbsp;</span><span style=\"color: #373435; font-family: Swiss721BT; font-size: 11pt;\">weaving.</span></li>\r\n<li><span style=\"color: #373435; font-family: Swiss721BT; font-size: 11pt;\">Simple and quick wear with easy pull-on&nbsp;</span><span style=\"color: #373435; font-family: Swiss721BT; font-size: 11pt;\">application.</span></li>\r\n</ul>\r\n</div>\r\n</div>\r\n</div>\r\n</div>','elbow-support',1,1,1,NULL,600.0000,350.0000,450.0000,'2021-04-26','2021-05-03',1.0000,4,'Black',6,'S','2021-04-26 14:12:07','en','default',160,'2021-04-26 14:19:09',NULL,1,450.0000,450.0000,'<ul>\r\n<li>Soft elbow.</li>\r\n<li>fine grip edges.</li>\r\n<li>Four way stretch.</li>\r\n<li>Uniform compression.</li>\r\n</ul>','Elbow Support','Elbow Support, elbow binder.','Strains and Sprains, Arthritis or Bursitis, Post operative and post traumatic irritation, Pain and inflammation, Post elbow Arthroscopy, Chronic swelling and edema, Prevention of sports injuries.',0.0000,0.0000,0.0000,1,NULL),(245,'mo-5005','Thumb Spica Splint','<div class=\"page\" title=\"Page 41\">\r\n<div class=\"section\">\r\n<div class=\"layoutArea\">\r\n<div class=\"column\">\r\n<ul>\r\n<li><span style=\"font-size: 11pt; font-family: Swiss721BT; color: #373435;\">Removable and malleable splint.</span></li>\r\n<li><span style=\"font-size: 11pt; font-family: Swiss721BT; color: #373435;\">Wrap-around design.</span></li>\r\n<li><span style=\"font-size: 11pt; font-family: Swiss721BT; color: #373435;\">Hook &amp; loop Closures for Proper Fitting.</span></li>\r\n</ul>\r\n</div>\r\n</div>\r\n</div>\r\n</div>','thumb-spica-splint',1,1,1,NULL,600.0000,300.0000,450.0000,'2021-04-26','2021-05-03',1.0000,4,'Black',6,'S','2021-04-26 14:19:56','en','default',161,'2021-04-26 14:27:40',NULL,1,450.0000,450.0000,'<div class=\"page\" title=\"Page 41\">\r\n<div class=\"section\">\r\n<div class=\"layoutArea\">\r\n<div class=\"column\">\r\n<ul>\r\n<li><span style=\"font-size: 11pt; font-family: Swiss721BT; color: #373435;\">Breathable.</span></li>\r\n<li><span style=\"color: #373435; font-family: Swiss721BT; font-size: 11pt;\">&nbsp;Free movement of the hand and fingers.</span></li>\r\n</ul>\r\n</div>\r\n</div>\r\n</div>\r\n</div>','Thumb Spica Splint','Thumb Spica Splint, thumb splint.','Bursitis, Sprains of thumb, Soft tissue injuries, Collateral ligament support, Avulsion fractures of the thumb, Increase thumb stabilization, Decrease thumb pain symptoms, Immobilize and promotes healing of CMC & MCP joints.',0.0000,0.0000,0.0000,1,NULL),(246,'',NULL,NULL,NULL,NULL,NULL,NULL,NULL,NULL,NULL,NULL,NULL,NULL,NULL,NULL,NULL,NULL,NULL,'2021-04-26 14:28:19','en','default',162,'2021-04-26 14:28:19',NULL,NULL,NULL,NULL,NULL,NULL,NULL,NULL,NULL,NULL,NULL,NULL,NULL),(247,'mo-6001','Heel Cushion Silicone','<div class=\"page\" title=\"Page 43\">\r\n<div class=\"section\">\r\n<div class=\"layoutArea\">\r\n<div class=\"column\">\r\n<ul>\r\n<li><span style=\"font-size: 11pt; font-family: Swiss721BT; color: #373435;\">Made of a medical grade silicone for long lasting support and comfort.</span></li>\r\n<li><span style=\"color: #373435; font-family: Swiss721BT; font-size: 11pt;\">Silicone gives optimal absorption of the shock generated from everyday and high impact heel strike.</span></li>\r\n<li><span style=\"color: #373435; font-family: Swiss721BT; font-size: 11pt;\">The softer blue insert relieves pressure on painful heel areas.</span></li>\r\n</ul>\r\n</div>\r\n<div class=\"column\">&nbsp;</div>\r\n</div>\r\n</div>\r\n</div>','heel-cushion-silicone',1,1,1,NULL,1300.0000,1050.0000,1150.0000,'2021-04-26','2021-05-03',2.0000,4,'Black',6,'S','2021-04-26 18:59:00','en','default',163,'2021-04-26 19:13:26',NULL,1,1150.0000,1150.0000,'<ul>\r\n<li>High cushioning coefficient.</li>\r\n<li>Super soft zones.</li>\r\n<li>hypochallenging.</li>\r\n</ul>','Heel Cushion Silicone','Heel Cushion Silicone, sillicon heel pad, silicone pad.','Achilles Tendonitis, Heel Pain, Heel Spurs, Improve quality of life, Provides optimum cushioning, protection and shock absorption.',0.0000,0.0000,0.0000,1,NULL),(248,'mo-6002','Foot Insole Silicone','<div class=\"page\" title=\"Page 44\">\r\n<div class=\"section\">\r\n<div class=\"layoutArea\">\r\n<div class=\"column\">\r\n<ul>\r\n<li><span style=\"font-size: 11pt; font-family: Swiss721BT; color: #373435;\">Made of a medical grade silicone for long lasting support and comfort.</span></li>\r\n<li><span style=\"color: #373435; font-family: Swiss721BT; font-size: 11pt;\">Silicone gives optimal absorption of the shock generated from everyday and high impact foot strike.</span></li>\r\n<li><span style=\"color: #373435; font-family: Swiss721BT; font-size: 11pt;\">It distributes pressure evenly throughout the foot, allowing normal blood circulation.</span></li>\r\n</ul>\r\n</div>\r\n<div class=\"column\">&nbsp;</div>\r\n</div>\r\n<div class=\"layoutArea\">&nbsp;</div>\r\n</div>\r\n</div>','foot-insole-silicone',1,1,1,NULL,1600.0000,1200.0000,1400.0000,'2021-04-26','2021-05-03',2.0000,5,'White',6,'S','2021-04-26 19:13:51','en','default',164,'2021-04-26 19:21:18',NULL,1,1400.0000,1400.0000,'<ul>\r\n<li>Hyperchallenger.</li>\r\n<li>Super soft zones.</li>\r\n</ul>','Foot Insole Silicone','Foot Insole Silicone, silicone sole.','Achilles Tendonitis, Heel Pain, Heel Spurs, Improve quality of life, Provides optimum cushioning, protection and shock absorption.',0.0000,0.0000,0.0000,1,NULL),(249,'mo-6003','Foot Insole with Arch Silicone','<div class=\"page\" title=\"Page 44\">\r\n<div class=\"section\">\r\n<div class=\"layoutArea\">\r\n<div class=\"column\">\r\n<ul>\r\n<li><span style=\"font-size: 11pt; font-family: Swiss721BT; color: #373435;\">Made of a medical grade silicone for long lasting support and comfort.</span></li>\r\n<li><span style=\"color: #373435; font-family: Swiss721BT; font-size: 11pt;\">Silicone gives optimal absorption of the shock generated from everyday and high impact foot strike.</span></li>\r\n<li><span style=\"color: #373435; font-family: Swiss721BT; font-size: 11pt;\">&nbsp;It distributes pressure evenly throughout the foot, allowing normal blood circulation.</span></li>\r\n</ul>\r\n</div>\r\n<div class=\"column\">&nbsp;</div>\r\n</div>\r\n<div class=\"layoutArea\">&nbsp;</div>\r\n</div>\r\n</div>','foot-insole-with-arch-silicone',1,1,0,NULL,1700.0000,1500.0000,1650.0000,'2021-04-26','2021-05-03',1.0000,5,'White',6,'S','2021-04-26 19:21:57','en','default',165,'2021-04-26 19:33:11',NULL,1,1650.0000,1650.0000,'<ul>\r\n<li>Super soft zones.</li>\r\n<li>High cushioning coeficent</li>\r\n</ul>','Foot Insole with Arch Silicone','Foot Insole with Arch Silicone, silicone arch pad.','Achilles Tendonitis, Heel Pain, Heel Spurs, Improve quality of life',0.0000,0.0000,0.0000,1,NULL),(250,'mo-6004','Medial Arch Silicone','<div class=\"page\" title=\"Page 45\">\r\n<div class=\"section\">\r\n<div class=\"layoutArea\">\r\n<div class=\"column\">\r\n<ul>\r\n<li><span style=\"font-size: 11pt; font-family: Swiss721BT; color: #373435;\">Injuries &amp; disorders flat foot condition, features high impact cushion pad made of special grade silicone support the plantar arc of the foot.</span></li>\r\n<li><span style=\"color: #373435; font-family: Swiss721BT; font-size: 11pt;\">Designed bio-mechanically maintain the plantararccomfortably.</span></li>\r\n<li><span style=\"color: #373435; font-family: Swiss721BT; font-size: 11pt;\">ARC pads used within the socks by placing below middle foot.</span></li>\r\n</ul>\r\n</div>\r\n<div class=\"column\">&nbsp;</div>\r\n</div>\r\n</div>\r\n</div>','medial-arch-silicone',1,1,1,NULL,1000.0000,650.0000,750.0000,'2021-04-26','2021-05-03',1.0000,5,'White',6,'S','2021-04-26 19:33:46','en','default',166,'2021-04-26 19:41:47',NULL,1,750.0000,750.0000,'<ul>\r\n<li>Anatomically shaped.</li>\r\n<li>Massage spots for the arch.</li>\r\n</ul>','Medial Arch Silicone','Medial Arch Silicone, arch support.',' For improper feet architecture, crossed toes, fractured toes correction.',0.0000,0.0000,0.0000,1,NULL),(251,'mo-6005','Toe Separator Silicone','<div class=\"page\" title=\"Page 46\">\r\n<div class=\"section\">\r\n<div class=\"layoutArea\">\r\n<div class=\"column\">\r\n<ul>\r\n<li><span style=\"font-size: 11pt; font-family: Swiss721BT; color: #373435;\">Injuries &amp; disorders flat foot condition, features high impact cushion pad made of special grade silicone suppor t the plantar arc of the foot.</span></li>\r\n<li><span style=\"color: #373435; font-family: Swiss721BT; font-size: 11pt;\">Designed bio-mechanically maintain the plantararccomfortably.</span></li>\r\n<li><span style=\"color: #373435; font-family: Swiss721BT; font-size: 11pt;\">ARC pads used within the socks by placing below middle foot.</span></li>\r\n</ul>\r\n</div>\r\n</div>\r\n</div>\r\n</div>','toe-separator-silicone',1,1,1,NULL,500.0000,250.0000,350.0000,'2021-04-26','2021-05-03',0.5000,5,'White',6,'S','2021-04-26 19:42:22','en','default',167,'2021-04-26 19:49:32',NULL,1,350.0000,350.0000,'<ul>\r\n<li>Hypoallergenic.</li>\r\n<li>High cushioning efficency.</li>\r\n<li>anatomically shaped.</li>\r\n<li>Long functional life.</li>\r\n</ul>','Toe Separator Silicone','Toe Separator Silicone, toe spreader.','Care and treatment of hammer toes, Claw toes, Mallet toes, Toenail injuries, Fractured toes.',0.0000,0.0000,0.0000,1,NULL),(252,'mo-6006','Toe Separator with Finger Silicone','<div class=\"page\" title=\"Page 46\">\r\n<div class=\"section\">\r\n<div class=\"layoutArea\">\r\n<div class=\"column\">\r\n<ul>\r\n<li><span style=\"font-size: 11pt; font-family: Swiss721BT; color: #373435;\">Injuries &amp; disorders flat foot condition, features high impact cushion pad made of special grade silicone suppor t the plantar arc of the foot.</span></li>\r\n<li><span style=\"color: #373435; font-family: Swiss721BT; font-size: 11pt;\">Designed bio-mechanically maintain the plantararccomfortably.</span></li>\r\n<li><span style=\"color: #373435; font-family: Swiss721BT; font-size: 11pt;\">ARC pads used within the socks by placing below middle foot.</span></li>\r\n</ul>\r\n</div>\r\n</div>\r\n</div>\r\n</div>','toe-separator-with-finger-silicone',1,1,1,NULL,600.0000,350.0000,450.0000,'2021-04-26','2021-05-03',0.5000,5,'White',6,'S','2021-04-26 19:49:58','en','default',168,'2021-04-26 19:56:23',NULL,1,450.0000,450.0000,'<ul>\r\n<li>Hypoallergenic.</li>\r\n<li>High cushioning effecency.</li>\r\n<li>Long functional life.</li>\r\n<li>Anatomically shaped.</li>\r\n</ul>','Toe Separator with Finger Silicone','Toe Separator with Finger Silicone, toe spreader.','Care and treatment of hammer toes, Claw toes, Mallet toes, Toenail injuries, Fractured toes',0.0000,0.0000,0.0000,1,NULL),(253,'mo-6007','Heel Pad','<div class=\"page\" title=\"Page 47\">\r\n<div class=\"section\">\r\n<div class=\"layoutArea\">\r\n<div class=\"column\">\r\n<ul>\r\n<li><span style=\"font-size: 11pt; font-family: Swiss721BT; color: #373435;\">Your heel pad is a thick layer of tissue found on the soles of your feet. It&rsquo;s made up of dense fat pockets surrounded by tough but stretchy muscle fibers.</span></li>\r\n<li><span style=\"color: #373435; font-family: Swiss721BT; font-size: 11pt;\">Whenever you walk, run, or jump, your heel pads act as cushions, distributing your body weight, absorbing shock, and protecting your bones and joints.</span></li>\r\n<li><span style=\"color: #373435; font-family: Swiss721BT; font-size: 11pt;\">You may not realize it, but your heels endure a lot. Because of this, it&rsquo;s normal for them to wear down a bit over time.</span></li>\r\n</ul>\r\n</div>\r\n</div>\r\n</div>\r\n</div>','heel-pad',1,1,1,NULL,700.0000,450.0000,550.0000,'2021-04-26','2021-05-03',1.0000,5,'White',6,'S','2021-04-26 19:56:51','en','default',169,'2021-05-03 10:22:47',NULL,1,550.0000,550.0000,'<ul>\r\n<li>Long functional life.</li>\r\n<li>Colourless.</li>\r\n<li>hypoallergenic.</li>\r\n</ul>','Heel Pad','Heel Pad, heel cushion, silicone heel pad.','Heel Protectors, Relief Joints & Foot Pain, Reduce pain from ill-fitting footwear',0.0000,0.0000,0.0000,1,NULL),(254,'mo-1010','Abdominal Belt 2','<div class=\"page\" title=\"Page 4\">\r\n<div class=\"section\">\r\n<div class=\"layoutArea\">\r\n<div class=\"column\">\r\n<ul>\r\n<li><span style=\"font-size: 11pt; font-family: Swiss721BT; color: #373435;\">Made from high quality elastic materials </span></li>\r\n<li><span style=\"font-size: 11pt; font-family: Swiss721BT; color: #373435;\">Hook &amp; loop closures for proper fitting<br /></span></li>\r\n<li><span style=\"font-size: 11pt; font-family: Swiss721BT; color: #373435;\">Breathable and moisture transporting&nbsp;</span><span style=\"font-size: 11pt; font-family: Swiss721BT; color: #373435;\">weaving Simple and quick application</span></li>\r\n</ul>\r\n</div>\r\n</div>\r\n</div>\r\n</div>','abdominal-belt-2',1,1,1,NULL,NULL,NULL,NULL,NULL,NULL,NULL,NULL,NULL,NULL,NULL,'2021-05-15 12:44:55','en','default',170,'2021-05-15 12:57:28',NULL,1,500.0000,1000.0000,'<ul>\r\n<li>Dermopholic</li>\r\n<li>Perfect Elasticity</li>\r\n<li>Breathable Materials</li>\r\n<li>Durable</li>\r\n</ul>','Abdominal Belt 2','Abdominal Belt, Abdominal Belt 2,Belt','Abdominal Belt Description',NULL,NULL,NULL,0,NULL),(255,'mo-1010-variant-1-6','small-red',NULL,NULL,NULL,NULL,1,NULL,500.0000,NULL,NULL,NULL,NULL,0.0000,1,'Red',6,'S','2021-05-15 12:44:55','en','default',171,'2021-05-15 12:44:55',254,NULL,500.0000,500.0000,NULL,NULL,NULL,NULL,NULL,NULL,NULL,NULL,NULL),(256,'mo-1010-variant-2-6','small-green',NULL,NULL,NULL,NULL,1,NULL,500.0000,NULL,NULL,NULL,NULL,0.0000,2,'Green',6,'S','2021-05-15 12:44:55','en','default',172,'2021-05-15 12:44:55',254,NULL,500.0000,500.0000,NULL,NULL,NULL,NULL,NULL,NULL,NULL,NULL,NULL),(257,'mo-1010-variant-3-6','small-yellow',NULL,NULL,NULL,NULL,1,NULL,500.0000,NULL,NULL,NULL,NULL,0.0000,3,'Yellow',6,'S','2021-05-15 12:44:55','en','default',173,'2021-05-15 12:44:55',254,NULL,500.0000,500.0000,NULL,NULL,NULL,NULL,NULL,NULL,NULL,NULL,NULL),(258,'mo-1010-variant-4-6','small-black',NULL,NULL,NULL,NULL,1,NULL,1000.0000,NULL,NULL,NULL,NULL,0.0000,4,'Black',6,'S','2021-05-15 12:44:55','en','default',174,'2021-05-15 12:44:55',254,NULL,1000.0000,1000.0000,NULL,NULL,NULL,NULL,NULL,NULL,NULL,NULL,NULL),(259,'mo-1010-variant-5-6','small-white',NULL,NULL,NULL,NULL,1,NULL,500.0000,NULL,NULL,NULL,NULL,0.0000,5,'White',6,'S','2021-05-15 12:44:55','en','default',175,'2021-05-15 12:44:55',254,NULL,500.0000,500.0000,NULL,NULL,NULL,NULL,NULL,NULL,NULL,NULL,NULL),(260,'mo-1010-variant-1-7','medium-red',NULL,NULL,NULL,NULL,1,NULL,800.0000,NULL,NULL,NULL,NULL,0.0000,1,'Red',7,'M','2021-05-15 12:44:55','en','default',176,'2021-05-15 12:44:55',254,NULL,800.0000,800.0000,NULL,NULL,NULL,NULL,NULL,NULL,NULL,NULL,NULL),(261,'mo-1010-variant-1-8','lage-red',NULL,NULL,NULL,NULL,1,NULL,500.0000,NULL,NULL,NULL,NULL,0.0000,1,'Red',8,'L','2021-05-15 12:44:55','en','default',177,'2021-05-15 12:44:55',254,NULL,500.0000,500.0000,NULL,NULL,NULL,NULL,NULL,NULL,NULL,NULL,NULL),(262,'mo-1010-variant-1-9','extralarge-red',NULL,NULL,NULL,NULL,1,NULL,500.0000,NULL,NULL,NULL,NULL,0.0000,1,'Red',9,'XL','2021-05-15 12:44:55','en','default',178,'2021-05-15 12:44:55',254,NULL,500.0000,500.0000,NULL,NULL,NULL,NULL,NULL,NULL,NULL,NULL,NULL),(263,'mo-1010-variant-2-7','medium-green',NULL,NULL,NULL,NULL,1,NULL,500.0000,NULL,NULL,NULL,NULL,0.0000,2,'Green',7,'M','2021-05-15 12:44:55','en','default',179,'2021-05-15 12:44:55',254,NULL,500.0000,500.0000,NULL,NULL,NULL,NULL,NULL,NULL,NULL,NULL,NULL),(264,'mo-1010-variant-2-8','large-green',NULL,NULL,NULL,NULL,1,NULL,500.0000,NULL,NULL,NULL,NULL,0.0000,2,'Green',8,'L','2021-05-15 12:44:55','en','default',180,'2021-05-15 12:44:55',254,NULL,500.0000,500.0000,NULL,NULL,NULL,NULL,NULL,NULL,NULL,NULL,NULL),(265,'mo-1010-variant-2-9','extralarge-green',NULL,NULL,NULL,NULL,1,NULL,500.0000,NULL,NULL,NULL,NULL,0.0000,2,'Green',9,'XL','2021-05-15 12:44:55','en','default',181,'2021-05-15 12:44:55',254,NULL,500.0000,500.0000,NULL,NULL,NULL,NULL,NULL,NULL,NULL,NULL,NULL),(266,'mo-1010-variant-3-7','medium-yellow',NULL,NULL,NULL,NULL,1,NULL,500.0000,NULL,NULL,NULL,NULL,0.0000,3,'Yellow',7,'M','2021-05-15 12:44:55','en','default',182,'2021-05-15 12:44:55',254,NULL,500.0000,500.0000,NULL,NULL,NULL,NULL,NULL,NULL,NULL,NULL,NULL),(267,'mo-1010-variant-3-8','large-yellow',NULL,NULL,NULL,NULL,1,NULL,500.0000,NULL,NULL,NULL,NULL,0.0000,3,'Yellow',8,'L','2021-05-15 12:44:55','en','default',183,'2021-05-15 12:44:55',254,NULL,500.0000,500.0000,NULL,NULL,NULL,NULL,NULL,NULL,NULL,NULL,NULL),(268,'mo-1010-variant-3-9','extralarge-yellow',NULL,NULL,NULL,NULL,1,NULL,500.0000,NULL,NULL,NULL,NULL,0.0000,3,'Yellow',9,'XL','2021-05-15 12:44:55','en','default',184,'2021-05-15 12:44:55',254,NULL,500.0000,500.0000,NULL,NULL,NULL,NULL,NULL,NULL,NULL,NULL,NULL),(269,'mo-1010-variant-4-7','medium-black',NULL,NULL,NULL,NULL,1,NULL,500.0000,NULL,NULL,NULL,NULL,0.0000,4,'Black',7,'M','2021-05-15 12:44:55','en','default',185,'2021-05-15 12:44:55',254,NULL,500.0000,500.0000,NULL,NULL,NULL,NULL,NULL,NULL,NULL,NULL,NULL),(270,'mo-1010-variant-4-8','large-black',NULL,NULL,NULL,NULL,1,NULL,500.0000,NULL,NULL,NULL,NULL,0.0000,4,'Black',8,'L','2021-05-15 12:44:55','en','default',186,'2021-05-15 12:44:55',254,NULL,500.0000,500.0000,NULL,NULL,NULL,NULL,NULL,NULL,NULL,NULL,NULL),(271,'mo-1010-variant-4-9','extralarge-black',NULL,NULL,NULL,NULL,1,NULL,500.0000,NULL,NULL,NULL,NULL,0.0000,4,'Black',9,'XL','2021-05-15 12:44:55','en','default',187,'2021-05-15 12:44:55',254,NULL,500.0000,500.0000,NULL,NULL,NULL,NULL,NULL,NULL,NULL,NULL,NULL),(272,'mo-1010-variant-5-7','medium-white',NULL,NULL,NULL,NULL,1,NULL,500.0000,NULL,NULL,NULL,NULL,0.0000,5,'White',7,'M','2021-05-15 12:44:55','en','default',188,'2021-05-15 12:44:55',254,NULL,500.0000,500.0000,NULL,NULL,NULL,NULL,NULL,NULL,NULL,NULL,NULL),(273,'mo-1010-variant-5-8','large-white',NULL,NULL,NULL,NULL,1,NULL,500.0000,NULL,NULL,NULL,NULL,0.0000,5,'White',8,'L','2021-05-15 12:44:55','en','default',189,'2021-05-15 12:44:55',254,NULL,500.0000,500.0000,NULL,NULL,NULL,NULL,NULL,NULL,NULL,NULL,NULL),(274,'mo-1010-variant-5-9','extralarge-white','<p>extralarge-white</p>','extralarge-white',0,0,1,NULL,500.0000,NULL,NULL,NULL,NULL,0.0000,5,'White',9,'XL','2021-05-15 12:44:55','en','default',190,'2021-06-28 15:21:47',254,0,500.0000,500.0000,'<p>extralarge-white</p>','','','',0.0000,0.0000,0.0000,0,NULL),(275,'zbdfm123','Secure Disposable Mask','<p>This is good product</p>','secure-disposable-mask',0,0,1,NULL,NULL,NULL,NULL,NULL,NULL,NULL,NULL,NULL,NULL,NULL,'2021-07-03 16:32:36','en','default',191,'2021-07-03 16:45:20',NULL,1,0.0000,200.0000,'<ul>\r\n<li class=\"col-md-3\">\r\n<div class=\"content-wrap\">flexible</div>\r\n</li>\r\n<li class=\"col-md-3\">\r\n<div class=\"content-wrap\">duarble</div>\r\n</li>\r\n<li class=\"col-md-3\">\r\n<div class=\"content-wrap\">elastci</div>\r\n</li>\r\n</ul>','disposable mask','disposable, mask, disposable mask','disposable, mask, disposable mask',NULL,NULL,NULL,0,NULL),(276,'zbdfm123-variant-1-6','zbdfm123-red',NULL,NULL,NULL,NULL,1,NULL,200.0000,NULL,NULL,NULL,NULL,0.0000,1,'Red',6,'S','2021-07-03 16:32:36','en','default',192,'2021-07-03 16:32:36',275,NULL,200.0000,200.0000,NULL,NULL,NULL,NULL,NULL,NULL,NULL,NULL,NULL),(277,'zbdfm123-variant-2-6','zbdfm123-green',NULL,NULL,NULL,NULL,1,NULL,100.0000,NULL,NULL,NULL,NULL,0.0000,2,'Green',6,'S','2021-07-03 16:32:36','en','default',193,'2021-07-03 16:32:36',275,NULL,100.0000,100.0000,NULL,NULL,NULL,NULL,NULL,NULL,NULL,NULL,NULL),(278,'zbdfm123-variant-3-6','zbdfm123-yellow',NULL,NULL,NULL,NULL,1,NULL,44.0000,NULL,NULL,NULL,NULL,0.0000,3,'Yellow',6,'S','2021-07-03 16:32:36','en','default',194,'2021-07-03 16:32:36',275,NULL,44.0000,44.0000,NULL,NULL,NULL,NULL,NULL,NULL,NULL,NULL,NULL),(279,'zbdfm123-variant-4-6','zbdfm123-black',NULL,NULL,NULL,NULL,1,NULL,0.0000,NULL,NULL,NULL,NULL,0.0000,4,'Black',6,'S','2021-07-03 16:32:36','en','default',195,'2021-07-03 16:32:36',275,NULL,0.0000,0.0000,NULL,NULL,NULL,NULL,NULL,NULL,NULL,NULL,NULL),(280,'zbdfm123-variant-5-6','zbdfm123-white',NULL,NULL,NULL,NULL,1,NULL,0.0000,NULL,NULL,NULL,NULL,0.0000,5,'White',6,'S','2021-07-03 16:32:36','en','default',196,'2021-07-03 16:32:36',275,NULL,0.0000,0.0000,NULL,NULL,NULL,NULL,NULL,NULL,NULL,NULL,NULL),(281,'zbdfm123-variant-1-7','zbdfm123-red',NULL,NULL,NULL,NULL,1,NULL,0.0000,NULL,NULL,NULL,NULL,0.0000,1,'Red',7,'M','2021-07-03 16:32:36','en','default',197,'2021-07-03 16:32:36',275,NULL,0.0000,0.0000,NULL,NULL,NULL,NULL,NULL,NULL,NULL,NULL,NULL),(282,'zbdfm123-variant-1-8','zbdfm123-red',NULL,NULL,NULL,NULL,1,NULL,0.0000,NULL,NULL,NULL,NULL,0.0000,1,'Red',8,'L','2021-07-03 16:32:36','en','default',198,'2021-07-03 16:32:36',275,NULL,0.0000,0.0000,NULL,NULL,NULL,NULL,NULL,NULL,NULL,NULL,NULL),(283,'zbdfm123-variant-1-9','zbdfm123-red',NULL,NULL,NULL,NULL,1,NULL,0.0000,NULL,NULL,NULL,NULL,0.0000,1,'Red',9,'XL','2021-07-03 16:32:36','en','default',199,'2021-07-03 16:32:36',275,NULL,0.0000,0.0000,NULL,NULL,NULL,NULL,NULL,NULL,NULL,NULL,NULL),(284,'zbdfm123-variant-2-7','zbdfm123-green',NULL,NULL,NULL,NULL,1,NULL,0.0000,NULL,NULL,NULL,NULL,0.0000,2,'Green',7,'M','2021-07-03 16:32:36','en','default',200,'2021-07-03 16:32:36',275,NULL,0.0000,0.0000,NULL,NULL,NULL,NULL,NULL,NULL,NULL,NULL,NULL),(285,'zbdfm123-variant-2-8','zbdfm123-green',NULL,NULL,NULL,NULL,1,NULL,0.0000,NULL,NULL,NULL,NULL,0.0000,2,'Green',8,'L','2021-07-03 16:32:36','en','default',201,'2021-07-03 16:32:36',275,NULL,0.0000,0.0000,NULL,NULL,NULL,NULL,NULL,NULL,NULL,NULL,NULL),(286,'zbdfm123-variant-2-9','zbdfm123-green',NULL,NULL,NULL,NULL,1,NULL,0.0000,NULL,NULL,NULL,NULL,0.0000,2,'Green',9,'XL','2021-07-03 16:32:36','en','default',202,'2021-07-03 16:32:36',275,NULL,0.0000,0.0000,NULL,NULL,NULL,NULL,NULL,NULL,NULL,NULL,NULL),(287,'zbdfm123-variant-3-7','zbdfm123-green',NULL,NULL,NULL,NULL,1,NULL,0.0000,NULL,NULL,NULL,NULL,0.0000,3,'Yellow',7,'M','2021-07-03 16:32:36','en','default',203,'2021-07-03 16:32:36',275,NULL,0.0000,0.0000,NULL,NULL,NULL,NULL,NULL,NULL,NULL,NULL,NULL),(288,'zbdfm123-variant-3-8','zbdfm123-green',NULL,NULL,NULL,NULL,1,NULL,0.0000,NULL,NULL,NULL,NULL,0.0000,3,'Yellow',8,'L','2021-07-03 16:32:36','en','default',204,'2021-07-03 16:32:36',275,NULL,0.0000,0.0000,NULL,NULL,NULL,NULL,NULL,NULL,NULL,NULL,NULL),(289,'zbdfm123-variant-3-9','zbdfm123-green',NULL,NULL,NULL,NULL,1,NULL,0.0000,NULL,NULL,NULL,NULL,0.0000,3,'Yellow',9,'XL','2021-07-03 16:32:36','en','default',205,'2021-07-03 16:32:36',275,NULL,0.0000,0.0000,NULL,NULL,NULL,NULL,NULL,NULL,NULL,NULL,NULL),(290,'zbdfm123-variant-4-7','zbdfm123-green',NULL,NULL,NULL,NULL,1,NULL,0.0000,NULL,NULL,NULL,NULL,0.0000,4,'Black',7,'M','2021-07-03 16:32:36','en','default',206,'2021-07-03 16:32:36',275,NULL,0.0000,0.0000,NULL,NULL,NULL,NULL,NULL,NULL,NULL,NULL,NULL),(291,'zbdfm123-variant-4-8','zbdfm123-green',NULL,NULL,NULL,NULL,1,NULL,0.0000,NULL,NULL,NULL,NULL,0.0000,4,'Black',8,'L','2021-07-03 16:32:36','en','default',207,'2021-07-03 16:32:36',275,NULL,0.0000,0.0000,NULL,NULL,NULL,NULL,NULL,NULL,NULL,NULL,NULL),(292,'zbdfm123-variant-4-9','zbdfm123-green',NULL,NULL,NULL,NULL,1,NULL,0.0000,NULL,NULL,NULL,NULL,0.0000,4,'Black',9,'XL','2021-07-03 16:32:36','en','default',208,'2021-07-03 16:32:36',275,NULL,0.0000,0.0000,NULL,NULL,NULL,NULL,NULL,NULL,NULL,NULL,NULL),(293,'zbdfm123-variant-5-7','zbdfm123-green',NULL,NULL,NULL,NULL,1,NULL,0.0000,NULL,NULL,NULL,NULL,0.0000,5,'White',7,'M','2021-07-03 16:32:36','en','default',209,'2021-07-03 16:32:36',275,NULL,0.0000,0.0000,NULL,NULL,NULL,NULL,NULL,NULL,NULL,NULL,NULL),(294,'zbdfm123-variant-5-8','zbdfm123-green',NULL,NULL,NULL,NULL,1,NULL,0.0000,NULL,NULL,NULL,NULL,0.0000,5,'White',8,'L','2021-07-03 16:32:37','en','default',210,'2021-07-03 16:32:37',275,NULL,0.0000,0.0000,NULL,NULL,NULL,NULL,NULL,NULL,NULL,NULL,NULL),(295,'zbdfm123-variant-5-9','zbdfm123-green',NULL,NULL,NULL,NULL,1,NULL,0.0000,NULL,NULL,NULL,NULL,0.0000,5,'White',9,'XL','2021-07-03 16:32:37','en','default',211,'2021-07-03 16:32:37',275,NULL,0.0000,0.0000,NULL,NULL,NULL,NULL,NULL,NULL,NULL,NULL,NULL),(296,'',NULL,NULL,NULL,NULL,NULL,NULL,NULL,NULL,NULL,NULL,NULL,NULL,NULL,NULL,NULL,NULL,NULL,'2021-07-05 19:04:48','en','default',212,'2021-07-05 19:04:48',NULL,NULL,0.0000,NULL,NULL,NULL,NULL,NULL,NULL,NULL,NULL,NULL,NULL),(297,'zpdtm3e-variant-6','',NULL,NULL,NULL,NULL,1,NULL,0.0000,NULL,NULL,NULL,NULL,0.0000,NULL,NULL,6,'S','2021-07-05 19:04:48','en','default',213,'2021-07-05 19:04:48',296,NULL,0.0000,0.0000,NULL,NULL,NULL,NULL,NULL,NULL,NULL,NULL,NULL),(298,'zpdtm3e-variant-7','',NULL,NULL,NULL,NULL,1,NULL,0.0000,NULL,NULL,NULL,NULL,0.0000,NULL,NULL,7,'M','2021-07-05 19:04:48','en','default',214,'2021-07-05 19:04:48',296,NULL,0.0000,0.0000,NULL,NULL,NULL,NULL,NULL,NULL,NULL,NULL,NULL),(299,'zpdtm3e-variant-8','',NULL,NULL,NULL,NULL,1,NULL,0.0000,NULL,NULL,NULL,NULL,0.0000,NULL,NULL,8,'L','2021-07-05 19:04:48','en','default',215,'2021-07-05 19:04:48',296,NULL,0.0000,0.0000,NULL,NULL,NULL,NULL,NULL,NULL,NULL,NULL,NULL),(300,'zpdtm3e-variant-9','',NULL,NULL,NULL,NULL,1,NULL,0.0000,NULL,NULL,NULL,NULL,0.0000,NULL,NULL,9,'XL','2021-07-05 19:04:48','en','default',216,'2021-07-05 19:04:48',296,NULL,0.0000,0.0000,NULL,NULL,NULL,NULL,NULL,NULL,NULL,NULL,NULL);
/*!40000 ALTER TABLE `product_flat` ENABLE KEYS */;
UNLOCK TABLES;

--
-- Table structure for table `product_grouped_products`
--

DROP TABLE IF EXISTS `product_grouped_products`;
/*!40101 SET @saved_cs_client     = @@character_set_client */;
/*!50503 SET character_set_client = utf8mb4 */;
CREATE TABLE `product_grouped_products` (
  `id` int unsigned NOT NULL AUTO_INCREMENT,
  `qty` int NOT NULL DEFAULT '0',
  `sort_order` int NOT NULL DEFAULT '0',
  `product_id` int unsigned NOT NULL,
  `associated_product_id` int unsigned NOT NULL,
  PRIMARY KEY (`id`),
  KEY `product_grouped_products_product_id_foreign` (`product_id`),
  KEY `product_grouped_products_associated_product_id_foreign` (`associated_product_id`),
  CONSTRAINT `product_grouped_products_associated_product_id_foreign` FOREIGN KEY (`associated_product_id`) REFERENCES `products` (`id`) ON DELETE CASCADE,
  CONSTRAINT `product_grouped_products_product_id_foreign` FOREIGN KEY (`product_id`) REFERENCES `products` (`id`) ON DELETE CASCADE
) ENGINE=InnoDB DEFAULT CHARSET=utf8mb4 COLLATE=utf8mb4_unicode_ci ROW_FORMAT=DYNAMIC;
/*!40101 SET character_set_client = @saved_cs_client */;

--
-- Dumping data for table `product_grouped_products`
--

LOCK TABLES `product_grouped_products` WRITE;
/*!40000 ALTER TABLE `product_grouped_products` DISABLE KEYS */;
/*!40000 ALTER TABLE `product_grouped_products` ENABLE KEYS */;
UNLOCK TABLES;

--
-- Table structure for table `product_images`
--

DROP TABLE IF EXISTS `product_images`;
/*!40101 SET @saved_cs_client     = @@character_set_client */;
/*!50503 SET character_set_client = utf8mb4 */;
CREATE TABLE `product_images` (
  `id` int unsigned NOT NULL AUTO_INCREMENT,
  `type` varchar(191) CHARACTER SET utf8mb4 COLLATE utf8mb4_unicode_ci DEFAULT NULL,
  `path` varchar(191) CHARACTER SET utf8mb4 COLLATE utf8mb4_unicode_ci NOT NULL,
  `product_id` int unsigned NOT NULL,
  PRIMARY KEY (`id`),
  KEY `product_images_product_id_foreign` (`product_id`),
  CONSTRAINT `product_images_product_id_foreign` FOREIGN KEY (`product_id`) REFERENCES `products` (`id`) ON DELETE CASCADE
) ENGINE=InnoDB AUTO_INCREMENT=130 DEFAULT CHARSET=utf8mb4 COLLATE=utf8mb4_unicode_ci ROW_FORMAT=DYNAMIC;
/*!40101 SET character_set_client = @saved_cs_client */;

--
-- Dumping data for table `product_images`
--

LOCK TABLES `product_images` WRITE;
/*!40000 ALTER TABLE `product_images` DISABLE KEYS */;
INSERT INTO `product_images` VALUES (1,NULL,'product/1/aazYlSyVoytNY4KukEaEXEh1yhLUwGLHuBUMCd8E.jpeg',1),(3,NULL,'product/23/xeHtPzOi7J0NqhRlhdei09oos9yB2WGaYrBC2J7k.png',23),(4,NULL,'product/24/zt7wjSdbbcrT8Y8otna8DYYaZrIdU9wlC7yJ7mID.jpeg',24),(54,NULL,'product/102/rQtUdXZKxpIUGG0jn347y8qFXSe1bTocj0bbwTpd.png',102),(55,NULL,'product/101/K6xaY1oIAZtk5pdxmlDDqD85qI86THkjUt8eW9tG.png',101),(56,NULL,'product/104/I4Nu2pYl7tmNv9mpqw2CMPvyLRB1ACkJcxKzB314.png',104),(57,NULL,'product/103/1T47gkyASHVv7Ia4vXCnHqFHTHej2UxMDj64Y1cd.png',103),(58,NULL,'product/103/XSe4kNN4criOy0gfCTOkDgTnHaBh1Mlo9rm5JkDe.png',103),(59,NULL,'product/103/HVF25On9nLi8xtZu5cO5hneUJJwmIXUtS2GeMU8U.png',103),(60,NULL,'product/100/mdgsSVuLVBZr12HI9qQlypRJqf71yOxjcFQxHg9k.png',100),(61,NULL,'product/99/WZ0LBWQ07LqS9ffaVi562F9wWGsbx1NQd2DQjJWv.png',99),(62,NULL,'product/98/EqsTQxtg8JzJoDrKN35Eqp4evcFnXbtihcv5xmy7.png',98),(63,NULL,'product/97/PIlchvInKSfbHBos1arBT1wYqFsikiIDQXi9ZG0L.png',97),(64,NULL,'product/96/xIFI0scyu6ypqWYdZ7hu1Sx5V8bWj9Suq26twRmj.png',96),(65,NULL,'product/95/PitMKbQdSNSbAeepbuuQLHinM5AECf5vvLuN66KO.png',95),(66,NULL,'product/94/dP2OGLdrWraCDMcj07hV5pXjAwZOcn6JeknbnMDK.png',94),(68,NULL,'product/92/nDlsLXhWTuZyyEijYldFRmLcCDwhdPJNtNM4lG2U.png',92),(69,NULL,'product/91/Bf0lftsxpIpm7ECEUMqP9Jtz0lmr0THfJ6ih2vZr.png',91),(70,NULL,'product/90/k5yU4E5W1keS6ssXWFLDSv4bBXM4eUZ28A9NFf72.png',90),(71,NULL,'product/89/tiYjOh4y0PDzJle9nnhV2VywBRHdbdvz1sfe7IaA.png',89),(72,NULL,'product/88/rKOzFYMcxNG8uFgNZR9mkm99oAzNMYJebCg9Qv2o.png',88),(73,NULL,'product/87/Oz17lTkvAm4JMpPmGBnd4V22TrEByuaYfqWbXXo8.png',87),(78,NULL,'product/108/W9cqBXfarh9EIuzlAMwhDbcsiq5QNX7u8LEwRdEl.jpeg',108),(79,NULL,'product/108/jTX86CNztlH2QKrMG9QA8kBKdwaxT4q5zOAyUiAX.jpeg',108),(80,NULL,'product/110/2HXhB1rsbXRsswUa75dasbxAF4rw1jd4uHPWnqhA.png',110),(81,NULL,'product/93/xYtmhUnSh1WqufL9QLwiAAYMNIeLsICeC4rwuJYS.png',93),(82,NULL,'product/93/HLuMFX3Ktdh3yEIMeXC5rdpKkAGtCsoqVZtmmJA9.png',93),(83,NULL,'product/93/3L88dzf0kvOxQUtRDfIqAk5HOjGzuu9OKN7uHyaM.png',93),(84,NULL,'product/112/DbAJ5osTQ0BNGKXbK0vHNGjcNQfFVAJdpym6s0E1.jpeg',112),(85,NULL,'product/112/bVtQV2v1YvJdpcchUpb3RqfHXIQoQnWZEDSp1bq0.jpeg',112),(86,NULL,'product/122/EOU1EeGqkNhF2gRkeTBQHHksdOfWhmZQBDmOzRNw.jpeg',122),(87,NULL,'product/125/lrzHV8wzrQGA6u4gpSnhmpTKkagHGBOgpp3LhBOg.jpeg',125),(88,NULL,'product/126/ZkgZvEFdaE5googuyCXmh6GwCjHtMQa0KdX4483u.jpeg',126),(89,NULL,'product/127/MaHv3aA1i5frK72xMBFMkwL8Z2FLnuXBxilLmFWl.jpeg',127),(90,NULL,'product/128/U3EcyA8kR1iwpqDfsbgLSYWgx07BTnI68oMubAWb.jpeg',128),(91,NULL,'product/129/aBZS80FLGYpi8ZviBp3wudJagB5GAuziyW8peDJ1.jpeg',129),(92,NULL,'product/130/9AzseckZxKPIwSfeMgiTvRApA2GqrySOBeehVtjK.jpeg',130),(93,NULL,'product/132/e78IaJZjIGH73cewD7uYKjTNfcaZsv7wSb6crb64.jpeg',132),(94,NULL,'product/133/bUCeMaCIwj1Iiafp915nGhrqpgYRBufS8czldUQ3.jpeg',133),(95,NULL,'product/134/XaOp3MuEzPZug1S5dVYaT7MvBDsyMfsqepv1K9eQ.jpeg',134),(96,NULL,'product/135/19k6NdFFGQJx5dgSkZ0iqmmcQyA2t4blg0JiGoX0.jpeg',135),(97,NULL,'product/136/HeUvnJoQxGvvHASEA1qTIdF0pVmcJky9N1qMFcJu.jpeg',136),(98,NULL,'product/137/bqaCAvKKhxctpZjuiCoz1jW08dsVTlcEDK9cDeZC.jpeg',137),(99,NULL,'product/138/eOD0j8X12IQQZrQPmwUOdeuXHO1YHgFWsMCtJ0Fq.jpeg',138),(100,NULL,'product/138/1o59k23jDa09j2rhrU6TIDuqEHe546DGkjKBA2Q0.jpeg',138),(101,NULL,'product/139/bLUcy8c9jcRGPygHcJn23iNbo5IIeu2Lh9BcfPgd.jpeg',139),(102,NULL,'product/139/gnh95LxhYleW5jqkfGd1CyeomJ6KDTFHsEYifPoR.jpeg',139),(103,NULL,'product/140/4usyWBAo0EVbGODXINMSsZQggBdfU2SZCCyDD8OJ.jpeg',140),(104,NULL,'product/140/vh1ULKJYLUBdB4t3XGP40xH9qX4b8ccFtGxDLaK2.jpeg',140),(105,NULL,'product/141/FCLKTmuEMQkj4I9VeBypBanWbPB5W2tEMeHzsELI.jpeg',141),(106,NULL,'product/142/u0mC8I4CLQm8JSbkqxmp32egjanXrhHqQHSZ15tm.jpeg',142),(107,NULL,'product/143/siDxA1ayJpi0SwDYhHUPrLJKPp2h9dmTA70o6eyp.jpeg',143),(108,NULL,'product/144/Snsrp4rxrgMHQVbMSZF3GYU57fT44JARF42edYQ3.jpeg',144),(109,NULL,'product/145/MSuh5Vnyl8z2BEQlM0lrL4SwERc6G5ZUgDvOM183.jpeg',145),(110,NULL,'product/146/JKAphteRFounvy3aCTIvPL0MqM0E5nlWJCLtKUII.jpeg',146),(111,NULL,'product/146/gxZvHxPgVwB7AIqliT80bx2XGeQzABpAVgjoODDR.jpeg',146),(112,NULL,'product/147/Hj2Xhk1pvFoBFbKW338fW8wHWIzM7Q587S4LxpWz.jpeg',147),(113,NULL,'product/148/XJutqQ0F8vOwj2vPHV7GbMMjqXfAyWX9OQruDByR.jpeg',148),(114,NULL,'product/149/qL6VncEqfHfFdKL0q1fOsm2WMU2HQG6qmBgZjORZ.jpeg',149),(115,NULL,'product/151/KNLti4Nd363WNDgaY5lwqKX4Dt8s1QRCJRFLTtZd.jpeg',151),(116,NULL,'product/152/wtz4fwgiKZnx3dcM0yvKfp5ESZs5Dawaoa7mURNn.jpeg',152),(117,NULL,'product/154/iDEJRcRFApzjLCcyBTRXJhCpoxvxqJqEQoFpj9ZF.jpeg',154),(118,NULL,'product/155/pSKfeXZQRPNRzwcnmpAEwjU1W0kY94dnTxnWe7YB.jpeg',155),(119,NULL,'product/155/WhZYJr6Mpu5hovfbdVSa1mUN2ASm7sYXm4GGgV0i.jpeg',155),(120,NULL,'product/157/m9xZ2lqao0vFY5YxVJRgdMIYrLM6NySdVqLwB0ve.jpeg',157),(121,NULL,'product/158/A0FuiVCvTzu0H7uToHnzjODq7roLnHflLZQ04TD2.jpeg',158),(122,NULL,'product/159/l3B5MF3foioK6DZIj0EcYaZJEgSCgME7ErpLsE86.jpeg',159),(123,NULL,'product/160/ZLhGT65JuDsxca8xhs07GvwRxO0DtU5ju4Csobjr.jpeg',160),(124,NULL,'product/161/h6MfptUxM9rAD1Rd7UUBAje2BJjbgfM69nrraK1G.jpeg',161),(125,NULL,'product/170/0X8jhZkQsb30Q7OUiwSpseaaaH5yvUlUd4UsULBP.jpeg',170),(126,NULL,'product/170/WxZF0kJZGQd4hs6nNLz1lPTz1FPTgnBcwP4QAVvD.jpeg',170),(127,NULL,'product/170/IA8POozy1j9rUg3WfGNmGqx335qpJ3VeqypUwUp3.jpeg',170),(128,NULL,'product/170/cax7gJ388TIMNJiDxbsWLLafp6YdjNw2wc5LCAmD.jpeg',170),(129,NULL,'product/191/T9Ew5XVQjWsMsPDAWvHcZyxZcFKCm65CekoIdiM6.jpeg',191);
/*!40000 ALTER TABLE `product_images` ENABLE KEYS */;
UNLOCK TABLES;

--
-- Table structure for table `product_inventories`
--

DROP TABLE IF EXISTS `product_inventories`;
/*!40101 SET @saved_cs_client     = @@character_set_client */;
/*!50503 SET character_set_client = utf8mb4 */;
CREATE TABLE `product_inventories` (
  `id` int unsigned NOT NULL AUTO_INCREMENT,
  `qty` int NOT NULL DEFAULT '0',
  `product_id` int unsigned NOT NULL,
  `inventory_source_id` int unsigned NOT NULL,
  `vendor_id` int NOT NULL DEFAULT '0',
  PRIMARY KEY (`id`),
  UNIQUE KEY `product_source_vendor_index_unique` (`product_id`,`inventory_source_id`,`vendor_id`),
  KEY `product_inventories_inventory_source_id_foreign` (`inventory_source_id`),
  CONSTRAINT `product_inventories_inventory_source_id_foreign` FOREIGN KEY (`inventory_source_id`) REFERENCES `inventory_sources` (`id`) ON DELETE CASCADE,
  CONSTRAINT `product_inventories_product_id_foreign` FOREIGN KEY (`product_id`) REFERENCES `products` (`id`) ON DELETE CASCADE
) ENGINE=InnoDB AUTO_INCREMENT=150 DEFAULT CHARSET=utf8mb4 COLLATE=utf8mb4_unicode_ci ROW_FORMAT=DYNAMIC;
/*!40101 SET character_set_client = @saved_cs_client */;

--
-- Dumping data for table `product_inventories`
--

LOCK TABLES `product_inventories` WRITE;
/*!40000 ALTER TABLE `product_inventories` DISABLE KEYS */;
INSERT INTO `product_inventories` VALUES (1,9,1,1,0),(2,50,23,1,0),(3,10,24,1,0),(4,50,24,2,0),(25,50,23,2,0),(26,50,1,2,0),(27,0,87,1,0),(28,50,87,2,0),(29,0,88,1,0),(30,50,88,2,0),(31,0,89,1,0),(32,50,89,2,0),(33,0,90,1,0),(34,50,90,2,0),(35,0,91,1,0),(36,50,91,2,0),(37,0,92,1,0),(38,50,92,2,0),(39,0,93,1,0),(40,50,93,2,0),(41,0,94,1,0),(42,50,94,2,0),(43,0,95,1,0),(44,50,95,2,0),(45,0,96,1,0),(46,50,96,2,0),(47,0,97,1,0),(48,50,97,2,0),(49,0,98,1,0),(50,50,98,2,0),(51,0,99,1,0),(52,50,99,2,0),(53,0,100,1,0),(54,50,100,2,0),(55,0,101,1,0),(56,200,101,2,0),(57,0,102,1,0),(58,50,102,2,0),(59,0,103,1,0),(60,50,103,2,0),(61,0,104,1,0),(62,20000,104,2,0),(63,25000,108,2,0),(64,200000,110,2,0),(65,0,111,2,0),(66,5000,112,2,0),(67,500,116,2,0),(68,100,119,2,0),(69,100,122,2,0),(70,1000,125,2,0),(71,500,126,2,0),(72,250,127,2,0),(73,500,128,2,0),(74,500,129,2,0),(75,300,130,2,0),(76,500,132,2,0),(77,500,133,2,0),(78,500,134,2,0),(79,500,135,2,0),(80,200,136,2,0),(81,200,137,2,0),(82,200,138,2,0),(83,300,139,2,0),(84,200,140,2,0),(85,500,141,2,0),(86,200,142,2,0),(87,200,143,2,0),(88,250,144,2,0),(89,300,145,2,0),(90,500,146,2,0),(91,200,147,2,0),(92,500,148,2,0),(93,250,149,2,0),(94,500,151,2,0),(95,500,152,2,0),(96,200,154,2,0),(97,400,155,2,0),(98,400,157,2,0),(99,300,158,2,0),(100,500,159,2,0),(101,500,160,2,0),(102,450,161,2,0),(103,200,163,2,0),(104,500,164,2,0),(105,500,165,2,0),(106,300,166,2,0),(107,1000,167,2,0),(108,1000,168,2,0),(109,700,169,2,0),(110,10,171,2,0),(111,10,172,2,0),(112,0,173,2,0),(113,10,174,2,0),(114,10,175,2,0),(115,10,176,2,0),(116,10,177,2,0),(117,10,178,2,0),(118,10,179,2,0),(119,10,180,2,0),(120,10,181,2,0),(121,10,182,2,0),(122,10,183,2,0),(123,10,184,2,0),(124,10,185,2,0),(125,10,186,2,0),(126,10,187,2,0),(127,10,188,2,0),(128,10,189,2,0),(129,10,190,2,0),(130,10,192,2,0),(131,5,193,2,0),(132,10,194,2,0),(133,20,195,2,0),(134,0,196,2,0),(135,0,197,2,0),(136,0,198,2,0),(137,0,199,2,0),(138,0,200,2,0),(139,0,201,2,0),(140,0,202,2,0),(141,0,203,2,0),(142,0,204,2,0),(143,0,205,2,0),(144,0,206,2,0),(145,0,207,2,0),(146,0,208,2,0),(147,0,209,2,0),(148,0,210,2,0),(149,0,211,2,0);
/*!40000 ALTER TABLE `product_inventories` ENABLE KEYS */;
UNLOCK TABLES;

--
-- Table structure for table `product_ordered_inventories`
--

DROP TABLE IF EXISTS `product_ordered_inventories`;
/*!40101 SET @saved_cs_client     = @@character_set_client */;
/*!50503 SET character_set_client = utf8mb4 */;
CREATE TABLE `product_ordered_inventories` (
  `id` int unsigned NOT NULL AUTO_INCREMENT,
  `qty` int NOT NULL DEFAULT '0',
  `product_id` int unsigned NOT NULL,
  `channel_id` int unsigned NOT NULL,
  PRIMARY KEY (`id`),
  UNIQUE KEY `product_ordered_inventories_product_id_channel_id_unique` (`product_id`,`channel_id`),
  KEY `product_ordered_inventories_channel_id_foreign` (`channel_id`),
  CONSTRAINT `product_ordered_inventories_channel_id_foreign` FOREIGN KEY (`channel_id`) REFERENCES `channels` (`id`) ON DELETE CASCADE,
  CONSTRAINT `product_ordered_inventories_product_id_foreign` FOREIGN KEY (`product_id`) REFERENCES `products` (`id`) ON DELETE CASCADE
) ENGINE=InnoDB AUTO_INCREMENT=17 DEFAULT CHARSET=utf8mb4 COLLATE=utf8mb4_unicode_ci ROW_FORMAT=DYNAMIC;
/*!40101 SET character_set_client = @saved_cs_client */;

--
-- Dumping data for table `product_ordered_inventories`
--

LOCK TABLES `product_ordered_inventories` WRITE;
/*!40000 ALTER TABLE `product_ordered_inventories` DISABLE KEYS */;
INSERT INTO `product_ordered_inventories` VALUES (1,1,1,1),(2,0,24,1),(6,1,93,1),(7,2,103,1),(8,0,94,1),(9,1,23,1),(10,0,90,1),(11,0,95,1),(12,8,102,1),(14,102,101,1),(15,0,100,1),(16,0,92,1);
/*!40000 ALTER TABLE `product_ordered_inventories` ENABLE KEYS */;
UNLOCK TABLES;

--
-- Table structure for table `product_relations`
--

DROP TABLE IF EXISTS `product_relations`;
/*!40101 SET @saved_cs_client     = @@character_set_client */;
/*!50503 SET character_set_client = utf8mb4 */;
CREATE TABLE `product_relations` (
  `parent_id` int unsigned NOT NULL,
  `child_id` int unsigned NOT NULL,
  KEY `product_relations_parent_id_foreign` (`parent_id`),
  KEY `product_relations_child_id_foreign` (`child_id`),
  CONSTRAINT `product_relations_child_id_foreign` FOREIGN KEY (`child_id`) REFERENCES `products` (`id`) ON DELETE CASCADE,
  CONSTRAINT `product_relations_parent_id_foreign` FOREIGN KEY (`parent_id`) REFERENCES `products` (`id`) ON DELETE CASCADE
) ENGINE=InnoDB DEFAULT CHARSET=utf8mb4 COLLATE=utf8mb4_unicode_ci ROW_FORMAT=DYNAMIC;
/*!40101 SET character_set_client = @saved_cs_client */;

--
-- Dumping data for table `product_relations`
--

LOCK TABLES `product_relations` WRITE;
/*!40000 ALTER TABLE `product_relations` DISABLE KEYS */;
INSERT INTO `product_relations` VALUES (88,99),(90,99),(99,91),(91,99),(108,102);
/*!40000 ALTER TABLE `product_relations` ENABLE KEYS */;
UNLOCK TABLES;

--
-- Table structure for table `product_reviews`
--

DROP TABLE IF EXISTS `product_reviews`;
/*!40101 SET @saved_cs_client     = @@character_set_client */;
/*!50503 SET character_set_client = utf8mb4 */;
CREATE TABLE `product_reviews` (
  `id` int unsigned NOT NULL AUTO_INCREMENT,
  `title` varchar(191) CHARACTER SET utf8mb4 COLLATE utf8mb4_unicode_ci NOT NULL,
  `rating` int NOT NULL,
  `comment` text CHARACTER SET utf8mb4 COLLATE utf8mb4_unicode_ci,
  `status` varchar(191) CHARACTER SET utf8mb4 COLLATE utf8mb4_unicode_ci NOT NULL,
  `created_at` timestamp NULL DEFAULT NULL,
  `updated_at` timestamp NULL DEFAULT NULL,
  `product_id` int unsigned NOT NULL,
  `customer_id` int DEFAULT NULL,
  `name` varchar(191) CHARACTER SET utf8mb4 COLLATE utf8mb4_unicode_ci NOT NULL DEFAULT '',
  PRIMARY KEY (`id`),
  KEY `product_reviews_product_id_foreign` (`product_id`),
  KEY `product_reviews_customer_id_foreign` (`customer_id`),
  CONSTRAINT `product_reviews_product_id_foreign` FOREIGN KEY (`product_id`) REFERENCES `products` (`id`) ON DELETE CASCADE
) ENGINE=InnoDB AUTO_INCREMENT=7 DEFAULT CHARSET=utf8mb4 COLLATE=utf8mb4_unicode_ci ROW_FORMAT=DYNAMIC;
/*!40101 SET character_set_client = @saved_cs_client */;

--
-- Dumping data for table `product_reviews`
--

LOCK TABLES `product_reviews` WRITE;
/*!40000 ALTER TABLE `product_reviews` DISABLE KEYS */;
INSERT INTO `product_reviews` VALUES (1,'Great material',5,'Good product','approved','2021-01-21 12:30:35','2021-01-21 13:00:28',23,1,'Payal Test'),(2,'Quality',4,'Great Quality','approved','2021-01-25 09:15:53','2021-01-25 09:18:01',93,NULL,'Test'),(3,'test',5,'test','pending','2021-03-25 08:03:34','2021-03-25 08:03:34',94,NULL,'test'),(4,'Elbow ',5,'Thanks ','pending','2021-05-20 10:59:57','2021-05-20 10:59:57',160,NULL,'Wrghhh'),(5,'goodproducts',5,'i m statisfy with quality of mediclue products ','pending','2021-06-03 07:57:22','2021-06-03 07:57:22',136,16,'Ravindra  Radadiya'),(6,'sfwefw',3,'wefweewfew','pending','2021-06-03 07:58:47','2021-06-03 07:58:47',136,16,'Ravindra  Radadiya');
/*!40000 ALTER TABLE `product_reviews` ENABLE KEYS */;
UNLOCK TABLES;

--
-- Table structure for table `product_super_attributes`
--

DROP TABLE IF EXISTS `product_super_attributes`;
/*!40101 SET @saved_cs_client     = @@character_set_client */;
/*!50503 SET character_set_client = utf8mb4 */;
CREATE TABLE `product_super_attributes` (
  `product_id` int unsigned NOT NULL,
  `attribute_id` int unsigned NOT NULL,
  KEY `product_super_attributes_product_id_foreign` (`product_id`),
  KEY `product_super_attributes_attribute_id_foreign` (`attribute_id`),
  CONSTRAINT `product_super_attributes_attribute_id_foreign` FOREIGN KEY (`attribute_id`) REFERENCES `attributes` (`id`),
  CONSTRAINT `product_super_attributes_product_id_foreign` FOREIGN KEY (`product_id`) REFERENCES `products` (`id`) ON DELETE CASCADE
) ENGINE=InnoDB DEFAULT CHARSET=utf8mb4 COLLATE=utf8mb4_unicode_ci ROW_FORMAT=DYNAMIC;
/*!40101 SET character_set_client = @saved_cs_client */;

--
-- Dumping data for table `product_super_attributes`
--

LOCK TABLES `product_super_attributes` WRITE;
/*!40000 ALTER TABLE `product_super_attributes` DISABLE KEYS */;
INSERT INTO `product_super_attributes` VALUES (170,23),(170,24),(191,23),(191,24),(212,24);
/*!40000 ALTER TABLE `product_super_attributes` ENABLE KEYS */;
UNLOCK TABLES;

--
-- Table structure for table `product_up_sells`
--

DROP TABLE IF EXISTS `product_up_sells`;
/*!40101 SET @saved_cs_client     = @@character_set_client */;
/*!50503 SET character_set_client = utf8mb4 */;
CREATE TABLE `product_up_sells` (
  `parent_id` int unsigned NOT NULL,
  `child_id` int unsigned NOT NULL,
  KEY `product_up_sells_parent_id_foreign` (`parent_id`),
  KEY `product_up_sells_child_id_foreign` (`child_id`),
  CONSTRAINT `product_up_sells_child_id_foreign` FOREIGN KEY (`child_id`) REFERENCES `products` (`id`) ON DELETE CASCADE,
  CONSTRAINT `product_up_sells_parent_id_foreign` FOREIGN KEY (`parent_id`) REFERENCES `products` (`id`) ON DELETE CASCADE
) ENGINE=InnoDB DEFAULT CHARSET=utf8mb4 COLLATE=utf8mb4_unicode_ci ROW_FORMAT=DYNAMIC;
/*!40101 SET character_set_client = @saved_cs_client */;

--
-- Dumping data for table `product_up_sells`
--

LOCK TABLES `product_up_sells` WRITE;
/*!40000 ALTER TABLE `product_up_sells` DISABLE KEYS */;
INSERT INTO `product_up_sells` VALUES (88,90),(90,88),(99,90),(91,88),(108,103),(191,130),(191,170);
/*!40000 ALTER TABLE `product_up_sells` ENABLE KEYS */;
UNLOCK TABLES;

--
-- Table structure for table `products`
--

DROP TABLE IF EXISTS `products`;
/*!40101 SET @saved_cs_client     = @@character_set_client */;
/*!50503 SET character_set_client = utf8mb4 */;
CREATE TABLE `products` (
  `id` int unsigned NOT NULL AUTO_INCREMENT,
  `seller_id` int DEFAULT NULL,
  `sku` varchar(191) CHARACTER SET utf8mb4 COLLATE utf8mb4_unicode_ci NOT NULL,
  `type` varchar(191) CHARACTER SET utf8mb4 COLLATE utf8mb4_unicode_ci NOT NULL,
  `catalog` varchar(255) CHARACTER SET utf8mb4 COLLATE utf8mb4_unicode_ci DEFAULT NULL,
  `datasheet` varchar(255) CHARACTER SET utf8mb4 COLLATE utf8mb4_unicode_ci DEFAULT NULL,
  `engraving_shipping_term` longtext CHARACTER SET utf8mb4 COLLATE utf8mb4_unicode_ci,
  `created_at` timestamp NULL DEFAULT NULL,
  `updated_at` timestamp NULL DEFAULT NULL,
  `parent_id` int unsigned DEFAULT NULL,
  `attribute_family_id` int unsigned DEFAULT NULL,
  PRIMARY KEY (`id`),
  UNIQUE KEY `products_sku_unique` (`sku`),
  KEY `products_attribute_family_id_foreign` (`attribute_family_id`),
  KEY `products_parent_id_foreign` (`parent_id`),
  CONSTRAINT `products_attribute_family_id_foreign` FOREIGN KEY (`attribute_family_id`) REFERENCES `attribute_families` (`id`),
  CONSTRAINT `products_parent_id_foreign` FOREIGN KEY (`parent_id`) REFERENCES `products` (`id`) ON DELETE CASCADE
) ENGINE=InnoDB AUTO_INCREMENT=217 DEFAULT CHARSET=utf8mb4 COLLATE=utf8mb4_unicode_ci ROW_FORMAT=DYNAMIC;
/*!40101 SET character_set_client = @saved_cs_client */;

--
-- Dumping data for table `products`
--

LOCK TABLES `products` WRITE;
/*!40000 ALTER TABLE `products` DISABLE KEYS */;
INSERT INTO `products` VALUES (1,1,'ssd','simple',NULL,NULL,NULL,'2021-01-06 12:13:42','2021-03-22 03:05:34',NULL,1),(23,1,'fgu','simple',NULL,NULL,NULL,'2021-01-07 07:53:40','2021-03-22 03:05:17',NULL,1),(24,1,'sdff','simple',NULL,NULL,NULL,'2021-01-09 13:31:00','2021-03-22 03:05:04',NULL,1),(87,1,'0101','simple',NULL,NULL,NULL,'2021-01-23 03:34:00','2021-02-13 02:47:26',NULL,1),(88,5,'0102','simple',NULL,NULL,'<h3>What is Lorem Ipsum?</h3>\r\n<p>Lorem Ipsum is simply dummy text of the printing and typesetting industry. Lorem Ipsum has been the industry\'s standard dummy text ever since the 1500s, when an unknown printer took a galley of type and scrambled it to make a type specimen book. It has survived not only five centuries, but also the leap into electronic typesetting, remaining essentially unchanged. It was popularised in the 1960s with the release of Letraset sheets containing Lorem Ipsum passages, and more recently with desktop publishing software like Aldus PageMaker including versions of Lorem Ipsum.</p>','2021-01-23 03:53:35','2021-07-05 10:32:04',NULL,1),(89,1,'0103','simple',NULL,NULL,NULL,'2021-01-23 03:59:46','2021-02-13 02:47:00',NULL,1),(90,1,'0104','simple',NULL,NULL,NULL,'2021-01-23 04:04:50','2021-02-13 02:46:45',NULL,1),(91,1,'0105','simple',NULL,NULL,'<h3>What is Lorem Ipsum?</h3>\r\n<p>Lorem Ipsum is simply dummy text of the printing and typesetting industry. Lorem Ipsum has been the industry\'s standard dummy text ever since the 1500s, when an unknown printer took a galley of type and scrambled it to make a type specimen book. It has survived not only five centuries, but also the leap into electronic typesetting, remaining essentially unchanged. It was popularised in the 1960s with the release of Letraset sheets containing Lorem Ipsum passages, and more recently with desktop publishing software like Aldus PageMaker including versions of Lorem Ipsum.</p>','2021-01-23 04:08:48','2021-05-19 10:51:45',NULL,1),(92,2,'0106','simple',NULL,NULL,NULL,'2021-01-23 04:13:18','2021-03-15 07:03:33',NULL,1),(93,2,'0107','simple',NULL,NULL,NULL,'2021-01-23 04:18:31','2021-03-17 09:21:58',NULL,1),(94,1,'0108','simple',NULL,NULL,NULL,'2021-01-23 04:22:47','2021-02-13 02:45:48',NULL,1),(95,2,'0109','simple',NULL,NULL,NULL,'2021-01-23 04:35:48','2021-02-13 02:45:22',NULL,1),(96,2,'0110','simple',NULL,NULL,'<h3>Why do we use it?</h3>\r\n<p>It is a long established fact that a reader will be distracted by the readable content of a page when looking at its layout. The point of using Lorem Ipsum is that it has a more-or-less normal distribution of letters, as opposed to using \'Content here, content here\', making it look like readable English. Many desktop publishing packages and web page editors now use Lorem Ipsum as their default model text, and a search for \'lorem ipsum\' will uncover many web sites still in their infancy. Various versions have evolved over the years, sometimes by accident, sometimes on purpose (injected humour and the like).</p>','2021-01-23 04:41:41','2021-04-30 11:41:49',NULL,1),(97,2,'0111','simple',NULL,NULL,NULL,'2021-01-23 04:46:24','2021-02-13 02:45:06',NULL,1),(98,1,'0112','simple',NULL,NULL,NULL,'2021-01-23 04:52:11','2021-02-13 02:44:58',NULL,1),(99,1,'0113','simple',NULL,NULL,NULL,'2021-01-23 04:58:09','2021-02-13 02:44:50',NULL,1),(100,1,'0114','simple','uploadImages/products/catalog/1614408905.pdf','uploadImages/products/datasheet/1614408905.doc',NULL,'2021-01-23 05:03:31','2021-02-27 04:25:05',NULL,1),(101,3,'0115','simple',NULL,NULL,NULL,'2021-01-23 09:01:08','2021-02-13 02:46:09',NULL,1),(102,3,'0116','simple',NULL,NULL,NULL,'2021-01-23 09:08:23','2021-02-13 02:44:20',NULL,1),(103,1,'0117','simple','uploadImages/products/catalog/1614838205.doc','uploadImages/products/datasheet/1614838205.xls',NULL,'2021-01-23 09:13:25','2021-03-04 03:40:05',NULL,1),(104,2,'0118','simple',NULL,NULL,NULL,'2021-01-23 09:18:32','2021-02-13 02:44:00',NULL,1),(108,1,'1234567890','simple','uploadImages/products/catalog/1616238787.pdf',NULL,'<h3>What is Lorem Ipsum?</h3>\r\n<p>Lorem Ipsum is simply dummy text of the printing and typesetting industry. Lorem Ipsum has been the industry\'s standard dummy text ever since the 1500s, when an unknown printer took a galley of type and scrambled it to make a type specimen book. It has survived not only five centuries, but also the leap into electronic typesetting, remaining essentially unchanged. It was popularised in the 1960s with the release of Letraset sheets containing Lorem Ipsum passages, and more recently with desktop publishing software like Aldus PageMaker including versions of Lorem Ipsum.</p>','2021-03-20 08:38:12','2021-05-03 02:26:46',NULL,2),(109,1,'90876','simple',NULL,NULL,NULL,'2021-03-23 08:37:52','2021-03-23 08:37:52',NULL,3),(110,1,'123456','simple','uploadImages/products/catalog/1616500686.pdf',NULL,NULL,'2021-03-23 09:07:32','2021-03-23 09:28:06',NULL,3),(111,1,'123','simple',NULL,NULL,NULL,'2021-03-26 06:35:26','2021-03-26 06:35:26',NULL,3),(112,1,'dispo-cap','simple',NULL,NULL,NULL,'2021-04-05 07:33:58','2021-04-05 07:33:58',NULL,5),(113,1,'dolo650','simple',NULL,NULL,NULL,'2021-04-15 03:43:44','2021-04-15 03:43:44',NULL,6),(114,1,'dolo500','simple',NULL,NULL,NULL,'2021-04-15 03:46:06','2021-04-15 03:46:06',NULL,6),(115,1,'test234','simple',NULL,NULL,NULL,'2021-04-15 03:46:57','2021-04-15 03:46:57',NULL,2),(116,1,'test2345','simple','uploadImages/products/catalog/1618468221.pdf','uploadImages/products/datasheet/1618468221.pdf',NULL,'2021-04-15 03:48:43','2021-04-15 04:00:21',NULL,2),(117,1,'tests123','simple',NULL,NULL,NULL,'2021-04-19 08:26:59','2021-04-19 08:26:59',NULL,6),(118,1,'fgf5656','simple',NULL,NULL,NULL,'2021-04-19 09:43:40','2021-04-19 09:43:40',NULL,6),(119,1,'container123456','simple','uploadImages/products/catalog/1618838082.pdf',NULL,NULL,'2021-04-19 09:49:11','2021-04-19 10:44:42',NULL,7),(120,1,'mo1001','simple',NULL,NULL,NULL,'2021-04-20 12:09:39','2021-04-20 12:09:39',NULL,8),(121,1,'mo-1001','simple',NULL,NULL,NULL,'2021-04-20 12:16:34','2021-04-20 12:16:34',NULL,8),(122,1,'mo-1002','simple','uploadImages/products/catalog/1618936980.pdf','uploadImages/products/datasheet/1618936980.pdf',NULL,'2021-04-20 12:49:06','2021-04-20 14:13:01',NULL,8),(123,1,'mo-1003','simple',NULL,NULL,NULL,'2021-04-21 11:36:14','2021-04-21 11:36:14',NULL,8),(124,1,'gtytuy','simple',NULL,NULL,NULL,'2021-04-21 11:59:32','2021-04-21 11:59:32',NULL,2),(125,1,'mo-1004','simple','uploadImages/products/catalog/1619103960.pdf',NULL,NULL,'2021-04-22 12:02:20','2021-04-22 12:36:00',NULL,8),(126,1,'mo-1005','simple','uploadImages/products/catalog/1619105442.pdf',NULL,NULL,'2021-04-22 12:42:46','2021-04-22 13:00:42',NULL,8),(127,1,'mo-1006','simple','uploadImages/products/catalog/1619114852.pdf',NULL,NULL,'2021-04-22 15:17:46','2021-04-22 15:37:32',NULL,8),(128,1,'mo-1007','simple','uploadImages/products/catalog/1619115995.pdf',NULL,NULL,'2021-04-22 15:39:54','2021-04-22 15:56:35',NULL,8),(129,6,'mo-1008','simple','uploadImages/products/catalog/1619117316.pdf',NULL,'<h3>What is Lorem Ipsum?</h3>\r\n<p>Lorem Ipsum is simply dummy text of the printing and typesetting industry. Lorem Ipsum has been the industry\'s standard dummy text ever since the 1500s, when an unknown printer took a galley of type and scrambled it to make a type specimen book. It has survived not only five centuries, but also the leap into electronic typesetting, remaining essentially unchanged. It was popularised in the 1960s with the release of Letraset sheets containing Lorem Ipsum passages, and more recently with desktop publishing software like Aldus PageMaker including versions of Lorem Ipsum.</p>','2021-04-22 15:57:38','2021-07-05 10:55:30',NULL,8),(130,1,'mo-1009','simple','uploadImages/products/catalog/1619118142.pdf',NULL,NULL,'2021-04-22 16:19:23','2021-04-22 16:32:22',NULL,8),(131,1,'mo-2001','simple',NULL,NULL,NULL,'2021-04-23 02:19:12','2021-04-23 02:19:12',NULL,9),(132,1,'mo-2002','simple','uploadImages/products/catalog/1619154887.pdf',NULL,NULL,'2021-04-23 02:25:17','2021-04-23 02:44:47',NULL,9),(133,1,'mo-2003','simple','uploadImages/products/catalog/1619155973.pdf',NULL,NULL,'2021-04-23 02:49:28','2021-04-23 03:02:53',NULL,9),(134,1,'mo-2004','simple','uploadImages/products/catalog/1619156691.pdf',NULL,NULL,'2021-04-23 03:04:30','2021-04-23 03:14:51',NULL,9),(135,1,'mo-3001','simple','uploadImages/products/catalog/1619160123.pdf',NULL,NULL,'2021-04-23 03:57:03','2021-04-23 04:12:03',NULL,10),(136,1,'mo-3002','simple','uploadImages/products/catalog/1619160822.pdf',NULL,NULL,'2021-04-23 04:13:16','2021-04-23 04:23:42',NULL,10),(137,1,'mo-3003','simple','uploadImages/products/catalog/1619161495.pdf',NULL,NULL,'2021-04-23 04:24:49','2021-04-23 04:34:55',NULL,10),(138,1,'mo-3004','simple','uploadImages/products/catalog/1619162287.pdf',NULL,NULL,'2021-04-23 04:35:55','2021-04-23 04:48:07',NULL,10),(139,1,'mo-3005','simple','uploadImages/products/catalog/1619163097.pdf',NULL,NULL,'2021-04-23 04:49:41','2021-04-23 05:01:37',NULL,10),(140,1,'mo-3006','simple','uploadImages/products/catalog/1619163624.pdf',NULL,NULL,'2021-04-23 05:02:30','2021-04-23 05:10:24',NULL,10),(141,1,'mo-4001','simple','uploadImages/products/catalog/1619168406.pdf',NULL,NULL,'2021-04-23 06:14:34','2021-04-23 06:30:06',NULL,11),(142,1,'mo-4002','simple','uploadImages/products/catalog/1619169448.pdf',NULL,NULL,'2021-04-23 06:36:44','2021-04-23 06:47:28',NULL,11),(143,1,'mo-4003','simple','uploadImages/products/catalog/1619170407.pdf',NULL,NULL,'2021-04-23 06:48:03','2021-04-23 07:03:27',NULL,11),(144,1,'mo-4004','simple','uploadImages/products/catalog/1619171069.pdf',NULL,NULL,'2021-04-23 07:04:38','2021-04-23 07:14:29',NULL,11),(145,1,'mo-4005','simple','uploadImages/products/catalog/1619171565.pdf',NULL,NULL,'2021-04-23 07:15:51','2021-04-23 07:22:45',NULL,11),(146,1,'mo-4006','simple','uploadImages/products/catalog/1619172309.pdf',NULL,NULL,'2021-04-23 07:24:18','2021-04-23 07:35:09',NULL,11),(147,1,'mo-4007','simple','uploadImages/products/catalog/1619181317.pdf',NULL,NULL,'2021-04-23 09:56:05','2021-04-23 10:05:17',NULL,11),(148,1,'mo-4008','simple','uploadImages/products/catalog/1619181875.pdf',NULL,NULL,'2021-04-23 10:06:06','2021-04-23 10:14:35',NULL,11),(149,1,'mo-4009','simple','uploadImages/products/catalog/1619182985.pdf',NULL,NULL,'2021-04-23 10:16:07','2021-04-23 10:33:05',NULL,11),(150,1,'mo-4010','simple',NULL,NULL,NULL,'2021-04-23 10:34:35','2021-04-23 10:34:35',NULL,11),(151,1,'mo-4011','simple','uploadImages/products/catalog/1619276336.pdf',NULL,NULL,'2021-04-24 12:19:59','2021-04-24 12:28:56',NULL,11),(152,1,'mo-4012','simple','uploadImages/products/catalog/1619276959.pdf',NULL,NULL,'2021-04-24 12:29:59','2021-04-24 12:39:19',NULL,11),(153,1,'mo-4013','simple',NULL,NULL,NULL,'2021-04-24 12:40:22','2021-04-24 12:40:22',NULL,11),(154,1,'mo-4014','simple','uploadImages/products/catalog/1619421583.pdf',NULL,NULL,'2021-04-26 04:37:14','2021-04-26 04:49:43',NULL,11),(155,1,'mo-4015','simple','uploadImages/products/catalog/1619422163.pdf',NULL,NULL,'2021-04-26 04:50:09','2021-04-26 04:59:23',NULL,11),(156,1,'mo-4016','simple',NULL,NULL,NULL,'2021-04-26 04:59:59','2021-04-26 04:59:59',NULL,11),(157,1,'mo-5001','simple','uploadImages/products/catalog/1619425617.pdf',NULL,NULL,'2021-04-26 05:50:40','2021-04-26 05:56:57',NULL,12),(158,1,'mo-5002','simple','uploadImages/products/catalog/1619426077.pdf',NULL,NULL,'2021-04-26 05:57:38','2021-04-26 06:04:37',NULL,12),(159,1,'mo-5003','simple','uploadImages/products/catalog/1619426487.pdf',NULL,NULL,'2021-04-26 06:05:03','2021-04-26 06:11:27',NULL,12),(160,1,'mo-5004','simple','uploadImages/products/catalog/1619426949.pdf',NULL,NULL,'2021-04-26 06:12:07','2021-04-26 06:19:09',NULL,12),(161,1,'mo-5005','simple','uploadImages/products/catalog/1619427460.pdf',NULL,NULL,'2021-04-26 06:19:56','2021-04-26 06:27:40',NULL,12),(162,1,'mo-5006','simple',NULL,NULL,NULL,'2021-04-26 06:28:19','2021-04-26 06:28:19',NULL,12),(163,1,'mo-6001','simple','uploadImages/products/catalog/1619444606.pdf',NULL,NULL,'2021-04-26 10:59:00','2021-04-26 11:13:26',NULL,13),(164,1,'mo-6002','simple','uploadImages/products/catalog/1619445078.pdf',NULL,NULL,'2021-04-26 11:13:51','2021-04-26 11:21:18',NULL,13),(165,1,'mo-6003','simple','uploadImages/products/catalog/1619445791.pdf',NULL,NULL,'2021-04-26 11:21:57','2021-04-26 11:33:11',NULL,13),(166,1,'mo-6004','simple','uploadImages/products/catalog/1619446307.pdf',NULL,NULL,'2021-04-26 11:33:46','2021-04-26 11:41:47',NULL,13),(167,1,'mo-6005','simple','uploadImages/products/catalog/1619446772.pdf',NULL,NULL,'2021-04-26 11:42:22','2021-04-26 11:49:32',NULL,13),(168,1,'mo-6006','simple','uploadImages/products/catalog/1619447183.pdf',NULL,NULL,'2021-04-26 11:49:58','2021-04-26 11:56:23',NULL,13),(169,1,'mo-6007','simple','uploadImages/products/catalog/1619447547.pdf',NULL,'<h3>What is Lorem Ipsum?</h3>\r\n<p>Lorem Ipsum is simply dummy text of the printing and typesetting industry. Lorem Ipsum has been the industry\'s standard dummy text ever since the 1500s, when an unknown printer took a galley of type and scrambled it to make a type specimen book. It has survived not only five centuries, but also the leap into electronic typesetting, remaining essentially unchanged. It was popularised in the 1960s with the release of Letraset sheets containing Lorem Ipsum passages, and more recently with desktop publishing software like Aldus PageMaker including versions of Lorem Ipsum.</p>','2021-04-26 11:56:51','2021-05-03 02:22:47',NULL,13),(170,1,'mo-1010','configurable','uploadImages/products/catalog/1621063648.pdf',NULL,'<p>we are not accepting Return for This Item.</p>','2021-05-15 04:44:55','2021-05-15 04:57:28',NULL,8),(171,NULL,'mo-1010-variant-1-6','simple',NULL,NULL,NULL,'2021-05-15 04:44:55','2021-05-15 04:44:55',170,8),(172,NULL,'mo-1010-variant-2-6','simple',NULL,NULL,NULL,'2021-05-15 04:44:55','2021-05-15 04:44:55',170,8),(173,NULL,'mo-1010-variant-3-6','simple',NULL,NULL,NULL,'2021-05-15 04:44:55','2021-05-15 04:44:55',170,8),(174,NULL,'mo-1010-variant-4-6','simple',NULL,NULL,NULL,'2021-05-15 04:44:55','2021-05-15 04:44:55',170,8),(175,NULL,'mo-1010-variant-5-6','simple',NULL,NULL,NULL,'2021-05-15 04:44:55','2021-05-15 04:44:55',170,8),(176,NULL,'mo-1010-variant-1-7','simple',NULL,NULL,NULL,'2021-05-15 04:44:55','2021-05-15 04:44:55',170,8),(177,NULL,'mo-1010-variant-1-8','simple',NULL,NULL,NULL,'2021-05-15 04:44:55','2021-05-15 04:44:55',170,8),(178,NULL,'mo-1010-variant-1-9','simple',NULL,NULL,NULL,'2021-05-15 04:44:55','2021-05-15 04:44:55',170,8),(179,NULL,'mo-1010-variant-2-7','simple',NULL,NULL,NULL,'2021-05-15 04:44:55','2021-05-15 04:44:55',170,8),(180,NULL,'mo-1010-variant-2-8','simple',NULL,NULL,NULL,'2021-05-15 04:44:55','2021-05-15 04:44:55',170,8),(181,NULL,'mo-1010-variant-2-9','simple',NULL,NULL,NULL,'2021-05-15 04:44:55','2021-05-15 04:44:55',170,8),(182,NULL,'mo-1010-variant-3-7','simple',NULL,NULL,NULL,'2021-05-15 04:44:55','2021-05-15 04:44:55',170,8),(183,NULL,'mo-1010-variant-3-8','simple',NULL,NULL,NULL,'2021-05-15 04:44:55','2021-05-15 04:44:55',170,8),(184,NULL,'mo-1010-variant-3-9','simple',NULL,NULL,NULL,'2021-05-15 04:44:55','2021-05-15 04:44:55',170,8),(185,NULL,'mo-1010-variant-4-7','simple',NULL,NULL,NULL,'2021-05-15 04:44:55','2021-05-15 04:44:55',170,8),(186,NULL,'mo-1010-variant-4-8','simple',NULL,NULL,NULL,'2021-05-15 04:44:55','2021-05-15 04:44:55',170,8),(187,NULL,'mo-1010-variant-4-9','simple',NULL,NULL,NULL,'2021-05-15 04:44:55','2021-05-15 04:44:55',170,8),(188,NULL,'mo-1010-variant-5-7','simple',NULL,NULL,NULL,'2021-05-15 04:44:55','2021-05-15 04:44:55',170,8),(189,NULL,'mo-1010-variant-5-8','simple',NULL,NULL,NULL,'2021-05-15 04:44:55','2021-05-15 04:44:55',170,8),(190,1,'mo-1010-variant-5-9','simple',NULL,NULL,'<h3>What is Lorem Ipsum?</h3>\r\n<p>Lorem Ipsum is simply dummy text of the printing and typesetting industry. Lorem Ipsum has been the industry\'s standard dummy text ever since the 1500s, when an unknown printer took a galley of type and scrambled it to make a type specimen book. It has survived not only five centuries, but also the leap into electronic typesetting, remaining essentially unchanged. It was popularised in the 1960s with the release of Letraset sheets containing Lorem Ipsum passages, and more recently with desktop publishing software like Aldus PageMaker including versions of Lorem Ipsum.</p>','2021-05-15 04:44:55','2021-06-28 07:21:47',170,8),(191,1,'zbdfm123','configurable',NULL,NULL,'<p>hsajhjxksaZ</p>','2021-07-03 08:32:36','2021-07-03 08:45:20',NULL,14),(192,NULL,'zbdfm123-variant-1-6','simple',NULL,NULL,NULL,'2021-07-03 08:32:36','2021-07-03 08:32:36',191,14),(193,NULL,'zbdfm123-variant-2-6','simple',NULL,NULL,NULL,'2021-07-03 08:32:36','2021-07-03 08:32:36',191,14),(194,NULL,'zbdfm123-variant-3-6','simple',NULL,NULL,NULL,'2021-07-03 08:32:36','2021-07-03 08:32:36',191,14),(195,NULL,'zbdfm123-variant-4-6','simple',NULL,NULL,NULL,'2021-07-03 08:32:36','2021-07-03 08:32:36',191,14),(196,NULL,'zbdfm123-variant-5-6','simple',NULL,NULL,NULL,'2021-07-03 08:32:36','2021-07-03 08:32:36',191,14),(197,NULL,'zbdfm123-variant-1-7','simple',NULL,NULL,NULL,'2021-07-03 08:32:36','2021-07-03 08:32:36',191,14),(198,NULL,'zbdfm123-variant-1-8','simple',NULL,NULL,NULL,'2021-07-03 08:32:36','2021-07-03 08:32:36',191,14),(199,NULL,'zbdfm123-variant-1-9','simple',NULL,NULL,NULL,'2021-07-03 08:32:36','2021-07-03 08:32:36',191,14),(200,NULL,'zbdfm123-variant-2-7','simple',NULL,NULL,NULL,'2021-07-03 08:32:36','2021-07-03 08:32:36',191,14),(201,NULL,'zbdfm123-variant-2-8','simple',NULL,NULL,NULL,'2021-07-03 08:32:36','2021-07-03 08:32:36',191,14),(202,NULL,'zbdfm123-variant-2-9','simple',NULL,NULL,NULL,'2021-07-03 08:32:36','2021-07-03 08:32:36',191,14),(203,NULL,'zbdfm123-variant-3-7','simple',NULL,NULL,NULL,'2021-07-03 08:32:36','2021-07-03 08:32:36',191,14),(204,NULL,'zbdfm123-variant-3-8','simple',NULL,NULL,NULL,'2021-07-03 08:32:36','2021-07-03 08:32:36',191,14),(205,NULL,'zbdfm123-variant-3-9','simple',NULL,NULL,NULL,'2021-07-03 08:32:36','2021-07-03 08:32:36',191,14),(206,NULL,'zbdfm123-variant-4-7','simple',NULL,NULL,NULL,'2021-07-03 08:32:36','2021-07-03 08:32:36',191,14),(207,NULL,'zbdfm123-variant-4-8','simple',NULL,NULL,NULL,'2021-07-03 08:32:36','2021-07-03 08:32:36',191,14),(208,NULL,'zbdfm123-variant-4-9','simple',NULL,NULL,NULL,'2021-07-03 08:32:36','2021-07-03 08:32:36',191,14),(209,NULL,'zbdfm123-variant-5-7','simple',NULL,NULL,NULL,'2021-07-03 08:32:36','2021-07-03 08:32:36',191,14),(210,NULL,'zbdfm123-variant-5-8','simple',NULL,NULL,NULL,'2021-07-03 08:32:37','2021-07-03 08:32:37',191,14),(211,NULL,'zbdfm123-variant-5-9','simple',NULL,NULL,NULL,'2021-07-03 08:32:37','2021-07-03 08:32:37',191,14),(212,5,'zpdtm3e','configurable',NULL,NULL,NULL,'2021-07-05 11:04:48','2021-07-05 11:04:48',NULL,3),(213,NULL,'zpdtm3e-variant-6','simple',NULL,NULL,NULL,'2021-07-05 11:04:48','2021-07-05 11:04:48',212,3),(214,NULL,'zpdtm3e-variant-7','simple',NULL,NULL,NULL,'2021-07-05 11:04:48','2021-07-05 11:04:48',212,3),(215,NULL,'zpdtm3e-variant-8','simple',NULL,NULL,NULL,'2021-07-05 11:04:48','2021-07-05 11:04:48',212,3),(216,NULL,'zpdtm3e-variant-9','simple',NULL,NULL,NULL,'2021-07-05 11:04:48','2021-07-05 11:04:48',212,3);
/*!40000 ALTER TABLE `products` ENABLE KEYS */;
UNLOCK TABLES;

--
-- Table structure for table `refund_items`
--

DROP TABLE IF EXISTS `refund_items`;
/*!40101 SET @saved_cs_client     = @@character_set_client */;
/*!50503 SET character_set_client = utf8mb4 */;
CREATE TABLE `refund_items` (
  `id` int unsigned NOT NULL AUTO_INCREMENT,
  `name` varchar(191) CHARACTER SET utf8mb4 COLLATE utf8mb4_unicode_ci DEFAULT NULL,
  `description` varchar(191) CHARACTER SET utf8mb4 COLLATE utf8mb4_unicode_ci DEFAULT NULL,
  `sku` varchar(191) CHARACTER SET utf8mb4 COLLATE utf8mb4_unicode_ci DEFAULT NULL,
  `qty` int DEFAULT NULL,
  `price` decimal(12,4) NOT NULL DEFAULT '0.0000',
  `base_price` decimal(12,4) NOT NULL DEFAULT '0.0000',
  `total` decimal(12,4) NOT NULL DEFAULT '0.0000',
  `base_total` decimal(12,4) NOT NULL DEFAULT '0.0000',
  `tax_amount` decimal(12,4) DEFAULT '0.0000',
  `base_tax_amount` decimal(12,4) DEFAULT '0.0000',
  `discount_percent` decimal(12,4) DEFAULT '0.0000',
  `discount_amount` decimal(12,4) DEFAULT '0.0000',
  `base_discount_amount` decimal(12,4) DEFAULT '0.0000',
  `product_id` int unsigned DEFAULT NULL,
  `product_type` varchar(191) CHARACTER SET utf8mb4 COLLATE utf8mb4_unicode_ci DEFAULT NULL,
  `order_item_id` int unsigned DEFAULT NULL,
  `refund_id` int unsigned DEFAULT NULL,
  `parent_id` int unsigned DEFAULT NULL,
  `additional` longtext CHARACTER SET utf8mb4 COLLATE utf8mb4_bin,
  `created_at` timestamp NULL DEFAULT NULL,
  `updated_at` timestamp NULL DEFAULT NULL,
  PRIMARY KEY (`id`),
  KEY `refund_items_order_item_id_foreign` (`order_item_id`),
  KEY `refund_items_refund_id_foreign` (`refund_id`),
  KEY `refund_items_parent_id_foreign` (`parent_id`),
  CONSTRAINT `refund_items_order_item_id_foreign` FOREIGN KEY (`order_item_id`) REFERENCES `order_items` (`id`) ON DELETE CASCADE,
  CONSTRAINT `refund_items_parent_id_foreign` FOREIGN KEY (`parent_id`) REFERENCES `refund_items` (`id`) ON DELETE CASCADE,
  CONSTRAINT `refund_items_refund_id_foreign` FOREIGN KEY (`refund_id`) REFERENCES `refunds` (`id`) ON DELETE CASCADE
) ENGINE=InnoDB AUTO_INCREMENT=5 DEFAULT CHARSET=utf8mb4 COLLATE=utf8mb4_unicode_ci ROW_FORMAT=DYNAMIC;
/*!40101 SET character_set_client = @saved_cs_client */;

--
-- Dumping data for table `refund_items`
--

LOCK TABLES `refund_items` WRITE;
/*!40000 ALTER TABLE `refund_items` DISABLE KEYS */;
INSERT INTO `refund_items` VALUES (1,'PURELL Advanced Hand Sanitizer Refreshing Gel, Clean Scent, 1 fl oz Travel Size Flip-Cap Bottle with Display Bowl (Pack of 36)  3901-36-BWL',NULL,'0116',1,9.5000,9.5000,9.5000,9.5000,0.0000,0.0000,0.0000,0.0000,0.0000,102,'Webkul\\Product\\Models\\Product',21,1,NULL,'{\"_token\":\"9iuWgM1NIJXJ2LYe2eUllRqszGhP2zgpv8U6vAZB\",\"product_id\":\"102\",\"quantity\":\"1\",\"locale\":\"en\"}','2021-02-11 02:59:37','2021-02-11 02:59:37'),(2,'Face Shield, Disposable',NULL,'0108',1,1.0000,1.0000,1.0000,1.0000,0.0000,0.0000,0.0000,0.0000,0.0000,94,'Webkul\\Product\\Models\\Product',27,2,NULL,'{\"_token\":\"1jVOZC6GFh3h0ZsqG7VwLwQItu4SoLmOSchSQaRJ\",\"product_id\":\"94\",\"quantity\":\"1\",\"status\":0,\"locale\":\"en\"}','2021-07-03 04:06:44','2021-07-03 04:06:44'),(3,'Disposable Protective Coveralls 63 GSM',NULL,'0106',1,10.0000,10.0000,10.0000,10.0000,0.0000,0.0000,0.0000,0.0000,0.0000,92,'Webkul\\Product\\Models\\Product',28,2,NULL,'{\"_token\":\"1jVOZC6GFh3h0ZsqG7VwLwQItu4SoLmOSchSQaRJ\",\"product_id\":\"92\",\"quantity\":\"1\",\"status\":0,\"locale\":\"en\"}','2021-07-03 04:06:44','2021-07-03 04:06:44'),(4,'DP2040 - Fingertip Oximeter',NULL,'0114',2,1.1008,80.0000,2.2016,160.0000,0.0000,0.0000,0.0000,0.0000,0.0000,100,'Webkul\\Product\\Models\\Product',26,3,NULL,'{\"_token\":\"1jVOZC6GFh3h0ZsqG7VwLwQItu4SoLmOSchSQaRJ\",\"product_id\":\"100\",\"quantity\":\"1\",\"status\":0,\"locale\":\"en\"}','2021-07-03 09:24:38','2021-07-03 09:24:38');
/*!40000 ALTER TABLE `refund_items` ENABLE KEYS */;
UNLOCK TABLES;

--
-- Table structure for table `refunds`
--

DROP TABLE IF EXISTS `refunds`;
/*!40101 SET @saved_cs_client     = @@character_set_client */;
/*!50503 SET character_set_client = utf8mb4 */;
CREATE TABLE `refunds` (
  `id` int unsigned NOT NULL AUTO_INCREMENT,
  `increment_id` varchar(191) CHARACTER SET utf8mb4 COLLATE utf8mb4_unicode_ci DEFAULT NULL,
  `state` varchar(191) CHARACTER SET utf8mb4 COLLATE utf8mb4_unicode_ci DEFAULT NULL,
  `email_sent` tinyint(1) NOT NULL DEFAULT '0',
  `total_qty` int DEFAULT NULL,
  `base_currency_code` varchar(191) CHARACTER SET utf8mb4 COLLATE utf8mb4_unicode_ci DEFAULT NULL,
  `channel_currency_code` varchar(191) CHARACTER SET utf8mb4 COLLATE utf8mb4_unicode_ci DEFAULT NULL,
  `order_currency_code` varchar(191) CHARACTER SET utf8mb4 COLLATE utf8mb4_unicode_ci DEFAULT NULL,
  `adjustment_refund` decimal(12,4) DEFAULT '0.0000',
  `base_adjustment_refund` decimal(12,4) DEFAULT '0.0000',
  `adjustment_fee` decimal(12,4) DEFAULT '0.0000',
  `base_adjustment_fee` decimal(12,4) DEFAULT '0.0000',
  `sub_total` decimal(12,4) DEFAULT '0.0000',
  `base_sub_total` decimal(12,4) DEFAULT '0.0000',
  `grand_total` decimal(12,4) DEFAULT '0.0000',
  `base_grand_total` decimal(12,4) DEFAULT '0.0000',
  `shipping_amount` decimal(12,4) DEFAULT '0.0000',
  `base_shipping_amount` decimal(12,4) DEFAULT '0.0000',
  `tax_amount` decimal(12,4) DEFAULT '0.0000',
  `base_tax_amount` decimal(12,4) DEFAULT '0.0000',
  `discount_percent` decimal(12,4) DEFAULT '0.0000',
  `discount_amount` decimal(12,4) DEFAULT '0.0000',
  `base_discount_amount` decimal(12,4) DEFAULT '0.0000',
  `order_id` int unsigned DEFAULT NULL,
  `created_at` timestamp NULL DEFAULT NULL,
  `updated_at` timestamp NULL DEFAULT NULL,
  PRIMARY KEY (`id`),
  KEY `refunds_order_id_foreign` (`order_id`),
  CONSTRAINT `refunds_order_id_foreign` FOREIGN KEY (`order_id`) REFERENCES `orders` (`id`) ON DELETE CASCADE
) ENGINE=InnoDB AUTO_INCREMENT=4 DEFAULT CHARSET=utf8mb4 COLLATE=utf8mb4_unicode_ci ROW_FORMAT=DYNAMIC;
/*!40101 SET character_set_client = @saved_cs_client */;

--
-- Dumping data for table `refunds`
--

LOCK TABLES `refunds` WRITE;
/*!40000 ALTER TABLE `refunds` DISABLE KEYS */;
INSERT INTO `refunds` VALUES (1,NULL,'refunded',0,1,'USD','USD','USD',0.0000,0.0000,0.0000,0.0000,9.5000,9.5000,19.5000,19.5000,10.0000,10.0000,0.0000,0.0000,0.0000,0.0000,0.0000,14,'2021-02-11 02:59:37','2021-02-11 02:59:37'),(2,NULL,'refunded',0,2,'INR','INR','INR',0.0000,0.0000,0.0000,0.0000,11.0000,11.0000,11.0000,11.0000,0.0000,0.0000,0.0000,0.0000,0.0000,0.0000,0.0000,20,'2021-07-03 04:06:44','2021-07-03 04:06:44'),(3,NULL,'refunded',0,2,'INR','INR','USD',0.1376,10.0000,0.1376,10.0000,2.2016,160.0000,2.2016,160.0000,0.0000,0.0000,0.0000,0.0000,0.0000,0.0000,0.0000,19,'2021-07-03 09:24:38','2021-07-03 09:24:38');
/*!40000 ALTER TABLE `refunds` ENABLE KEYS */;
UNLOCK TABLES;

--
-- Table structure for table `roles`
--

DROP TABLE IF EXISTS `roles`;
/*!40101 SET @saved_cs_client     = @@character_set_client */;
/*!50503 SET character_set_client = utf8mb4 */;
CREATE TABLE `roles` (
  `id` int unsigned NOT NULL AUTO_INCREMENT,
  `name` varchar(191) CHARACTER SET utf8mb4 COLLATE utf8mb4_unicode_ci NOT NULL,
  `description` varchar(191) CHARACTER SET utf8mb4 COLLATE utf8mb4_unicode_ci DEFAULT NULL,
  `permission_type` varchar(191) CHARACTER SET utf8mb4 COLLATE utf8mb4_unicode_ci NOT NULL,
  `permissions` longtext CHARACTER SET utf8mb4 COLLATE utf8mb4_bin,
  `created_at` timestamp NULL DEFAULT NULL,
  `updated_at` timestamp NULL DEFAULT NULL,
  PRIMARY KEY (`id`)
) ENGINE=InnoDB AUTO_INCREMENT=3 DEFAULT CHARSET=utf8mb4 COLLATE=utf8mb4_unicode_ci ROW_FORMAT=DYNAMIC;
/*!40101 SET character_set_client = @saved_cs_client */;

--
-- Dumping data for table `roles`
--

LOCK TABLES `roles` WRITE;
/*!40000 ALTER TABLE `roles` DISABLE KEYS */;
INSERT INTO `roles` VALUES (1,'Administrator','Administrator rolem','all',NULL,NULL,NULL),(2,'Seller','Seller Role','custom','[\"dashboard\",\"sales\",\"sales.orders\",\"sales.invoices\",\"sales.shipments\",\"catalog\",\"catalog.products\",\"catalog.products.create\",\"catalog.products.edit\",\"catalog.products.delete\"]','2021-02-13 02:42:25','2021-02-13 02:59:43');
/*!40000 ALTER TABLE `roles` ENABLE KEYS */;
UNLOCK TABLES;

--
-- Table structure for table `shipment_items`
--

DROP TABLE IF EXISTS `shipment_items`;
/*!40101 SET @saved_cs_client     = @@character_set_client */;
/*!50503 SET character_set_client = utf8mb4 */;
CREATE TABLE `shipment_items` (
  `id` int unsigned NOT NULL AUTO_INCREMENT,
  `name` varchar(191) CHARACTER SET utf8mb4 COLLATE utf8mb4_unicode_ci DEFAULT NULL,
  `description` varchar(191) CHARACTER SET utf8mb4 COLLATE utf8mb4_unicode_ci DEFAULT NULL,
  `sku` varchar(191) CHARACTER SET utf8mb4 COLLATE utf8mb4_unicode_ci DEFAULT NULL,
  `qty` int DEFAULT NULL,
  `weight` int DEFAULT NULL,
  `price` decimal(12,4) DEFAULT '0.0000',
  `base_price` decimal(12,4) DEFAULT '0.0000',
  `total` decimal(12,4) DEFAULT '0.0000',
  `base_total` decimal(12,4) DEFAULT '0.0000',
  `product_id` int unsigned DEFAULT NULL,
  `product_type` varchar(191) CHARACTER SET utf8mb4 COLLATE utf8mb4_unicode_ci DEFAULT NULL,
  `order_item_id` int unsigned DEFAULT NULL,
  `shipment_id` int unsigned NOT NULL,
  `additional` longtext CHARACTER SET utf8mb4 COLLATE utf8mb4_bin,
  `created_at` timestamp NULL DEFAULT NULL,
  `updated_at` timestamp NULL DEFAULT NULL,
  PRIMARY KEY (`id`),
  KEY `shipment_items_shipment_id_foreign` (`shipment_id`),
  CONSTRAINT `shipment_items_shipment_id_foreign` FOREIGN KEY (`shipment_id`) REFERENCES `shipments` (`id`) ON DELETE CASCADE
) ENGINE=InnoDB AUTO_INCREMENT=10 DEFAULT CHARSET=utf8mb4 COLLATE=utf8mb4_unicode_ci ROW_FORMAT=DYNAMIC;
/*!40101 SET character_set_client = @saved_cs_client */;

--
-- Dumping data for table `shipment_items`
--

LOCK TABLES `shipment_items` WRITE;
/*!40000 ALTER TABLE `shipment_items` DISABLE KEYS */;
INSERT INTO `shipment_items` VALUES (1,'Test Product',NULL,'ssd',1,100,90.0000,90.0000,90.0000,90.0000,1,'Webkul\\Product\\Models\\Product',1,1,'{\"quantity\":2,\"product_id\":\"1\",\"_token\":\"kmXhAXt9nwgOnA4ij36dXo6QGo3QaoTCatBsBcWi\",\"locale\":\"en\"}','2021-01-09 13:13:25','2021-01-09 13:13:25'),(2,'Mac',NULL,'sdff',1,500,100000.0000,100000.0000,100000.0000,100000.0000,24,'Webkul\\Product\\Models\\Product',2,2,'{\"quantity\":1,\"product_id\":\"24\",\"_token\":\"V3jyrzamxHisYUoc8kRq99ivJwKWe6UOiyfoD0Ri\",\"locale\":\"en\"}','2021-01-09 13:45:50','2021-01-09 13:45:50'),(3,'PURELL Advanced Hand Sanitizer Refreshing Gel, Clean Scent, 1 fl oz Travel Size Flip-Cap Bottle with Display Bowl (Pack of 36)  3901-36-BWL',NULL,'0116',1,1,9.5000,9.5000,9.5000,9.5000,102,'Webkul\\Product\\Models\\Product',21,3,'{\"_token\":\"9iuWgM1NIJXJ2LYe2eUllRqszGhP2zgpv8U6vAZB\",\"product_id\":\"102\",\"quantity\":\"1\",\"locale\":\"en\"}','2021-02-11 02:53:14','2021-02-11 02:53:14'),(4,'albumdesignstore',NULL,'sumer1',1,1,10.4500,10.4500,10.4500,10.4500,105,'Webkul\\Product\\Models\\Product',22,4,'{\"quantity\":1,\"product_id\":\"105\",\"_token\":\"PiFDCofdrm5YvlwMqB7ElYHS4jryaozxB6bhROVK\",\"locale\":\"en\"}','2021-02-13 07:23:36','2021-02-13 07:23:36'),(5,'KN95 with Respiratory Valve',NULL,'0104',2,0,6.0000,6.0000,12.0000,12.0000,90,'Webkul\\Product\\Models\\Product',14,5,'{\"_token\":\"Pf50t7sA0dabUwT0544tjaf4MSWAAJk96wG8WcU7\",\"product_id\":\"90\",\"quantity\":2,\"locale\":\"en\"}','2021-03-09 05:54:50','2021-03-09 05:54:50'),(6,'Currency Notes/Mobile/Keys Sanitizing Machine',NULL,'0109',1,3,35.0000,35.0000,35.0000,35.0000,95,'Webkul\\Product\\Models\\Product',15,5,'{\"_token\":\"Pf50t7sA0dabUwT0544tjaf4MSWAAJk96wG8WcU7\",\"product_id\":\"95\",\"quantity\":\"1\",\"locale\":\"en\"}','2021-03-09 05:54:50','2021-03-09 05:54:50'),(7,'Face Shield, Disposable',NULL,'0108',1,0,1.0000,1.0000,1.0000,1.0000,94,'Webkul\\Product\\Models\\Product',27,6,'{\"_token\":\"1jVOZC6GFh3h0ZsqG7VwLwQItu4SoLmOSchSQaRJ\",\"product_id\":\"94\",\"quantity\":\"1\",\"status\":0,\"locale\":\"en\"}','2021-07-03 04:04:51','2021-07-03 04:04:51'),(8,'Disposable Protective Coveralls 63 GSM',NULL,'0106',1,2,10.0000,10.0000,10.0000,10.0000,92,'Webkul\\Product\\Models\\Product',28,6,'{\"_token\":\"1jVOZC6GFh3h0ZsqG7VwLwQItu4SoLmOSchSQaRJ\",\"product_id\":\"92\",\"quantity\":\"1\",\"status\":0,\"locale\":\"en\"}','2021-07-03 04:04:51','2021-07-03 04:04:51'),(9,'DP2040 - Fingertip Oximeter',NULL,'0114',2,8,1.1008,80.0000,2.2016,160.0000,100,'Webkul\\Product\\Models\\Product',26,7,'{\"_token\":\"1jVOZC6GFh3h0ZsqG7VwLwQItu4SoLmOSchSQaRJ\",\"product_id\":\"100\",\"quantity\":\"1\",\"status\":0,\"locale\":\"en\"}','2021-07-03 09:18:05','2021-07-03 09:18:05');
/*!40000 ALTER TABLE `shipment_items` ENABLE KEYS */;
UNLOCK TABLES;

--
-- Table structure for table `shipments`
--

DROP TABLE IF EXISTS `shipments`;
/*!40101 SET @saved_cs_client     = @@character_set_client */;
/*!50503 SET character_set_client = utf8mb4 */;
CREATE TABLE `shipments` (
  `id` int unsigned NOT NULL AUTO_INCREMENT,
  `status` varchar(191) CHARACTER SET utf8mb4 COLLATE utf8mb4_unicode_ci DEFAULT NULL,
  `total_qty` int DEFAULT NULL,
  `total_weight` int DEFAULT NULL,
  `carrier_code` varchar(191) CHARACTER SET utf8mb4 COLLATE utf8mb4_unicode_ci DEFAULT NULL,
  `carrier_title` varchar(191) CHARACTER SET utf8mb4 COLLATE utf8mb4_unicode_ci DEFAULT NULL,
  `track_number` text CHARACTER SET utf8mb4 COLLATE utf8mb4_unicode_ci,
  `email_sent` tinyint(1) NOT NULL DEFAULT '0',
  `customer_id` int unsigned DEFAULT NULL,
  `customer_type` varchar(191) CHARACTER SET utf8mb4 COLLATE utf8mb4_unicode_ci DEFAULT NULL,
  `order_id` int unsigned NOT NULL,
  `order_address_id` int unsigned DEFAULT NULL,
  `created_at` timestamp NULL DEFAULT NULL,
  `updated_at` timestamp NULL DEFAULT NULL,
  `inventory_source_id` int unsigned DEFAULT NULL,
  `inventory_source_name` varchar(191) CHARACTER SET utf8mb4 COLLATE utf8mb4_unicode_ci DEFAULT NULL,
  PRIMARY KEY (`id`),
  KEY `shipments_order_id_foreign` (`order_id`),
  KEY `shipments_inventory_source_id_foreign` (`inventory_source_id`),
  KEY `shipments_order_address_id_foreign` (`order_address_id`),
  CONSTRAINT `shipments_inventory_source_id_foreign` FOREIGN KEY (`inventory_source_id`) REFERENCES `inventory_sources` (`id`) ON DELETE SET NULL,
  CONSTRAINT `shipments_order_id_foreign` FOREIGN KEY (`order_id`) REFERENCES `orders` (`id`) ON DELETE CASCADE
) ENGINE=InnoDB AUTO_INCREMENT=8 DEFAULT CHARSET=utf8mb4 COLLATE=utf8mb4_unicode_ci ROW_FORMAT=DYNAMIC;
/*!40101 SET character_set_client = @saved_cs_client */;

--
-- Dumping data for table `shipments`
--

LOCK TABLES `shipments` WRITE;
/*!40000 ALTER TABLE `shipments` DISABLE KEYS */;
INSERT INTO `shipments` VALUES (1,NULL,1,NULL,NULL,'FadX','sdf3efvfg',0,1,'Webkul\\Customer\\Models\\Customer',1,4,'2021-01-09 13:13:24','2021-01-09 13:13:29',1,'Default'),(2,NULL,1,NULL,NULL,'fg','dfghghn',0,1,'Webkul\\Customer\\Models\\Customer',2,8,'2021-01-09 13:45:50','2021-01-09 13:45:51',2,'Souce1'),(3,NULL,1,NULL,NULL,'Carrier test','344455',0,7,'Webkul\\Customer\\Models\\Customer',14,62,'2021-02-11 02:53:14','2021-02-11 02:53:15',2,'Souce1'),(4,NULL,1,NULL,NULL,'sfa','14`14`1',0,1,'Webkul\\Customer\\Models\\Customer',15,66,'2021-02-13 07:23:36','2021-02-13 07:23:36',2,'Souce1'),(5,NULL,3,NULL,NULL,'','',0,1,'Webkul\\Customer\\Models\\Customer',8,32,'2021-03-09 05:54:50','2021-03-09 05:54:51',2,'Souce1'),(6,NULL,2,NULL,NULL,'','',0,NULL,NULL,20,95,'2021-07-03 04:04:51','2021-07-03 04:04:51',2,'Available Stock'),(7,NULL,2,NULL,NULL,'','',0,NULL,NULL,19,91,'2021-07-03 09:18:05','2021-07-03 09:18:05',2,'Available Stock');
/*!40000 ALTER TABLE `shipments` ENABLE KEYS */;
UNLOCK TABLES;

--
-- Table structure for table `sliders`
--

DROP TABLE IF EXISTS `sliders`;
/*!40101 SET @saved_cs_client     = @@character_set_client */;
/*!50503 SET character_set_client = utf8mb4 */;
CREATE TABLE `sliders` (
  `id` int unsigned NOT NULL AUTO_INCREMENT,
  `title` varchar(191) CHARACTER SET utf8mb4 COLLATE utf8mb4_unicode_ci NOT NULL,
  `path` varchar(191) CHARACTER SET utf8mb4 COLLATE utf8mb4_unicode_ci NOT NULL,
  `content` text CHARACTER SET utf8mb4 COLLATE utf8mb4_unicode_ci,
  `channel_id` int unsigned NOT NULL,
  `created_at` timestamp NULL DEFAULT NULL,
  `updated_at` timestamp NULL DEFAULT NULL,
  `slider_path` text CHARACTER SET utf8mb4 COLLATE utf8mb4_unicode_ci,
  `locale` varchar(191) CHARACTER SET utf8mb4 COLLATE utf8mb4_unicode_ci NOT NULL,
  PRIMARY KEY (`id`),
  KEY `sliders_channel_id_foreign` (`channel_id`),
  CONSTRAINT `sliders_channel_id_foreign` FOREIGN KEY (`channel_id`) REFERENCES `channels` (`id`) ON DELETE CASCADE
) ENGINE=InnoDB AUTO_INCREMENT=5 DEFAULT CHARSET=utf8mb4 COLLATE=utf8mb4_unicode_ci ROW_FORMAT=DYNAMIC;
/*!40101 SET character_set_client = @saved_cs_client */;

--
-- Dumping data for table `sliders`
--

LOCK TABLES `sliders` WRITE;
/*!40000 ALTER TABLE `sliders` DISABLE KEYS */;
INSERT INTO `sliders` VALUES (1,'Face Mask Thermometer','slider_images/Default/SfL0769fxNHVvnXqDa5ZJkn8jFyh61guGHSBxy5K.png','<p>Suspendisse turpis dui, posuere eget scelerisque a, porta eu elit.</p>',1,'2021-02-06 02:53:59','2021-03-12 05:27:28','#','en'),(2,'Face Mask  Thermometer 1','slider_images/Default/31mfWMZ5VfXVZqv3kyHcx6dukcKS8g49MuOxRDyl.png','<p>Suspendisse turpis dui, posuere eget scelerisque a, porta eu elit. 1</p>',1,'2021-02-06 02:55:02','2021-03-12 05:28:32','','en');
/*!40000 ALTER TABLE `sliders` ENABLE KEYS */;
UNLOCK TABLES;

--
-- Table structure for table `subscribers_list`
--

DROP TABLE IF EXISTS `subscribers_list`;
/*!40101 SET @saved_cs_client     = @@character_set_client */;
/*!50503 SET character_set_client = utf8mb4 */;
CREATE TABLE `subscribers_list` (
  `id` int unsigned NOT NULL AUTO_INCREMENT,
  `email` varchar(191) CHARACTER SET utf8mb4 COLLATE utf8mb4_unicode_ci NOT NULL,
  `is_subscribed` tinyint(1) NOT NULL DEFAULT '0',
  `token` varchar(191) CHARACTER SET utf8mb4 COLLATE utf8mb4_unicode_ci DEFAULT NULL,
  `channel_id` int unsigned NOT NULL,
  `created_at` timestamp NULL DEFAULT NULL,
  `updated_at` timestamp NULL DEFAULT NULL,
  PRIMARY KEY (`id`),
  KEY `subscribers_list_channel_id_foreign` (`channel_id`),
  CONSTRAINT `subscribers_list_channel_id_foreign` FOREIGN KEY (`channel_id`) REFERENCES `channels` (`id`) ON DELETE CASCADE
) ENGINE=InnoDB AUTO_INCREMENT=5 DEFAULT CHARSET=utf8mb4 COLLATE=utf8mb4_unicode_ci ROW_FORMAT=DYNAMIC;
/*!40101 SET character_set_client = @saved_cs_client */;

--
-- Dumping data for table `subscribers_list`
--

LOCK TABLES `subscribers_list` WRITE;
/*!40000 ALTER TABLE `subscribers_list` DISABLE KEYS */;
INSERT INTO `subscribers_list` VALUES (1,'priyankastrivedge@gmail.com',1,'602395f2db4df',1,'2021-02-10 05:44:44','2021-02-10 05:44:44'),(2,'payal@gmail.com',1,'6024c167746fa',1,'2021-02-11 03:02:25','2021-02-11 03:02:25'),(3,'sumerpal@gmail.com',1,'6040ada8381f6',1,'2021-03-04 07:21:39','2021-03-04 07:21:39'),(4,'cortexproducts@gmail.com',1,'60b8e8dc9e89b',1,'2021-06-03 12:06:16','2021-06-03 12:06:16');
/*!40000 ALTER TABLE `subscribers_list` ENABLE KEYS */;
UNLOCK TABLES;

--
-- Table structure for table `support_tickets`
--

DROP TABLE IF EXISTS `support_tickets`;
/*!40101 SET @saved_cs_client     = @@character_set_client */;
/*!50503 SET character_set_client = utf8mb4 */;
CREATE TABLE `support_tickets` (
  `id` int unsigned NOT NULL AUTO_INCREMENT,
  `name` varchar(191) CHARACTER SET utf8mb4 COLLATE utf8mb4_unicode_ci DEFAULT NULL,
  `email` varchar(191) CHARACTER SET utf8mb4 COLLATE utf8mb4_unicode_ci DEFAULT NULL,
  `message` longtext CHARACTER SET utf8mb4 COLLATE utf8mb4_unicode_ci,
  `attachment` varchar(191) CHARACTER SET utf8mb4 COLLATE utf8mb4_unicode_ci DEFAULT NULL,
  `status` tinyint(1) NOT NULL DEFAULT '0',
  `created_at` timestamp NULL DEFAULT NULL,
  `updated_at` timestamp NULL DEFAULT NULL,
  PRIMARY KEY (`id`)
) ENGINE=InnoDB AUTO_INCREMENT=8 DEFAULT CHARSET=utf8mb4 COLLATE=utf8mb4_unicode_ci ROW_FORMAT=DYNAMIC;
/*!40101 SET character_set_client = @saved_cs_client */;

--
-- Dumping data for table `support_tickets`
--

LOCK TABLES `support_tickets` WRITE;
/*!40000 ALTER TABLE `support_tickets` DISABLE KEYS */;
INSERT INTO `support_tickets` VALUES (1,'kuldeep Panchal','kuldeep@gmail.com','Testing',NULL,1,'2021-02-27 06:41:17','2021-03-04 02:51:39'),(2,'Ronak Kalal','kuldeep.mscit19@gmail.com','Lorem Ipsum is simply dummy text of the printing and typesetting industry. Lorem Ipsum has been the industry\'s standard dummy text ever since the 1500s',NULL,0,'2021-03-06 03:35:06','2021-03-06 03:35:06'),(3,'Ronak','ronak@gmail.com','What is Lorem Ipsum?\r\nLorem Ipsum is simply dummy text of the printing and typesetting industry. Lorem Ipsum has been the industry\'s standard dummy text ever since the 1500s, when an unknown printer took a galley of type and scrambled it to make a type specimen book. It has survived not only five centuries, but also the leap into electronic typesetting, remaining essentially unchanged. It was popularised in the 1960s with the release of Letraset sheets containing Lorem Ipsum passages, and more recently with desktop publishing software like Aldus PageMaker including versions of Lorem Ipsum.','uploadImages/supportTicket/1616139803.png',0,'2021-03-19 05:13:23','2021-03-19 05:13:23'),(4,'keyur','keyur@gmail.com','Hello friends',NULL,0,'2021-04-11 11:11:59','2021-04-11 11:11:59'),(5,'hgg','hhg@jj.hom','ttrDDD',NULL,0,'2021-04-19 10:53:38','2021-04-19 10:53:38'),(6,'Keyur Patel','kpatel4707@gmail.com','hey this is testing support ticket','uploadImages/supportTicket/1622875219.jpeg',2,'2021-06-05 04:10:19','2021-06-05 04:13:15'),(7,'raj ','rajpatel@gmail.com','we try to buy shoe cover but price same for all quantity.',NULL,2,'2021-07-05 05:07:41','2021-07-05 05:11:53');
/*!40000 ALTER TABLE `support_tickets` ENABLE KEYS */;
UNLOCK TABLES;

--
-- Table structure for table `tax_categories`
--

DROP TABLE IF EXISTS `tax_categories`;
/*!40101 SET @saved_cs_client     = @@character_set_client */;
/*!50503 SET character_set_client = utf8mb4 */;
CREATE TABLE `tax_categories` (
  `id` int unsigned NOT NULL AUTO_INCREMENT,
  `code` varchar(191) CHARACTER SET utf8mb4 COLLATE utf8mb4_unicode_ci NOT NULL,
  `name` varchar(191) CHARACTER SET utf8mb4 COLLATE utf8mb4_unicode_ci NOT NULL,
  `description` longtext CHARACTER SET utf8mb4 COLLATE utf8mb4_unicode_ci NOT NULL,
  `created_at` timestamp NULL DEFAULT NULL,
  `updated_at` timestamp NULL DEFAULT NULL,
  PRIMARY KEY (`id`),
  UNIQUE KEY `tax_categories_code_unique` (`code`)
) ENGINE=InnoDB AUTO_INCREMENT=3 DEFAULT CHARSET=utf8mb4 COLLATE=utf8mb4_unicode_ci ROW_FORMAT=DYNAMIC;
/*!40101 SET character_set_client = @saved_cs_client */;

--
-- Dumping data for table `tax_categories`
--

LOCK TABLES `tax_categories` WRITE;
/*!40000 ALTER TABLE `tax_categories` DISABLE KEYS */;
INSERT INTO `tax_categories` VALUES (1,'Tax15','Medical Product','This tax is for medical products','2021-03-17 07:42:36','2021-03-17 07:42:36'),(2,'gst12%','GST 12%','GST 12%','2021-07-03 09:56:01','2021-07-03 09:56:01');
/*!40000 ALTER TABLE `tax_categories` ENABLE KEYS */;
UNLOCK TABLES;

--
-- Table structure for table `tax_categories_tax_rates`
--

DROP TABLE IF EXISTS `tax_categories_tax_rates`;
/*!40101 SET @saved_cs_client     = @@character_set_client */;
/*!50503 SET character_set_client = utf8mb4 */;
CREATE TABLE `tax_categories_tax_rates` (
  `id` int unsigned NOT NULL AUTO_INCREMENT,
  `tax_category_id` int unsigned NOT NULL,
  `tax_rate_id` int unsigned NOT NULL,
  `created_at` timestamp NULL DEFAULT NULL,
  `updated_at` timestamp NULL DEFAULT NULL,
  PRIMARY KEY (`id`),
  UNIQUE KEY `tax_map_index_unique` (`tax_category_id`,`tax_rate_id`),
  KEY `tax_categories_tax_rates_tax_rate_id_foreign` (`tax_rate_id`),
  CONSTRAINT `tax_categories_tax_rates_tax_category_id_foreign` FOREIGN KEY (`tax_category_id`) REFERENCES `tax_categories` (`id`) ON DELETE CASCADE,
  CONSTRAINT `tax_categories_tax_rates_tax_rate_id_foreign` FOREIGN KEY (`tax_rate_id`) REFERENCES `tax_rates` (`id`) ON DELETE CASCADE
) ENGINE=InnoDB AUTO_INCREMENT=4 DEFAULT CHARSET=utf8mb4 COLLATE=utf8mb4_unicode_ci ROW_FORMAT=DYNAMIC;
/*!40101 SET character_set_client = @saved_cs_client */;

--
-- Dumping data for table `tax_categories_tax_rates`
--

LOCK TABLES `tax_categories_tax_rates` WRITE;
/*!40000 ALTER TABLE `tax_categories_tax_rates` DISABLE KEYS */;
INSERT INTO `tax_categories_tax_rates` VALUES (1,1,1,NULL,NULL),(3,2,2,NULL,NULL);
/*!40000 ALTER TABLE `tax_categories_tax_rates` ENABLE KEYS */;
UNLOCK TABLES;

--
-- Table structure for table `tax_rates`
--

DROP TABLE IF EXISTS `tax_rates`;
/*!40101 SET @saved_cs_client     = @@character_set_client */;
/*!50503 SET character_set_client = utf8mb4 */;
CREATE TABLE `tax_rates` (
  `id` int unsigned NOT NULL AUTO_INCREMENT,
  `identifier` varchar(191) CHARACTER SET utf8mb4 COLLATE utf8mb4_unicode_ci NOT NULL,
  `is_zip` tinyint(1) NOT NULL DEFAULT '0',
  `zip_code` varchar(191) CHARACTER SET utf8mb4 COLLATE utf8mb4_unicode_ci DEFAULT NULL,
  `zip_from` varchar(191) CHARACTER SET utf8mb4 COLLATE utf8mb4_unicode_ci DEFAULT NULL,
  `zip_to` varchar(191) CHARACTER SET utf8mb4 COLLATE utf8mb4_unicode_ci DEFAULT NULL,
  `state` varchar(191) CHARACTER SET utf8mb4 COLLATE utf8mb4_unicode_ci NOT NULL,
  `country` varchar(191) CHARACTER SET utf8mb4 COLLATE utf8mb4_unicode_ci NOT NULL,
  `tax_rate` decimal(12,4) NOT NULL,
  `created_at` timestamp NULL DEFAULT NULL,
  `updated_at` timestamp NULL DEFAULT NULL,
  PRIMARY KEY (`id`),
  UNIQUE KEY `tax_rates_identifier_unique` (`identifier`)
) ENGINE=InnoDB AUTO_INCREMENT=3 DEFAULT CHARSET=utf8mb4 COLLATE=utf8mb4_unicode_ci ROW_FORMAT=DYNAMIC;
/*!40101 SET character_set_client = @saved_cs_client */;

--
-- Dumping data for table `tax_rates`
--

LOCK TABLES `tax_rates` WRITE;
/*!40000 ALTER TABLE `tax_rates` DISABLE KEYS */;
INSERT INTO `tax_rates` VALUES (1,'a\'bad',0,'380001',NULL,NULL,'GJ','IN',5.0000,'2021-03-17 07:40:31','2021-07-03 09:54:15'),(2,'gst12%',0,'396125',NULL,NULL,'GJ','IN',12.0000,'2021-07-03 09:56:58','2021-07-03 09:56:58');
/*!40000 ALTER TABLE `tax_rates` ENABLE KEYS */;
UNLOCK TABLES;

--
-- Table structure for table `users`
--

DROP TABLE IF EXISTS `users`;
/*!40101 SET @saved_cs_client     = @@character_set_client */;
/*!50503 SET character_set_client = utf8mb4 */;
CREATE TABLE `users` (
  `id` int unsigned NOT NULL AUTO_INCREMENT,
  `name` varchar(191) CHARACTER SET utf8mb4 COLLATE utf8mb4_unicode_ci NOT NULL,
  `email` varchar(191) CHARACTER SET utf8mb4 COLLATE utf8mb4_unicode_ci NOT NULL,
  `password` varchar(191) CHARACTER SET utf8mb4 COLLATE utf8mb4_unicode_ci NOT NULL,
  `remember_token` varchar(100) CHARACTER SET utf8mb4 COLLATE utf8mb4_unicode_ci DEFAULT NULL,
  `created_at` timestamp NULL DEFAULT NULL,
  `updated_at` timestamp NULL DEFAULT NULL,
  PRIMARY KEY (`id`),
  UNIQUE KEY `users_email_unique` (`email`)
) ENGINE=InnoDB DEFAULT CHARSET=utf8mb4 COLLATE=utf8mb4_unicode_ci ROW_FORMAT=DYNAMIC;
/*!40101 SET character_set_client = @saved_cs_client */;

--
-- Dumping data for table `users`
--

LOCK TABLES `users` WRITE;
/*!40000 ALTER TABLE `users` DISABLE KEYS */;
/*!40000 ALTER TABLE `users` ENABLE KEYS */;
UNLOCK TABLES;

--
-- Table structure for table `velocity_contents`
--

DROP TABLE IF EXISTS `velocity_contents`;
/*!40101 SET @saved_cs_client     = @@character_set_client */;
/*!50503 SET character_set_client = utf8mb4 */;
CREATE TABLE `velocity_contents` (
  `id` int unsigned NOT NULL AUTO_INCREMENT,
  `content_type` varchar(100) CHARACTER SET utf8mb4 COLLATE utf8mb4_unicode_ci DEFAULT NULL,
  `position` int unsigned DEFAULT NULL,
  `status` tinyint(1) NOT NULL DEFAULT '0',
  `created_at` timestamp NULL DEFAULT NULL,
  `updated_at` timestamp NULL DEFAULT NULL,
  PRIMARY KEY (`id`)
) ENGINE=InnoDB AUTO_INCREMENT=7 DEFAULT CHARSET=utf8mb4 COLLATE=utf8mb4_unicode_ci ROW_FORMAT=DYNAMIC;
/*!40101 SET character_set_client = @saved_cs_client */;

--
-- Dumping data for table `velocity_contents`
--

LOCK TABLES `velocity_contents` WRITE;
/*!40000 ALTER TABLE `velocity_contents` DISABLE KEYS */;
INSERT INTO `velocity_contents` VALUES (1,'category',1,0,'2021-01-20 12:36:17','2021-01-21 12:33:35'),(2,'category',2,1,'2021-01-20 12:38:14','2021-02-01 03:19:08'),(3,'category',3,1,'2021-01-20 12:39:04','2021-02-01 03:22:51'),(4,'category',4,0,'2021-01-20 12:39:52','2021-04-21 05:28:35'),(5,'category',5,0,'2021-01-20 12:40:28','2021-04-21 05:12:49'),(6,'category',6,1,'2021-03-08 10:34:24','2021-03-08 10:34:24');
/*!40000 ALTER TABLE `velocity_contents` ENABLE KEYS */;
UNLOCK TABLES;

--
-- Table structure for table `velocity_contents_translations`
--

DROP TABLE IF EXISTS `velocity_contents_translations`;
/*!40101 SET @saved_cs_client     = @@character_set_client */;
/*!50503 SET character_set_client = utf8mb4 */;
CREATE TABLE `velocity_contents_translations` (
  `id` int unsigned NOT NULL AUTO_INCREMENT,
  `content_id` int unsigned DEFAULT NULL,
  `title` varchar(100) CHARACTER SET utf8mb4 COLLATE utf8mb4_unicode_ci DEFAULT NULL,
  `custom_title` varchar(100) CHARACTER SET utf8mb4 COLLATE utf8mb4_unicode_ci DEFAULT NULL,
  `custom_heading` varchar(250) CHARACTER SET utf8mb4 COLLATE utf8mb4_unicode_ci DEFAULT NULL,
  `page_link` varchar(500) CHARACTER SET utf8mb4 COLLATE utf8mb4_unicode_ci DEFAULT NULL,
  `link_target` tinyint(1) NOT NULL DEFAULT '0',
  `catalog_type` varchar(100) CHARACTER SET utf8mb4 COLLATE utf8mb4_unicode_ci DEFAULT NULL,
  `products` text CHARACTER SET utf8mb4 COLLATE utf8mb4_unicode_ci,
  `description` text CHARACTER SET utf8mb4 COLLATE utf8mb4_unicode_ci,
  `locale` varchar(191) CHARACTER SET utf8mb4 COLLATE utf8mb4_unicode_ci DEFAULT NULL,
  `created_at` timestamp NULL DEFAULT NULL,
  `updated_at` timestamp NULL DEFAULT NULL,
  PRIMARY KEY (`id`),
  KEY `velocity_contents_translations_content_id_foreign` (`content_id`),
  CONSTRAINT `velocity_contents_translations_content_id_foreign` FOREIGN KEY (`content_id`) REFERENCES `velocity_contents` (`id`) ON DELETE CASCADE
) ENGINE=InnoDB AUTO_INCREMENT=25 DEFAULT CHARSET=utf8mb4 COLLATE=utf8mb4_unicode_ci ROW_FORMAT=DYNAMIC;
/*!40101 SET character_set_client = @saved_cs_client */;

--
-- Dumping data for table `velocity_contents_translations`
--

LOCK TABLES `velocity_contents_translations` WRITE;
/*!40000 ALTER TABLE `velocity_contents_translations` DISABLE KEYS */;
INSERT INTO `velocity_contents_translations` VALUES (1,1,'Brand',NULL,NULL,'brand',0,NULL,NULL,NULL,'en',NULL,NULL),(2,1,'Brand',NULL,NULL,NULL,0,NULL,NULL,NULL,'fr',NULL,NULL),(3,1,'Brand',NULL,NULL,NULL,0,NULL,NULL,NULL,'nl',NULL,NULL),(4,1,'Brand',NULL,NULL,NULL,0,NULL,NULL,NULL,'tr',NULL,NULL),(5,2,'Covid19 Products',NULL,NULL,'covid-products',0,NULL,NULL,NULL,'en',NULL,NULL),(6,2,'Covid19 Products',NULL,NULL,NULL,0,NULL,NULL,NULL,'fr',NULL,NULL),(7,2,'Covid19 Products',NULL,NULL,NULL,0,NULL,NULL,NULL,'nl',NULL,NULL),(8,2,'Covid19 Products',NULL,NULL,NULL,0,NULL,NULL,NULL,'tr',NULL,NULL),(9,3,'Store Directory',NULL,NULL,'store-directory',0,NULL,NULL,NULL,'en',NULL,NULL),(10,3,'Store Directory',NULL,NULL,NULL,0,NULL,NULL,NULL,'fr',NULL,NULL),(11,3,'Store Directory',NULL,NULL,NULL,0,NULL,NULL,NULL,'nl',NULL,NULL),(12,3,'Store Directory',NULL,NULL,NULL,0,NULL,NULL,NULL,'tr',NULL,NULL),(13,4,'About Us',NULL,NULL,'page/about-us',0,NULL,NULL,NULL,'en',NULL,NULL),(14,4,'About Us',NULL,NULL,NULL,0,NULL,NULL,NULL,'fr',NULL,NULL),(15,4,'About Us',NULL,NULL,NULL,0,NULL,NULL,NULL,'nl',NULL,NULL),(16,4,'About Us',NULL,NULL,NULL,0,NULL,NULL,NULL,'tr',NULL,NULL),(17,5,'Contact Us',NULL,NULL,'contact-us',0,NULL,NULL,NULL,'en',NULL,NULL),(18,5,'Contact Us',NULL,NULL,NULL,0,NULL,NULL,NULL,'fr',NULL,NULL),(19,5,'Contact Us',NULL,NULL,NULL,0,NULL,NULL,NULL,'nl',NULL,NULL),(20,5,'Contact Us',NULL,NULL,NULL,0,NULL,NULL,NULL,'tr',NULL,NULL),(21,6,'Blog',NULL,NULL,'blog',0,NULL,NULL,NULL,'en',NULL,NULL),(22,6,'Blog',NULL,NULL,NULL,0,NULL,NULL,NULL,'fr',NULL,NULL),(23,6,'Blog',NULL,NULL,NULL,0,NULL,NULL,NULL,'nl',NULL,NULL),(24,6,'Blog',NULL,NULL,NULL,0,NULL,NULL,NULL,'tr',NULL,NULL);
/*!40000 ALTER TABLE `velocity_contents_translations` ENABLE KEYS */;
UNLOCK TABLES;

--
-- Table structure for table `velocity_customer_compare_products`
--

DROP TABLE IF EXISTS `velocity_customer_compare_products`;
/*!40101 SET @saved_cs_client     = @@character_set_client */;
/*!50503 SET character_set_client = utf8mb4 */;
CREATE TABLE `velocity_customer_compare_products` (
  `id` int unsigned NOT NULL AUTO_INCREMENT,
  `product_flat_id` int unsigned NOT NULL,
  `customer_id` int unsigned NOT NULL,
  `created_at` timestamp NULL DEFAULT NULL,
  `updated_at` timestamp NULL DEFAULT NULL,
  PRIMARY KEY (`id`),
  KEY `velocity_customer_compare_products_product_flat_id_foreign` (`product_flat_id`),
  KEY `velocity_customer_compare_products_customer_id_foreign` (`customer_id`),
  CONSTRAINT `velocity_customer_compare_products_customer_id_foreign` FOREIGN KEY (`customer_id`) REFERENCES `customers` (`id`) ON DELETE CASCADE ON UPDATE CASCADE,
  CONSTRAINT `velocity_customer_compare_products_product_flat_id_foreign` FOREIGN KEY (`product_flat_id`) REFERENCES `product_flat` (`id`) ON DELETE CASCADE ON UPDATE CASCADE
) ENGINE=InnoDB AUTO_INCREMENT=11 DEFAULT CHARSET=utf8mb4 COLLATE=utf8mb4_unicode_ci ROW_FORMAT=DYNAMIC;
/*!40101 SET character_set_client = @saved_cs_client */;

--
-- Dumping data for table `velocity_customer_compare_products`
--

LOCK TABLES `velocity_customer_compare_products` WRITE;
/*!40000 ALTER TABLE `velocity_customer_compare_products` DISABLE KEYS */;
INSERT INTO `velocity_customer_compare_products` VALUES (5,144,1,'2021-02-23 02:45:57','2021-02-23 02:45:57'),(6,102,1,'2021-02-23 02:46:08','2021-02-23 02:46:08'),(7,105,1,'2021-02-23 02:46:23','2021-02-23 02:46:23'),(8,141,1,'2021-03-17 04:05:20','2021-03-17 04:05:20'),(10,222,15,'2021-06-05 03:46:11','2021-06-05 03:46:11');
/*!40000 ALTER TABLE `velocity_customer_compare_products` ENABLE KEYS */;
UNLOCK TABLES;

--
-- Table structure for table `velocity_meta_data`
--

DROP TABLE IF EXISTS `velocity_meta_data`;
/*!40101 SET @saved_cs_client     = @@character_set_client */;
/*!50503 SET character_set_client = utf8mb4 */;
CREATE TABLE `velocity_meta_data` (
  `id` int unsigned NOT NULL AUTO_INCREMENT,
  `home_page_content` text CHARACTER SET utf8mb4 COLLATE utf8mb4_unicode_ci NOT NULL,
  `footer_left_content` text CHARACTER SET utf8mb4 COLLATE utf8mb4_unicode_ci NOT NULL,
  `footer_middle_content` text CHARACTER SET utf8mb4 COLLATE utf8mb4_unicode_ci NOT NULL,
  `slider` tinyint(1) NOT NULL DEFAULT '0',
  `advertisement` longtext CHARACTER SET utf8mb4 COLLATE utf8mb4_bin,
  `sidebar_category_count` int NOT NULL DEFAULT '9',
  `featured_product_count` int NOT NULL DEFAULT '10',
  `new_products_count` int NOT NULL DEFAULT '10',
  `engraving_shipping_term` longtext CHARACTER SET utf8mb4 COLLATE utf8mb4_unicode_ci,
  `subscription_bar_content` text CHARACTER SET utf8mb4 COLLATE utf8mb4_unicode_ci,
  `created_at` timestamp NULL DEFAULT NULL,
  `updated_at` timestamp NULL DEFAULT NULL,
  `product_view_images` longtext CHARACTER SET utf8mb4 COLLATE utf8mb4_bin,
  `product_policy` text CHARACTER SET utf8mb4 COLLATE utf8mb4_unicode_ci,
  `locale` text CHARACTER SET utf8mb4 COLLATE utf8mb4_unicode_ci NOT NULL,
  `channel` text CHARACTER SET utf8mb4 COLLATE utf8mb4_unicode_ci NOT NULL,
  `header_content_count` text CHARACTER SET utf8mb4 COLLATE utf8mb4_unicode_ci NOT NULL,
  PRIMARY KEY (`id`)
) ENGINE=InnoDB AUTO_INCREMENT=3 DEFAULT CHARSET=utf8mb4 COLLATE=utf8mb4_unicode_ci ROW_FORMAT=DYNAMIC;
/*!40101 SET character_set_client = @saved_cs_client */;

--
-- Dumping data for table `velocity_meta_data`
--

LOCK TABLES `velocity_meta_data` WRITE;
/*!40000 ALTER TABLE `velocity_meta_data` DISABLE KEYS */;
INSERT INTO `velocity_meta_data` VALUES (1,'<p>@include(\'shop::home.advertisements.advertisement-four\')@include(\'shop::home.featured-products\') @include(\'shop::home.product-policy\') @include(\'shop::home.advertisements.advertisement-three\') @include(\'shop::home.new-products\') @include(\'shop::home.advertisements.advertisement-two\')</p>','<p>We love to craft softwares and solve the real world problems with the binaries. We are highly committed to our goals. We invest our resources to create world class easy to use softwares and applications for the enterprise business with the top notch, on the edge technology expertise.</p>','<div class=\"col-lg-6 col-md-12 col-sm-12 no-padding\">\r\n<ul type=\"none\">\r\n<li><a href=\"{!! url(\'page/about-us\') !!}\">About Us</a></li>\r\n<li><a href=\"{!! url(\'page/cutomer-service\') !!}\">Customer Service</a></li>\r\n<li><a href=\"{!! url(\'page/whats-new\') !!}\">What&rsquo;s New</a></li>\r\n<li><a href=\"{!! url(\'page/contact-us\') !!}\">Contact Us </a></li>\r\n</ul>\r\n</div>\r\n<div class=\"col-lg-6 col-md-12 col-sm-12 no-padding\">\r\n<ul type=\"none\">\r\n<li><a href=\"{!! url(\'page/return-policy\') !!}\"> Order and Returns </a></li>\r\n<li><a href=\"{!! url(\'page/payment-policy\') !!}\"> Payment Policy </a></li>\r\n<li><a href=\"{!! url(\'page/shipping-policy\') !!}\"> Shipping Policy</a></li>\r\n<li><a href=\"{!! url(\'page/privacy-policy\') !!}\"> Privacy and Cookies Policy </a></li>\r\n</ul>\r\n</div>',1,'{\"4\":[],\"3\":[],\"2\":[]}',9,10,10,'<h3>What is Lorem Ipsum?</h3>\r\n<p>Lorem Ipsum is simply dummy text of the printing and typesetting industry. Lorem Ipsum has been the industry\'s standard dummy text ever since the 1500s, when an unknown printer took a galley of type and scrambled it to make a type specimen book. It has survived not only five centuries, but also the leap into electronic typesetting, remaining essentially unchanged. It was popularised in the 1960s with the release of Letraset sheets containing Lorem Ipsum passages, and more recently with desktop publishing software like Aldus PageMaker including versions of Lorem Ipsum.</p>','<div class=\"social-icons col-lg-6\"><a href=\"https://webkul.com\" target=\"_blank\" class=\"unset\" rel=\"noopener noreferrer\"><i class=\"fs24 within-circle rango-facebook\" title=\"facebook\"></i> </a> <a href=\"https://webkul.com\" target=\"_blank\" class=\"unset\" rel=\"noopener noreferrer\"><i class=\"fs24 within-circle rango-twitter\" title=\"twitter\"></i> </a> <a href=\"https://webkul.com\" target=\"_blank\" class=\"unset\" rel=\"noopener noreferrer\"><i class=\"fs24 within-circle rango-linked-in\" title=\"linkedin\"></i> </a> <a href=\"https://webkul.com\" target=\"_blank\" class=\"unset\" rel=\"noopener noreferrer\"><i class=\"fs24 within-circle rango-pintrest\" title=\"Pinterest\"></i> </a> <a href=\"https://webkul.com\" target=\"_blank\" class=\"unset\" rel=\"noopener noreferrer\"><i class=\"fs24 within-circle rango-youtube\" title=\"Youtube\"></i> </a> <a href=\"https://webkul.com\" target=\"_blank\" class=\"unset\" rel=\"noopener noreferrer\"><i class=\"fs24 within-circle rango-instagram\" title=\"instagram\"></i></a></div>',NULL,'2021-04-30 11:39:55',NULL,'<div class=\"row col-12 remove-padding-margin\">\r\n<div class=\"col-lg-4 col-sm-12 product-policy-wrapper\">\r\n<div class=\"card\">\r\n<div class=\"policy\">\r\n<div class=\"left\"><i class=\"rango-van-ship fs40\"></i></div>\r\n<div class=\"right\"><span class=\"font-setting fs20\">Free Shipping on Order $20 or More</span></div>\r\n</div>\r\n</div>\r\n</div>\r\n<div class=\"col-lg-4 col-sm-12 product-policy-wrapper\">\r\n<div class=\"card\">\r\n<div class=\"policy\">\r\n<div class=\"left\"><i class=\"rango-exchnage fs40\"></i></div>\r\n<div class=\"right\"><span class=\"font-setting fs20\">Product Replace &amp; Return Available </span></div>\r\n</div>\r\n</div>\r\n</div>\r\n<div class=\"col-lg-4 col-sm-12 product-policy-wrapper\">\r\n<div class=\"card\">\r\n<div class=\"policy\">\r\n<div class=\"left\"><i class=\"rango-exchnage fs40\"></i></div>\r\n<div class=\"right\"><span class=\"font-setting fs20\">Product Exchange and EMI Available </span></div>\r\n</div>\r\n</div>\r\n</div>\r\n</div>','en','default','6'),(2,'<p>@include(\'shop::home.advertisements.advertisement-four\')@include(\'shop::home.featured-products\') @include(\'shop::home.product-policy\') @include(\'shop::home.advertisements.advertisement-three\') @include(\'shop::home.new-products\') @include(\'shop::home.advertisements.advertisement-two\')</p>','<p>We love to craft softwares and solve the real world problems with the binaries. We are highly committed to our goals. We invest our resources to create world class easy to use softwares and applications for the enterprise business with the top notch, on the edge technology expertise.</p>','<div class=\"col-lg-6 col-md-12 col-sm-12 no-padding\"><ul type=\"none\"><li><a href=\"{!! url(\'page/about-us\') !!}\">About Us</a></li><li><a href=\"{!! url(\'page/cutomer-service\') !!}\">Customer Service</a></li><li><a href=\"{!! url(\'page/whats-new\') !!}\">What&rsquo;s New</a></li><li><a href=\"{!! url(\'page/contact-us\') !!}\">Contact Us </a></li></ul></div><div class=\"col-lg-6 col-md-12 col-sm-12 no-padding\"><ul type=\"none\"><li><a href=\"{!! url(\'page/return-policy\') !!}\"> Order and Returns </a></li><li><a href=\"{!! url(\'page/payment-policy\') !!}\"> Payment Policy </a></li><li><a href=\"{!! url(\'page/shipping-policy\') !!}\"> Shipping Policy</a></li><li><a href=\"{!! url(\'page/privacy-policy\') !!}\"> Privacy and Cookies Policy </a></li></ul></div>',1,NULL,9,10,10,NULL,'<div class=\"social-icons col-lg-6\"><a href=\"https://webkul.com\" target=\"_blank\" class=\"unset\" rel=\"noopener noreferrer\"><i class=\"fs24 within-circle rango-facebook\" title=\"facebook\"></i> </a> <a href=\"https://webkul.com\" target=\"_blank\" class=\"unset\" rel=\"noopener noreferrer\"><i class=\"fs24 within-circle rango-twitter\" title=\"twitter\"></i> </a> <a href=\"https://webkul.com\" target=\"_blank\" class=\"unset\" rel=\"noopener noreferrer\"><i class=\"fs24 within-circle rango-linked-in\" title=\"linkedin\"></i> </a> <a href=\"https://webkul.com\" target=\"_blank\" class=\"unset\" rel=\"noopener noreferrer\"><i class=\"fs24 within-circle rango-pintrest\" title=\"Pinterest\"></i> </a> <a href=\"https://webkul.com\" target=\"_blank\" class=\"unset\" rel=\"noopener noreferrer\"><i class=\"fs24 within-circle rango-youtube\" title=\"Youtube\"></i> </a> <a href=\"https://webkul.com\" target=\"_blank\" class=\"unset\" rel=\"noopener noreferrer\"><i class=\"fs24 within-circle rango-instagram\" title=\"instagram\"></i></a></div>',NULL,NULL,NULL,'<div class=\"row col-12 remove-padding-margin\"><div class=\"col-lg-4 col-sm-12 product-policy-wrapper\"><div class=\"card\"><div class=\"policy\"><div class=\"left\"><i class=\"rango-van-ship fs40\"></i></div> <div class=\"right\"><span class=\"font-setting fs20\">Free Shipping on Order $20 or More</span></div></div></div></div> <div class=\"col-lg-4 col-sm-12 product-policy-wrapper\"><div class=\"card\"><div class=\"policy\"><div class=\"left\"><i class=\"rango-exchnage fs40\"></i></div> <div class=\"right\"><span class=\"font-setting fs20\">Product Replace &amp; Return Available </span></div></div></div></div> <div class=\"col-lg-4 col-sm-12 product-policy-wrapper\"><div class=\"card\"><div class=\"policy\"><div class=\"left\"><i class=\"rango-exchnage fs40\"></i></div> <div class=\"right\"><span class=\"font-setting fs20\">Product Exchange and EMI Available </span></div></div></div></div></div>','fr','default','');
/*!40000 ALTER TABLE `velocity_meta_data` ENABLE KEYS */;
UNLOCK TABLES;

--
-- Table structure for table `wishlist`
--

DROP TABLE IF EXISTS `wishlist`;
/*!40101 SET @saved_cs_client     = @@character_set_client */;
/*!50503 SET character_set_client = utf8mb4 */;
CREATE TABLE `wishlist` (
  `id` int unsigned NOT NULL AUTO_INCREMENT,
  `channel_id` int unsigned NOT NULL,
  `product_id` int unsigned NOT NULL,
  `customer_id` int unsigned NOT NULL,
  `item_options` longtext CHARACTER SET utf8mb4 COLLATE utf8mb4_bin,
  `moved_to_cart` date DEFAULT NULL,
  `shared` tinyint(1) DEFAULT NULL,
  `time_of_moving` date DEFAULT NULL,
  `created_at` timestamp NULL DEFAULT NULL,
  `updated_at` timestamp NULL DEFAULT NULL,
  `additional` longtext CHARACTER SET utf8mb4 COLLATE utf8mb4_bin,
  PRIMARY KEY (`id`),
  KEY `wishlist_channel_id_foreign` (`channel_id`),
  KEY `wishlist_product_id_foreign` (`product_id`),
  KEY `wishlist_customer_id_foreign` (`customer_id`),
  CONSTRAINT `wishlist_channel_id_foreign` FOREIGN KEY (`channel_id`) REFERENCES `channels` (`id`) ON DELETE CASCADE,
  CONSTRAINT `wishlist_customer_id_foreign` FOREIGN KEY (`customer_id`) REFERENCES `customers` (`id`) ON DELETE CASCADE,
  CONSTRAINT `wishlist_product_id_foreign` FOREIGN KEY (`product_id`) REFERENCES `products` (`id`) ON DELETE CASCADE
) ENGINE=InnoDB AUTO_INCREMENT=6 DEFAULT CHARSET=utf8mb4 COLLATE=utf8mb4_unicode_ci ROW_FORMAT=DYNAMIC;
/*!40101 SET character_set_client = @saved_cs_client */;

--
-- Dumping data for table `wishlist`
--

LOCK TABLES `wishlist` WRITE;
/*!40000 ALTER TABLE `wishlist` DISABLE KEYS */;
INSERT INTO `wishlist` VALUES (3,1,99,3,NULL,NULL,NULL,NULL,'2021-01-25 09:01:08','2021-01-25 09:01:08',NULL),(4,1,136,1,NULL,NULL,NULL,NULL,'2021-06-14 07:27:40','2021-06-14 07:27:40',NULL),(5,1,130,1,NULL,NULL,NULL,NULL,'2021-06-14 07:28:14','2021-06-14 07:28:14',NULL);
/*!40000 ALTER TABLE `wishlist` ENABLE KEYS */;
UNLOCK TABLES;
/*!40103 SET TIME_ZONE=@OLD_TIME_ZONE */;

/*!40101 SET SQL_MODE=@OLD_SQL_MODE */;
/*!40014 SET FOREIGN_KEY_CHECKS=@OLD_FOREIGN_KEY_CHECKS */;
/*!40014 SET UNIQUE_CHECKS=@OLD_UNIQUE_CHECKS */;
/*!40101 SET CHARACTER_SET_CLIENT=@OLD_CHARACTER_SET_CLIENT */;
/*!40101 SET CHARACTER_SET_RESULTS=@OLD_CHARACTER_SET_RESULTS */;
/*!40101 SET COLLATION_CONNECTION=@OLD_COLLATION_CONNECTION */;
/*!40111 SET SQL_NOTES=@OLD_SQL_NOTES */;

-- Dump completed on 2021-09-04  4:50:34
